STRUCTURE,STRUCTURE_ID,STRUCTURE_NAME,ACTION,REF_AREA,Reference area,FREQ,Frequency of observation,MEASURE,Measure,UNIT_MEASURE,Unit of measure,FINANCING_SCHEME,Financing scheme,FINANCING_SCHEME_REV,Revenues of financing schemes,FUNCTION,Health function,MODE_PROVISION,Mode of provision,PROVIDER,Healthcare provider,FACTOR_PROVISION,Factor of provision,ASSET_TYPE,Asset type,PRICE_BASE,Price base,TIME_PERIOD,Time period,OBS_VALUE,Observation value,BASE_PER,Base period,CURRENCY,Currency,OBS_STATUS,Observation status,OBS_STATUS2,Observation status 2,OBS_STATUS3,Observation status 3,UNIT_MULT,Unit multiplier,DECIMALS,Decimals
DATAFLOW,OECD.ELS.HD:DSD_SHA@DF_SHA(1.0),Health expenditure and financing,I,AUS,Australia,A,Annual,EXP_HEALTH,Expenditure,USD_PPP_PS,"US dollars per person, PPP converted",_T,Total,_Z,Not application,_T,Total,_T,Total,_T,Total,_Z,Not applicable,_Z,Not applicable,Q,Constant prices,2006,,3749.335,,2020,,,,D,Definition differs,,,,,0,Units,1,One
DATAFLOW,OECD.ELS.HD:DSD_SHA@DF_SHA(1.0),Health expenditure and financing,I,AUS,Australia,A,Annual,EXP_HEALTH,Expenditure,USD_PPP_PS,"US dollars per person, PPP converted",_T,Total,_Z,Not application,_T,Total,_T,Total,_T,Total,_Z,Not applicable,_Z,Not applicable,Q,Constant prices,2023,,5778.409,,2020,,,,E,Estimated value,,,,,0,Units,1,One
DATAFLOW,OECD.ELS.HD:DSD_SHA@DF_SHA(1.0),Health expenditure and financing,I,AUS,Australia,A,Annual,EXP_HEALTH,Expenditure,USD_PPP_PS,"US dollars per person, PPP converted",_T,Total,_Z,Not application,_T,Total,_T,Total,_T,Total,_Z,Not applicable,_Z,Not applicable,Q,Constant prices,2024,,5991.19,,2020,,,,E,Estimated value,,,,,0,Units,1,One
DATAFLOW,OECD.ELS.HD:DSD_SHA@DF_SHA(1.0),Health expenditure and financing,I,AUS,Australia,A,Annual,EXP_HEALTH,Expenditure,USD_PPP_PS,"US dollars per person, PPP converted",_T,Total,_Z,Not application,_T,Total,_T,Total,_T,Total,_Z,Not applicable,_Z,Not applicable,Q,Constant prices,2003,,3332.624,,2020,,,,D,Definition differs,,,,,0,Units,1,One
DATAFLOW,OECD.ELS.HD:DSD_SHA@DF_SHA(1.0),Health expenditure and financing,I,AUS,Australia,A,Annual,EXP_HEALTH,Expenditure,USD_PPP_PS,"US dollars per person, PPP converted",_T,Total,_Z,Not application,_T,Total,_T,Total,_T,Total,_Z,Not applicable,_Z,Not applicable,Q,Constant prices,2007,,3895.468,,2020,,,,D,Definition differs,,,,,0,Units,1,One
DATAFLOW,OECD.ELS.HD:DSD_SHA@DF_SHA(1.0),Health expenditure and financing,I,AUS,Australia,A,Annual,EXP_HEALTH,Expenditure,USD_PPP_PS,"US dollars per person, PPP converted",_T,Total,_Z,Not application,_T,Total,_T,Total,_T,Total,_Z,Not applicable,_Z,Not applicable,Q,Constant prices,2008,,4052.738,,2020,,,,D,Definition differs,,,,,0,Units,1,One
DATAFLOW,OECD.ELS.HD:DSD_SHA@DF_SHA(1.0),Health expenditure and financing,I,AUS,Australia,A,Annual,EXP_HEALTH,Expenditure,USD_PPP_PS,"US dollars per person, PPP converted",_T,Total,_Z,Not application,_T,Total,_T,Total,_T,Total,_Z,Not applicable,_Z,Not applicable,Q,Constant prices,2009,,4138.789,,2020,,,,D,Definition differs,,,,,0,Units,1,One
DATAFLOW,OECD.ELS.HD:DSD_SHA@DF_SHA(1.0),Health expenditure and financing,I,AUS,Australia,A,Annual,EXP_HEALTH,Expenditure,USD_PPP_PS,"US dollars per person, PPP converted",_T,Total,_Z,Not application,_T,Total,_T,Total,_T,Total,_Z,Not applicable,_Z,Not applicable,Q,Constant prices,2011,,4409.157,,2020,,,,D,Definition differs,,,,,0,Units,1,One
DATAFLOW,OECD.ELS.HD:DSD_SHA@DF_SHA(1.0),Health expenditure and financing,I,AUS,Australia,A,Annual,EXP_HEALTH,Expenditure,USD_PPP_PS,"US dollars per person, PPP converted",_T,Total,_Z,Not application,_T,Total,_T,Total,_T,Total,_Z,Not applicable,_Z,Not applicable,Q,Constant prices,2010,,4271.338,,2020,,,,D,Definition differs,,,,,0,Units,1,One
DATAFLOW,OECD.ELS.HD:DSD_SHA@DF_SHA(1.0),Health expenditure and financing,I,AUS,Australia,A,Annual,EXP_HEALTH,Expenditure,USD_PPP_PS,"US dollars per person, PPP converted",_T,Total,_Z,Not application,_T,Total,_T,Total,_T,Total,_Z,Not applicable,_Z,Not applicable,Q,Constant prices,2000,,2917.471,,2020,,,,D,Definition differs,,,,,0,Units,1,One
DATAFLOW,OECD.ELS.HD:DSD_SHA@DF_SHA(1.0),Health expenditure and financing,I,AUS,Australia,A,Annual,EXP_HEALTH,Expenditure,USD_PPP_PS,"US dollars per person, PPP converted",_T,Total,_Z,Not application,_T,Total,_T,Total,_T,Total,_Z,Not applicable,_Z,Not applicable,Q,Constant prices,2020,,5819.048,,2020,,,,,,,,,,0,Units,1,One
DATAFLOW,OECD.ELS.HD:DSD_SHA@DF_SHA(1.0),Health expenditure and financing,I,AUS,Australia,A,Annual,EXP_HEALTH,Expenditure,USD_PPP_PS,"US dollars per person, PPP converted",_T,Total,_Z,Not application,_T,Total,_T,Total,_T,Total,_Z,Not applicable,_Z,Not applicable,Q,Constant prices,2019,,5435.483,,2020,,,,,,,,,,0,Units,1,One
DATAFLOW,OECD.ELS.HD:DSD_SHA@DF_SHA(1.0),Health expenditure and financing,I,AUS,Australia,A,Annual,EXP_HEALTH,Expenditure,USD_PPP_PS,"US dollars per person, PPP converted",_T,Total,_Z,Not application,_T,Total,_T,Total,_T,Total,_Z,Not applicable,_Z,Not applicable,Q,Constant prices,2012,,4408.33,,2020,,,,D,Definition differs,,,,,0,Units,1,One
DATAFLOW,OECD.ELS.HD:DSD_SHA@DF_SHA(1.0),Health expenditure and financing,I,AUS,Australia,A,Annual,EXP_HEALTH,Expenditure,USD_PPP_PS,"US dollars per person, PPP converted",_T,Total,_Z,Not application,_T,Total,_T,Total,_T,Total,_Z,Not applicable,_Z,Not applicable,Q,Constant prices,2013,,4455.309,,2020,,,,D,Definition differs,,,,,0,Units,1,One
DATAFLOW,OECD.ELS.HD:DSD_SHA@DF_SHA(1.0),Health expenditure and financing,I,AUS,Australia,A,Annual,EXP_HEALTH,Expenditure,USD_PPP_PS,"US dollars per person, PPP converted",_T,Total,_Z,Not application,_T,Total,_T,Total,_T,Total,_Z,Not applicable,_Z,Not applicable,Q,Constant prices,2002,,3180.573,,2020,,,,D,Definition differs,,,,,0,Units,1,One
DATAFLOW,OECD.ELS.HD:DSD_SHA@DF_SHA(1.0),Health expenditure and financing,I,AUS,Australia,A,Annual,EXP_HEALTH,Expenditure,USD_PPP_PS,"US dollars per person, PPP converted",_T,Total,_Z,Not application,_T,Total,_T,Total,_T,Total,_Z,Not applicable,_Z,Not applicable,Q,Constant prices,2001,,3039.122,,2020,,,,D,Definition differs,,,,,0,Units,1,One
DATAFLOW,OECD.ELS.HD:DSD_SHA@DF_SHA(1.0),Health expenditure and financing,I,AUS,Australia,A,Annual,EXP_HEALTH,Expenditure,USD_PPP_PS,"US dollars per person, PPP converted",_T,Total,_Z,Not application,_T,Total,_T,Total,_T,Total,_Z,Not applicable,_Z,Not applicable,Q,Constant prices,2005,,3612.7,,2020,,,,D,Definition differs,,,,,0,Units,1,One
DATAFLOW,OECD.ELS.HD:DSD_SHA@DF_SHA(1.0),Health expenditure and financing,I,AUS,Australia,A,Annual,EXP_HEALTH,Expenditure,USD_PPP_PS,"US dollars per person, PPP converted",_T,Total,_Z,Not application,_T,Total,_T,Total,_T,Total,_Z,Not applicable,_Z,Not applicable,Q,Constant prices,2004,,3548.175,,2020,,,,D,Definition differs,,,,,0,Units,1,One
DATAFLOW,OECD.ELS.HD:DSD_SHA@DF_SHA(1.0),Health expenditure and financing,I,AUS,Australia,A,Annual,EXP_HEALTH,Expenditure,USD_PPP_PS,"US dollars per person, PPP converted",_T,Total,_Z,Not application,_T,Total,_T,Total,_T,Total,_Z,Not applicable,_Z,Not applicable,Q,Constant prices,2018,,5426.781,,2020,,,,,,,,,,0,Units,1,One
DATAFLOW,OECD.ELS.HD:DSD_SHA@DF_SHA(1.0),Health expenditure and financing,I,AUS,Australia,A,Annual,EXP_HEALTH,Expenditure,USD_PPP_PS,"US dollars per person, PPP converted",_T,Total,_Z,Not application,_T,Total,_T,Total,_T,Total,_Z,Not applicable,_Z,Not applicable,Q,Constant prices,2016,,5225.767,,2020,,,,,,,,,,0,Units,1,One
DATAFLOW,OECD.ELS.HD:DSD_SHA@DF_SHA(1.0),Health expenditure and financing,I,AUS,Australia,A,Annual,EXP_HEALTH,Expenditure,USD_PPP_PS,"US dollars per person, PPP converted",_T,Total,_Z,Not application,_T,Total,_T,Total,_T,Total,_Z,Not applicable,_Z,Not applicable,Q,Constant prices,2017,,5321.048,,2020,,,,,,,,,,0,Units,1,One
DATAFLOW,OECD.ELS.HD:DSD_SHA@DF_SHA(1.0),Health expenditure and financing,I,AUS,Australia,A,Annual,EXP_HEALTH,Expenditure,USD_PPP_PS,"US dollars per person, PPP converted",_T,Total,_Z,Not application,_T,Total,_T,Total,_T,Total,_Z,Not applicable,_Z,Not applicable,Q,Constant prices,2014,,4945.727,,2020,,,,,,,,,,0,Units,1,One
DATAFLOW,OECD.ELS.HD:DSD_SHA@DF_SHA(1.0),Health expenditure and financing,I,AUS,Australia,A,Annual,EXP_HEALTH,Expenditure,USD_PPP_PS,"US dollars per person, PPP converted",_T,Total,_Z,Not application,_T,Total,_T,Total,_T,Total,_Z,Not applicable,_Z,Not applicable,Q,Constant prices,2021,,6188.72,,2020,,,,,,,,,,0,Units,1,One
DATAFLOW,OECD.ELS.HD:DSD_SHA@DF_SHA(1.0),Health expenditure and financing,I,AUS,Australia,A,Annual,EXP_HEALTH,Expenditure,USD_PPP_PS,"US dollars per person, PPP converted",_T,Total,_Z,Not application,_T,Total,_T,Total,_T,Total,_Z,Not applicable,_Z,Not applicable,Q,Constant prices,2015,,5075.413,,2020,,,,,,,,,,0,Units,1,One
DATAFLOW,OECD.ELS.HD:DSD_SHA@DF_SHA(1.0),Health expenditure and financing,I,AUS,Australia,A,Annual,EXP_HEALTH,Expenditure,USD_PPP_PS,"US dollars per person, PPP converted",_T,Total,_Z,Not application,_T,Total,_T,Total,_T,Total,_Z,Not applicable,_Z,Not applicable,Q,Constant prices,2022,,5964.79,,2020,,,,,,,,,,0,Units,1,One
DATAFLOW,OECD.ELS.HD:DSD_SHA@DF_SHA(1.0),Health expenditure and financing,I,AUT,Austria,A,Annual,EXP_HEALTH,Expenditure,USD_PPP_PS,"US dollars per person, PPP converted",_T,Total,_Z,Not application,_T,Total,_T,Total,_T,Total,_Z,Not applicable,_Z,Not applicable,Q,Constant prices,2013,,5813.279,,2020,,,,,,,,,,0,Units,1,One
DATAFLOW,OECD.ELS.HD:DSD_SHA@DF_SHA(1.0),Health expenditure and financing,I,AUT,Austria,A,Annual,EXP_HEALTH,Expenditure,USD_PPP_PS,"US dollars per person, PPP converted",_T,Total,_Z,Not application,_T,Total,_T,Total,_T,Total,_Z,Not applicable,_Z,Not applicable,Q,Constant prices,2014,,5877.155,,2020,,,,,,,,,,0,Units,1,One
DATAFLOW,OECD.ELS.HD:DSD_SHA@DF_SHA(1.0),Health expenditure and financing,I,AUT,Austria,A,Annual,EXP_HEALTH,Expenditure,USD_PPP_PS,"US dollars per person, PPP converted",_T,Total,_Z,Not application,_T,Total,_T,Total,_T,Total,_Z,Not applicable,_Z,Not applicable,Q,Constant prices,2015,,5925.348,,2020,,,,,,,,,,0,Units,1,One
DATAFLOW,OECD.ELS.HD:DSD_SHA@DF_SHA(1.0),Health expenditure and financing,I,AUT,Austria,A,Annual,EXP_HEALTH,Expenditure,USD_PPP_PS,"US dollars per person, PPP converted",_T,Total,_Z,Not application,_T,Total,_T,Total,_T,Total,_Z,Not applicable,_Z,Not applicable,Q,Constant prices,2016,,6002.761,,2020,,,,,,,,,,0,Units,1,One
DATAFLOW,OECD.ELS.HD:DSD_SHA@DF_SHA(1.0),Health expenditure and financing,I,AUT,Austria,A,Annual,EXP_HEALTH,Expenditure,USD_PPP_PS,"US dollars per person, PPP converted",_T,Total,_Z,Not application,_T,Total,_T,Total,_T,Total,_Z,Not applicable,_Z,Not applicable,Q,Constant prices,2017,,6074.392,,2020,,,,,,,,,,0,Units,1,One
DATAFLOW,OECD.ELS.HD:DSD_SHA@DF_SHA(1.0),Health expenditure and financing,I,AUT,Austria,A,Annual,EXP_HEALTH,Expenditure,USD_PPP_PS,"US dollars per person, PPP converted",_T,Total,_Z,Not application,_T,Total,_T,Total,_T,Total,_Z,Not applicable,_Z,Not applicable,Q,Constant prices,2018,,6137.151,,2020,,,,,,,,,,0,Units,1,One
DATAFLOW,OECD.ELS.HD:DSD_SHA@DF_SHA(1.0),Health expenditure and financing,I,AUT,Austria,A,Annual,EXP_HEALTH,Expenditure,USD_PPP_PS,"US dollars per person, PPP converted",_T,Total,_Z,Not application,_T,Total,_T,Total,_T,Total,_Z,Not applicable,_Z,Not applicable,Q,Constant prices,2019,,6258.114,,2020,,,,,,,,,,0,Units,1,One
DATAFLOW,OECD.ELS.HD:DSD_SHA@DF_SHA(1.0),Health expenditure and financing,I,AUT,Austria,A,Annual,EXP_HEALTH,Expenditure,USD_PPP_PS,"US dollars per person, PPP converted",_T,Total,_Z,Not application,_T,Total,_T,Total,_T,Total,_Z,Not applicable,_Z,Not applicable,Q,Constant prices,2020,,6295.183,,2020,,,,,,,,,,0,Units,1,One
DATAFLOW,OECD.ELS.HD:DSD_SHA@DF_SHA(1.0),Health expenditure and financing,I,AUT,Austria,A,Annual,EXP_HEALTH,Expenditure,USD_PPP_PS,"US dollars per person, PPP converted",_T,Total,_Z,Not application,_T,Total,_T,Total,_T,Total,_Z,Not applicable,_Z,Not applicable,Q,Constant prices,2021,,7008.799,,2020,,,,,,,,,,0,Units,1,One
DATAFLOW,OECD.ELS.HD:DSD_SHA@DF_SHA(1.0),Health expenditure and financing,I,AUT,Austria,A,Annual,EXP_HEALTH,Expenditure,USD_PPP_PS,"US dollars per person, PPP converted",_T,Total,_Z,Not application,_T,Total,_T,Total,_T,Total,_Z,Not applicable,_Z,Not applicable,Q,Constant prices,2000,,4718.938,,2020,,,,,,,,,,0,Units,1,One
DATAFLOW,OECD.ELS.HD:DSD_SHA@DF_SHA(1.0),Health expenditure and financing,I,AUT,Austria,A,Annual,EXP_HEALTH,Expenditure,USD_PPP_PS,"US dollars per person, PPP converted",_T,Total,_Z,Not application,_T,Total,_T,Total,_T,Total,_Z,Not applicable,_Z,Not applicable,Q,Constant prices,2001,,4776.365,,2020,,,,,,,,,,0,Units,1,One
DATAFLOW,OECD.ELS.HD:DSD_SHA@DF_SHA(1.0),Health expenditure and financing,I,AUT,Austria,A,Annual,EXP_HEALTH,Expenditure,USD_PPP_PS,"US dollars per person, PPP converted",_T,Total,_Z,Not application,_T,Total,_T,Total,_T,Total,_Z,Not applicable,_Z,Not applicable,Q,Constant prices,2002,,4895.074,,2020,,,,,,,,,,0,Units,1,One
DATAFLOW,OECD.ELS.HD:DSD_SHA@DF_SHA(1.0),Health expenditure and financing,I,AUT,Austria,A,Annual,EXP_HEALTH,Expenditure,USD_PPP_PS,"US dollars per person, PPP converted",_T,Total,_Z,Not application,_T,Total,_T,Total,_T,Total,_Z,Not applicable,_Z,Not applicable,Q,Constant prices,2003,,4967.35,,2020,,,,,,,,,,0,Units,1,One
DATAFLOW,OECD.ELS.HD:DSD_SHA@DF_SHA(1.0),Health expenditure and financing,I,AUT,Austria,A,Annual,EXP_HEALTH,Expenditure,USD_PPP_PS,"US dollars per person, PPP converted",_T,Total,_Z,Not application,_T,Total,_T,Total,_T,Total,_Z,Not applicable,_Z,Not applicable,Q,Constant prices,2004,,5123.73,,2020,,,,,,,,,,0,Units,1,One
DATAFLOW,OECD.ELS.HD:DSD_SHA@DF_SHA(1.0),Health expenditure and financing,I,AUT,Austria,A,Annual,EXP_HEALTH,Expenditure,USD_PPP_PS,"US dollars per person, PPP converted",_T,Total,_Z,Not application,_T,Total,_T,Total,_T,Total,_Z,Not applicable,_Z,Not applicable,Q,Constant prices,2005,,5168.261,,2020,,,,,,,,,,0,Units,1,One
DATAFLOW,OECD.ELS.HD:DSD_SHA@DF_SHA(1.0),Health expenditure and financing,I,AUT,Austria,A,Annual,EXP_HEALTH,Expenditure,USD_PPP_PS,"US dollars per person, PPP converted",_T,Total,_Z,Not application,_T,Total,_T,Total,_T,Total,_Z,Not applicable,_Z,Not applicable,Q,Constant prices,2022,,6588.493,,2020,,,,,,,,,,0,Units,1,One
DATAFLOW,OECD.ELS.HD:DSD_SHA@DF_SHA(1.0),Health expenditure and financing,I,AUT,Austria,A,Annual,EXP_HEALTH,Expenditure,USD_PPP_PS,"US dollars per person, PPP converted",_T,Total,_Z,Not application,_T,Total,_T,Total,_T,Total,_Z,Not applicable,_Z,Not applicable,Q,Constant prices,2023,,6360.593,,2020,,,,,,,,,,0,Units,1,One
DATAFLOW,OECD.ELS.HD:DSD_SHA@DF_SHA(1.0),Health expenditure and financing,I,AUT,Austria,A,Annual,EXP_HEALTH,Expenditure,USD_PPP_PS,"US dollars per person, PPP converted",_T,Total,_Z,Not application,_T,Total,_T,Total,_T,Total,_Z,Not applicable,_Z,Not applicable,Q,Constant prices,2024,,6587.774,,2020,,,,P,Provisional value,,,,,0,Units,1,One
DATAFLOW,OECD.ELS.HD:DSD_SHA@DF_SHA(1.0),Health expenditure and financing,I,AUT,Austria,A,Annual,EXP_HEALTH,Expenditure,USD_PPP_PS,"US dollars per person, PPP converted",_T,Total,_Z,Not application,_T,Total,_T,Total,_T,Total,_Z,Not applicable,_Z,Not applicable,Q,Constant prices,2011,,5730.372,,2020,,,,,,,,,,0,Units,1,One
DATAFLOW,OECD.ELS.HD:DSD_SHA@DF_SHA(1.0),Health expenditure and financing,I,AUT,Austria,A,Annual,EXP_HEALTH,Expenditure,USD_PPP_PS,"US dollars per person, PPP converted",_T,Total,_Z,Not application,_T,Total,_T,Total,_T,Total,_Z,Not applicable,_Z,Not applicable,Q,Constant prices,2012,,5816.577,,2020,,,,,,,,,,0,Units,1,One
DATAFLOW,OECD.ELS.HD:DSD_SHA@DF_SHA(1.0),Health expenditure and financing,I,AUT,Austria,A,Annual,EXP_HEALTH,Expenditure,USD_PPP_PS,"US dollars per person, PPP converted",_T,Total,_Z,Not application,_T,Total,_T,Total,_T,Total,_Z,Not applicable,_Z,Not applicable,Q,Constant prices,2006,,5267.292,,2020,,,,,,,,,,0,Units,1,One
DATAFLOW,OECD.ELS.HD:DSD_SHA@DF_SHA(1.0),Health expenditure and financing,I,AUT,Austria,A,Annual,EXP_HEALTH,Expenditure,USD_PPP_PS,"US dollars per person, PPP converted",_T,Total,_Z,Not application,_T,Total,_T,Total,_T,Total,_Z,Not applicable,_Z,Not applicable,Q,Constant prices,2007,,5419.719,,2020,,,,,,,,,,0,Units,1,One
DATAFLOW,OECD.ELS.HD:DSD_SHA@DF_SHA(1.0),Health expenditure and financing,I,AUT,Austria,A,Annual,EXP_HEALTH,Expenditure,USD_PPP_PS,"US dollars per person, PPP converted",_T,Total,_Z,Not application,_T,Total,_T,Total,_T,Total,_Z,Not applicable,_Z,Not applicable,Q,Constant prices,2008,,5598.187,,2020,,,,,,,,,,0,Units,1,One
DATAFLOW,OECD.ELS.HD:DSD_SHA@DF_SHA(1.0),Health expenditure and financing,I,AUT,Austria,A,Annual,EXP_HEALTH,Expenditure,USD_PPP_PS,"US dollars per person, PPP converted",_T,Total,_Z,Not application,_T,Total,_T,Total,_T,Total,_Z,Not applicable,_Z,Not applicable,Q,Constant prices,2009,,5704.378,,2020,,,,,,,,,,0,Units,1,One
DATAFLOW,OECD.ELS.HD:DSD_SHA@DF_SHA(1.0),Health expenditure and financing,I,AUT,Austria,A,Annual,EXP_HEALTH,Expenditure,USD_PPP_PS,"US dollars per person, PPP converted",_T,Total,_Z,Not application,_T,Total,_T,Total,_T,Total,_Z,Not applicable,_Z,Not applicable,Q,Constant prices,2010,,5745.795,,2020,,,,,,,,,,0,Units,1,One
DATAFLOW,OECD.ELS.HD:DSD_SHA@DF_SHA(1.0),Health expenditure and financing,I,BEL,Belgium,A,Annual,EXP_HEALTH,Expenditure,USD_PPP_PS,"US dollars per person, PPP converted",_T,Total,_Z,Not application,_T,Total,_T,Total,_T,Total,_Z,Not applicable,_Z,Not applicable,Q,Constant prices,2002,,4125.222,,2020,,,,,,,,,,0,Units,1,One
DATAFLOW,OECD.ELS.HD:DSD_SHA@DF_SHA(1.0),Health expenditure and financing,I,BEL,Belgium,A,Annual,EXP_HEALTH,Expenditure,USD_PPP_PS,"US dollars per person, PPP converted",_T,Total,_Z,Not application,_T,Total,_T,Total,_T,Total,_Z,Not applicable,_Z,Not applicable,Q,Constant prices,2004,,4790.613,,2020,,,,,,,,,,0,Units,1,One
DATAFLOW,OECD.ELS.HD:DSD_SHA@DF_SHA(1.0),Health expenditure and financing,I,BEL,Belgium,A,Annual,EXP_HEALTH,Expenditure,USD_PPP_PS,"US dollars per person, PPP converted",_T,Total,_Z,Not application,_T,Total,_T,Total,_T,Total,_Z,Not applicable,_Z,Not applicable,Q,Constant prices,2005,,4781.754,,2020,,,,,,,,,,0,Units,1,One
DATAFLOW,OECD.ELS.HD:DSD_SHA@DF_SHA(1.0),Health expenditure and financing,I,BEL,Belgium,A,Annual,EXP_HEALTH,Expenditure,USD_PPP_PS,"US dollars per person, PPP converted",_T,Total,_Z,Not application,_T,Total,_T,Total,_T,Total,_Z,Not applicable,_Z,Not applicable,Q,Constant prices,2006,,4781.556,,2020,,,,,,,,,,0,Units,1,One
DATAFLOW,OECD.ELS.HD:DSD_SHA@DF_SHA(1.0),Health expenditure and financing,I,BEL,Belgium,A,Annual,EXP_HEALTH,Expenditure,USD_PPP_PS,"US dollars per person, PPP converted",_T,Total,_Z,Not application,_T,Total,_T,Total,_T,Total,_Z,Not applicable,_Z,Not applicable,Q,Constant prices,2007,,4890.794,,2020,,,,,,,,,,0,Units,1,One
DATAFLOW,OECD.ELS.HD:DSD_SHA@DF_SHA(1.0),Health expenditure and financing,I,BEL,Belgium,A,Annual,EXP_HEALTH,Expenditure,USD_PPP_PS,"US dollars per person, PPP converted",_T,Total,_Z,Not application,_T,Total,_T,Total,_T,Total,_Z,Not applicable,_Z,Not applicable,Q,Constant prices,2008,,5036.837,,2020,,,,,,,,,,0,Units,1,One
DATAFLOW,OECD.ELS.HD:DSD_SHA@DF_SHA(1.0),Health expenditure and financing,I,BEL,Belgium,A,Annual,EXP_HEALTH,Expenditure,USD_PPP_PS,"US dollars per person, PPP converted",_T,Total,_Z,Not application,_T,Total,_T,Total,_T,Total,_Z,Not applicable,_Z,Not applicable,Q,Constant prices,2009,,5404.678,,2020,,,,,,,,,,0,Units,1,One
DATAFLOW,OECD.ELS.HD:DSD_SHA@DF_SHA(1.0),Health expenditure and financing,I,BEL,Belgium,A,Annual,EXP_HEALTH,Expenditure,USD_PPP_PS,"US dollars per person, PPP converted",_T,Total,_Z,Not application,_T,Total,_T,Total,_T,Total,_Z,Not applicable,_Z,Not applicable,Q,Constant prices,2010,,5417.472,,2020,,,,,,,,,,0,Units,1,One
DATAFLOW,OECD.ELS.HD:DSD_SHA@DF_SHA(1.0),Health expenditure and financing,I,BEL,Belgium,A,Annual,EXP_HEALTH,Expenditure,USD_PPP_PS,"US dollars per person, PPP converted",_T,Total,_Z,Not application,_T,Total,_T,Total,_T,Total,_Z,Not applicable,_Z,Not applicable,Q,Constant prices,2011,,5407.163,,2020,,,,,,,,,,0,Units,1,One
DATAFLOW,OECD.ELS.HD:DSD_SHA@DF_SHA(1.0),Health expenditure and financing,I,BEL,Belgium,A,Annual,EXP_HEALTH,Expenditure,USD_PPP_PS,"US dollars per person, PPP converted",_T,Total,_Z,Not application,_T,Total,_T,Total,_T,Total,_Z,Not applicable,_Z,Not applicable,Q,Constant prices,2012,,5470.976,,2020,,,,,,,,,,0,Units,1,One
DATAFLOW,OECD.ELS.HD:DSD_SHA@DF_SHA(1.0),Health expenditure and financing,I,BEL,Belgium,A,Annual,EXP_HEALTH,Expenditure,USD_PPP_PS,"US dollars per person, PPP converted",_T,Total,_Z,Not application,_T,Total,_T,Total,_T,Total,_Z,Not applicable,_Z,Not applicable,Q,Constant prices,2013,,5506.451,,2020,,,,,,,,,,0,Units,1,One
DATAFLOW,OECD.ELS.HD:DSD_SHA@DF_SHA(1.0),Health expenditure and financing,I,BEL,Belgium,A,Annual,EXP_HEALTH,Expenditure,USD_PPP_PS,"US dollars per person, PPP converted",_T,Total,_Z,Not application,_T,Total,_T,Total,_T,Total,_Z,Not applicable,_Z,Not applicable,Q,Constant prices,2014,,5574.688,,2020,,,,,,,,,,0,Units,1,One
DATAFLOW,OECD.ELS.HD:DSD_SHA@DF_SHA(1.0),Health expenditure and financing,I,BEL,Belgium,A,Annual,EXP_HEALTH,Expenditure,USD_PPP_PS,"US dollars per person, PPP converted",_T,Total,_Z,Not application,_T,Total,_T,Total,_T,Total,_Z,Not applicable,_Z,Not applicable,Q,Constant prices,2015,,5789.392,,2020,,,,,,,,,,0,Units,1,One
DATAFLOW,OECD.ELS.HD:DSD_SHA@DF_SHA(1.0),Health expenditure and financing,I,BEL,Belgium,A,Annual,EXP_HEALTH,Expenditure,USD_PPP_PS,"US dollars per person, PPP converted",_T,Total,_Z,Not application,_T,Total,_T,Total,_T,Total,_Z,Not applicable,_Z,Not applicable,Q,Constant prices,2016,,5856.383,,2020,,,,,,,,,,0,Units,1,One
DATAFLOW,OECD.ELS.HD:DSD_SHA@DF_SHA(1.0),Health expenditure and financing,I,BEL,Belgium,A,Annual,EXP_HEALTH,Expenditure,USD_PPP_PS,"US dollars per person, PPP converted",_T,Total,_Z,Not application,_T,Total,_T,Total,_T,Total,_Z,Not applicable,_Z,Not applicable,Q,Constant prices,2017,,5938.933,,2020,,,,,,,,,,0,Units,1,One
DATAFLOW,OECD.ELS.HD:DSD_SHA@DF_SHA(1.0),Health expenditure and financing,I,BEL,Belgium,A,Annual,EXP_HEALTH,Expenditure,USD_PPP_PS,"US dollars per person, PPP converted",_T,Total,_Z,Not application,_T,Total,_T,Total,_T,Total,_Z,Not applicable,_Z,Not applicable,Q,Constant prices,2024,,6280.059,,2020,,,,E,Estimated value,,,,,0,Units,1,One
DATAFLOW,OECD.ELS.HD:DSD_SHA@DF_SHA(1.0),Health expenditure and financing,I,BEL,Belgium,A,Annual,EXP_HEALTH,Expenditure,USD_PPP_PS,"US dollars per person, PPP converted",_T,Total,_Z,Not application,_T,Total,_T,Total,_T,Total,_Z,Not applicable,_Z,Not applicable,Q,Constant prices,2023,,6122.588,,2020,,,,,,,,,,0,Units,1,One
DATAFLOW,OECD.ELS.HD:DSD_SHA@DF_SHA(1.0),Health expenditure and financing,I,BEL,Belgium,A,Annual,EXP_HEALTH,Expenditure,USD_PPP_PS,"US dollars per person, PPP converted",_T,Total,_Z,Not application,_T,Total,_T,Total,_T,Total,_Z,Not applicable,_Z,Not applicable,Q,Constant prices,2021,,6348.495,,2020,,,,,,,,,,0,Units,1,One
DATAFLOW,OECD.ELS.HD:DSD_SHA@DF_SHA(1.0),Health expenditure and financing,I,BEL,Belgium,A,Annual,EXP_HEALTH,Expenditure,USD_PPP_PS,"US dollars per person, PPP converted",_T,Total,_Z,Not application,_T,Total,_T,Total,_T,Total,_Z,Not applicable,_Z,Not applicable,Q,Constant prices,2020,,6096.546,,2020,,,,,,,,,,0,Units,1,One
DATAFLOW,OECD.ELS.HD:DSD_SHA@DF_SHA(1.0),Health expenditure and financing,I,BEL,Belgium,A,Annual,EXP_HEALTH,Expenditure,USD_PPP_PS,"US dollars per person, PPP converted",_T,Total,_Z,Not application,_T,Total,_T,Total,_T,Total,_Z,Not applicable,_Z,Not applicable,Q,Constant prices,2022,,6114.154,,2020,,,,,,,,,,0,Units,1,One
DATAFLOW,OECD.ELS.HD:DSD_SHA@DF_SHA(1.0),Health expenditure and financing,I,BEL,Belgium,A,Annual,EXP_HEALTH,Expenditure,USD_PPP_PS,"US dollars per person, PPP converted",_T,Total,_Z,Not application,_T,Total,_T,Total,_T,Total,_Z,Not applicable,_Z,Not applicable,Q,Constant prices,2000,,3898.011,,2020,,,,,,,,,,0,Units,1,One
DATAFLOW,OECD.ELS.HD:DSD_SHA@DF_SHA(1.0),Health expenditure and financing,I,BEL,Belgium,A,Annual,EXP_HEALTH,Expenditure,USD_PPP_PS,"US dollars per person, PPP converted",_T,Total,_Z,Not application,_T,Total,_T,Total,_T,Total,_Z,Not applicable,_Z,Not applicable,Q,Constant prices,2018,,6021.828,,2020,,,,,,,,,,0,Units,1,One
DATAFLOW,OECD.ELS.HD:DSD_SHA@DF_SHA(1.0),Health expenditure and financing,I,BEL,Belgium,A,Annual,EXP_HEALTH,Expenditure,USD_PPP_PS,"US dollars per person, PPP converted",_T,Total,_Z,Not application,_T,Total,_T,Total,_T,Total,_Z,Not applicable,_Z,Not applicable,Q,Constant prices,2019,,6082.866,,2020,,,,,,,,,,0,Units,1,One
DATAFLOW,OECD.ELS.HD:DSD_SHA@DF_SHA(1.0),Health expenditure and financing,I,BEL,Belgium,A,Annual,EXP_HEALTH,Expenditure,USD_PPP_PS,"US dollars per person, PPP converted",_T,Total,_Z,Not application,_T,Total,_T,Total,_T,Total,_Z,Not applicable,_Z,Not applicable,Q,Constant prices,2003,,4584.226,,2020,,,,B,Time series break,,,,,0,Units,1,One
DATAFLOW,OECD.ELS.HD:DSD_SHA@DF_SHA(1.0),Health expenditure and financing,I,BEL,Belgium,A,Annual,EXP_HEALTH,Expenditure,USD_PPP_PS,"US dollars per person, PPP converted",_T,Total,_Z,Not application,_T,Total,_T,Total,_T,Total,_Z,Not applicable,_Z,Not applicable,Q,Constant prices,2001,,3987.254,,2020,,,,,,,,,,0,Units,1,One
DATAFLOW,OECD.ELS.HD:DSD_SHA@DF_SHA(1.0),Health expenditure and financing,I,CAN,Canada,A,Annual,EXP_HEALTH,Expenditure,USD_PPP_PS,"US dollars per person, PPP converted",_T,Total,_Z,Not application,_T,Total,_T,Total,_T,Total,_Z,Not applicable,_Z,Not applicable,Q,Constant prices,2014,,5124.869,,2020,,,,,,,,,,0,Units,1,One
DATAFLOW,OECD.ELS.HD:DSD_SHA@DF_SHA(1.0),Health expenditure and financing,I,CAN,Canada,A,Annual,EXP_HEALTH,Expenditure,USD_PPP_PS,"US dollars per person, PPP converted",_T,Total,_Z,Not application,_T,Total,_T,Total,_T,Total,_Z,Not applicable,_Z,Not applicable,Q,Constant prices,2011,,5013.978,,2020,,,,,,,,,,0,Units,1,One
DATAFLOW,OECD.ELS.HD:DSD_SHA@DF_SHA(1.0),Health expenditure and financing,I,CAN,Canada,A,Annual,EXP_HEALTH,Expenditure,USD_PPP_PS,"US dollars per person, PPP converted",_T,Total,_Z,Not application,_T,Total,_T,Total,_T,Total,_Z,Not applicable,_Z,Not applicable,Q,Constant prices,2012,,5101.292,,2020,,,,,,,,,,0,Units,1,One
DATAFLOW,OECD.ELS.HD:DSD_SHA@DF_SHA(1.0),Health expenditure and financing,I,CAN,Canada,A,Annual,EXP_HEALTH,Expenditure,USD_PPP_PS,"US dollars per person, PPP converted",_T,Total,_Z,Not application,_T,Total,_T,Total,_T,Total,_Z,Not applicable,_Z,Not applicable,Q,Constant prices,2006,,4358.913,,2020,,,,B,Time series break,,,,,0,Units,1,One
DATAFLOW,OECD.ELS.HD:DSD_SHA@DF_SHA(1.0),Health expenditure and financing,I,CAN,Canada,A,Annual,EXP_HEALTH,Expenditure,USD_PPP_PS,"US dollars per person, PPP converted",_T,Total,_Z,Not application,_T,Total,_T,Total,_T,Total,_Z,Not applicable,_Z,Not applicable,Q,Constant prices,2004,,4006.356,,2020,,,,,,,,,,0,Units,1,One
DATAFLOW,OECD.ELS.HD:DSD_SHA@DF_SHA(1.0),Health expenditure and financing,I,CAN,Canada,A,Annual,EXP_HEALTH,Expenditure,USD_PPP_PS,"US dollars per person, PPP converted",_T,Total,_Z,Not application,_T,Total,_T,Total,_T,Total,_Z,Not applicable,_Z,Not applicable,Q,Constant prices,2005,,4122.513,,2020,,,,,,,,,,0,Units,1,One
DATAFLOW,OECD.ELS.HD:DSD_SHA@DF_SHA(1.0),Health expenditure and financing,I,CAN,Canada,A,Annual,EXP_HEALTH,Expenditure,USD_PPP_PS,"US dollars per person, PPP converted",_T,Total,_Z,Not application,_T,Total,_T,Total,_T,Total,_Z,Not applicable,_Z,Not applicable,Q,Constant prices,2000,,3402.299,,2020,,,,,,,,,,0,Units,1,One
DATAFLOW,OECD.ELS.HD:DSD_SHA@DF_SHA(1.0),Health expenditure and financing,I,CAN,Canada,A,Annual,EXP_HEALTH,Expenditure,USD_PPP_PS,"US dollars per person, PPP converted",_T,Total,_Z,Not application,_T,Total,_T,Total,_T,Total,_Z,Not applicable,_Z,Not applicable,Q,Constant prices,2001,,3566.285,,2020,,,,,,,,,,0,Units,1,One
DATAFLOW,OECD.ELS.HD:DSD_SHA@DF_SHA(1.0),Health expenditure and financing,I,CAN,Canada,A,Annual,EXP_HEALTH,Expenditure,USD_PPP_PS,"US dollars per person, PPP converted",_T,Total,_Z,Not application,_T,Total,_T,Total,_T,Total,_Z,Not applicable,_Z,Not applicable,Q,Constant prices,2002,,3692.159,,2020,,,,,,,,,,0,Units,1,One
DATAFLOW,OECD.ELS.HD:DSD_SHA@DF_SHA(1.0),Health expenditure and financing,I,CAN,Canada,A,Annual,EXP_HEALTH,Expenditure,USD_PPP_PS,"US dollars per person, PPP converted",_T,Total,_Z,Not application,_T,Total,_T,Total,_T,Total,_Z,Not applicable,_Z,Not applicable,Q,Constant prices,2008,,4673.809,,2020,,,,,,,,,,0,Units,1,One
DATAFLOW,OECD.ELS.HD:DSD_SHA@DF_SHA(1.0),Health expenditure and financing,I,CAN,Canada,A,Annual,EXP_HEALTH,Expenditure,USD_PPP_PS,"US dollars per person, PPP converted",_T,Total,_Z,Not application,_T,Total,_T,Total,_T,Total,_Z,Not applicable,_Z,Not applicable,Q,Constant prices,2003,,3837.345,,2020,,,,,,,,,,0,Units,1,One
DATAFLOW,OECD.ELS.HD:DSD_SHA@DF_SHA(1.0),Health expenditure and financing,I,CAN,Canada,A,Annual,EXP_HEALTH,Expenditure,USD_PPP_PS,"US dollars per person, PPP converted",_T,Total,_Z,Not application,_T,Total,_T,Total,_T,Total,_Z,Not applicable,_Z,Not applicable,Q,Constant prices,2007,,4514.405,,2020,,,,,,,,,,0,Units,1,One
DATAFLOW,OECD.ELS.HD:DSD_SHA@DF_SHA(1.0),Health expenditure and financing,I,CAN,Canada,A,Annual,EXP_HEALTH,Expenditure,USD_PPP_PS,"US dollars per person, PPP converted",_T,Total,_Z,Not application,_T,Total,_T,Total,_T,Total,_Z,Not applicable,_Z,Not applicable,Q,Constant prices,2019,,5640.969,,2020,,,,,,,,,,0,Units,1,One
DATAFLOW,OECD.ELS.HD:DSD_SHA@DF_SHA(1.0),Health expenditure and financing,I,CAN,Canada,A,Annual,EXP_HEALTH,Expenditure,USD_PPP_PS,"US dollars per person, PPP converted",_T,Total,_Z,Not application,_T,Total,_T,Total,_T,Total,_Z,Not applicable,_Z,Not applicable,Q,Constant prices,2018,,5567.372,,2020,,,,,,,,,,0,Units,1,One
DATAFLOW,OECD.ELS.HD:DSD_SHA@DF_SHA(1.0),Health expenditure and financing,I,CAN,Canada,A,Annual,EXP_HEALTH,Expenditure,USD_PPP_PS,"US dollars per person, PPP converted",_T,Total,_Z,Not application,_T,Total,_T,Total,_T,Total,_Z,Not applicable,_Z,Not applicable,Q,Constant prices,2010,,5011.498,,2020,,,,,,,,,,0,Units,1,One
DATAFLOW,OECD.ELS.HD:DSD_SHA@DF_SHA(1.0),Health expenditure and financing,I,CAN,Canada,A,Annual,EXP_HEALTH,Expenditure,USD_PPP_PS,"US dollars per person, PPP converted",_T,Total,_Z,Not application,_T,Total,_T,Total,_T,Total,_Z,Not applicable,_Z,Not applicable,Q,Constant prices,2009,,4845.399,,2020,,,,,,,,,,0,Units,1,One
DATAFLOW,OECD.ELS.HD:DSD_SHA@DF_SHA(1.0),Health expenditure and financing,I,CAN,Canada,A,Annual,EXP_HEALTH,Expenditure,USD_PPP_PS,"US dollars per person, PPP converted",_T,Total,_Z,Not application,_T,Total,_T,Total,_T,Total,_Z,Not applicable,_Z,Not applicable,Q,Constant prices,2023,,5981.06,,2020,,,,,,,,,,0,Units,1,One
DATAFLOW,OECD.ELS.HD:DSD_SHA@DF_SHA(1.0),Health expenditure and financing,I,CAN,Canada,A,Annual,EXP_HEALTH,Expenditure,USD_PPP_PS,"US dollars per person, PPP converted",_T,Total,_Z,Not application,_T,Total,_T,Total,_T,Total,_Z,Not applicable,_Z,Not applicable,Q,Constant prices,2022,,6139.721,,2020,,,,D,Definition differs,,,,,0,Units,1,One
DATAFLOW,OECD.ELS.HD:DSD_SHA@DF_SHA(1.0),Health expenditure and financing,I,CAN,Canada,A,Annual,EXP_HEALTH,Expenditure,USD_PPP_PS,"US dollars per person, PPP converted",_T,Total,_Z,Not application,_T,Total,_T,Total,_T,Total,_Z,Not applicable,_Z,Not applicable,Q,Constant prices,2021,,6532.458,,2020,,,,D,Definition differs,,,,,0,Units,1,One
DATAFLOW,OECD.ELS.HD:DSD_SHA@DF_SHA(1.0),Health expenditure and financing,I,CAN,Canada,A,Annual,EXP_HEALTH,Expenditure,USD_PPP_PS,"US dollars per person, PPP converted",_T,Total,_Z,Not application,_T,Total,_T,Total,_T,Total,_Z,Not applicable,_Z,Not applicable,Q,Constant prices,2024,,5946.07,,2020,,,,P,Provisional value,,,,,0,Units,1,One
DATAFLOW,OECD.ELS.HD:DSD_SHA@DF_SHA(1.0),Health expenditure and financing,I,CAN,Canada,A,Annual,EXP_HEALTH,Expenditure,USD_PPP_PS,"US dollars per person, PPP converted",_T,Total,_Z,Not application,_T,Total,_T,Total,_T,Total,_Z,Not applicable,_Z,Not applicable,Q,Constant prices,2017,,5488.334,,2020,,,,,,,,,,0,Units,1,One
DATAFLOW,OECD.ELS.HD:DSD_SHA@DF_SHA(1.0),Health expenditure and financing,I,CAN,Canada,A,Annual,EXP_HEALTH,Expenditure,USD_PPP_PS,"US dollars per person, PPP converted",_T,Total,_Z,Not application,_T,Total,_T,Total,_T,Total,_Z,Not applicable,_Z,Not applicable,Q,Constant prices,2016,,5385.412,,2020,,,,,,,,,,0,Units,1,One
DATAFLOW,OECD.ELS.HD:DSD_SHA@DF_SHA(1.0),Health expenditure and financing,I,CAN,Canada,A,Annual,EXP_HEALTH,Expenditure,USD_PPP_PS,"US dollars per person, PPP converted",_T,Total,_Z,Not application,_T,Total,_T,Total,_T,Total,_Z,Not applicable,_Z,Not applicable,Q,Constant prices,2020,,6208.613,,2020,,,,D,Definition differs,,,,,0,Units,1,One
DATAFLOW,OECD.ELS.HD:DSD_SHA@DF_SHA(1.0),Health expenditure and financing,I,CAN,Canada,A,Annual,EXP_HEALTH,Expenditure,USD_PPP_PS,"US dollars per person, PPP converted",_T,Total,_Z,Not application,_T,Total,_T,Total,_T,Total,_Z,Not applicable,_Z,Not applicable,Q,Constant prices,2015,,5253.683,,2020,,,,,,,,,,0,Units,1,One
DATAFLOW,OECD.ELS.HD:DSD_SHA@DF_SHA(1.0),Health expenditure and financing,I,CAN,Canada,A,Annual,EXP_HEALTH,Expenditure,USD_PPP_PS,"US dollars per person, PPP converted",_T,Total,_Z,Not application,_T,Total,_T,Total,_T,Total,_Z,Not applicable,_Z,Not applicable,Q,Constant prices,2013,,5109.15,,2020,,,,,,,,,,0,Units,1,One
DATAFLOW,OECD.ELS.HD:DSD_SHA@DF_SHA(1.0),Health expenditure and financing,I,CHL,Chile,A,Annual,EXP_HEALTH,Expenditure,USD_PPP_PS,"US dollars per person, PPP converted",_T,Total,_Z,Not application,_T,Total,_T,Total,_T,Total,_Z,Not applicable,_Z,Not applicable,Q,Constant prices,2006,,1338.225,,2020,,,,,,,,,,0,Units,1,One
DATAFLOW,OECD.ELS.HD:DSD_SHA@DF_SHA(1.0),Health expenditure and financing,I,CHL,Chile,A,Annual,EXP_HEALTH,Expenditure,USD_PPP_PS,"US dollars per person, PPP converted",_T,Total,_Z,Not application,_T,Total,_T,Total,_T,Total,_Z,Not applicable,_Z,Not applicable,Q,Constant prices,2007,,1430.583,,2020,,,,,,,,,,0,Units,1,One
DATAFLOW,OECD.ELS.HD:DSD_SHA@DF_SHA(1.0),Health expenditure and financing,I,CHL,Chile,A,Annual,EXP_HEALTH,Expenditure,USD_PPP_PS,"US dollars per person, PPP converted",_T,Total,_Z,Not application,_T,Total,_T,Total,_T,Total,_Z,Not applicable,_Z,Not applicable,Q,Constant prices,2008,,1460.335,,2020,,,,,,,,,,0,Units,1,One
DATAFLOW,OECD.ELS.HD:DSD_SHA@DF_SHA(1.0),Health expenditure and financing,I,CHL,Chile,A,Annual,EXP_HEALTH,Expenditure,USD_PPP_PS,"US dollars per person, PPP converted",_T,Total,_Z,Not application,_T,Total,_T,Total,_T,Total,_Z,Not applicable,_Z,Not applicable,Q,Constant prices,2009,,1701.046,,2020,,,,,,,,,,0,Units,1,One
DATAFLOW,OECD.ELS.HD:DSD_SHA@DF_SHA(1.0),Health expenditure and financing,I,CHL,Chile,A,Annual,EXP_HEALTH,Expenditure,USD_PPP_PS,"US dollars per person, PPP converted",_T,Total,_Z,Not application,_T,Total,_T,Total,_T,Total,_Z,Not applicable,_Z,Not applicable,Q,Constant prices,2010,,1615.202,,2020,,,,,,,,,,0,Units,1,One
DATAFLOW,OECD.ELS.HD:DSD_SHA@DF_SHA(1.0),Health expenditure and financing,I,CHL,Chile,A,Annual,EXP_HEALTH,Expenditure,USD_PPP_PS,"US dollars per person, PPP converted",_T,Total,_Z,Not application,_T,Total,_T,Total,_T,Total,_Z,Not applicable,_Z,Not applicable,Q,Constant prices,2011,,1688.033,,2020,,,,,,,,,,0,Units,1,One
DATAFLOW,OECD.ELS.HD:DSD_SHA@DF_SHA(1.0),Health expenditure and financing,I,CHL,Chile,A,Annual,EXP_HEALTH,Expenditure,USD_PPP_PS,"US dollars per person, PPP converted",_T,Total,_Z,Not application,_T,Total,_T,Total,_T,Total,_Z,Not applicable,_Z,Not applicable,Q,Constant prices,2012,,1793.612,,2020,,,,,,,,,,0,Units,1,One
DATAFLOW,OECD.ELS.HD:DSD_SHA@DF_SHA(1.0),Health expenditure and financing,I,CHL,Chile,A,Annual,EXP_HEALTH,Expenditure,USD_PPP_PS,"US dollars per person, PPP converted",_T,Total,_Z,Not application,_T,Total,_T,Total,_T,Total,_Z,Not applicable,_Z,Not applicable,Q,Constant prices,2023,,2964.418,,2020,,,,,,,,,,0,Units,1,One
DATAFLOW,OECD.ELS.HD:DSD_SHA@DF_SHA(1.0),Health expenditure and financing,I,CHL,Chile,A,Annual,EXP_HEALTH,Expenditure,USD_PPP_PS,"US dollars per person, PPP converted",_T,Total,_Z,Not application,_T,Total,_T,Total,_T,Total,_Z,Not applicable,_Z,Not applicable,Q,Constant prices,2013,,1936.624,,2020,,,,,,,,,,0,Units,1,One
DATAFLOW,OECD.ELS.HD:DSD_SHA@DF_SHA(1.0),Health expenditure and financing,I,CHL,Chile,A,Annual,EXP_HEALTH,Expenditure,USD_PPP_PS,"US dollars per person, PPP converted",_T,Total,_Z,Not application,_T,Total,_T,Total,_T,Total,_Z,Not applicable,_Z,Not applicable,Q,Constant prices,2014,,2041.482,,2020,,,,,,,,,,0,Units,1,One
DATAFLOW,OECD.ELS.HD:DSD_SHA@DF_SHA(1.0),Health expenditure and financing,I,CHL,Chile,A,Annual,EXP_HEALTH,Expenditure,USD_PPP_PS,"US dollars per person, PPP converted",_T,Total,_Z,Not application,_T,Total,_T,Total,_T,Total,_Z,Not applicable,_Z,Not applicable,Q,Constant prices,2015,,2181.035,,2020,,,,,,,,,,0,Units,1,One
DATAFLOW,OECD.ELS.HD:DSD_SHA@DF_SHA(1.0),Health expenditure and financing,I,CHL,Chile,A,Annual,EXP_HEALTH,Expenditure,USD_PPP_PS,"US dollars per person, PPP converted",_T,Total,_Z,Not application,_T,Total,_T,Total,_T,Total,_Z,Not applicable,_Z,Not applicable,Q,Constant prices,2016,,2269.366,,2020,,,,,,,,,,0,Units,1,One
DATAFLOW,OECD.ELS.HD:DSD_SHA@DF_SHA(1.0),Health expenditure and financing,I,CHL,Chile,A,Annual,EXP_HEALTH,Expenditure,USD_PPP_PS,"US dollars per person, PPP converted",_T,Total,_Z,Not application,_T,Total,_T,Total,_T,Total,_Z,Not applicable,_Z,Not applicable,Q,Constant prices,2017,,2462.771,,2020,,,,,,,,,,0,Units,1,One
DATAFLOW,OECD.ELS.HD:DSD_SHA@DF_SHA(1.0),Health expenditure and financing,I,CHL,Chile,A,Annual,EXP_HEALTH,Expenditure,USD_PPP_PS,"US dollars per person, PPP converted",_T,Total,_Z,Not application,_T,Total,_T,Total,_T,Total,_Z,Not applicable,_Z,Not applicable,Q,Constant prices,2003,,1174.018,,2020,,,,,,,,,,0,Units,1,One
DATAFLOW,OECD.ELS.HD:DSD_SHA@DF_SHA(1.0),Health expenditure and financing,I,CHL,Chile,A,Annual,EXP_HEALTH,Expenditure,USD_PPP_PS,"US dollars per person, PPP converted",_T,Total,_Z,Not application,_T,Total,_T,Total,_T,Total,_Z,Not applicable,_Z,Not applicable,Q,Constant prices,2004,,1246.553,,2020,,,,,,,,,,0,Units,1,One
DATAFLOW,OECD.ELS.HD:DSD_SHA@DF_SHA(1.0),Health expenditure and financing,I,CHL,Chile,A,Annual,EXP_HEALTH,Expenditure,USD_PPP_PS,"US dollars per person, PPP converted",_T,Total,_Z,Not application,_T,Total,_T,Total,_T,Total,_Z,Not applicable,_Z,Not applicable,Q,Constant prices,2021,,2865.452,,2020,,,,,,,,,,0,Units,1,One
DATAFLOW,OECD.ELS.HD:DSD_SHA@DF_SHA(1.0),Health expenditure and financing,I,CHL,Chile,A,Annual,EXP_HEALTH,Expenditure,USD_PPP_PS,"US dollars per person, PPP converted",_T,Total,_Z,Not application,_T,Total,_T,Total,_T,Total,_Z,Not applicable,_Z,Not applicable,Q,Constant prices,2022,,2943.784,,2020,,,,,,,,,,0,Units,1,One
DATAFLOW,OECD.ELS.HD:DSD_SHA@DF_SHA(1.0),Health expenditure and financing,I,CHL,Chile,A,Annual,EXP_HEALTH,Expenditure,USD_PPP_PS,"US dollars per person, PPP converted",_T,Total,_Z,Not application,_T,Total,_T,Total,_T,Total,_Z,Not applicable,_Z,Not applicable,Q,Constant prices,2005,,1284.287,,2020,,,,,,,,,,0,Units,1,One
DATAFLOW,OECD.ELS.HD:DSD_SHA@DF_SHA(1.0),Health expenditure and financing,I,CHL,Chile,A,Annual,EXP_HEALTH,Expenditure,USD_PPP_PS,"US dollars per person, PPP converted",_T,Total,_Z,Not application,_T,Total,_T,Total,_T,Total,_Z,Not applicable,_Z,Not applicable,Q,Constant prices,2018,,2526.753,,2020,,,,,,,,,,0,Units,1,One
DATAFLOW,OECD.ELS.HD:DSD_SHA@DF_SHA(1.0),Health expenditure and financing,I,CHL,Chile,A,Annual,EXP_HEALTH,Expenditure,USD_PPP_PS,"US dollars per person, PPP converted",_T,Total,_Z,Not application,_T,Total,_T,Total,_T,Total,_Z,Not applicable,_Z,Not applicable,Q,Constant prices,2019,,2536.159,,2020,,,,,,,,,,0,Units,1,One
DATAFLOW,OECD.ELS.HD:DSD_SHA@DF_SHA(1.0),Health expenditure and financing,I,CHL,Chile,A,Annual,EXP_HEALTH,Expenditure,USD_PPP_PS,"US dollars per person, PPP converted",_T,Total,_Z,Not application,_T,Total,_T,Total,_T,Total,_Z,Not applicable,_Z,Not applicable,Q,Constant prices,2020,,2488.957,,2020,,,,,,,,,,0,Units,1,One
DATAFLOW,OECD.ELS.HD:DSD_SHA@DF_SHA(1.0),Health expenditure and financing,I,CHL,Chile,A,Annual,EXP_HEALTH,Expenditure,USD_PPP_PS,"US dollars per person, PPP converted",_T,Total,_Z,Not application,_T,Total,_T,Total,_T,Total,_Z,Not applicable,_Z,Not applicable,Q,Constant prices,2024,,3199.197,,2020,,,,P,Provisional value,,,,,0,Units,1,One
DATAFLOW,OECD.ELS.HD:DSD_SHA@DF_SHA(1.0),Health expenditure and financing,I,CHL,Chile,A,Annual,EXP_HEALTH,Expenditure,USD_PPP_PS,"US dollars per person, PPP converted",_T,Total,_Z,Not application,_T,Total,_T,Total,_T,Total,_Z,Not applicable,_Z,Not applicable,Q,Constant prices,2000,,1045.985,,2020,,,,,,,,,,0,Units,1,One
DATAFLOW,OECD.ELS.HD:DSD_SHA@DF_SHA(1.0),Health expenditure and financing,I,CHL,Chile,A,Annual,EXP_HEALTH,Expenditure,USD_PPP_PS,"US dollars per person, PPP converted",_T,Total,_Z,Not application,_T,Total,_T,Total,_T,Total,_Z,Not applicable,_Z,Not applicable,Q,Constant prices,2001,,1074.699,,2020,,,,,,,,,,0,Units,1,One
DATAFLOW,OECD.ELS.HD:DSD_SHA@DF_SHA(1.0),Health expenditure and financing,I,CHL,Chile,A,Annual,EXP_HEALTH,Expenditure,USD_PPP_PS,"US dollars per person, PPP converted",_T,Total,_Z,Not application,_T,Total,_T,Total,_T,Total,_Z,Not applicable,_Z,Not applicable,Q,Constant prices,2002,,1114.511,,2020,,,,,,,,,,0,Units,1,One
DATAFLOW,OECD.ELS.HD:DSD_SHA@DF_SHA(1.0),Health expenditure and financing,I,COL,Colombia,A,Annual,EXP_HEALTH,Expenditure,USD_PPP_PS,"US dollars per person, PPP converted",_T,Total,_Z,Not application,_T,Total,_T,Total,_T,Total,_Z,Not applicable,_Z,Not applicable,Q,Constant prices,2007,,865.586,,2020,,,,,,,,,,0,Units,1,One
DATAFLOW,OECD.ELS.HD:DSD_SHA@DF_SHA(1.0),Health expenditure and financing,I,COL,Colombia,A,Annual,EXP_HEALTH,Expenditure,USD_PPP_PS,"US dollars per person, PPP converted",_T,Total,_Z,Not application,_T,Total,_T,Total,_T,Total,_Z,Not applicable,_Z,Not applicable,Q,Constant prices,2008,,958.755,,2020,,,,,,,,,,0,Units,1,One
DATAFLOW,OECD.ELS.HD:DSD_SHA@DF_SHA(1.0),Health expenditure and financing,I,COL,Colombia,A,Annual,EXP_HEALTH,Expenditure,USD_PPP_PS,"US dollars per person, PPP converted",_T,Total,_Z,Not application,_T,Total,_T,Total,_T,Total,_Z,Not applicable,_Z,Not applicable,Q,Constant prices,2009,,1021.747,,2020,,,,,,,,,,0,Units,1,One
DATAFLOW,OECD.ELS.HD:DSD_SHA@DF_SHA(1.0),Health expenditure and financing,I,COL,Colombia,A,Annual,EXP_HEALTH,Expenditure,USD_PPP_PS,"US dollars per person, PPP converted",_T,Total,_Z,Not application,_T,Total,_T,Total,_T,Total,_Z,Not applicable,_Z,Not applicable,Q,Constant prices,2010,,1035.236,,2020,,,,,,,,,,0,Units,1,One
DATAFLOW,OECD.ELS.HD:DSD_SHA@DF_SHA(1.0),Health expenditure and financing,I,COL,Colombia,A,Annual,EXP_HEALTH,Expenditure,USD_PPP_PS,"US dollars per person, PPP converted",_T,Total,_Z,Not application,_T,Total,_T,Total,_T,Total,_Z,Not applicable,_Z,Not applicable,Q,Constant prices,2011,,1061.593,,2020,,,,,,,,,,0,Units,1,One
DATAFLOW,OECD.ELS.HD:DSD_SHA@DF_SHA(1.0),Health expenditure and financing,I,COL,Colombia,A,Annual,EXP_HEALTH,Expenditure,USD_PPP_PS,"US dollars per person, PPP converted",_T,Total,_Z,Not application,_T,Total,_T,Total,_T,Total,_Z,Not applicable,_Z,Not applicable,Q,Constant prices,2012,,1086.518,,2020,,,,,,,,,,0,Units,1,One
DATAFLOW,OECD.ELS.HD:DSD_SHA@DF_SHA(1.0),Health expenditure and financing,I,COL,Colombia,A,Annual,EXP_HEALTH,Expenditure,USD_PPP_PS,"US dollars per person, PPP converted",_T,Total,_Z,Not application,_T,Total,_T,Total,_T,Total,_Z,Not applicable,_Z,Not applicable,Q,Constant prices,2013,,1171.611,,2020,,,,,,,,,,0,Units,1,One
DATAFLOW,OECD.ELS.HD:DSD_SHA@DF_SHA(1.0),Health expenditure and financing,I,COL,Colombia,A,Annual,EXP_HEALTH,Expenditure,USD_PPP_PS,"US dollars per person, PPP converted",_T,Total,_Z,Not application,_T,Total,_T,Total,_T,Total,_Z,Not applicable,_Z,Not applicable,Q,Constant prices,2018,,1345.978,,2020,,,,B,Time series break,,,,,0,Units,1,One
DATAFLOW,OECD.ELS.HD:DSD_SHA@DF_SHA(1.0),Health expenditure and financing,I,COL,Colombia,A,Annual,EXP_HEALTH,Expenditure,USD_PPP_PS,"US dollars per person, PPP converted",_T,Total,_Z,Not application,_T,Total,_T,Total,_T,Total,_Z,Not applicable,_Z,Not applicable,Q,Constant prices,2024,,1546.784,,2020,,,,P,Provisional value,,,,,0,Units,1,One
DATAFLOW,OECD.ELS.HD:DSD_SHA@DF_SHA(1.0),Health expenditure and financing,I,COL,Colombia,A,Annual,EXP_HEALTH,Expenditure,USD_PPP_PS,"US dollars per person, PPP converted",_T,Total,_Z,Not application,_T,Total,_T,Total,_T,Total,_Z,Not applicable,_Z,Not applicable,Q,Constant prices,2022,,1441.262,,2020,,,,,,,,,,0,Units,1,One
DATAFLOW,OECD.ELS.HD:DSD_SHA@DF_SHA(1.0),Health expenditure and financing,I,COL,Colombia,A,Annual,EXP_HEALTH,Expenditure,USD_PPP_PS,"US dollars per person, PPP converted",_T,Total,_Z,Not application,_T,Total,_T,Total,_T,Total,_Z,Not applicable,_Z,Not applicable,Q,Constant prices,2023,,1537.464,,2020,,,,,,,,,,0,Units,1,One
DATAFLOW,OECD.ELS.HD:DSD_SHA@DF_SHA(1.0),Health expenditure and financing,I,COL,Colombia,A,Annual,EXP_HEALTH,Expenditure,USD_PPP_PS,"US dollars per person, PPP converted",_T,Total,_Z,Not application,_T,Total,_T,Total,_T,Total,_Z,Not applicable,_Z,Not applicable,Q,Constant prices,2021,,1601.303,,2020,,,,,,,,,,0,Units,1,One
DATAFLOW,OECD.ELS.HD:DSD_SHA@DF_SHA(1.0),Health expenditure and financing,I,COL,Colombia,A,Annual,EXP_HEALTH,Expenditure,USD_PPP_PS,"US dollars per person, PPP converted",_T,Total,_Z,Not application,_T,Total,_T,Total,_T,Total,_Z,Not applicable,_Z,Not applicable,Q,Constant prices,2020,,1379.007,,2020,,,,,,,,,,0,Units,1,One
DATAFLOW,OECD.ELS.HD:DSD_SHA@DF_SHA(1.0),Health expenditure and financing,I,COL,Colombia,A,Annual,EXP_HEALTH,Expenditure,USD_PPP_PS,"US dollars per person, PPP converted",_T,Total,_Z,Not application,_T,Total,_T,Total,_T,Total,_Z,Not applicable,_Z,Not applicable,Q,Constant prices,2019,,1376.834,,2020,,,,,,,,,,0,Units,1,One
DATAFLOW,OECD.ELS.HD:DSD_SHA@DF_SHA(1.0),Health expenditure and financing,I,COL,Colombia,A,Annual,EXP_HEALTH,Expenditure,USD_PPP_PS,"US dollars per person, PPP converted",_T,Total,_Z,Not application,_T,Total,_T,Total,_T,Total,_Z,Not applicable,_Z,Not applicable,Q,Constant prices,2017,,1312.671,,2020,,,,,,,,,,0,Units,1,One
DATAFLOW,OECD.ELS.HD:DSD_SHA@DF_SHA(1.0),Health expenditure and financing,I,COL,Colombia,A,Annual,EXP_HEALTH,Expenditure,USD_PPP_PS,"US dollars per person, PPP converted",_T,Total,_Z,Not application,_T,Total,_T,Total,_T,Total,_Z,Not applicable,_Z,Not applicable,Q,Constant prices,2000,,592.037,,2020,,,,,,,,,,0,Units,1,One
DATAFLOW,OECD.ELS.HD:DSD_SHA@DF_SHA(1.0),Health expenditure and financing,I,COL,Colombia,A,Annual,EXP_HEALTH,Expenditure,USD_PPP_PS,"US dollars per person, PPP converted",_T,Total,_Z,Not application,_T,Total,_T,Total,_T,Total,_Z,Not applicable,_Z,Not applicable,Q,Constant prices,2001,,615.399,,2020,,,,,,,,,,0,Units,1,One
DATAFLOW,OECD.ELS.HD:DSD_SHA@DF_SHA(1.0),Health expenditure and financing,I,COL,Colombia,A,Annual,EXP_HEALTH,Expenditure,USD_PPP_PS,"US dollars per person, PPP converted",_T,Total,_Z,Not application,_T,Total,_T,Total,_T,Total,_Z,Not applicable,_Z,Not applicable,Q,Constant prices,2002,,592.165,,2020,,,,,,,,,,0,Units,1,One
DATAFLOW,OECD.ELS.HD:DSD_SHA@DF_SHA(1.0),Health expenditure and financing,I,COL,Colombia,A,Annual,EXP_HEALTH,Expenditure,USD_PPP_PS,"US dollars per person, PPP converted",_T,Total,_Z,Not application,_T,Total,_T,Total,_T,Total,_Z,Not applicable,_Z,Not applicable,Q,Constant prices,2003,,618.508,,2020,,,,,,,,,,0,Units,1,One
DATAFLOW,OECD.ELS.HD:DSD_SHA@DF_SHA(1.0),Health expenditure and financing,I,COL,Colombia,A,Annual,EXP_HEALTH,Expenditure,USD_PPP_PS,"US dollars per person, PPP converted",_T,Total,_Z,Not application,_T,Total,_T,Total,_T,Total,_Z,Not applicable,_Z,Not applicable,Q,Constant prices,2004,,660.031,,2020,,,,,,,,,,0,Units,1,One
DATAFLOW,OECD.ELS.HD:DSD_SHA@DF_SHA(1.0),Health expenditure and financing,I,COL,Colombia,A,Annual,EXP_HEALTH,Expenditure,USD_PPP_PS,"US dollars per person, PPP converted",_T,Total,_Z,Not application,_T,Total,_T,Total,_T,Total,_Z,Not applicable,_Z,Not applicable,Q,Constant prices,2005,,725.04,,2020,,,,,,,,,,0,Units,1,One
DATAFLOW,OECD.ELS.HD:DSD_SHA@DF_SHA(1.0),Health expenditure and financing,I,COL,Colombia,A,Annual,EXP_HEALTH,Expenditure,USD_PPP_PS,"US dollars per person, PPP converted",_T,Total,_Z,Not application,_T,Total,_T,Total,_T,Total,_Z,Not applicable,_Z,Not applicable,Q,Constant prices,2016,,1268.882,,2020,,,,,,,,,,0,Units,1,One
DATAFLOW,OECD.ELS.HD:DSD_SHA@DF_SHA(1.0),Health expenditure and financing,I,COL,Colombia,A,Annual,EXP_HEALTH,Expenditure,USD_PPP_PS,"US dollars per person, PPP converted",_T,Total,_Z,Not application,_T,Total,_T,Total,_T,Total,_Z,Not applicable,_Z,Not applicable,Q,Constant prices,2015,,1270.997,,2020,,,,,,,,,,0,Units,1,One
DATAFLOW,OECD.ELS.HD:DSD_SHA@DF_SHA(1.0),Health expenditure and financing,I,COL,Colombia,A,Annual,EXP_HEALTH,Expenditure,USD_PPP_PS,"US dollars per person, PPP converted",_T,Total,_Z,Not application,_T,Total,_T,Total,_T,Total,_Z,Not applicable,_Z,Not applicable,Q,Constant prices,2014,,1230.813,,2020,,,,,,,,,,0,Units,1,One
DATAFLOW,OECD.ELS.HD:DSD_SHA@DF_SHA(1.0),Health expenditure and financing,I,COL,Colombia,A,Annual,EXP_HEALTH,Expenditure,USD_PPP_PS,"US dollars per person, PPP converted",_T,Total,_Z,Not application,_T,Total,_T,Total,_T,Total,_Z,Not applicable,_Z,Not applicable,Q,Constant prices,2006,,800.012,,2020,,,,,,,,,,0,Units,1,One
DATAFLOW,OECD.ELS.HD:DSD_SHA@DF_SHA(1.0),Health expenditure and financing,I,CRI,Costa Rica,A,Annual,EXP_HEALTH,Expenditure,USD_PPP_PS,"US dollars per person, PPP converted",_T,Total,_Z,Not application,_T,Total,_T,Total,_T,Total,_Z,Not applicable,_Z,Not applicable,Q,Constant prices,2004,,890.477,,2020,,,,,,,,,,0,Units,1,One
DATAFLOW,OECD.ELS.HD:DSD_SHA@DF_SHA(1.0),Health expenditure and financing,I,CRI,Costa Rica,A,Annual,EXP_HEALTH,Expenditure,USD_PPP_PS,"US dollars per person, PPP converted",_T,Total,_Z,Not application,_T,Total,_T,Total,_T,Total,_Z,Not applicable,_Z,Not applicable,Q,Constant prices,2005,,900.769,,2020,,,,,,,,,,0,Units,1,One
DATAFLOW,OECD.ELS.HD:DSD_SHA@DF_SHA(1.0),Health expenditure and financing,I,CRI,Costa Rica,A,Annual,EXP_HEALTH,Expenditure,USD_PPP_PS,"US dollars per person, PPP converted",_T,Total,_Z,Not application,_T,Total,_T,Total,_T,Total,_Z,Not applicable,_Z,Not applicable,Q,Constant prices,2006,,982.262,,2020,,,,,,,,,,0,Units,1,One
DATAFLOW,OECD.ELS.HD:DSD_SHA@DF_SHA(1.0),Health expenditure and financing,I,CRI,Costa Rica,A,Annual,EXP_HEALTH,Expenditure,USD_PPP_PS,"US dollars per person, PPP converted",_T,Total,_Z,Not application,_T,Total,_T,Total,_T,Total,_Z,Not applicable,_Z,Not applicable,Q,Constant prices,2007,,1043.837,,2020,,,,,,,,,,0,Units,1,One
DATAFLOW,OECD.ELS.HD:DSD_SHA@DF_SHA(1.0),Health expenditure and financing,I,CRI,Costa Rica,A,Annual,EXP_HEALTH,Expenditure,USD_PPP_PS,"US dollars per person, PPP converted",_T,Total,_Z,Not application,_T,Total,_T,Total,_T,Total,_Z,Not applicable,_Z,Not applicable,Q,Constant prices,2008,,1133.149,,2020,,,,,,,,,,0,Units,1,One
DATAFLOW,OECD.ELS.HD:DSD_SHA@DF_SHA(1.0),Health expenditure and financing,I,CRI,Costa Rica,A,Annual,EXP_HEALTH,Expenditure,USD_PPP_PS,"US dollars per person, PPP converted",_T,Total,_Z,Not application,_T,Total,_T,Total,_T,Total,_Z,Not applicable,_Z,Not applicable,Q,Constant prices,2009,,1228.581,,2020,,,,,,,,,,0,Units,1,One
DATAFLOW,OECD.ELS.HD:DSD_SHA@DF_SHA(1.0),Health expenditure and financing,I,CRI,Costa Rica,A,Annual,EXP_HEALTH,Expenditure,USD_PPP_PS,"US dollars per person, PPP converted",_T,Total,_Z,Not application,_T,Total,_T,Total,_T,Total,_Z,Not applicable,_Z,Not applicable,Q,Constant prices,2010,,1313.084,,2020,,,,,,,,,,0,Units,1,One
DATAFLOW,OECD.ELS.HD:DSD_SHA@DF_SHA(1.0),Health expenditure and financing,I,CRI,Costa Rica,A,Annual,EXP_HEALTH,Expenditure,USD_PPP_PS,"US dollars per person, PPP converted",_T,Total,_Z,Not application,_T,Total,_T,Total,_T,Total,_Z,Not applicable,_Z,Not applicable,Q,Constant prices,2011,,1359.088,,2020,,,,,,,,,,0,Units,1,One
DATAFLOW,OECD.ELS.HD:DSD_SHA@DF_SHA(1.0),Health expenditure and financing,I,CRI,Costa Rica,A,Annual,EXP_HEALTH,Expenditure,USD_PPP_PS,"US dollars per person, PPP converted",_T,Total,_Z,Not application,_T,Total,_T,Total,_T,Total,_Z,Not applicable,_Z,Not applicable,Q,Constant prices,2012,,1364.328,,2020,,,,,,,,,,0,Units,1,One
DATAFLOW,OECD.ELS.HD:DSD_SHA@DF_SHA(1.0),Health expenditure and financing,I,CRI,Costa Rica,A,Annual,EXP_HEALTH,Expenditure,USD_PPP_PS,"US dollars per person, PPP converted",_T,Total,_Z,Not application,_T,Total,_T,Total,_T,Total,_Z,Not applicable,_Z,Not applicable,Q,Constant prices,2013,,1370.558,,2020,,,,,,,,,,0,Units,1,One
DATAFLOW,OECD.ELS.HD:DSD_SHA@DF_SHA(1.0),Health expenditure and financing,I,CRI,Costa Rica,A,Annual,EXP_HEALTH,Expenditure,USD_PPP_PS,"US dollars per person, PPP converted",_T,Total,_Z,Not application,_T,Total,_T,Total,_T,Total,_Z,Not applicable,_Z,Not applicable,Q,Constant prices,2014,,1413.926,,2020,,,,,,,,,,0,Units,1,One
DATAFLOW,OECD.ELS.HD:DSD_SHA@DF_SHA(1.0),Health expenditure and financing,I,CRI,Costa Rica,A,Annual,EXP_HEALTH,Expenditure,USD_PPP_PS,"US dollars per person, PPP converted",_T,Total,_Z,Not application,_T,Total,_T,Total,_T,Total,_Z,Not applicable,_Z,Not applicable,Q,Constant prices,2015,,1467.961,,2020,,,,,,,,,,0,Units,1,One
DATAFLOW,OECD.ELS.HD:DSD_SHA@DF_SHA(1.0),Health expenditure and financing,I,CRI,Costa Rica,A,Annual,EXP_HEALTH,Expenditure,USD_PPP_PS,"US dollars per person, PPP converted",_T,Total,_Z,Not application,_T,Total,_T,Total,_T,Total,_Z,Not applicable,_Z,Not applicable,Q,Constant prices,2016,,1468.871,,2020,,,,,,,,,,0,Units,1,One
DATAFLOW,OECD.ELS.HD:DSD_SHA@DF_SHA(1.0),Health expenditure and financing,I,CRI,Costa Rica,A,Annual,EXP_HEALTH,Expenditure,USD_PPP_PS,"US dollars per person, PPP converted",_T,Total,_Z,Not application,_T,Total,_T,Total,_T,Total,_Z,Not applicable,_Z,Not applicable,Q,Constant prices,2017,,1453.864,,2020,,,,,,,,,,0,Units,1,One
DATAFLOW,OECD.ELS.HD:DSD_SHA@DF_SHA(1.0),Health expenditure and financing,I,CRI,Costa Rica,A,Annual,EXP_HEALTH,Expenditure,USD_PPP_PS,"US dollars per person, PPP converted",_T,Total,_Z,Not application,_T,Total,_T,Total,_T,Total,_Z,Not applicable,_Z,Not applicable,Q,Constant prices,2018,,1522.242,,2020,,,,B,Time series break,,,,,0,Units,1,One
DATAFLOW,OECD.ELS.HD:DSD_SHA@DF_SHA(1.0),Health expenditure and financing,I,CRI,Costa Rica,A,Annual,EXP_HEALTH,Expenditure,USD_PPP_PS,"US dollars per person, PPP converted",_T,Total,_Z,Not application,_T,Total,_T,Total,_T,Total,_Z,Not applicable,_Z,Not applicable,Q,Constant prices,2019,,1533.99,,2020,,,,,,,,,,0,Units,1,One
DATAFLOW,OECD.ELS.HD:DSD_SHA@DF_SHA(1.0),Health expenditure and financing,I,CRI,Costa Rica,A,Annual,EXP_HEALTH,Expenditure,USD_PPP_PS,"US dollars per person, PPP converted",_T,Total,_Z,Not application,_T,Total,_T,Total,_T,Total,_Z,Not applicable,_Z,Not applicable,Q,Constant prices,2020,,1581.441,,2020,,,,,,,,,,0,Units,1,One
DATAFLOW,OECD.ELS.HD:DSD_SHA@DF_SHA(1.0),Health expenditure and financing,I,CRI,Costa Rica,A,Annual,EXP_HEALTH,Expenditure,USD_PPP_PS,"US dollars per person, PPP converted",_T,Total,_Z,Not application,_T,Total,_T,Total,_T,Total,_Z,Not applicable,_Z,Not applicable,Q,Constant prices,2021,,1641.674,,2020,,,,,,,,,,0,Units,1,One
DATAFLOW,OECD.ELS.HD:DSD_SHA@DF_SHA(1.0),Health expenditure and financing,I,CRI,Costa Rica,A,Annual,EXP_HEALTH,Expenditure,USD_PPP_PS,"US dollars per person, PPP converted",_T,Total,_Z,Not application,_T,Total,_T,Total,_T,Total,_Z,Not applicable,_Z,Not applicable,Q,Constant prices,2022,,1575.997,,2020,,,,,,,,,,0,Units,1,One
DATAFLOW,OECD.ELS.HD:DSD_SHA@DF_SHA(1.0),Health expenditure and financing,I,CRI,Costa Rica,A,Annual,EXP_HEALTH,Expenditure,USD_PPP_PS,"US dollars per person, PPP converted",_T,Total,_Z,Not application,_T,Total,_T,Total,_T,Total,_Z,Not applicable,_Z,Not applicable,Q,Constant prices,2023,,1564.584,,2020,,,,,,,,,,0,Units,1,One
DATAFLOW,OECD.ELS.HD:DSD_SHA@DF_SHA(1.0),Health expenditure and financing,I,CRI,Costa Rica,A,Annual,EXP_HEALTH,Expenditure,USD_PPP_PS,"US dollars per person, PPP converted",_T,Total,_Z,Not application,_T,Total,_T,Total,_T,Total,_Z,Not applicable,_Z,Not applicable,Q,Constant prices,2024,,1606.499,,2020,,,,E,Estimated value,,,,,0,Units,1,One
DATAFLOW,OECD.ELS.HD:DSD_SHA@DF_SHA(1.0),Health expenditure and financing,I,CZE,Czechia,A,Annual,EXP_HEALTH,Expenditure,USD_PPP_PS,"US dollars per person, PPP converted",_T,Total,_Z,Not application,_T,Total,_T,Total,_T,Total,_Z,Not applicable,_Z,Not applicable,Q,Constant prices,2007,,2491.195,,2020,,,,,,,,,,0,Units,1,One
DATAFLOW,OECD.ELS.HD:DSD_SHA@DF_SHA(1.0),Health expenditure and financing,I,CZE,Czechia,A,Annual,EXP_HEALTH,Expenditure,USD_PPP_PS,"US dollars per person, PPP converted",_T,Total,_Z,Not application,_T,Total,_T,Total,_T,Total,_Z,Not applicable,_Z,Not applicable,Q,Constant prices,2009,,2881.371,,2020,,,,,,,,,,0,Units,1,One
DATAFLOW,OECD.ELS.HD:DSD_SHA@DF_SHA(1.0),Health expenditure and financing,I,CZE,Czechia,A,Annual,EXP_HEALTH,Expenditure,USD_PPP_PS,"US dollars per person, PPP converted",_T,Total,_Z,Not application,_T,Total,_T,Total,_T,Total,_Z,Not applicable,_Z,Not applicable,Q,Constant prices,2008,,2625.019,,2020,,,,,,,,,,0,Units,1,One
DATAFLOW,OECD.ELS.HD:DSD_SHA@DF_SHA(1.0),Health expenditure and financing,I,CZE,Czechia,A,Annual,EXP_HEALTH,Expenditure,USD_PPP_PS,"US dollars per person, PPP converted",_T,Total,_Z,Not application,_T,Total,_T,Total,_T,Total,_Z,Not applicable,_Z,Not applicable,Q,Constant prices,2010,,2963.847,,2020,,,,,,,,,,0,Units,1,One
DATAFLOW,OECD.ELS.HD:DSD_SHA@DF_SHA(1.0),Health expenditure and financing,I,CZE,Czechia,A,Annual,EXP_HEALTH,Expenditure,USD_PPP_PS,"US dollars per person, PPP converted",_T,Total,_Z,Not application,_T,Total,_T,Total,_T,Total,_Z,Not applicable,_Z,Not applicable,Q,Constant prices,2019,,3590.648,,2020,,,,,,,,,,0,Units,1,One
DATAFLOW,OECD.ELS.HD:DSD_SHA@DF_SHA(1.0),Health expenditure and financing,I,CZE,Czechia,A,Annual,EXP_HEALTH,Expenditure,USD_PPP_PS,"US dollars per person, PPP converted",_T,Total,_Z,Not application,_T,Total,_T,Total,_T,Total,_Z,Not applicable,_Z,Not applicable,Q,Constant prices,2020,,4098.209,,2020,,,,,,,,,,0,Units,1,One
DATAFLOW,OECD.ELS.HD:DSD_SHA@DF_SHA(1.0),Health expenditure and financing,I,CZE,Czechia,A,Annual,EXP_HEALTH,Expenditure,USD_PPP_PS,"US dollars per person, PPP converted",_T,Total,_Z,Not application,_T,Total,_T,Total,_T,Total,_Z,Not applicable,_Z,Not applicable,Q,Constant prices,2021,,4416.112,,2020,,,,,,,,,,0,Units,1,One
DATAFLOW,OECD.ELS.HD:DSD_SHA@DF_SHA(1.0),Health expenditure and financing,I,CZE,Czechia,A,Annual,EXP_HEALTH,Expenditure,USD_PPP_PS,"US dollars per person, PPP converted",_T,Total,_Z,Not application,_T,Total,_T,Total,_T,Total,_Z,Not applicable,_Z,Not applicable,Q,Constant prices,2011,,2952.508,,2020,,,,,,,,,,0,Units,1,One
DATAFLOW,OECD.ELS.HD:DSD_SHA@DF_SHA(1.0),Health expenditure and financing,I,CZE,Czechia,A,Annual,EXP_HEALTH,Expenditure,USD_PPP_PS,"US dollars per person, PPP converted",_T,Total,_Z,Not application,_T,Total,_T,Total,_T,Total,_Z,Not applicable,_Z,Not applicable,Q,Constant prices,2014,,3069.439,,2020,,,,,,,,,,0,Units,1,One
DATAFLOW,OECD.ELS.HD:DSD_SHA@DF_SHA(1.0),Health expenditure and financing,I,CZE,Czechia,A,Annual,EXP_HEALTH,Expenditure,USD_PPP_PS,"US dollars per person, PPP converted",_T,Total,_Z,Not application,_T,Total,_T,Total,_T,Total,_Z,Not applicable,_Z,Not applicable,Q,Constant prices,2012,,2940.737,,2020,,,,,,,,,,0,Units,1,One
DATAFLOW,OECD.ELS.HD:DSD_SHA@DF_SHA(1.0),Health expenditure and financing,I,CZE,Czechia,A,Annual,EXP_HEALTH,Expenditure,USD_PPP_PS,"US dollars per person, PPP converted",_T,Total,_Z,Not application,_T,Total,_T,Total,_T,Total,_Z,Not applicable,_Z,Not applicable,Q,Constant prices,2013,,2924.82,,2020,,,,,,,,,,0,Units,1,One
DATAFLOW,OECD.ELS.HD:DSD_SHA@DF_SHA(1.0),Health expenditure and financing,I,CZE,Czechia,A,Annual,EXP_HEALTH,Expenditure,USD_PPP_PS,"US dollars per person, PPP converted",_T,Total,_Z,Not application,_T,Total,_T,Total,_T,Total,_Z,Not applicable,_Z,Not applicable,Q,Constant prices,2003,,2230.002,,2020,,,,B,Time series break,,,,,0,Units,1,One
DATAFLOW,OECD.ELS.HD:DSD_SHA@DF_SHA(1.0),Health expenditure and financing,I,CZE,Czechia,A,Annual,EXP_HEALTH,Expenditure,USD_PPP_PS,"US dollars per person, PPP converted",_T,Total,_Z,Not application,_T,Total,_T,Total,_T,Total,_Z,Not applicable,_Z,Not applicable,Q,Constant prices,2006,,2432.809,,2020,,,,,,,,,,0,Units,1,One
DATAFLOW,OECD.ELS.HD:DSD_SHA@DF_SHA(1.0),Health expenditure and financing,I,CZE,Czechia,A,Annual,EXP_HEALTH,Expenditure,USD_PPP_PS,"US dollars per person, PPP converted",_T,Total,_Z,Not application,_T,Total,_T,Total,_T,Total,_Z,Not applicable,_Z,Not applicable,Q,Constant prices,2004,,2280.551,,2020,,,,,,,,,,0,Units,1,One
DATAFLOW,OECD.ELS.HD:DSD_SHA@DF_SHA(1.0),Health expenditure and financing,I,CZE,Czechia,A,Annual,EXP_HEALTH,Expenditure,USD_PPP_PS,"US dollars per person, PPP converted",_T,Total,_Z,Not application,_T,Total,_T,Total,_T,Total,_Z,Not applicable,_Z,Not applicable,Q,Constant prices,2005,,2390.374,,2020,,,,,,,,,,0,Units,1,One
DATAFLOW,OECD.ELS.HD:DSD_SHA@DF_SHA(1.0),Health expenditure and financing,I,CZE,Czechia,A,Annual,EXP_HEALTH,Expenditure,USD_PPP_PS,"US dollars per person, PPP converted",_T,Total,_Z,Not application,_T,Total,_T,Total,_T,Total,_Z,Not applicable,_Z,Not applicable,Q,Constant prices,2024,,4046.85,,2020,,,,P,Provisional value,,,,,0,Units,1,One
DATAFLOW,OECD.ELS.HD:DSD_SHA@DF_SHA(1.0),Health expenditure and financing,I,CZE,Czechia,A,Annual,EXP_HEALTH,Expenditure,USD_PPP_PS,"US dollars per person, PPP converted",_T,Total,_Z,Not application,_T,Total,_T,Total,_T,Total,_Z,Not applicable,_Z,Not applicable,Q,Constant prices,2022,,4012.926,,2020,,,,,,,,,,0,Units,1,One
DATAFLOW,OECD.ELS.HD:DSD_SHA@DF_SHA(1.0),Health expenditure and financing,I,CZE,Czechia,A,Annual,EXP_HEALTH,Expenditure,USD_PPP_PS,"US dollars per person, PPP converted",_T,Total,_Z,Not application,_T,Total,_T,Total,_T,Total,_Z,Not applicable,_Z,Not applicable,Q,Constant prices,2023,,3942.532,,2020,,,,,,,,,,0,Units,1,One
DATAFLOW,OECD.ELS.HD:DSD_SHA@DF_SHA(1.0),Health expenditure and financing,I,CZE,Czechia,A,Annual,EXP_HEALTH,Expenditure,USD_PPP_PS,"US dollars per person, PPP converted",_T,Total,_Z,Not application,_T,Total,_T,Total,_T,Total,_Z,Not applicable,_Z,Not applicable,Q,Constant prices,2018,,3416.183,,2020,,,,,,,,,,0,Units,1,One
DATAFLOW,OECD.ELS.HD:DSD_SHA@DF_SHA(1.0),Health expenditure and financing,I,CZE,Czechia,A,Annual,EXP_HEALTH,Expenditure,USD_PPP_PS,"US dollars per person, PPP converted",_T,Total,_Z,Not application,_T,Total,_T,Total,_T,Total,_Z,Not applicable,_Z,Not applicable,Q,Constant prices,2017,,3293.657,,2020,,,,,,,,,,0,Units,1,One
DATAFLOW,OECD.ELS.HD:DSD_SHA@DF_SHA(1.0),Health expenditure and financing,I,CZE,Czechia,A,Annual,EXP_HEALTH,Expenditure,USD_PPP_PS,"US dollars per person, PPP converted",_T,Total,_Z,Not application,_T,Total,_T,Total,_T,Total,_Z,Not applicable,_Z,Not applicable,Q,Constant prices,2016,,3219.221,,2020,,,,,,,,,,0,Units,1,One
DATAFLOW,OECD.ELS.HD:DSD_SHA@DF_SHA(1.0),Health expenditure and financing,I,CZE,Czechia,A,Annual,EXP_HEALTH,Expenditure,USD_PPP_PS,"US dollars per person, PPP converted",_T,Total,_Z,Not application,_T,Total,_T,Total,_T,Total,_Z,Not applicable,_Z,Not applicable,Q,Constant prices,2000,,1736.426,,2020,,,,B,Time series break,,,,,0,Units,1,One
DATAFLOW,OECD.ELS.HD:DSD_SHA@DF_SHA(1.0),Health expenditure and financing,I,CZE,Czechia,A,Annual,EXP_HEALTH,Expenditure,USD_PPP_PS,"US dollars per person, PPP converted",_T,Total,_Z,Not application,_T,Total,_T,Total,_T,Total,_Z,Not applicable,_Z,Not applicable,Q,Constant prices,2002,,2027.375,,2020,,,,,,,,,,0,Units,1,One
DATAFLOW,OECD.ELS.HD:DSD_SHA@DF_SHA(1.0),Health expenditure and financing,I,CZE,Czechia,A,Annual,EXP_HEALTH,Expenditure,USD_PPP_PS,"US dollars per person, PPP converted",_T,Total,_Z,Not application,_T,Total,_T,Total,_T,Total,_Z,Not applicable,_Z,Not applicable,Q,Constant prices,2001,,1869.463,,2020,,,,,,,,,,0,Units,1,One
DATAFLOW,OECD.ELS.HD:DSD_SHA@DF_SHA(1.0),Health expenditure and financing,I,CZE,Czechia,A,Annual,EXP_HEALTH,Expenditure,USD_PPP_PS,"US dollars per person, PPP converted",_T,Total,_Z,Not application,_T,Total,_T,Total,_T,Total,_Z,Not applicable,_Z,Not applicable,Q,Constant prices,2015,,3120.284,,2020,,,,,,,,,,0,Units,1,One
DATAFLOW,OECD.ELS.HD:DSD_SHA@DF_SHA(1.0),Health expenditure and financing,I,DNK,Denmark,A,Annual,EXP_HEALTH,Expenditure,USD_PPP_PS,"US dollars per person, PPP converted",_T,Total,_Z,Not application,_T,Total,_T,Total,_T,Total,_Z,Not applicable,_Z,Not applicable,Q,Constant prices,2001,,4073.651,,2020,,,,,,,,,,0,Units,1,One
DATAFLOW,OECD.ELS.HD:DSD_SHA@DF_SHA(1.0),Health expenditure and financing,I,DNK,Denmark,A,Annual,EXP_HEALTH,Expenditure,USD_PPP_PS,"US dollars per person, PPP converted",_T,Total,_Z,Not application,_T,Total,_T,Total,_T,Total,_Z,Not applicable,_Z,Not applicable,Q,Constant prices,2000,,3892.751,,2020,,,,,,,,,,0,Units,1,One
DATAFLOW,OECD.ELS.HD:DSD_SHA@DF_SHA(1.0),Health expenditure and financing,I,DNK,Denmark,A,Annual,EXP_HEALTH,Expenditure,USD_PPP_PS,"US dollars per person, PPP converted",_T,Total,_Z,Not application,_T,Total,_T,Total,_T,Total,_Z,Not applicable,_Z,Not applicable,Q,Constant prices,2008,,5100.178,,2020,,,,,,,,,,0,Units,1,One
DATAFLOW,OECD.ELS.HD:DSD_SHA@DF_SHA(1.0),Health expenditure and financing,I,DNK,Denmark,A,Annual,EXP_HEALTH,Expenditure,USD_PPP_PS,"US dollars per person, PPP converted",_T,Total,_Z,Not application,_T,Total,_T,Total,_T,Total,_Z,Not applicable,_Z,Not applicable,Q,Constant prices,2015,,5587.997,,2020,,,,,,,,,,0,Units,1,One
DATAFLOW,OECD.ELS.HD:DSD_SHA@DF_SHA(1.0),Health expenditure and financing,I,DNK,Denmark,A,Annual,EXP_HEALTH,Expenditure,USD_PPP_PS,"US dollars per person, PPP converted",_T,Total,_Z,Not application,_T,Total,_T,Total,_T,Total,_Z,Not applicable,_Z,Not applicable,Q,Constant prices,2009,,5334.676,,2020,,,,,,,,,,0,Units,1,One
DATAFLOW,OECD.ELS.HD:DSD_SHA@DF_SHA(1.0),Health expenditure and financing,I,DNK,Denmark,A,Annual,EXP_HEALTH,Expenditure,USD_PPP_PS,"US dollars per person, PPP converted",_T,Total,_Z,Not application,_T,Total,_T,Total,_T,Total,_Z,Not applicable,_Z,Not applicable,Q,Constant prices,2011,,5343.147,,2020,,,,,,,,,,0,Units,1,One
DATAFLOW,OECD.ELS.HD:DSD_SHA@DF_SHA(1.0),Health expenditure and financing,I,DNK,Denmark,A,Annual,EXP_HEALTH,Expenditure,USD_PPP_PS,"US dollars per person, PPP converted",_T,Total,_Z,Not application,_T,Total,_T,Total,_T,Total,_Z,Not applicable,_Z,Not applicable,Q,Constant prices,2014,,5445.714,,2020,,,,,,,,,,0,Units,1,One
DATAFLOW,OECD.ELS.HD:DSD_SHA@DF_SHA(1.0),Health expenditure and financing,I,DNK,Denmark,A,Annual,EXP_HEALTH,Expenditure,USD_PPP_PS,"US dollars per person, PPP converted",_T,Total,_Z,Not application,_T,Total,_T,Total,_T,Total,_Z,Not applicable,_Z,Not applicable,Q,Constant prices,2022,,6076.084,,2020,,,,,,,,,,0,Units,1,One
DATAFLOW,OECD.ELS.HD:DSD_SHA@DF_SHA(1.0),Health expenditure and financing,I,DNK,Denmark,A,Annual,EXP_HEALTH,Expenditure,USD_PPP_PS,"US dollars per person, PPP converted",_T,Total,_Z,Not application,_T,Total,_T,Total,_T,Total,_Z,Not applicable,_Z,Not applicable,Q,Constant prices,2023,,5822.645,,2020,,,,,,,,,,0,Units,1,One
DATAFLOW,OECD.ELS.HD:DSD_SHA@DF_SHA(1.0),Health expenditure and financing,I,DNK,Denmark,A,Annual,EXP_HEALTH,Expenditure,USD_PPP_PS,"US dollars per person, PPP converted",_T,Total,_Z,Not application,_T,Total,_T,Total,_T,Total,_Z,Not applicable,_Z,Not applicable,Q,Constant prices,2024,,5927.115,,2020,,,,P,Provisional value,,,,,0,Units,1,One
DATAFLOW,OECD.ELS.HD:DSD_SHA@DF_SHA(1.0),Health expenditure and financing,I,DNK,Denmark,A,Annual,EXP_HEALTH,Expenditure,USD_PPP_PS,"US dollars per person, PPP converted",_T,Total,_Z,Not application,_T,Total,_T,Total,_T,Total,_Z,Not applicable,_Z,Not applicable,Q,Constant prices,2020,,6146.851,,2020,,,,,,,,,,0,Units,1,One
DATAFLOW,OECD.ELS.HD:DSD_SHA@DF_SHA(1.0),Health expenditure and financing,I,DNK,Denmark,A,Annual,EXP_HEALTH,Expenditure,USD_PPP_PS,"US dollars per person, PPP converted",_T,Total,_Z,Not application,_T,Total,_T,Total,_T,Total,_Z,Not applicable,_Z,Not applicable,Q,Constant prices,2016,,5669.119,,2020,,,,,,,,,,0,Units,1,One
DATAFLOW,OECD.ELS.HD:DSD_SHA@DF_SHA(1.0),Health expenditure and financing,I,DNK,Denmark,A,Annual,EXP_HEALTH,Expenditure,USD_PPP_PS,"US dollars per person, PPP converted",_T,Total,_Z,Not application,_T,Total,_T,Total,_T,Total,_Z,Not applicable,_Z,Not applicable,Q,Constant prices,2019,,5923.613,,2020,,,,,,,,,,0,Units,1,One
DATAFLOW,OECD.ELS.HD:DSD_SHA@DF_SHA(1.0),Health expenditure and financing,I,DNK,Denmark,A,Annual,EXP_HEALTH,Expenditure,USD_PPP_PS,"US dollars per person, PPP converted",_T,Total,_Z,Not application,_T,Total,_T,Total,_T,Total,_Z,Not applicable,_Z,Not applicable,Q,Constant prices,2012,,5411.535,,2020,,,,,,,,,,0,Units,1,One
DATAFLOW,OECD.ELS.HD:DSD_SHA@DF_SHA(1.0),Health expenditure and financing,I,DNK,Denmark,A,Annual,EXP_HEALTH,Expenditure,USD_PPP_PS,"US dollars per person, PPP converted",_T,Total,_Z,Not application,_T,Total,_T,Total,_T,Total,_Z,Not applicable,_Z,Not applicable,Q,Constant prices,2013,,5356.839,,2020,,,,,,,,,,0,Units,1,One
DATAFLOW,OECD.ELS.HD:DSD_SHA@DF_SHA(1.0),Health expenditure and financing,I,DNK,Denmark,A,Annual,EXP_HEALTH,Expenditure,USD_PPP_PS,"US dollars per person, PPP converted",_T,Total,_Z,Not application,_T,Total,_T,Total,_T,Total,_Z,Not applicable,_Z,Not applicable,Q,Constant prices,2010,,5435.29,,2020,,,,B,Time series break,,,,,0,Units,1,One
DATAFLOW,OECD.ELS.HD:DSD_SHA@DF_SHA(1.0),Health expenditure and financing,I,DNK,Denmark,A,Annual,EXP_HEALTH,Expenditure,USD_PPP_PS,"US dollars per person, PPP converted",_T,Total,_Z,Not application,_T,Total,_T,Total,_T,Total,_Z,Not applicable,_Z,Not applicable,Q,Constant prices,2005,,4668.188,,2020,,,,,,,,,,0,Units,1,One
DATAFLOW,OECD.ELS.HD:DSD_SHA@DF_SHA(1.0),Health expenditure and financing,I,DNK,Denmark,A,Annual,EXP_HEALTH,Expenditure,USD_PPP_PS,"US dollars per person, PPP converted",_T,Total,_Z,Not application,_T,Total,_T,Total,_T,Total,_Z,Not applicable,_Z,Not applicable,Q,Constant prices,2004,,4484.892,,2020,,,,,,,,,,0,Units,1,One
DATAFLOW,OECD.ELS.HD:DSD_SHA@DF_SHA(1.0),Health expenditure and financing,I,DNK,Denmark,A,Annual,EXP_HEALTH,Expenditure,USD_PPP_PS,"US dollars per person, PPP converted",_T,Total,_Z,Not application,_T,Total,_T,Total,_T,Total,_Z,Not applicable,_Z,Not applicable,Q,Constant prices,2002,,4207.349,,2020,,,,,,,,,,0,Units,1,One
DATAFLOW,OECD.ELS.HD:DSD_SHA@DF_SHA(1.0),Health expenditure and financing,I,DNK,Denmark,A,Annual,EXP_HEALTH,Expenditure,USD_PPP_PS,"US dollars per person, PPP converted",_T,Total,_Z,Not application,_T,Total,_T,Total,_T,Total,_Z,Not applicable,_Z,Not applicable,Q,Constant prices,2021,,6609.538,,2020,,,,,,,,,,0,Units,1,One
DATAFLOW,OECD.ELS.HD:DSD_SHA@DF_SHA(1.0),Health expenditure and financing,I,DNK,Denmark,A,Annual,EXP_HEALTH,Expenditure,USD_PPP_PS,"US dollars per person, PPP converted",_T,Total,_Z,Not application,_T,Total,_T,Total,_T,Total,_Z,Not applicable,_Z,Not applicable,Q,Constant prices,2003,,4307.302,,2020,,,,B,Time series break,,,,,0,Units,1,One
DATAFLOW,OECD.ELS.HD:DSD_SHA@DF_SHA(1.0),Health expenditure and financing,I,DNK,Denmark,A,Annual,EXP_HEALTH,Expenditure,USD_PPP_PS,"US dollars per person, PPP converted",_T,Total,_Z,Not application,_T,Total,_T,Total,_T,Total,_Z,Not applicable,_Z,Not applicable,Q,Constant prices,2007,,4999.732,,2020,,,,,,,,,,0,Units,1,One
DATAFLOW,OECD.ELS.HD:DSD_SHA@DF_SHA(1.0),Health expenditure and financing,I,DNK,Denmark,A,Annual,EXP_HEALTH,Expenditure,USD_PPP_PS,"US dollars per person, PPP converted",_T,Total,_Z,Not application,_T,Total,_T,Total,_T,Total,_Z,Not applicable,_Z,Not applicable,Q,Constant prices,2006,,4872.285,,2020,,,,,,,,,,0,Units,1,One
DATAFLOW,OECD.ELS.HD:DSD_SHA@DF_SHA(1.0),Health expenditure and financing,I,DNK,Denmark,A,Annual,EXP_HEALTH,Expenditure,USD_PPP_PS,"US dollars per person, PPP converted",_T,Total,_Z,Not application,_T,Total,_T,Total,_T,Total,_Z,Not applicable,_Z,Not applicable,Q,Constant prices,2017,,5724.452,,2020,,,,,,,,,,0,Units,1,One
DATAFLOW,OECD.ELS.HD:DSD_SHA@DF_SHA(1.0),Health expenditure and financing,I,DNK,Denmark,A,Annual,EXP_HEALTH,Expenditure,USD_PPP_PS,"US dollars per person, PPP converted",_T,Total,_Z,Not application,_T,Total,_T,Total,_T,Total,_Z,Not applicable,_Z,Not applicable,Q,Constant prices,2018,,5808.855,,2020,,,,,,,,,,0,Units,1,One
DATAFLOW,OECD.ELS.HD:DSD_SHA@DF_SHA(1.0),Health expenditure and financing,I,EST,Estonia,A,Annual,EXP_HEALTH,Expenditure,USD_PPP_PS,"US dollars per person, PPP converted",_T,Total,_Z,Not application,_T,Total,_T,Total,_T,Total,_Z,Not applicable,_Z,Not applicable,Q,Constant prices,2013,,1978.481,,2020,,,,,,,,,,0,Units,1,One
DATAFLOW,OECD.ELS.HD:DSD_SHA@DF_SHA(1.0),Health expenditure and financing,I,EST,Estonia,A,Annual,EXP_HEALTH,Expenditure,USD_PPP_PS,"US dollars per person, PPP converted",_T,Total,_Z,Not application,_T,Total,_T,Total,_T,Total,_Z,Not applicable,_Z,Not applicable,Q,Constant prices,2014,,2097.762,,2020,,,,,,,,,,0,Units,1,One
DATAFLOW,OECD.ELS.HD:DSD_SHA@DF_SHA(1.0),Health expenditure and financing,I,EST,Estonia,A,Annual,EXP_HEALTH,Expenditure,USD_PPP_PS,"US dollars per person, PPP converted",_T,Total,_Z,Not application,_T,Total,_T,Total,_T,Total,_Z,Not applicable,_Z,Not applicable,Q,Constant prices,2016,,2325.043,,2020,,,,,,,,,,0,Units,1,One
DATAFLOW,OECD.ELS.HD:DSD_SHA@DF_SHA(1.0),Health expenditure and financing,I,EST,Estonia,A,Annual,EXP_HEALTH,Expenditure,USD_PPP_PS,"US dollars per person, PPP converted",_T,Total,_Z,Not application,_T,Total,_T,Total,_T,Total,_Z,Not applicable,_Z,Not applicable,Q,Constant prices,2015,,2230.862,,2020,,,,,,,,,,0,Units,1,One
DATAFLOW,OECD.ELS.HD:DSD_SHA@DF_SHA(1.0),Health expenditure and financing,I,EST,Estonia,A,Annual,EXP_HEALTH,Expenditure,USD_PPP_PS,"US dollars per person, PPP converted",_T,Total,_Z,Not application,_T,Total,_T,Total,_T,Total,_Z,Not applicable,_Z,Not applicable,Q,Constant prices,2004,,1268.612,,2020,,,,,,,,,,0,Units,1,One
DATAFLOW,OECD.ELS.HD:DSD_SHA@DF_SHA(1.0),Health expenditure and financing,I,EST,Estonia,A,Annual,EXP_HEALTH,Expenditure,USD_PPP_PS,"US dollars per person, PPP converted",_T,Total,_Z,Not application,_T,Total,_T,Total,_T,Total,_Z,Not applicable,_Z,Not applicable,Q,Constant prices,2006,,1497.821,,2020,,,,,,,,,,0,Units,1,One
DATAFLOW,OECD.ELS.HD:DSD_SHA@DF_SHA(1.0),Health expenditure and financing,I,EST,Estonia,A,Annual,EXP_HEALTH,Expenditure,USD_PPP_PS,"US dollars per person, PPP converted",_T,Total,_Z,Not application,_T,Total,_T,Total,_T,Total,_Z,Not applicable,_Z,Not applicable,Q,Constant prices,2007,,1745.028,,2020,,,,,,,,,,0,Units,1,One
DATAFLOW,OECD.ELS.HD:DSD_SHA@DF_SHA(1.0),Health expenditure and financing,I,EST,Estonia,A,Annual,EXP_HEALTH,Expenditure,USD_PPP_PS,"US dollars per person, PPP converted",_T,Total,_Z,Not application,_T,Total,_T,Total,_T,Total,_Z,Not applicable,_Z,Not applicable,Q,Constant prices,2005,,1404.976,,2020,,,,,,,,,,0,Units,1,One
DATAFLOW,OECD.ELS.HD:DSD_SHA@DF_SHA(1.0),Health expenditure and financing,I,EST,Estonia,A,Annual,EXP_HEALTH,Expenditure,USD_PPP_PS,"US dollars per person, PPP converted",_T,Total,_Z,Not application,_T,Total,_T,Total,_T,Total,_Z,Not applicable,_Z,Not applicable,Q,Constant prices,2008,,1871.135,,2020,,,,,,,,,,0,Units,1,One
DATAFLOW,OECD.ELS.HD:DSD_SHA@DF_SHA(1.0),Health expenditure and financing,I,EST,Estonia,A,Annual,EXP_HEALTH,Expenditure,USD_PPP_PS,"US dollars per person, PPP converted",_T,Total,_Z,Not application,_T,Total,_T,Total,_T,Total,_Z,Not applicable,_Z,Not applicable,Q,Constant prices,2001,,880.525,,2020,,,,,,,,,,0,Units,1,One
DATAFLOW,OECD.ELS.HD:DSD_SHA@DF_SHA(1.0),Health expenditure and financing,I,EST,Estonia,A,Annual,EXP_HEALTH,Expenditure,USD_PPP_PS,"US dollars per person, PPP converted",_T,Total,_Z,Not application,_T,Total,_T,Total,_T,Total,_Z,Not applicable,_Z,Not applicable,Q,Constant prices,2002,,940.773,,2020,,,,,,,,,,0,Units,1,One
DATAFLOW,OECD.ELS.HD:DSD_SHA@DF_SHA(1.0),Health expenditure and financing,I,EST,Estonia,A,Annual,EXP_HEALTH,Expenditure,USD_PPP_PS,"US dollars per person, PPP converted",_T,Total,_Z,Not application,_T,Total,_T,Total,_T,Total,_Z,Not applicable,_Z,Not applicable,Q,Constant prices,2003,,1131.869,,2020,,,,,,,,,,0,Units,1,One
DATAFLOW,OECD.ELS.HD:DSD_SHA@DF_SHA(1.0),Health expenditure and financing,I,EST,Estonia,A,Annual,EXP_HEALTH,Expenditure,USD_PPP_PS,"US dollars per person, PPP converted",_T,Total,_Z,Not application,_T,Total,_T,Total,_T,Total,_Z,Not applicable,_Z,Not applicable,Q,Constant prices,2012,,1875.419,,2020,,,,,,,,,,0,Units,1,One
DATAFLOW,OECD.ELS.HD:DSD_SHA@DF_SHA(1.0),Health expenditure and financing,I,EST,Estonia,A,Annual,EXP_HEALTH,Expenditure,USD_PPP_PS,"US dollars per person, PPP converted",_T,Total,_Z,Not application,_T,Total,_T,Total,_T,Total,_Z,Not applicable,_Z,Not applicable,Q,Constant prices,2020,,2921.827,,2020,,,,,,,,,,0,Units,1,One
DATAFLOW,OECD.ELS.HD:DSD_SHA@DF_SHA(1.0),Health expenditure and financing,I,EST,Estonia,A,Annual,EXP_HEALTH,Expenditure,USD_PPP_PS,"US dollars per person, PPP converted",_T,Total,_Z,Not application,_T,Total,_T,Total,_T,Total,_Z,Not applicable,_Z,Not applicable,Q,Constant prices,2021,,3160.848,,2020,,,,,,,,,,0,Units,1,One
DATAFLOW,OECD.ELS.HD:DSD_SHA@DF_SHA(1.0),Health expenditure and financing,I,EST,Estonia,A,Annual,EXP_HEALTH,Expenditure,USD_PPP_PS,"US dollars per person, PPP converted",_T,Total,_Z,Not application,_T,Total,_T,Total,_T,Total,_Z,Not applicable,_Z,Not applicable,Q,Constant prices,2019,,2645.134,,2020,,,,,,,,,,0,Units,1,One
DATAFLOW,OECD.ELS.HD:DSD_SHA@DF_SHA(1.0),Health expenditure and financing,I,EST,Estonia,A,Annual,EXP_HEALTH,Expenditure,USD_PPP_PS,"US dollars per person, PPP converted",_T,Total,_Z,Not application,_T,Total,_T,Total,_T,Total,_Z,Not applicable,_Z,Not applicable,Q,Constant prices,2017,,2392.241,,2020,,,,,,,,,,0,Units,1,One
DATAFLOW,OECD.ELS.HD:DSD_SHA@DF_SHA(1.0),Health expenditure and financing,I,EST,Estonia,A,Annual,EXP_HEALTH,Expenditure,USD_PPP_PS,"US dollars per person, PPP converted",_T,Total,_Z,Not application,_T,Total,_T,Total,_T,Total,_Z,Not applicable,_Z,Not applicable,Q,Constant prices,2018,,2517.863,,2020,,,,,,,,,,0,Units,1,One
DATAFLOW,OECD.ELS.HD:DSD_SHA@DF_SHA(1.0),Health expenditure and financing,I,EST,Estonia,A,Annual,EXP_HEALTH,Expenditure,USD_PPP_PS,"US dollars per person, PPP converted",_T,Total,_Z,Not application,_T,Total,_T,Total,_T,Total,_Z,Not applicable,_Z,Not applicable,Q,Constant prices,2011,,1804.813,,2020,,,,,,,,,,0,Units,1,One
DATAFLOW,OECD.ELS.HD:DSD_SHA@DF_SHA(1.0),Health expenditure and financing,I,EST,Estonia,A,Annual,EXP_HEALTH,Expenditure,USD_PPP_PS,"US dollars per person, PPP converted",_T,Total,_Z,Not application,_T,Total,_T,Total,_T,Total,_Z,Not applicable,_Z,Not applicable,Q,Constant prices,2010,,1810.235,,2020,,,,,,,,,,0,Units,1,One
DATAFLOW,OECD.ELS.HD:DSD_SHA@DF_SHA(1.0),Health expenditure and financing,I,EST,Estonia,A,Annual,EXP_HEALTH,Expenditure,USD_PPP_PS,"US dollars per person, PPP converted",_T,Total,_Z,Not application,_T,Total,_T,Total,_T,Total,_Z,Not applicable,_Z,Not applicable,Q,Constant prices,2022,,2880.962,,2020,,,,,,,,,,0,Units,1,One
DATAFLOW,OECD.ELS.HD:DSD_SHA@DF_SHA(1.0),Health expenditure and financing,I,EST,Estonia,A,Annual,EXP_HEALTH,Expenditure,USD_PPP_PS,"US dollars per person, PPP converted",_T,Total,_Z,Not application,_T,Total,_T,Total,_T,Total,_Z,Not applicable,_Z,Not applicable,Q,Constant prices,2009,,1850.933,,2020,,,,,,,,,,0,Units,1,One
DATAFLOW,OECD.ELS.HD:DSD_SHA@DF_SHA(1.0),Health expenditure and financing,I,EST,Estonia,A,Annual,EXP_HEALTH,Expenditure,USD_PPP_PS,"US dollars per person, PPP converted",_T,Total,_Z,Not application,_T,Total,_T,Total,_T,Total,_Z,Not applicable,_Z,Not applicable,Q,Constant prices,2024,,3042.918,,2020,,,,P,Provisional value,,,,,0,Units,1,One
DATAFLOW,OECD.ELS.HD:DSD_SHA@DF_SHA(1.0),Health expenditure and financing,I,EST,Estonia,A,Annual,EXP_HEALTH,Expenditure,USD_PPP_PS,"US dollars per person, PPP converted",_T,Total,_Z,Not application,_T,Total,_T,Total,_T,Total,_Z,Not applicable,_Z,Not applicable,Q,Constant prices,2023,,2921.429,,2020,,,,,,,,,,0,Units,1,One
DATAFLOW,OECD.ELS.HD:DSD_SHA@DF_SHA(1.0),Health expenditure and financing,I,EST,Estonia,A,Annual,EXP_HEALTH,Expenditure,USD_PPP_PS,"US dollars per person, PPP converted",_T,Total,_Z,Not application,_T,Total,_T,Total,_T,Total,_Z,Not applicable,_Z,Not applicable,Q,Constant prices,2000,,893.503,,2020,,,,,,,,,,0,Units,1,One
DATAFLOW,OECD.ELS.HD:DSD_SHA@DF_SHA(1.0),Health expenditure and financing,I,FIN,Finland,A,Annual,EXP_HEALTH,Expenditure,USD_PPP_PS,"US dollars per person, PPP converted",_T,Total,_Z,Not application,_T,Total,_T,Total,_T,Total,_Z,Not applicable,_Z,Not applicable,Q,Constant prices,2005,,4088.473,,2020,,,,,,,,,,0,Units,1,One
DATAFLOW,OECD.ELS.HD:DSD_SHA@DF_SHA(1.0),Health expenditure and financing,I,FIN,Finland,A,Annual,EXP_HEALTH,Expenditure,USD_PPP_PS,"US dollars per person, PPP converted",_T,Total,_Z,Not application,_T,Total,_T,Total,_T,Total,_Z,Not applicable,_Z,Not applicable,Q,Constant prices,2002,,3562.815,,2020,,,,,,,,,,0,Units,1,One
DATAFLOW,OECD.ELS.HD:DSD_SHA@DF_SHA(1.0),Health expenditure and financing,I,FIN,Finland,A,Annual,EXP_HEALTH,Expenditure,USD_PPP_PS,"US dollars per person, PPP converted",_T,Total,_Z,Not application,_T,Total,_T,Total,_T,Total,_Z,Not applicable,_Z,Not applicable,Q,Constant prices,2001,,3381.652,,2020,,,,,,,,,,0,Units,1,One
DATAFLOW,OECD.ELS.HD:DSD_SHA@DF_SHA(1.0),Health expenditure and financing,I,FIN,Finland,A,Annual,EXP_HEALTH,Expenditure,USD_PPP_PS,"US dollars per person, PPP converted",_T,Total,_Z,Not application,_T,Total,_T,Total,_T,Total,_Z,Not applicable,_Z,Not applicable,Q,Constant prices,2003,,3720.881,,2020,,,,,,,,,,0,Units,1,One
DATAFLOW,OECD.ELS.HD:DSD_SHA@DF_SHA(1.0),Health expenditure and financing,I,FIN,Finland,A,Annual,EXP_HEALTH,Expenditure,USD_PPP_PS,"US dollars per person, PPP converted",_T,Total,_Z,Not application,_T,Total,_T,Total,_T,Total,_Z,Not applicable,_Z,Not applicable,Q,Constant prices,2000,,3230.932,,2020,,,,,,,,,,0,Units,1,One
DATAFLOW,OECD.ELS.HD:DSD_SHA@DF_SHA(1.0),Health expenditure and financing,I,FIN,Finland,A,Annual,EXP_HEALTH,Expenditure,USD_PPP_PS,"US dollars per person, PPP converted",_T,Total,_Z,Not application,_T,Total,_T,Total,_T,Total,_Z,Not applicable,_Z,Not applicable,Q,Constant prices,2022,,5159.045,,2020,,,,,,,,,,0,Units,1,One
DATAFLOW,OECD.ELS.HD:DSD_SHA@DF_SHA(1.0),Health expenditure and financing,I,FIN,Finland,A,Annual,EXP_HEALTH,Expenditure,USD_PPP_PS,"US dollars per person, PPP converted",_T,Total,_Z,Not application,_T,Total,_T,Total,_T,Total,_Z,Not applicable,_Z,Not applicable,Q,Constant prices,2021,,5213.708,,2020,,,,,,,,,,0,Units,1,One
DATAFLOW,OECD.ELS.HD:DSD_SHA@DF_SHA(1.0),Health expenditure and financing,I,FIN,Finland,A,Annual,EXP_HEALTH,Expenditure,USD_PPP_PS,"US dollars per person, PPP converted",_T,Total,_Z,Not application,_T,Total,_T,Total,_T,Total,_Z,Not applicable,_Z,Not applicable,Q,Constant prices,2019,,4830.318,,2020,,,,,,,,,,0,Units,1,One
DATAFLOW,OECD.ELS.HD:DSD_SHA@DF_SHA(1.0),Health expenditure and financing,I,FIN,Finland,A,Annual,EXP_HEALTH,Expenditure,USD_PPP_PS,"US dollars per person, PPP converted",_T,Total,_Z,Not application,_T,Total,_T,Total,_T,Total,_Z,Not applicable,_Z,Not applicable,Q,Constant prices,2020,,4966.75,,2020,,,,,,,,,,0,Units,1,One
DATAFLOW,OECD.ELS.HD:DSD_SHA@DF_SHA(1.0),Health expenditure and financing,I,FIN,Finland,A,Annual,EXP_HEALTH,Expenditure,USD_PPP_PS,"US dollars per person, PPP converted",_T,Total,_Z,Not application,_T,Total,_T,Total,_T,Total,_Z,Not applicable,_Z,Not applicable,Q,Constant prices,2007,,4306.824,,2020,,,,,,,,,,0,Units,1,One
DATAFLOW,OECD.ELS.HD:DSD_SHA@DF_SHA(1.0),Health expenditure and financing,I,FIN,Finland,A,Annual,EXP_HEALTH,Expenditure,USD_PPP_PS,"US dollars per person, PPP converted",_T,Total,_Z,Not application,_T,Total,_T,Total,_T,Total,_Z,Not applicable,_Z,Not applicable,Q,Constant prices,2008,,4423.108,,2020,,,,,,,,,,0,Units,1,One
DATAFLOW,OECD.ELS.HD:DSD_SHA@DF_SHA(1.0),Health expenditure and financing,I,FIN,Finland,A,Annual,EXP_HEALTH,Expenditure,USD_PPP_PS,"US dollars per person, PPP converted",_T,Total,_Z,Not application,_T,Total,_T,Total,_T,Total,_Z,Not applicable,_Z,Not applicable,Q,Constant prices,2009,,4421.828,,2020,,,,,,,,,,0,Units,1,One
DATAFLOW,OECD.ELS.HD:DSD_SHA@DF_SHA(1.0),Health expenditure and financing,I,FIN,Finland,A,Annual,EXP_HEALTH,Expenditure,USD_PPP_PS,"US dollars per person, PPP converted",_T,Total,_Z,Not application,_T,Total,_T,Total,_T,Total,_Z,Not applicable,_Z,Not applicable,Q,Constant prices,2006,,4193.581,,2020,,,,,,,,,,0,Units,1,One
DATAFLOW,OECD.ELS.HD:DSD_SHA@DF_SHA(1.0),Health expenditure and financing,I,FIN,Finland,A,Annual,EXP_HEALTH,Expenditure,USD_PPP_PS,"US dollars per person, PPP converted",_T,Total,_Z,Not application,_T,Total,_T,Total,_T,Total,_Z,Not applicable,_Z,Not applicable,Q,Constant prices,2010,,4475.389,,2020,,,,,,,,,,0,Units,1,One
DATAFLOW,OECD.ELS.HD:DSD_SHA@DF_SHA(1.0),Health expenditure and financing,I,FIN,Finland,A,Annual,EXP_HEALTH,Expenditure,USD_PPP_PS,"US dollars per person, PPP converted",_T,Total,_Z,Not application,_T,Total,_T,Total,_T,Total,_Z,Not applicable,_Z,Not applicable,Q,Constant prices,2015,,4653.823,,2020,,,,B,Time series break,,,,,0,Units,1,One
DATAFLOW,OECD.ELS.HD:DSD_SHA@DF_SHA(1.0),Health expenditure and financing,I,FIN,Finland,A,Annual,EXP_HEALTH,Expenditure,USD_PPP_PS,"US dollars per person, PPP converted",_T,Total,_Z,Not application,_T,Total,_T,Total,_T,Total,_Z,Not applicable,_Z,Not applicable,Q,Constant prices,2024,,5446.973,,2020,,,,E,Estimated value,,,,,0,Units,1,One
DATAFLOW,OECD.ELS.HD:DSD_SHA@DF_SHA(1.0),Health expenditure and financing,I,FIN,Finland,A,Annual,EXP_HEALTH,Expenditure,USD_PPP_PS,"US dollars per person, PPP converted",_T,Total,_Z,Not application,_T,Total,_T,Total,_T,Total,_Z,Not applicable,_Z,Not applicable,Q,Constant prices,2023,,5374.71,,2020,,,,,,,,,,0,Units,1,One
DATAFLOW,OECD.ELS.HD:DSD_SHA@DF_SHA(1.0),Health expenditure and financing,I,FIN,Finland,A,Annual,EXP_HEALTH,Expenditure,USD_PPP_PS,"US dollars per person, PPP converted",_T,Total,_Z,Not application,_T,Total,_T,Total,_T,Total,_Z,Not applicable,_Z,Not applicable,Q,Constant prices,2011,,4571.221,,2020,,,,,,,,,,0,Units,1,One
DATAFLOW,OECD.ELS.HD:DSD_SHA@DF_SHA(1.0),Health expenditure and financing,I,FIN,Finland,A,Annual,EXP_HEALTH,Expenditure,USD_PPP_PS,"US dollars per person, PPP converted",_T,Total,_Z,Not application,_T,Total,_T,Total,_T,Total,_Z,Not applicable,_Z,Not applicable,Q,Constant prices,2012,,4651.581,,2020,,,,,,,,,,0,Units,1,One
DATAFLOW,OECD.ELS.HD:DSD_SHA@DF_SHA(1.0),Health expenditure and financing,I,FIN,Finland,A,Annual,EXP_HEALTH,Expenditure,USD_PPP_PS,"US dollars per person, PPP converted",_T,Total,_Z,Not application,_T,Total,_T,Total,_T,Total,_Z,Not applicable,_Z,Not applicable,Q,Constant prices,2013,,4700.07,,2020,,,,,,,,,,0,Units,1,One
DATAFLOW,OECD.ELS.HD:DSD_SHA@DF_SHA(1.0),Health expenditure and financing,I,FIN,Finland,A,Annual,EXP_HEALTH,Expenditure,USD_PPP_PS,"US dollars per person, PPP converted",_T,Total,_Z,Not application,_T,Total,_T,Total,_T,Total,_Z,Not applicable,_Z,Not applicable,Q,Constant prices,2014,,4663.214,,2020,,,,,,,,,,0,Units,1,One
DATAFLOW,OECD.ELS.HD:DSD_SHA@DF_SHA(1.0),Health expenditure and financing,I,FIN,Finland,A,Annual,EXP_HEALTH,Expenditure,USD_PPP_PS,"US dollars per person, PPP converted",_T,Total,_Z,Not application,_T,Total,_T,Total,_T,Total,_Z,Not applicable,_Z,Not applicable,Q,Constant prices,2017,,4664.664,,2020,,,,,,,,,,0,Units,1,One
DATAFLOW,OECD.ELS.HD:DSD_SHA@DF_SHA(1.0),Health expenditure and financing,I,FIN,Finland,A,Annual,EXP_HEALTH,Expenditure,USD_PPP_PS,"US dollars per person, PPP converted",_T,Total,_Z,Not application,_T,Total,_T,Total,_T,Total,_Z,Not applicable,_Z,Not applicable,Q,Constant prices,2018,,4697.715,,2020,,,,,,,,,,0,Units,1,One
DATAFLOW,OECD.ELS.HD:DSD_SHA@DF_SHA(1.0),Health expenditure and financing,I,FIN,Finland,A,Annual,EXP_HEALTH,Expenditure,USD_PPP_PS,"US dollars per person, PPP converted",_T,Total,_Z,Not application,_T,Total,_T,Total,_T,Total,_Z,Not applicable,_Z,Not applicable,Q,Constant prices,2016,,4652.864,,2020,,,,,,,,,,0,Units,1,One
DATAFLOW,OECD.ELS.HD:DSD_SHA@DF_SHA(1.0),Health expenditure and financing,I,FIN,Finland,A,Annual,EXP_HEALTH,Expenditure,USD_PPP_PS,"US dollars per person, PPP converted",_T,Total,_Z,Not application,_T,Total,_T,Total,_T,Total,_Z,Not applicable,_Z,Not applicable,Q,Constant prices,2004,,3901.029,,2020,,,,,,,,,,0,Units,1,One
DATAFLOW,OECD.ELS.HD:DSD_SHA@DF_SHA(1.0),Health expenditure and financing,I,FRA,France,A,Annual,EXP_HEALTH,Expenditure,USD_PPP_PS,"US dollars per person, PPP converted",_T,Total,_Z,Not application,_T,Total,_T,Total,_T,Total,_Z,Not applicable,_Z,Not applicable,Q,Constant prices,2019,,5852.904,,2020,,,,,,,,,,0,Units,1,One
DATAFLOW,OECD.ELS.HD:DSD_SHA@DF_SHA(1.0),Health expenditure and financing,I,FRA,France,A,Annual,EXP_HEALTH,Expenditure,USD_PPP_PS,"US dollars per person, PPP converted",_T,Total,_Z,Not application,_T,Total,_T,Total,_T,Total,_Z,Not applicable,_Z,Not applicable,Q,Constant prices,2018,,5805.925,,2020,,,,,,,,,,0,Units,1,One
DATAFLOW,OECD.ELS.HD:DSD_SHA@DF_SHA(1.0),Health expenditure and financing,I,FRA,France,A,Annual,EXP_HEALTH,Expenditure,USD_PPP_PS,"US dollars per person, PPP converted",_T,Total,_Z,Not application,_T,Total,_T,Total,_T,Total,_Z,Not applicable,_Z,Not applicable,Q,Constant prices,2020,,5873.888,,2020,,,,,,,,,,0,Units,1,One
DATAFLOW,OECD.ELS.HD:DSD_SHA@DF_SHA(1.0),Health expenditure and financing,I,FRA,France,A,Annual,EXP_HEALTH,Expenditure,USD_PPP_PS,"US dollars per person, PPP converted",_T,Total,_Z,Not application,_T,Total,_T,Total,_T,Total,_Z,Not applicable,_Z,Not applicable,Q,Constant prices,2017,,5829.314,,2020,,,,,,,,,,0,Units,1,One
DATAFLOW,OECD.ELS.HD:DSD_SHA@DF_SHA(1.0),Health expenditure and financing,I,FRA,France,A,Annual,EXP_HEALTH,Expenditure,USD_PPP_PS,"US dollars per person, PPP converted",_T,Total,_Z,Not application,_T,Total,_T,Total,_T,Total,_Z,Not applicable,_Z,Not applicable,Q,Constant prices,2015,,5711.991,,2020,,,,,,,,,,0,Units,1,One
DATAFLOW,OECD.ELS.HD:DSD_SHA@DF_SHA(1.0),Health expenditure and financing,I,FRA,France,A,Annual,EXP_HEALTH,Expenditure,USD_PPP_PS,"US dollars per person, PPP converted",_T,Total,_Z,Not application,_T,Total,_T,Total,_T,Total,_Z,Not applicable,_Z,Not applicable,Q,Constant prices,2016,,5803.294,,2020,,,,,,,,,,0,Units,1,One
DATAFLOW,OECD.ELS.HD:DSD_SHA@DF_SHA(1.0),Health expenditure and financing,I,FRA,France,A,Annual,EXP_HEALTH,Expenditure,USD_PPP_PS,"US dollars per person, PPP converted",_T,Total,_Z,Not application,_T,Total,_T,Total,_T,Total,_Z,Not applicable,_Z,Not applicable,Q,Constant prices,2010,,5376.961,,2020,,,,B,Time series break,,,,,0,Units,1,One
DATAFLOW,OECD.ELS.HD:DSD_SHA@DF_SHA(1.0),Health expenditure and financing,I,FRA,France,A,Annual,EXP_HEALTH,Expenditure,USD_PPP_PS,"US dollars per person, PPP converted",_T,Total,_Z,Not application,_T,Total,_T,Total,_T,Total,_Z,Not applicable,_Z,Not applicable,Q,Constant prices,2009,,5329.271,,2020,,,,,,,,,,0,Units,1,One
DATAFLOW,OECD.ELS.HD:DSD_SHA@DF_SHA(1.0),Health expenditure and financing,I,FRA,France,A,Annual,EXP_HEALTH,Expenditure,USD_PPP_PS,"US dollars per person, PPP converted",_T,Total,_Z,Not application,_T,Total,_T,Total,_T,Total,_Z,Not applicable,_Z,Not applicable,Q,Constant prices,2008,,5077.483,,2020,,,,,,,,,,0,Units,1,One
DATAFLOW,OECD.ELS.HD:DSD_SHA@DF_SHA(1.0),Health expenditure and financing,I,FRA,France,A,Annual,EXP_HEALTH,Expenditure,USD_PPP_PS,"US dollars per person, PPP converted",_T,Total,_Z,Not application,_T,Total,_T,Total,_T,Total,_Z,Not applicable,_Z,Not applicable,Q,Constant prices,2007,,5015.674,,2020,,,,,,,,,,0,Units,1,One
DATAFLOW,OECD.ELS.HD:DSD_SHA@DF_SHA(1.0),Health expenditure and financing,I,FRA,France,A,Annual,EXP_HEALTH,Expenditure,USD_PPP_PS,"US dollars per person, PPP converted",_T,Total,_Z,Not application,_T,Total,_T,Total,_T,Total,_Z,Not applicable,_Z,Not applicable,Q,Constant prices,2011,,5422.436,,2020,,,,,,,,,,0,Units,1,One
DATAFLOW,OECD.ELS.HD:DSD_SHA@DF_SHA(1.0),Health expenditure and financing,I,FRA,France,A,Annual,EXP_HEALTH,Expenditure,USD_PPP_PS,"US dollars per person, PPP converted",_T,Total,_Z,Not application,_T,Total,_T,Total,_T,Total,_Z,Not applicable,_Z,Not applicable,Q,Constant prices,2014,,5658.037,,2020,,,,,,,,,,0,Units,1,One
DATAFLOW,OECD.ELS.HD:DSD_SHA@DF_SHA(1.0),Health expenditure and financing,I,FRA,France,A,Annual,EXP_HEALTH,Expenditure,USD_PPP_PS,"US dollars per person, PPP converted",_T,Total,_Z,Not application,_T,Total,_T,Total,_T,Total,_Z,Not applicable,_Z,Not applicable,Q,Constant prices,2012,,5483.953,,2020,,,,,,,,,,0,Units,1,One
DATAFLOW,OECD.ELS.HD:DSD_SHA@DF_SHA(1.0),Health expenditure and financing,I,FRA,France,A,Annual,EXP_HEALTH,Expenditure,USD_PPP_PS,"US dollars per person, PPP converted",_T,Total,_Z,Not application,_T,Total,_T,Total,_T,Total,_Z,Not applicable,_Z,Not applicable,Q,Constant prices,2013,,5575.336,,2020,,,,,,,,,,0,Units,1,One
DATAFLOW,OECD.ELS.HD:DSD_SHA@DF_SHA(1.0),Health expenditure and financing,I,FRA,France,A,Annual,EXP_HEALTH,Expenditure,USD_PPP_PS,"US dollars per person, PPP converted",_T,Total,_Z,Not application,_T,Total,_T,Total,_T,Total,_Z,Not applicable,_Z,Not applicable,Q,Constant prices,2024,,6113.084,,2020,,,,P,Provisional value,,,,,0,Units,1,One
DATAFLOW,OECD.ELS.HD:DSD_SHA@DF_SHA(1.0),Health expenditure and financing,I,FRA,France,A,Annual,EXP_HEALTH,Expenditure,USD_PPP_PS,"US dollars per person, PPP converted",_T,Total,_Z,Not application,_T,Total,_T,Total,_T,Total,_Z,Not applicable,_Z,Not applicable,Q,Constant prices,2006,,4926.712,,2020,,,,B,Time series break,,,,,0,Units,1,One
DATAFLOW,OECD.ELS.HD:DSD_SHA@DF_SHA(1.0),Health expenditure and financing,I,FRA,France,A,Annual,EXP_HEALTH,Expenditure,USD_PPP_PS,"US dollars per person, PPP converted",_T,Total,_Z,Not application,_T,Total,_T,Total,_T,Total,_Z,Not applicable,_Z,Not applicable,Q,Constant prices,2003,,4578.138,,2020,,,,B,Time series break,,,,,0,Units,1,One
DATAFLOW,OECD.ELS.HD:DSD_SHA@DF_SHA(1.0),Health expenditure and financing,I,FRA,France,A,Annual,EXP_HEALTH,Expenditure,USD_PPP_PS,"US dollars per person, PPP converted",_T,Total,_Z,Not application,_T,Total,_T,Total,_T,Total,_Z,Not applicable,_Z,Not applicable,Q,Constant prices,2000,,4252.468,,2020,,,,,,,,,,0,Units,1,One
DATAFLOW,OECD.ELS.HD:DSD_SHA@DF_SHA(1.0),Health expenditure and financing,I,FRA,France,A,Annual,EXP_HEALTH,Expenditure,USD_PPP_PS,"US dollars per person, PPP converted",_T,Total,_Z,Not application,_T,Total,_T,Total,_T,Total,_Z,Not applicable,_Z,Not applicable,Q,Constant prices,2001,,4363.613,,2020,,,,,,,,,,0,Units,1,One
DATAFLOW,OECD.ELS.HD:DSD_SHA@DF_SHA(1.0),Health expenditure and financing,I,FRA,France,A,Annual,EXP_HEALTH,Expenditure,USD_PPP_PS,"US dollars per person, PPP converted",_T,Total,_Z,Not application,_T,Total,_T,Total,_T,Total,_Z,Not applicable,_Z,Not applicable,Q,Constant prices,2002,,4546.811,,2020,,,,,,,,,,0,Units,1,One
DATAFLOW,OECD.ELS.HD:DSD_SHA@DF_SHA(1.0),Health expenditure and financing,I,FRA,France,A,Annual,EXP_HEALTH,Expenditure,USD_PPP_PS,"US dollars per person, PPP converted",_T,Total,_Z,Not application,_T,Total,_T,Total,_T,Total,_Z,Not applicable,_Z,Not applicable,Q,Constant prices,2004,,4692.006,,2020,,,,,,,,,,0,Units,1,One
DATAFLOW,OECD.ELS.HD:DSD_SHA@DF_SHA(1.0),Health expenditure and financing,I,FRA,France,A,Annual,EXP_HEALTH,Expenditure,USD_PPP_PS,"US dollars per person, PPP converted",_T,Total,_Z,Not application,_T,Total,_T,Total,_T,Total,_Z,Not applicable,_Z,Not applicable,Q,Constant prices,2021,,6330.708,,2020,,,,,,,,,,0,Units,1,One
DATAFLOW,OECD.ELS.HD:DSD_SHA@DF_SHA(1.0),Health expenditure and financing,I,FRA,France,A,Annual,EXP_HEALTH,Expenditure,USD_PPP_PS,"US dollars per person, PPP converted",_T,Total,_Z,Not application,_T,Total,_T,Total,_T,Total,_Z,Not applicable,_Z,Not applicable,Q,Constant prices,2023,,6036.114,,2020,,,,,,,,,,0,Units,1,One
DATAFLOW,OECD.ELS.HD:DSD_SHA@DF_SHA(1.0),Health expenditure and financing,I,FRA,France,A,Annual,EXP_HEALTH,Expenditure,USD_PPP_PS,"US dollars per person, PPP converted",_T,Total,_Z,Not application,_T,Total,_T,Total,_T,Total,_Z,Not applicable,_Z,Not applicable,Q,Constant prices,2022,,6204.341,,2020,,,,,,,,,,0,Units,1,One
DATAFLOW,OECD.ELS.HD:DSD_SHA@DF_SHA(1.0),Health expenditure and financing,I,FRA,France,A,Annual,EXP_HEALTH,Expenditure,USD_PPP_PS,"US dollars per person, PPP converted",_T,Total,_Z,Not application,_T,Total,_T,Total,_T,Total,_Z,Not applicable,_Z,Not applicable,Q,Constant prices,2005,,4758.546,,2020,,,,,,,,,,0,Units,1,One
DATAFLOW,OECD.ELS.HD:DSD_SHA@DF_SHA(1.0),Health expenditure and financing,I,DEU,Germany,A,Annual,EXP_HEALTH,Expenditure,USD_PPP_PS,"US dollars per person, PPP converted",_T,Total,_Z,Not application,_T,Total,_T,Total,_T,Total,_Z,Not applicable,_Z,Not applicable,Q,Constant prices,2015,,6296.315,,2020,,,,,,,,,,0,Units,1,One
DATAFLOW,OECD.ELS.HD:DSD_SHA@DF_SHA(1.0),Health expenditure and financing,I,DEU,Germany,A,Annual,EXP_HEALTH,Expenditure,USD_PPP_PS,"US dollars per person, PPP converted",_T,Total,_Z,Not application,_T,Total,_T,Total,_T,Total,_Z,Not applicable,_Z,Not applicable,Q,Constant prices,2008,,5374.527,,2020,,,,,,,,,,0,Units,1,One
DATAFLOW,OECD.ELS.HD:DSD_SHA@DF_SHA(1.0),Health expenditure and financing,I,DEU,Germany,A,Annual,EXP_HEALTH,Expenditure,USD_PPP_PS,"US dollars per person, PPP converted",_T,Total,_Z,Not application,_T,Total,_T,Total,_T,Total,_Z,Not applicable,_Z,Not applicable,Q,Constant prices,2010,,5782.639,,2020,,,,,,,,,,0,Units,1,One
DATAFLOW,OECD.ELS.HD:DSD_SHA@DF_SHA(1.0),Health expenditure and financing,I,DEU,Germany,A,Annual,EXP_HEALTH,Expenditure,USD_PPP_PS,"US dollars per person, PPP converted",_T,Total,_Z,Not application,_T,Total,_T,Total,_T,Total,_Z,Not applicable,_Z,Not applicable,Q,Constant prices,2011,,5794.192,,2020,,,,,,,,,,0,Units,1,One
DATAFLOW,OECD.ELS.HD:DSD_SHA@DF_SHA(1.0),Health expenditure and financing,I,DEU,Germany,A,Annual,EXP_HEALTH,Expenditure,USD_PPP_PS,"US dollars per person, PPP converted",_T,Total,_Z,Not application,_T,Total,_T,Total,_T,Total,_Z,Not applicable,_Z,Not applicable,Q,Constant prices,2009,,5662.397,,2020,,,,,,,,,,0,Units,1,One
DATAFLOW,OECD.ELS.HD:DSD_SHA@DF_SHA(1.0),Health expenditure and financing,I,DEU,Germany,A,Annual,EXP_HEALTH,Expenditure,USD_PPP_PS,"US dollars per person, PPP converted",_T,Total,_Z,Not application,_T,Total,_T,Total,_T,Total,_Z,Not applicable,_Z,Not applicable,Q,Constant prices,2005,,5057.321,,2020,,,,,,,,,,0,Units,1,One
DATAFLOW,OECD.ELS.HD:DSD_SHA@DF_SHA(1.0),Health expenditure and financing,I,DEU,Germany,A,Annual,EXP_HEALTH,Expenditure,USD_PPP_PS,"US dollars per person, PPP converted",_T,Total,_Z,Not application,_T,Total,_T,Total,_T,Total,_Z,Not applicable,_Z,Not applicable,Q,Constant prices,2006,,5148.344,,2020,,,,,,,,,,0,Units,1,One
DATAFLOW,OECD.ELS.HD:DSD_SHA@DF_SHA(1.0),Health expenditure and financing,I,DEU,Germany,A,Annual,EXP_HEALTH,Expenditure,USD_PPP_PS,"US dollars per person, PPP converted",_T,Total,_Z,Not application,_T,Total,_T,Total,_T,Total,_Z,Not applicable,_Z,Not applicable,Q,Constant prices,2004,,4971.253,,2020,,,,,,,,,,0,Units,1,One
DATAFLOW,OECD.ELS.HD:DSD_SHA@DF_SHA(1.0),Health expenditure and financing,I,DEU,Germany,A,Annual,EXP_HEALTH,Expenditure,USD_PPP_PS,"US dollars per person, PPP converted",_T,Total,_Z,Not application,_T,Total,_T,Total,_T,Total,_Z,Not applicable,_Z,Not applicable,Q,Constant prices,2007,,5247.131,,2020,,,,,,,,,,0,Units,1,One
DATAFLOW,OECD.ELS.HD:DSD_SHA@DF_SHA(1.0),Health expenditure and financing,I,DEU,Germany,A,Annual,EXP_HEALTH,Expenditure,USD_PPP_PS,"US dollars per person, PPP converted",_T,Total,_Z,Not application,_T,Total,_T,Total,_T,Total,_Z,Not applicable,_Z,Not applicable,Q,Constant prices,2014,,6093.697,,2020,,,,,,,,,,0,Units,1,One
DATAFLOW,OECD.ELS.HD:DSD_SHA@DF_SHA(1.0),Health expenditure and financing,I,DEU,Germany,A,Annual,EXP_HEALTH,Expenditure,USD_PPP_PS,"US dollars per person, PPP converted",_T,Total,_Z,Not application,_T,Total,_T,Total,_T,Total,_Z,Not applicable,_Z,Not applicable,Q,Constant prices,2012,,5846.723,,2020,,,,,,,,,,0,Units,1,One
DATAFLOW,OECD.ELS.HD:DSD_SHA@DF_SHA(1.0),Health expenditure and financing,I,DEU,Germany,A,Annual,EXP_HEALTH,Expenditure,USD_PPP_PS,"US dollars per person, PPP converted",_T,Total,_Z,Not application,_T,Total,_T,Total,_T,Total,_Z,Not applicable,_Z,Not applicable,Q,Constant prices,2013,,5941.813,,2020,,,,,,,,,,0,Units,1,One
DATAFLOW,OECD.ELS.HD:DSD_SHA@DF_SHA(1.0),Health expenditure and financing,I,DEU,Germany,A,Annual,EXP_HEALTH,Expenditure,USD_PPP_PS,"US dollars per person, PPP converted",_T,Total,_Z,Not application,_T,Total,_T,Total,_T,Total,_Z,Not applicable,_Z,Not applicable,Q,Constant prices,2024,,7553.092,,2020,,,,P,Provisional value,,,,,0,Units,1,One
DATAFLOW,OECD.ELS.HD:DSD_SHA@DF_SHA(1.0),Health expenditure and financing,I,DEU,Germany,A,Annual,EXP_HEALTH,Expenditure,USD_PPP_PS,"US dollars per person, PPP converted",_T,Total,_Z,Not application,_T,Total,_T,Total,_T,Total,_Z,Not applicable,_Z,Not applicable,Q,Constant prices,2022,,7706.695,,2020,,,,,,,,,,0,Units,1,One
DATAFLOW,OECD.ELS.HD:DSD_SHA@DF_SHA(1.0),Health expenditure and financing,I,DEU,Germany,A,Annual,EXP_HEALTH,Expenditure,USD_PPP_PS,"US dollars per person, PPP converted",_T,Total,_Z,Not application,_T,Total,_T,Total,_T,Total,_Z,Not applicable,_Z,Not applicable,Q,Constant prices,2023,,7248.147,,2020,,,,,,,,,,0,Units,1,One
DATAFLOW,OECD.ELS.HD:DSD_SHA@DF_SHA(1.0),Health expenditure and financing,I,DEU,Germany,A,Annual,EXP_HEALTH,Expenditure,USD_PPP_PS,"US dollars per person, PPP converted",_T,Total,_Z,Not application,_T,Total,_T,Total,_T,Total,_Z,Not applicable,_Z,Not applicable,Q,Constant prices,2001,,4858.73,,2020,,,,,,,,,,0,Units,1,One
DATAFLOW,OECD.ELS.HD:DSD_SHA@DF_SHA(1.0),Health expenditure and financing,I,DEU,Germany,A,Annual,EXP_HEALTH,Expenditure,USD_PPP_PS,"US dollars per person, PPP converted",_T,Total,_Z,Not application,_T,Total,_T,Total,_T,Total,_Z,Not applicable,_Z,Not applicable,Q,Constant prices,2002,,4964.413,,2020,,,,,,,,,,0,Units,1,One
DATAFLOW,OECD.ELS.HD:DSD_SHA@DF_SHA(1.0),Health expenditure and financing,I,DEU,Germany,A,Annual,EXP_HEALTH,Expenditure,USD_PPP_PS,"US dollars per person, PPP converted",_T,Total,_Z,Not application,_T,Total,_T,Total,_T,Total,_Z,Not applicable,_Z,Not applicable,Q,Constant prices,2003,,5023.783,,2020,,,,,,,,,,0,Units,1,One
DATAFLOW,OECD.ELS.HD:DSD_SHA@DF_SHA(1.0),Health expenditure and financing,I,DEU,Germany,A,Annual,EXP_HEALTH,Expenditure,USD_PPP_PS,"US dollars per person, PPP converted",_T,Total,_Z,Not application,_T,Total,_T,Total,_T,Total,_Z,Not applicable,_Z,Not applicable,Q,Constant prices,2000,,4806.187,,2020,,,,,,,,,,0,Units,1,One
DATAFLOW,OECD.ELS.HD:DSD_SHA@DF_SHA(1.0),Health expenditure and financing,I,DEU,Germany,A,Annual,EXP_HEALTH,Expenditure,USD_PPP_PS,"US dollars per person, PPP converted",_T,Total,_Z,Not application,_T,Total,_T,Total,_T,Total,_Z,Not applicable,_Z,Not applicable,Q,Constant prices,2016,,6452.692,,2020,,,,,,,,,,0,Units,1,One
DATAFLOW,OECD.ELS.HD:DSD_SHA@DF_SHA(1.0),Health expenditure and financing,I,DEU,Germany,A,Annual,EXP_HEALTH,Expenditure,USD_PPP_PS,"US dollars per person, PPP converted",_T,Total,_Z,Not application,_T,Total,_T,Total,_T,Total,_Z,Not applicable,_Z,Not applicable,Q,Constant prices,2017,,6627.465,,2020,,,,,,,,,,0,Units,1,One
DATAFLOW,OECD.ELS.HD:DSD_SHA@DF_SHA(1.0),Health expenditure and financing,I,DEU,Germany,A,Annual,EXP_HEALTH,Expenditure,USD_PPP_PS,"US dollars per person, PPP converted",_T,Total,_Z,Not application,_T,Total,_T,Total,_T,Total,_Z,Not applicable,_Z,Not applicable,Q,Constant prices,2020,,7364.289,,2020,,,,,,,,,,0,Units,1,One
DATAFLOW,OECD.ELS.HD:DSD_SHA@DF_SHA(1.0),Health expenditure and financing,I,DEU,Germany,A,Annual,EXP_HEALTH,Expenditure,USD_PPP_PS,"US dollars per person, PPP converted",_T,Total,_Z,Not application,_T,Total,_T,Total,_T,Total,_Z,Not applicable,_Z,Not applicable,Q,Constant prices,2019,,6986.616,,2020,,,,,,,,,,0,Units,1,One
DATAFLOW,OECD.ELS.HD:DSD_SHA@DF_SHA(1.0),Health expenditure and financing,I,DEU,Germany,A,Annual,EXP_HEALTH,Expenditure,USD_PPP_PS,"US dollars per person, PPP converted",_T,Total,_Z,Not application,_T,Total,_T,Total,_T,Total,_Z,Not applicable,_Z,Not applicable,Q,Constant prices,2021,,7779.812,,2020,,,,,,,,,,0,Units,1,One
DATAFLOW,OECD.ELS.HD:DSD_SHA@DF_SHA(1.0),Health expenditure and financing,I,DEU,Germany,A,Annual,EXP_HEALTH,Expenditure,USD_PPP_PS,"US dollars per person, PPP converted",_T,Total,_Z,Not application,_T,Total,_T,Total,_T,Total,_Z,Not applicable,_Z,Not applicable,Q,Constant prices,2018,,6763.583,,2020,,,,,,,,,,0,Units,1,One
DATAFLOW,OECD.ELS.HD:DSD_SHA@DF_SHA(1.0),Health expenditure and financing,I,GRC,Greece,A,Annual,EXP_HEALTH,Expenditure,USD_PPP_PS,"US dollars per person, PPP converted",_T,Total,_Z,Not application,_T,Total,_T,Total,_T,Total,_Z,Not applicable,_Z,Not applicable,Q,Constant prices,2022,,2847.828,,2020,,,,,,,,,,0,Units,1,One
DATAFLOW,OECD.ELS.HD:DSD_SHA@DF_SHA(1.0),Health expenditure and financing,I,GRC,Greece,A,Annual,EXP_HEALTH,Expenditure,USD_PPP_PS,"US dollars per person, PPP converted",_T,Total,_Z,Not application,_T,Total,_T,Total,_T,Total,_Z,Not applicable,_Z,Not applicable,Q,Constant prices,2023,,2942.785,,2020,,,,,,,,,,0,Units,1,One
DATAFLOW,OECD.ELS.HD:DSD_SHA@DF_SHA(1.0),Health expenditure and financing,I,GRC,Greece,A,Annual,EXP_HEALTH,Expenditure,USD_PPP_PS,"US dollars per person, PPP converted",_T,Total,_Z,Not application,_T,Total,_T,Total,_T,Total,_Z,Not applicable,_Z,Not applicable,Q,Constant prices,2024,,2894.896,,2020,,,,E,Estimated value,,,,,0,Units,1,One
DATAFLOW,OECD.ELS.HD:DSD_SHA@DF_SHA(1.0),Health expenditure and financing,I,GRC,Greece,A,Annual,EXP_HEALTH,Expenditure,USD_PPP_PS,"US dollars per person, PPP converted",_T,Total,_Z,Not application,_T,Total,_T,Total,_T,Total,_Z,Not applicable,_Z,Not applicable,Q,Constant prices,2003,,2941.107,,2020,,,,B,Time series break,,,,,0,Units,1,One
DATAFLOW,OECD.ELS.HD:DSD_SHA@DF_SHA(1.0),Health expenditure and financing,I,GRC,Greece,A,Annual,EXP_HEALTH,Expenditure,USD_PPP_PS,"US dollars per person, PPP converted",_T,Total,_Z,Not application,_T,Total,_T,Total,_T,Total,_Z,Not applicable,_Z,Not applicable,Q,Constant prices,2004,,2948.312,,2020,,,,,,,,,,0,Units,1,One
DATAFLOW,OECD.ELS.HD:DSD_SHA@DF_SHA(1.0),Health expenditure and financing,I,GRC,Greece,A,Annual,EXP_HEALTH,Expenditure,USD_PPP_PS,"US dollars per person, PPP converted",_T,Total,_Z,Not application,_T,Total,_T,Total,_T,Total,_Z,Not applicable,_Z,Not applicable,Q,Constant prices,2000,,2195.84,,2020,,,,,,,,,,0,Units,1,One
DATAFLOW,OECD.ELS.HD:DSD_SHA@DF_SHA(1.0),Health expenditure and financing,I,GRC,Greece,A,Annual,EXP_HEALTH,Expenditure,USD_PPP_PS,"US dollars per person, PPP converted",_T,Total,_Z,Not application,_T,Total,_T,Total,_T,Total,_Z,Not applicable,_Z,Not applicable,Q,Constant prices,2001,,2517.149,,2020,,,,,,,,,,0,Units,1,One
DATAFLOW,OECD.ELS.HD:DSD_SHA@DF_SHA(1.0),Health expenditure and financing,I,GRC,Greece,A,Annual,EXP_HEALTH,Expenditure,USD_PPP_PS,"US dollars per person, PPP converted",_T,Total,_Z,Not application,_T,Total,_T,Total,_T,Total,_Z,Not applicable,_Z,Not applicable,Q,Constant prices,2002,,2716.958,,2020,,,,,,,,,,0,Units,1,One
DATAFLOW,OECD.ELS.HD:DSD_SHA@DF_SHA(1.0),Health expenditure and financing,I,GRC,Greece,A,Annual,EXP_HEALTH,Expenditure,USD_PPP_PS,"US dollars per person, PPP converted",_T,Total,_Z,Not application,_T,Total,_T,Total,_T,Total,_Z,Not applicable,_Z,Not applicable,Q,Constant prices,2005,,3112.642,,2020,,,,,,,,,,0,Units,1,One
DATAFLOW,OECD.ELS.HD:DSD_SHA@DF_SHA(1.0),Health expenditure and financing,I,GRC,Greece,A,Annual,EXP_HEALTH,Expenditure,USD_PPP_PS,"US dollars per person, PPP converted",_T,Total,_Z,Not application,_T,Total,_T,Total,_T,Total,_Z,Not applicable,_Z,Not applicable,Q,Constant prices,2007,,3323.42,,2020,,,,,,,,,,0,Units,1,One
DATAFLOW,OECD.ELS.HD:DSD_SHA@DF_SHA(1.0),Health expenditure and financing,I,GRC,Greece,A,Annual,EXP_HEALTH,Expenditure,USD_PPP_PS,"US dollars per person, PPP converted",_T,Total,_Z,Not application,_T,Total,_T,Total,_T,Total,_Z,Not applicable,_Z,Not applicable,Q,Constant prices,2016,,2470.094,,2020,,,,,,,,,,0,Units,1,One
DATAFLOW,OECD.ELS.HD:DSD_SHA@DF_SHA(1.0),Health expenditure and financing,I,GRC,Greece,A,Annual,EXP_HEALTH,Expenditure,USD_PPP_PS,"US dollars per person, PPP converted",_T,Total,_Z,Not application,_T,Total,_T,Total,_T,Total,_Z,Not applicable,_Z,Not applicable,Q,Constant prices,2017,,2404.498,,2020,,,,,,,,,,0,Units,1,One
DATAFLOW,OECD.ELS.HD:DSD_SHA@DF_SHA(1.0),Health expenditure and financing,I,GRC,Greece,A,Annual,EXP_HEALTH,Expenditure,USD_PPP_PS,"US dollars per person, PPP converted",_T,Total,_Z,Not application,_T,Total,_T,Total,_T,Total,_Z,Not applicable,_Z,Not applicable,Q,Constant prices,2018,,2435.397,,2020,,,,,,,,,,0,Units,1,One
DATAFLOW,OECD.ELS.HD:DSD_SHA@DF_SHA(1.0),Health expenditure and financing,I,GRC,Greece,A,Annual,EXP_HEALTH,Expenditure,USD_PPP_PS,"US dollars per person, PPP converted",_T,Total,_Z,Not application,_T,Total,_T,Total,_T,Total,_Z,Not applicable,_Z,Not applicable,Q,Constant prices,2019,,2506.789,,2020,,,,,,,,,,0,Units,1,One
DATAFLOW,OECD.ELS.HD:DSD_SHA@DF_SHA(1.0),Health expenditure and financing,I,GRC,Greece,A,Annual,EXP_HEALTH,Expenditure,USD_PPP_PS,"US dollars per person, PPP converted",_T,Total,_Z,Not application,_T,Total,_T,Total,_T,Total,_Z,Not applicable,_Z,Not applicable,Q,Constant prices,2020,,2653.634,,2020,,,,,,,,,,0,Units,1,One
DATAFLOW,OECD.ELS.HD:DSD_SHA@DF_SHA(1.0),Health expenditure and financing,I,GRC,Greece,A,Annual,EXP_HEALTH,Expenditure,USD_PPP_PS,"US dollars per person, PPP converted",_T,Total,_Z,Not application,_T,Total,_T,Total,_T,Total,_Z,Not applicable,_Z,Not applicable,Q,Constant prices,2021,,2816.546,,2020,,,,,,,,,,0,Units,1,One
DATAFLOW,OECD.ELS.HD:DSD_SHA@DF_SHA(1.0),Health expenditure and financing,I,GRC,Greece,A,Annual,EXP_HEALTH,Expenditure,USD_PPP_PS,"US dollars per person, PPP converted",_T,Total,_Z,Not application,_T,Total,_T,Total,_T,Total,_Z,Not applicable,_Z,Not applicable,Q,Constant prices,2008,,3473.102,,2020,,,,,,,,,,0,Units,1,One
DATAFLOW,OECD.ELS.HD:DSD_SHA@DF_SHA(1.0),Health expenditure and financing,I,GRC,Greece,A,Annual,EXP_HEALTH,Expenditure,USD_PPP_PS,"US dollars per person, PPP converted",_T,Total,_Z,Not application,_T,Total,_T,Total,_T,Total,_Z,Not applicable,_Z,Not applicable,Q,Constant prices,2009,,3564.408,,2020,,,,,,,,,,0,Units,1,One
DATAFLOW,OECD.ELS.HD:DSD_SHA@DF_SHA(1.0),Health expenditure and financing,I,GRC,Greece,A,Annual,EXP_HEALTH,Expenditure,USD_PPP_PS,"US dollars per person, PPP converted",_T,Total,_Z,Not application,_T,Total,_T,Total,_T,Total,_Z,Not applicable,_Z,Not applicable,Q,Constant prices,2006,,3173.373,,2020,,,,,,,,,,0,Units,1,One
DATAFLOW,OECD.ELS.HD:DSD_SHA@DF_SHA(1.0),Health expenditure and financing,I,GRC,Greece,A,Annual,EXP_HEALTH,Expenditure,USD_PPP_PS,"US dollars per person, PPP converted",_T,Total,_Z,Not application,_T,Total,_T,Total,_T,Total,_Z,Not applicable,_Z,Not applicable,Q,Constant prices,2014,,2263.877,,2020,,,,,,,,,,0,Units,1,One
DATAFLOW,OECD.ELS.HD:DSD_SHA@DF_SHA(1.0),Health expenditure and financing,I,GRC,Greece,A,Annual,EXP_HEALTH,Expenditure,USD_PPP_PS,"US dollars per person, PPP converted",_T,Total,_Z,Not application,_T,Total,_T,Total,_T,Total,_Z,Not applicable,_Z,Not applicable,Q,Constant prices,2013,,2387.146,,2020,,,,,,,,,,0,Units,1,One
DATAFLOW,OECD.ELS.HD:DSD_SHA@DF_SHA(1.0),Health expenditure and financing,I,GRC,Greece,A,Annual,EXP_HEALTH,Expenditure,USD_PPP_PS,"US dollars per person, PPP converted",_T,Total,_Z,Not application,_T,Total,_T,Total,_T,Total,_Z,Not applicable,_Z,Not applicable,Q,Constant prices,2015,,2397.628,,2020,,,,,,,,,,0,Units,1,One
DATAFLOW,OECD.ELS.HD:DSD_SHA@DF_SHA(1.0),Health expenditure and financing,I,GRC,Greece,A,Annual,EXP_HEALTH,Expenditure,USD_PPP_PS,"US dollars per person, PPP converted",_T,Total,_Z,Not application,_T,Total,_T,Total,_T,Total,_Z,Not applicable,_Z,Not applicable,Q,Constant prices,2010,,3349.691,,2020,,,,,,,,,,0,Units,1,One
DATAFLOW,OECD.ELS.HD:DSD_SHA@DF_SHA(1.0),Health expenditure and financing,I,GRC,Greece,A,Annual,EXP_HEALTH,Expenditure,USD_PPP_PS,"US dollars per person, PPP converted",_T,Total,_Z,Not application,_T,Total,_T,Total,_T,Total,_Z,Not applicable,_Z,Not applicable,Q,Constant prices,2012,,2569.544,,2020,,,,,,,,,,0,Units,1,One
DATAFLOW,OECD.ELS.HD:DSD_SHA@DF_SHA(1.0),Health expenditure and financing,I,GRC,Greece,A,Annual,EXP_HEALTH,Expenditure,USD_PPP_PS,"US dollars per person, PPP converted",_T,Total,_Z,Not application,_T,Total,_T,Total,_T,Total,_Z,Not applicable,_Z,Not applicable,Q,Constant prices,2011,,2858.48,,2020,,,,,,,,,,0,Units,1,One
DATAFLOW,OECD.ELS.HD:DSD_SHA@DF_SHA(1.0),Health expenditure and financing,I,HUN,Hungary,A,Annual,EXP_HEALTH,Expenditure,USD_PPP_PS,"US dollars per person, PPP converted",_T,Total,_Z,Not application,_T,Total,_T,Total,_T,Total,_Z,Not applicable,_Z,Not applicable,Q,Constant prices,2018,,2309.214,,2020,,,,,,,,,,0,Units,1,One
DATAFLOW,OECD.ELS.HD:DSD_SHA@DF_SHA(1.0),Health expenditure and financing,I,HUN,Hungary,A,Annual,EXP_HEALTH,Expenditure,USD_PPP_PS,"US dollars per person, PPP converted",_T,Total,_Z,Not application,_T,Total,_T,Total,_T,Total,_Z,Not applicable,_Z,Not applicable,Q,Constant prices,2019,,2321.215,,2020,,,,,,,,,,0,Units,1,One
DATAFLOW,OECD.ELS.HD:DSD_SHA@DF_SHA(1.0),Health expenditure and financing,I,HUN,Hungary,A,Annual,EXP_HEALTH,Expenditure,USD_PPP_PS,"US dollars per person, PPP converted",_T,Total,_Z,Not application,_T,Total,_T,Total,_T,Total,_Z,Not applicable,_Z,Not applicable,Q,Constant prices,2020,,2615.41,,2020,,,,,,,,,,0,Units,1,One
DATAFLOW,OECD.ELS.HD:DSD_SHA@DF_SHA(1.0),Health expenditure and financing,I,HUN,Hungary,A,Annual,EXP_HEALTH,Expenditure,USD_PPP_PS,"US dollars per person, PPP converted",_T,Total,_Z,Not application,_T,Total,_T,Total,_T,Total,_Z,Not applicable,_Z,Not applicable,Q,Constant prices,2009,,1907.7,,2020,,,,,,,,,,0,Units,1,One
DATAFLOW,OECD.ELS.HD:DSD_SHA@DF_SHA(1.0),Health expenditure and financing,I,HUN,Hungary,A,Annual,EXP_HEALTH,Expenditure,USD_PPP_PS,"US dollars per person, PPP converted",_T,Total,_Z,Not application,_T,Total,_T,Total,_T,Total,_Z,Not applicable,_Z,Not applicable,Q,Constant prices,2012,,1951.433,,2020,,,,,,,,,,0,Units,1,One
DATAFLOW,OECD.ELS.HD:DSD_SHA@DF_SHA(1.0),Health expenditure and financing,I,HUN,Hungary,A,Annual,EXP_HEALTH,Expenditure,USD_PPP_PS,"US dollars per person, PPP converted",_T,Total,_Z,Not application,_T,Total,_T,Total,_T,Total,_Z,Not applicable,_Z,Not applicable,Q,Constant prices,2013,,1980.585,,2020,,,,,,,,,,0,Units,1,One
DATAFLOW,OECD.ELS.HD:DSD_SHA@DF_SHA(1.0),Health expenditure and financing,I,HUN,Hungary,A,Annual,EXP_HEALTH,Expenditure,USD_PPP_PS,"US dollars per person, PPP converted",_T,Total,_Z,Not application,_T,Total,_T,Total,_T,Total,_Z,Not applicable,_Z,Not applicable,Q,Constant prices,2010,,1978.167,,2020,,,,,,,,,,0,Units,1,One
DATAFLOW,OECD.ELS.HD:DSD_SHA@DF_SHA(1.0),Health expenditure and financing,I,HUN,Hungary,A,Annual,EXP_HEALTH,Expenditure,USD_PPP_PS,"US dollars per person, PPP converted",_T,Total,_Z,Not application,_T,Total,_T,Total,_T,Total,_Z,Not applicable,_Z,Not applicable,Q,Constant prices,2011,,2017.07,,2020,,,,,,,,,,0,Units,1,One
DATAFLOW,OECD.ELS.HD:DSD_SHA@DF_SHA(1.0),Health expenditure and financing,I,HUN,Hungary,A,Annual,EXP_HEALTH,Expenditure,USD_PPP_PS,"US dollars per person, PPP converted",_T,Total,_Z,Not application,_T,Total,_T,Total,_T,Total,_Z,Not applicable,_Z,Not applicable,Q,Constant prices,2021,,2838.831,,2020,,,,,,,,,,0,Units,1,One
DATAFLOW,OECD.ELS.HD:DSD_SHA@DF_SHA(1.0),Health expenditure and financing,I,HUN,Hungary,A,Annual,EXP_HEALTH,Expenditure,USD_PPP_PS,"US dollars per person, PPP converted",_T,Total,_Z,Not application,_T,Total,_T,Total,_T,Total,_Z,Not applicable,_Z,Not applicable,Q,Constant prices,2024,,2692.309,,2020,,,,P,Provisional value,,,,,0,Units,1,One
DATAFLOW,OECD.ELS.HD:DSD_SHA@DF_SHA(1.0),Health expenditure and financing,I,HUN,Hungary,A,Annual,EXP_HEALTH,Expenditure,USD_PPP_PS,"US dollars per person, PPP converted",_T,Total,_Z,Not application,_T,Total,_T,Total,_T,Total,_Z,Not applicable,_Z,Not applicable,Q,Constant prices,2022,,2705.074,,2020,,,,,,,,,,0,Units,1,One
DATAFLOW,OECD.ELS.HD:DSD_SHA@DF_SHA(1.0),Health expenditure and financing,I,HUN,Hungary,A,Annual,EXP_HEALTH,Expenditure,USD_PPP_PS,"US dollars per person, PPP converted",_T,Total,_Z,Not application,_T,Total,_T,Total,_T,Total,_Z,Not applicable,_Z,Not applicable,Q,Constant prices,2023,,2612.506,,2020,,,,,,,,,,0,Units,1,One
DATAFLOW,OECD.ELS.HD:DSD_SHA@DF_SHA(1.0),Health expenditure and financing,I,HUN,Hungary,A,Annual,EXP_HEALTH,Expenditure,USD_PPP_PS,"US dollars per person, PPP converted",_T,Total,_Z,Not application,_T,Total,_T,Total,_T,Total,_Z,Not applicable,_Z,Not applicable,Q,Constant prices,2007,,2006.983,,2020,,,,,,,,,,0,Units,1,One
DATAFLOW,OECD.ELS.HD:DSD_SHA@DF_SHA(1.0),Health expenditure and financing,I,HUN,Hungary,A,Annual,EXP_HEALTH,Expenditure,USD_PPP_PS,"US dollars per person, PPP converted",_T,Total,_Z,Not application,_T,Total,_T,Total,_T,Total,_Z,Not applicable,_Z,Not applicable,Q,Constant prices,2008,,1984.236,,2020,,,,,,,,,,0,Units,1,One
DATAFLOW,OECD.ELS.HD:DSD_SHA@DF_SHA(1.0),Health expenditure and financing,I,HUN,Hungary,A,Annual,EXP_HEALTH,Expenditure,USD_PPP_PS,"US dollars per person, PPP converted",_T,Total,_Z,Not application,_T,Total,_T,Total,_T,Total,_Z,Not applicable,_Z,Not applicable,Q,Constant prices,2006,,2180.744,,2020,,,,,,,,,,0,Units,1,One
DATAFLOW,OECD.ELS.HD:DSD_SHA@DF_SHA(1.0),Health expenditure and financing,I,HUN,Hungary,A,Annual,EXP_HEALTH,Expenditure,USD_PPP_PS,"US dollars per person, PPP converted",_T,Total,_Z,Not application,_T,Total,_T,Total,_T,Total,_Z,Not applicable,_Z,Not applicable,Q,Constant prices,2015,,2105.527,,2020,,,,,,,,,,0,Units,1,One
DATAFLOW,OECD.ELS.HD:DSD_SHA@DF_SHA(1.0),Health expenditure and financing,I,HUN,Hungary,A,Annual,EXP_HEALTH,Expenditure,USD_PPP_PS,"US dollars per person, PPP converted",_T,Total,_Z,Not application,_T,Total,_T,Total,_T,Total,_Z,Not applicable,_Z,Not applicable,Q,Constant prices,2017,,2223.241,,2020,,,,,,,,,,0,Units,1,One
DATAFLOW,OECD.ELS.HD:DSD_SHA@DF_SHA(1.0),Health expenditure and financing,I,HUN,Hungary,A,Annual,EXP_HEALTH,Expenditure,USD_PPP_PS,"US dollars per person, PPP converted",_T,Total,_Z,Not application,_T,Total,_T,Total,_T,Total,_Z,Not applicable,_Z,Not applicable,Q,Constant prices,2016,,2199.714,,2020,,,,,,,,,,0,Units,1,One
DATAFLOW,OECD.ELS.HD:DSD_SHA@DF_SHA(1.0),Health expenditure and financing,I,HUN,Hungary,A,Annual,EXP_HEALTH,Expenditure,USD_PPP_PS,"US dollars per person, PPP converted",_T,Total,_Z,Not application,_T,Total,_T,Total,_T,Total,_Z,Not applicable,_Z,Not applicable,Q,Constant prices,2014,,2048.917,,2020,,,,,,,,,,0,Units,1,One
DATAFLOW,OECD.ELS.HD:DSD_SHA@DF_SHA(1.0),Health expenditure and financing,I,HUN,Hungary,A,Annual,EXP_HEALTH,Expenditure,USD_PPP_PS,"US dollars per person, PPP converted",_T,Total,_Z,Not application,_T,Total,_T,Total,_T,Total,_Z,Not applicable,_Z,Not applicable,Q,Constant prices,2005,,2137.059,,2020,,,,,,,,,,0,Units,1,One
DATAFLOW,OECD.ELS.HD:DSD_SHA@DF_SHA(1.0),Health expenditure and financing,I,HUN,Hungary,A,Annual,EXP_HEALTH,Expenditure,USD_PPP_PS,"US dollars per person, PPP converted",_T,Total,_Z,Not application,_T,Total,_T,Total,_T,Total,_Z,Not applicable,_Z,Not applicable,Q,Constant prices,2002,,1690.434,,2020,,,,,,,,,,0,Units,1,One
DATAFLOW,OECD.ELS.HD:DSD_SHA@DF_SHA(1.0),Health expenditure and financing,I,HUN,Hungary,A,Annual,EXP_HEALTH,Expenditure,USD_PPP_PS,"US dollars per person, PPP converted",_T,Total,_Z,Not application,_T,Total,_T,Total,_T,Total,_Z,Not applicable,_Z,Not applicable,Q,Constant prices,2000,,1439.124,,2020,,,,,,,,,,0,Units,1,One
DATAFLOW,OECD.ELS.HD:DSD_SHA@DF_SHA(1.0),Health expenditure and financing,I,HUN,Hungary,A,Annual,EXP_HEALTH,Expenditure,USD_PPP_PS,"US dollars per person, PPP converted",_T,Total,_Z,Not application,_T,Total,_T,Total,_T,Total,_Z,Not applicable,_Z,Not applicable,Q,Constant prices,2001,,1534.285,,2020,,,,,,,,,,0,Units,1,One
DATAFLOW,OECD.ELS.HD:DSD_SHA@DF_SHA(1.0),Health expenditure and financing,I,HUN,Hungary,A,Annual,EXP_HEALTH,Expenditure,USD_PPP_PS,"US dollars per person, PPP converted",_T,Total,_Z,Not application,_T,Total,_T,Total,_T,Total,_Z,Not applicable,_Z,Not applicable,Q,Constant prices,2004,,2007.366,,2020,,,,,,,,,,0,Units,1,One
DATAFLOW,OECD.ELS.HD:DSD_SHA@DF_SHA(1.0),Health expenditure and financing,I,HUN,Hungary,A,Annual,EXP_HEALTH,Expenditure,USD_PPP_PS,"US dollars per person, PPP converted",_T,Total,_Z,Not application,_T,Total,_T,Total,_T,Total,_Z,Not applicable,_Z,Not applicable,Q,Constant prices,2003,,1999.715,,2020,,,,B,Time series break,,,,,0,Units,1,One
DATAFLOW,OECD.ELS.HD:DSD_SHA@DF_SHA(1.0),Health expenditure and financing,I,ISL,Iceland,A,Annual,EXP_HEALTH,Expenditure,USD_PPP_PS,"US dollars per person, PPP converted",_T,Total,_Z,Not application,_T,Total,_T,Total,_T,Total,_Z,Not applicable,_Z,Not applicable,Q,Constant prices,2008,,4507.014,,2020,,,,,,,,,,0,Units,1,One
DATAFLOW,OECD.ELS.HD:DSD_SHA@DF_SHA(1.0),Health expenditure and financing,I,ISL,Iceland,A,Annual,EXP_HEALTH,Expenditure,USD_PPP_PS,"US dollars per person, PPP converted",_T,Total,_Z,Not application,_T,Total,_T,Total,_T,Total,_Z,Not applicable,_Z,Not applicable,Q,Constant prices,2002,,4141.197,,2020,,,,,,,,,,0,Units,1,One
DATAFLOW,OECD.ELS.HD:DSD_SHA@DF_SHA(1.0),Health expenditure and financing,I,ISL,Iceland,A,Annual,EXP_HEALTH,Expenditure,USD_PPP_PS,"US dollars per person, PPP converted",_T,Total,_Z,Not application,_T,Total,_T,Total,_T,Total,_Z,Not applicable,_Z,Not applicable,Q,Constant prices,2004,,4351.094,,2020,,,,,,,,,,0,Units,1,One
DATAFLOW,OECD.ELS.HD:DSD_SHA@DF_SHA(1.0),Health expenditure and financing,I,ISL,Iceland,A,Annual,EXP_HEALTH,Expenditure,USD_PPP_PS,"US dollars per person, PPP converted",_T,Total,_Z,Not application,_T,Total,_T,Total,_T,Total,_Z,Not applicable,_Z,Not applicable,Q,Constant prices,2003,,4277.403,,2020,,,,B,Time series break,,,,,0,Units,1,One
DATAFLOW,OECD.ELS.HD:DSD_SHA@DF_SHA(1.0),Health expenditure and financing,I,ISL,Iceland,A,Annual,EXP_HEALTH,Expenditure,USD_PPP_PS,"US dollars per person, PPP converted",_T,Total,_Z,Not application,_T,Total,_T,Total,_T,Total,_Z,Not applicable,_Z,Not applicable,Q,Constant prices,2016,,4469.744,,2020,,,,,,,,,,0,Units,1,One
DATAFLOW,OECD.ELS.HD:DSD_SHA@DF_SHA(1.0),Health expenditure and financing,I,ISL,Iceland,A,Annual,EXP_HEALTH,Expenditure,USD_PPP_PS,"US dollars per person, PPP converted",_T,Total,_Z,Not application,_T,Total,_T,Total,_T,Total,_Z,Not applicable,_Z,Not applicable,Q,Constant prices,2022,,5342.863,,2020,,,,,,,,,,0,Units,1,One
DATAFLOW,OECD.ELS.HD:DSD_SHA@DF_SHA(1.0),Health expenditure and financing,I,ISL,Iceland,A,Annual,EXP_HEALTH,Expenditure,USD_PPP_PS,"US dollars per person, PPP converted",_T,Total,_Z,Not application,_T,Total,_T,Total,_T,Total,_Z,Not applicable,_Z,Not applicable,Q,Constant prices,2019,,4886.572,,2020,,,,,,,,,,0,Units,1,One
DATAFLOW,OECD.ELS.HD:DSD_SHA@DF_SHA(1.0),Health expenditure and financing,I,ISL,Iceland,A,Annual,EXP_HEALTH,Expenditure,USD_PPP_PS,"US dollars per person, PPP converted",_T,Total,_Z,Not application,_T,Total,_T,Total,_T,Total,_Z,Not applicable,_Z,Not applicable,Q,Constant prices,2018,,4789.57,,2020,,,,,,,,,,0,Units,1,One
DATAFLOW,OECD.ELS.HD:DSD_SHA@DF_SHA(1.0),Health expenditure and financing,I,ISL,Iceland,A,Annual,EXP_HEALTH,Expenditure,USD_PPP_PS,"US dollars per person, PPP converted",_T,Total,_Z,Not application,_T,Total,_T,Total,_T,Total,_Z,Not applicable,_Z,Not applicable,Q,Constant prices,2017,,4660.75,,2020,,,,,,,,,,0,Units,1,One
DATAFLOW,OECD.ELS.HD:DSD_SHA@DF_SHA(1.0),Health expenditure and financing,I,ISL,Iceland,A,Annual,EXP_HEALTH,Expenditure,USD_PPP_PS,"US dollars per person, PPP converted",_T,Total,_Z,Not application,_T,Total,_T,Total,_T,Total,_Z,Not applicable,_Z,Not applicable,Q,Constant prices,2020,,5010.061,,2020,,,,,,,,,,0,Units,1,One
DATAFLOW,OECD.ELS.HD:DSD_SHA@DF_SHA(1.0),Health expenditure and financing,I,ISL,Iceland,A,Annual,EXP_HEALTH,Expenditure,USD_PPP_PS,"US dollars per person, PPP converted",_T,Total,_Z,Not application,_T,Total,_T,Total,_T,Total,_Z,Not applicable,_Z,Not applicable,Q,Constant prices,2021,,5303.628,,2020,,,,,,,,,,0,Units,1,One
DATAFLOW,OECD.ELS.HD:DSD_SHA@DF_SHA(1.0),Health expenditure and financing,I,ISL,Iceland,A,Annual,EXP_HEALTH,Expenditure,USD_PPP_PS,"US dollars per person, PPP converted",_T,Total,_Z,Not application,_T,Total,_T,Total,_T,Total,_Z,Not applicable,_Z,Not applicable,Q,Constant prices,2010,,4021.851,,2020,,,,,,,,,,0,Units,1,One
DATAFLOW,OECD.ELS.HD:DSD_SHA@DF_SHA(1.0),Health expenditure and financing,I,ISL,Iceland,A,Annual,EXP_HEALTH,Expenditure,USD_PPP_PS,"US dollars per person, PPP converted",_T,Total,_Z,Not application,_T,Total,_T,Total,_T,Total,_Z,Not applicable,_Z,Not applicable,Q,Constant prices,2009,,4225.351,,2020,,,,,,,,,,0,Units,1,One
DATAFLOW,OECD.ELS.HD:DSD_SHA@DF_SHA(1.0),Health expenditure and financing,I,ISL,Iceland,A,Annual,EXP_HEALTH,Expenditure,USD_PPP_PS,"US dollars per person, PPP converted",_T,Total,_Z,Not application,_T,Total,_T,Total,_T,Total,_Z,Not applicable,_Z,Not applicable,Q,Constant prices,2015,,4268.791,,2020,,,,,,,,,,0,Units,1,One
DATAFLOW,OECD.ELS.HD:DSD_SHA@DF_SHA(1.0),Health expenditure and financing,I,ISL,Iceland,A,Annual,EXP_HEALTH,Expenditure,USD_PPP_PS,"US dollars per person, PPP converted",_T,Total,_Z,Not application,_T,Total,_T,Total,_T,Total,_Z,Not applicable,_Z,Not applicable,Q,Constant prices,2011,,4013.008,,2020,,,,,,,,,,0,Units,1,One
DATAFLOW,OECD.ELS.HD:DSD_SHA@DF_SHA(1.0),Health expenditure and financing,I,ISL,Iceland,A,Annual,EXP_HEALTH,Expenditure,USD_PPP_PS,"US dollars per person, PPP converted",_T,Total,_Z,Not application,_T,Total,_T,Total,_T,Total,_Z,Not applicable,_Z,Not applicable,Q,Constant prices,2000,,3855.985,,2020,,,,B,Time series break,,,,,0,Units,1,One
DATAFLOW,OECD.ELS.HD:DSD_SHA@DF_SHA(1.0),Health expenditure and financing,I,ISL,Iceland,A,Annual,EXP_HEALTH,Expenditure,USD_PPP_PS,"US dollars per person, PPP converted",_T,Total,_Z,Not application,_T,Total,_T,Total,_T,Total,_Z,Not applicable,_Z,Not applicable,Q,Constant prices,2001,,3904.948,,2020,,,,,,,,,,0,Units,1,One
DATAFLOW,OECD.ELS.HD:DSD_SHA@DF_SHA(1.0),Health expenditure and financing,I,ISL,Iceland,A,Annual,EXP_HEALTH,Expenditure,USD_PPP_PS,"US dollars per person, PPP converted",_T,Total,_Z,Not application,_T,Total,_T,Total,_T,Total,_Z,Not applicable,_Z,Not applicable,Q,Constant prices,2023,,5227.719,,2020,,,,,,,,,,0,Units,1,One
DATAFLOW,OECD.ELS.HD:DSD_SHA@DF_SHA(1.0),Health expenditure and financing,I,ISL,Iceland,A,Annual,EXP_HEALTH,Expenditure,USD_PPP_PS,"US dollars per person, PPP converted",_T,Total,_Z,Not application,_T,Total,_T,Total,_T,Total,_Z,Not applicable,_Z,Not applicable,Q,Constant prices,2024,,5476.994,,2020,,,,P,Provisional value,,,,,0,Units,1,One
DATAFLOW,OECD.ELS.HD:DSD_SHA@DF_SHA(1.0),Health expenditure and financing,I,ISL,Iceland,A,Annual,EXP_HEALTH,Expenditure,USD_PPP_PS,"US dollars per person, PPP converted",_T,Total,_Z,Not application,_T,Total,_T,Total,_T,Total,_Z,Not applicable,_Z,Not applicable,Q,Constant prices,2007,,4544.982,,2020,,,,,,,,,,0,Units,1,One
DATAFLOW,OECD.ELS.HD:DSD_SHA@DF_SHA(1.0),Health expenditure and financing,I,ISL,Iceland,A,Annual,EXP_HEALTH,Expenditure,USD_PPP_PS,"US dollars per person, PPP converted",_T,Total,_Z,Not application,_T,Total,_T,Total,_T,Total,_Z,Not applicable,_Z,Not applicable,Q,Constant prices,2005,,4423.144,,2020,,,,,,,,,,0,Units,1,One
DATAFLOW,OECD.ELS.HD:DSD_SHA@DF_SHA(1.0),Health expenditure and financing,I,ISL,Iceland,A,Annual,EXP_HEALTH,Expenditure,USD_PPP_PS,"US dollars per person, PPP converted",_T,Total,_Z,Not application,_T,Total,_T,Total,_T,Total,_Z,Not applicable,_Z,Not applicable,Q,Constant prices,2006,,4443.329,,2020,,,,,,,,,,0,Units,1,One
DATAFLOW,OECD.ELS.HD:DSD_SHA@DF_SHA(1.0),Health expenditure and financing,I,ISL,Iceland,A,Annual,EXP_HEALTH,Expenditure,USD_PPP_PS,"US dollars per person, PPP converted",_T,Total,_Z,Not application,_T,Total,_T,Total,_T,Total,_Z,Not applicable,_Z,Not applicable,Q,Constant prices,2014,,4070.754,,2020,,,,,,,,,,0,Units,1,One
DATAFLOW,OECD.ELS.HD:DSD_SHA@DF_SHA(1.0),Health expenditure and financing,I,ISL,Iceland,A,Annual,EXP_HEALTH,Expenditure,USD_PPP_PS,"US dollars per person, PPP converted",_T,Total,_Z,Not application,_T,Total,_T,Total,_T,Total,_Z,Not applicable,_Z,Not applicable,Q,Constant prices,2012,,3939.78,,2020,,,,,,,,,,0,Units,1,One
DATAFLOW,OECD.ELS.HD:DSD_SHA@DF_SHA(1.0),Health expenditure and financing,I,ISL,Iceland,A,Annual,EXP_HEALTH,Expenditure,USD_PPP_PS,"US dollars per person, PPP converted",_T,Total,_Z,Not application,_T,Total,_T,Total,_T,Total,_Z,Not applicable,_Z,Not applicable,Q,Constant prices,2013,,3999.195,,2020,,,,,,,,,,0,Units,1,One
DATAFLOW,OECD.ELS.HD:DSD_SHA@DF_SHA(1.0),Health expenditure and financing,I,IRL,Ireland,A,Annual,EXP_HEALTH,Expenditure,USD_PPP_PS,"US dollars per person, PPP converted",_T,Total,_Z,Not application,_T,Total,_T,Total,_T,Total,_Z,Not applicable,_Z,Not applicable,Q,Constant prices,2007,,3936.465,,2020,,,,,,,,,,0,Units,1,One
DATAFLOW,OECD.ELS.HD:DSD_SHA@DF_SHA(1.0),Health expenditure and financing,I,IRL,Ireland,A,Annual,EXP_HEALTH,Expenditure,USD_PPP_PS,"US dollars per person, PPP converted",_T,Total,_Z,Not application,_T,Total,_T,Total,_T,Total,_Z,Not applicable,_Z,Not applicable,Q,Constant prices,2008,,4195.942,,2020,,,,,,,,,,0,Units,1,One
DATAFLOW,OECD.ELS.HD:DSD_SHA@DF_SHA(1.0),Health expenditure and financing,I,IRL,Ireland,A,Annual,EXP_HEALTH,Expenditure,USD_PPP_PS,"US dollars per person, PPP converted",_T,Total,_Z,Not application,_T,Total,_T,Total,_T,Total,_Z,Not applicable,_Z,Not applicable,Q,Constant prices,2009,,4570.972,,2020,,,,,,,,,,0,Units,1,One
DATAFLOW,OECD.ELS.HD:DSD_SHA@DF_SHA(1.0),Health expenditure and financing,I,IRL,Ireland,A,Annual,EXP_HEALTH,Expenditure,USD_PPP_PS,"US dollars per person, PPP converted",_T,Total,_Z,Not application,_T,Total,_T,Total,_T,Total,_Z,Not applicable,_Z,Not applicable,Q,Constant prices,2010,,4563.185,,2020,,,,,,,,,,0,Units,1,One
DATAFLOW,OECD.ELS.HD:DSD_SHA@DF_SHA(1.0),Health expenditure and financing,I,IRL,Ireland,A,Annual,EXP_HEALTH,Expenditure,USD_PPP_PS,"US dollars per person, PPP converted",_T,Total,_Z,Not application,_T,Total,_T,Total,_T,Total,_Z,Not applicable,_Z,Not applicable,Q,Constant prices,2012,,4644.614,,2020,,,,,,,,,,0,Units,1,One
DATAFLOW,OECD.ELS.HD:DSD_SHA@DF_SHA(1.0),Health expenditure and financing,I,IRL,Ireland,A,Annual,EXP_HEALTH,Expenditure,USD_PPP_PS,"US dollars per person, PPP converted",_T,Total,_Z,Not application,_T,Total,_T,Total,_T,Total,_Z,Not applicable,_Z,Not applicable,Q,Constant prices,2013,,4530.941,,2020,,,,,,,,,,0,Units,1,One
DATAFLOW,OECD.ELS.HD:DSD_SHA@DF_SHA(1.0),Health expenditure and financing,I,IRL,Ireland,A,Annual,EXP_HEALTH,Expenditure,USD_PPP_PS,"US dollars per person, PPP converted",_T,Total,_Z,Not application,_T,Total,_T,Total,_T,Total,_Z,Not applicable,_Z,Not applicable,Q,Constant prices,2014,,4483.332,,2020,,,,,,,,,,0,Units,1,One
DATAFLOW,OECD.ELS.HD:DSD_SHA@DF_SHA(1.0),Health expenditure and financing,I,IRL,Ireland,A,Annual,EXP_HEALTH,Expenditure,USD_PPP_PS,"US dollars per person, PPP converted",_T,Total,_Z,Not application,_T,Total,_T,Total,_T,Total,_Z,Not applicable,_Z,Not applicable,Q,Constant prices,2011,,4629.776,,2020,,,,B,Time series break,,,,,0,Units,1,One
DATAFLOW,OECD.ELS.HD:DSD_SHA@DF_SHA(1.0),Health expenditure and financing,I,IRL,Ireland,A,Annual,EXP_HEALTH,Expenditure,USD_PPP_PS,"US dollars per person, PPP converted",_T,Total,_Z,Not application,_T,Total,_T,Total,_T,Total,_Z,Not applicable,_Z,Not applicable,Q,Constant prices,2024,,5954.172,,2020,,,,P,Provisional value,,,,,0,Units,1,One
DATAFLOW,OECD.ELS.HD:DSD_SHA@DF_SHA(1.0),Health expenditure and financing,I,IRL,Ireland,A,Annual,EXP_HEALTH,Expenditure,USD_PPP_PS,"US dollars per person, PPP converted",_T,Total,_Z,Not application,_T,Total,_T,Total,_T,Total,_Z,Not applicable,_Z,Not applicable,Q,Constant prices,2021,,5858.208,,2020,,,,,,,,,,0,Units,1,One
DATAFLOW,OECD.ELS.HD:DSD_SHA@DF_SHA(1.0),Health expenditure and financing,I,IRL,Ireland,A,Annual,EXP_HEALTH,Expenditure,USD_PPP_PS,"US dollars per person, PPP converted",_T,Total,_Z,Not application,_T,Total,_T,Total,_T,Total,_Z,Not applicable,_Z,Not applicable,Q,Constant prices,2020,,5618.802,,2020,,,,,,,,,,0,Units,1,One
DATAFLOW,OECD.ELS.HD:DSD_SHA@DF_SHA(1.0),Health expenditure and financing,I,IRL,Ireland,A,Annual,EXP_HEALTH,Expenditure,USD_PPP_PS,"US dollars per person, PPP converted",_T,Total,_Z,Not application,_T,Total,_T,Total,_T,Total,_Z,Not applicable,_Z,Not applicable,Q,Constant prices,2023,,5689.405,,2020,,,,,,,,,,0,Units,1,One
DATAFLOW,OECD.ELS.HD:DSD_SHA@DF_SHA(1.0),Health expenditure and financing,I,IRL,Ireland,A,Annual,EXP_HEALTH,Expenditure,USD_PPP_PS,"US dollars per person, PPP converted",_T,Total,_Z,Not application,_T,Total,_T,Total,_T,Total,_Z,Not applicable,_Z,Not applicable,Q,Constant prices,2022,,5827.71,,2020,,,,,,,,,,0,Units,1,One
DATAFLOW,OECD.ELS.HD:DSD_SHA@DF_SHA(1.0),Health expenditure and financing,I,IRL,Ireland,A,Annual,EXP_HEALTH,Expenditure,USD_PPP_PS,"US dollars per person, PPP converted",_T,Total,_Z,Not application,_T,Total,_T,Total,_T,Total,_Z,Not applicable,_Z,Not applicable,Q,Constant prices,2018,,5013.019,,2020,,,,,,,,,,0,Units,1,One
DATAFLOW,OECD.ELS.HD:DSD_SHA@DF_SHA(1.0),Health expenditure and financing,I,IRL,Ireland,A,Annual,EXP_HEALTH,Expenditure,USD_PPP_PS,"US dollars per person, PPP converted",_T,Total,_Z,Not application,_T,Total,_T,Total,_T,Total,_Z,Not applicable,_Z,Not applicable,Q,Constant prices,2019,,5159.499,,2020,,,,,,,,,,0,Units,1,One
DATAFLOW,OECD.ELS.HD:DSD_SHA@DF_SHA(1.0),Health expenditure and financing,I,IRL,Ireland,A,Annual,EXP_HEALTH,Expenditure,USD_PPP_PS,"US dollars per person, PPP converted",_T,Total,_Z,Not application,_T,Total,_T,Total,_T,Total,_Z,Not applicable,_Z,Not applicable,Q,Constant prices,2000,,2421.192,,2020,,,,,,,,,,0,Units,1,One
DATAFLOW,OECD.ELS.HD:DSD_SHA@DF_SHA(1.0),Health expenditure and financing,I,IRL,Ireland,A,Annual,EXP_HEALTH,Expenditure,USD_PPP_PS,"US dollars per person, PPP converted",_T,Total,_Z,Not application,_T,Total,_T,Total,_T,Total,_Z,Not applicable,_Z,Not applicable,Q,Constant prices,2001,,2773.758,,2020,,,,,,,,,,0,Units,1,One
DATAFLOW,OECD.ELS.HD:DSD_SHA@DF_SHA(1.0),Health expenditure and financing,I,IRL,Ireland,A,Annual,EXP_HEALTH,Expenditure,USD_PPP_PS,"US dollars per person, PPP converted",_T,Total,_Z,Not application,_T,Total,_T,Total,_T,Total,_Z,Not applicable,_Z,Not applicable,Q,Constant prices,2002,,3006.698,,2020,,,,,,,,,,0,Units,1,One
DATAFLOW,OECD.ELS.HD:DSD_SHA@DF_SHA(1.0),Health expenditure and financing,I,IRL,Ireland,A,Annual,EXP_HEALTH,Expenditure,USD_PPP_PS,"US dollars per person, PPP converted",_T,Total,_Z,Not application,_T,Total,_T,Total,_T,Total,_Z,Not applicable,_Z,Not applicable,Q,Constant prices,2003,,3190.186,,2020,,,,,,,,,,0,Units,1,One
DATAFLOW,OECD.ELS.HD:DSD_SHA@DF_SHA(1.0),Health expenditure and financing,I,IRL,Ireland,A,Annual,EXP_HEALTH,Expenditure,USD_PPP_PS,"US dollars per person, PPP converted",_T,Total,_Z,Not application,_T,Total,_T,Total,_T,Total,_Z,Not applicable,_Z,Not applicable,Q,Constant prices,2004,,3376.136,,2020,,,,,,,,,,0,Units,1,One
DATAFLOW,OECD.ELS.HD:DSD_SHA@DF_SHA(1.0),Health expenditure and financing,I,IRL,Ireland,A,Annual,EXP_HEALTH,Expenditure,USD_PPP_PS,"US dollars per person, PPP converted",_T,Total,_Z,Not application,_T,Total,_T,Total,_T,Total,_Z,Not applicable,_Z,Not applicable,Q,Constant prices,2005,,3737.771,,2020,,,,,,,,,,0,Units,1,One
DATAFLOW,OECD.ELS.HD:DSD_SHA@DF_SHA(1.0),Health expenditure and financing,I,IRL,Ireland,A,Annual,EXP_HEALTH,Expenditure,USD_PPP_PS,"US dollars per person, PPP converted",_T,Total,_Z,Not application,_T,Total,_T,Total,_T,Total,_Z,Not applicable,_Z,Not applicable,Q,Constant prices,2017,,4876.838,,2020,,,,,,,,,,0,Units,1,One
DATAFLOW,OECD.ELS.HD:DSD_SHA@DF_SHA(1.0),Health expenditure and financing,I,IRL,Ireland,A,Annual,EXP_HEALTH,Expenditure,USD_PPP_PS,"US dollars per person, PPP converted",_T,Total,_Z,Not application,_T,Total,_T,Total,_T,Total,_Z,Not applicable,_Z,Not applicable,Q,Constant prices,2016,,4751.098,,2020,,,,,,,,,,0,Units,1,One
DATAFLOW,OECD.ELS.HD:DSD_SHA@DF_SHA(1.0),Health expenditure and financing,I,IRL,Ireland,A,Annual,EXP_HEALTH,Expenditure,USD_PPP_PS,"US dollars per person, PPP converted",_T,Total,_Z,Not application,_T,Total,_T,Total,_T,Total,_Z,Not applicable,_Z,Not applicable,Q,Constant prices,2015,,4603.17,,2020,,,,,,,,,,0,Units,1,One
DATAFLOW,OECD.ELS.HD:DSD_SHA@DF_SHA(1.0),Health expenditure and financing,I,IRL,Ireland,A,Annual,EXP_HEALTH,Expenditure,USD_PPP_PS,"US dollars per person, PPP converted",_T,Total,_Z,Not application,_T,Total,_T,Total,_T,Total,_Z,Not applicable,_Z,Not applicable,Q,Constant prices,2006,,3775.404,,2020,,,,,,,,,,0,Units,1,One
DATAFLOW,OECD.ELS.HD:DSD_SHA@DF_SHA(1.0),Health expenditure and financing,I,ISR,Israel,A,Annual,EXP_HEALTH,Expenditure,USD_PPP_PS,"US dollars per person, PPP converted",_T,Total,_Z,Not application,_T,Total,_T,Total,_T,Total,_Z,Not applicable,_Z,Not applicable,Q,Constant prices,2023,,3154.381,,2020,,,,D,Definition differs,,,,,0,Units,1,One
DATAFLOW,OECD.ELS.HD:DSD_SHA@DF_SHA(1.0),Health expenditure and financing,I,ISR,Israel,A,Annual,EXP_HEALTH,Expenditure,USD_PPP_PS,"US dollars per person, PPP converted",_T,Total,_Z,Not application,_T,Total,_T,Total,_T,Total,_Z,Not applicable,_Z,Not applicable,Q,Constant prices,2006,,2107.508,,2020,,,,B,Time series break,,,,,0,Units,1,One
DATAFLOW,OECD.ELS.HD:DSD_SHA@DF_SHA(1.0),Health expenditure and financing,I,ISR,Israel,A,Annual,EXP_HEALTH,Expenditure,USD_PPP_PS,"US dollars per person, PPP converted",_T,Total,_Z,Not application,_T,Total,_T,Total,_T,Total,_Z,Not applicable,_Z,Not applicable,Q,Constant prices,2000,,2016.917,,2020,,,,,,,,,,0,Units,1,One
DATAFLOW,OECD.ELS.HD:DSD_SHA@DF_SHA(1.0),Health expenditure and financing,I,ISR,Israel,A,Annual,EXP_HEALTH,Expenditure,USD_PPP_PS,"US dollars per person, PPP converted",_T,Total,_Z,Not application,_T,Total,_T,Total,_T,Total,_Z,Not applicable,_Z,Not applicable,Q,Constant prices,2001,,2104.105,,2020,,,,,,,,,,0,Units,1,One
DATAFLOW,OECD.ELS.HD:DSD_SHA@DF_SHA(1.0),Health expenditure and financing,I,ISR,Israel,A,Annual,EXP_HEALTH,Expenditure,USD_PPP_PS,"US dollars per person, PPP converted",_T,Total,_Z,Not application,_T,Total,_T,Total,_T,Total,_Z,Not applicable,_Z,Not applicable,Q,Constant prices,2002,,2039.261,,2020,,,,,,,,,,0,Units,1,One
DATAFLOW,OECD.ELS.HD:DSD_SHA@DF_SHA(1.0),Health expenditure and financing,I,ISR,Israel,A,Annual,EXP_HEALTH,Expenditure,USD_PPP_PS,"US dollars per person, PPP converted",_T,Total,_Z,Not application,_T,Total,_T,Total,_T,Total,_Z,Not applicable,_Z,Not applicable,Q,Constant prices,2003,,2002.637,,2020,,,,,,,,,,0,Units,1,One
DATAFLOW,OECD.ELS.HD:DSD_SHA@DF_SHA(1.0),Health expenditure and financing,I,ISR,Israel,A,Annual,EXP_HEALTH,Expenditure,USD_PPP_PS,"US dollars per person, PPP converted",_T,Total,_Z,Not application,_T,Total,_T,Total,_T,Total,_Z,Not applicable,_Z,Not applicable,Q,Constant prices,2004,,2038.594,,2020,,,,,,,,,,0,Units,1,One
DATAFLOW,OECD.ELS.HD:DSD_SHA@DF_SHA(1.0),Health expenditure and financing,I,ISR,Israel,A,Annual,EXP_HEALTH,Expenditure,USD_PPP_PS,"US dollars per person, PPP converted",_T,Total,_Z,Not application,_T,Total,_T,Total,_T,Total,_Z,Not applicable,_Z,Not applicable,Q,Constant prices,2005,,2108.729,,2020,,,,,,,,,,0,Units,1,One
DATAFLOW,OECD.ELS.HD:DSD_SHA@DF_SHA(1.0),Health expenditure and financing,I,ISR,Israel,A,Annual,EXP_HEALTH,Expenditure,USD_PPP_PS,"US dollars per person, PPP converted",_T,Total,_Z,Not application,_T,Total,_T,Total,_T,Total,_Z,Not applicable,_Z,Not applicable,Q,Constant prices,2007,,2183.103,,2020,,,,,,,,,,0,Units,1,One
DATAFLOW,OECD.ELS.HD:DSD_SHA@DF_SHA(1.0),Health expenditure and financing,I,ISR,Israel,A,Annual,EXP_HEALTH,Expenditure,USD_PPP_PS,"US dollars per person, PPP converted",_T,Total,_Z,Not application,_T,Total,_T,Total,_T,Total,_Z,Not applicable,_Z,Not applicable,Q,Constant prices,2013,,2420.946,,2020,,,,,,,,,,0,Units,1,One
DATAFLOW,OECD.ELS.HD:DSD_SHA@DF_SHA(1.0),Health expenditure and financing,I,ISR,Israel,A,Annual,EXP_HEALTH,Expenditure,USD_PPP_PS,"US dollars per person, PPP converted",_T,Total,_Z,Not application,_T,Total,_T,Total,_T,Total,_Z,Not applicable,_Z,Not applicable,Q,Constant prices,2008,,2189.331,,2020,,,,,,,,,,0,Units,1,One
DATAFLOW,OECD.ELS.HD:DSD_SHA@DF_SHA(1.0),Health expenditure and financing,I,ISR,Israel,A,Annual,EXP_HEALTH,Expenditure,USD_PPP_PS,"US dollars per person, PPP converted",_T,Total,_Z,Not application,_T,Total,_T,Total,_T,Total,_Z,Not applicable,_Z,Not applicable,Q,Constant prices,2016,,2677.37,,2020,,,,,,,,,,0,Units,1,One
DATAFLOW,OECD.ELS.HD:DSD_SHA@DF_SHA(1.0),Health expenditure and financing,I,ISR,Israel,A,Annual,EXP_HEALTH,Expenditure,USD_PPP_PS,"US dollars per person, PPP converted",_T,Total,_Z,Not application,_T,Total,_T,Total,_T,Total,_Z,Not applicable,_Z,Not applicable,Q,Constant prices,2015,,2563.313,,2020,,,,,,,,,,0,Units,1,One
DATAFLOW,OECD.ELS.HD:DSD_SHA@DF_SHA(1.0),Health expenditure and financing,I,ISR,Israel,A,Annual,EXP_HEALTH,Expenditure,USD_PPP_PS,"US dollars per person, PPP converted",_T,Total,_Z,Not application,_T,Total,_T,Total,_T,Total,_Z,Not applicable,_Z,Not applicable,Q,Constant prices,2014,,2497.6,,2020,,,,,,,,,,0,Units,1,One
DATAFLOW,OECD.ELS.HD:DSD_SHA@DF_SHA(1.0),Health expenditure and financing,I,ISR,Israel,A,Annual,EXP_HEALTH,Expenditure,USD_PPP_PS,"US dollars per person, PPP converted",_T,Total,_Z,Not application,_T,Total,_T,Total,_T,Total,_Z,Not applicable,_Z,Not applicable,Q,Constant prices,2012,,2378.565,,2020,,,,,,,,,,0,Units,1,One
DATAFLOW,OECD.ELS.HD:DSD_SHA@DF_SHA(1.0),Health expenditure and financing,I,ISR,Israel,A,Annual,EXP_HEALTH,Expenditure,USD_PPP_PS,"US dollars per person, PPP converted",_T,Total,_Z,Not application,_T,Total,_T,Total,_T,Total,_Z,Not applicable,_Z,Not applicable,Q,Constant prices,2017,,2756.161,,2020,,,,,,,,,,0,Units,1,One
DATAFLOW,OECD.ELS.HD:DSD_SHA@DF_SHA(1.0),Health expenditure and financing,I,ISR,Israel,A,Annual,EXP_HEALTH,Expenditure,USD_PPP_PS,"US dollars per person, PPP converted",_T,Total,_Z,Not application,_T,Total,_T,Total,_T,Total,_Z,Not applicable,_Z,Not applicable,Q,Constant prices,2020,,3015.382,,2020,,,,,,,,,,0,Units,1,One
DATAFLOW,OECD.ELS.HD:DSD_SHA@DF_SHA(1.0),Health expenditure and financing,I,ISR,Israel,A,Annual,EXP_HEALTH,Expenditure,USD_PPP_PS,"US dollars per person, PPP converted",_T,Total,_Z,Not application,_T,Total,_T,Total,_T,Total,_Z,Not applicable,_Z,Not applicable,Q,Constant prices,2018,,2827.547,,2020,,,,,,,,,,0,Units,1,One
DATAFLOW,OECD.ELS.HD:DSD_SHA@DF_SHA(1.0),Health expenditure and financing,I,ISR,Israel,A,Annual,EXP_HEALTH,Expenditure,USD_PPP_PS,"US dollars per person, PPP converted",_T,Total,_Z,Not application,_T,Total,_T,Total,_T,Total,_Z,Not applicable,_Z,Not applicable,Q,Constant prices,2019,,2891.73,,2020,,,,,,,,,,0,Units,1,One
DATAFLOW,OECD.ELS.HD:DSD_SHA@DF_SHA(1.0),Health expenditure and financing,I,ISR,Israel,A,Annual,EXP_HEALTH,Expenditure,USD_PPP_PS,"US dollars per person, PPP converted",_T,Total,_Z,Not application,_T,Total,_T,Total,_T,Total,_Z,Not applicable,_Z,Not applicable,Q,Constant prices,2022,,3151.57,,2020,,,,,,,,,,0,Units,1,One
DATAFLOW,OECD.ELS.HD:DSD_SHA@DF_SHA(1.0),Health expenditure and financing,I,ISR,Israel,A,Annual,EXP_HEALTH,Expenditure,USD_PPP_PS,"US dollars per person, PPP converted",_T,Total,_Z,Not application,_T,Total,_T,Total,_T,Total,_Z,Not applicable,_Z,Not applicable,Q,Constant prices,2021,,3317.512,,2020,,,,,,,,,,0,Units,1,One
DATAFLOW,OECD.ELS.HD:DSD_SHA@DF_SHA(1.0),Health expenditure and financing,I,ISR,Israel,A,Annual,EXP_HEALTH,Expenditure,USD_PPP_PS,"US dollars per person, PPP converted",_T,Total,_Z,Not application,_T,Total,_T,Total,_T,Total,_Z,Not applicable,_Z,Not applicable,Q,Constant prices,2011,,2296.168,,2020,,,,,,,,,,0,Units,1,One
DATAFLOW,OECD.ELS.HD:DSD_SHA@DF_SHA(1.0),Health expenditure and financing,I,ISR,Israel,A,Annual,EXP_HEALTH,Expenditure,USD_PPP_PS,"US dollars per person, PPP converted",_T,Total,_Z,Not application,_T,Total,_T,Total,_T,Total,_Z,Not applicable,_Z,Not applicable,Q,Constant prices,2010,,2268.871,,2020,,,,,,,,,,0,Units,1,One
DATAFLOW,OECD.ELS.HD:DSD_SHA@DF_SHA(1.0),Health expenditure and financing,I,ISR,Israel,A,Annual,EXP_HEALTH,Expenditure,USD_PPP_PS,"US dollars per person, PPP converted",_T,Total,_Z,Not application,_T,Total,_T,Total,_T,Total,_Z,Not applicable,_Z,Not applicable,Q,Constant prices,2009,,2232.983,,2020,,,,,,,,,,0,Units,1,One
DATAFLOW,OECD.ELS.HD:DSD_SHA@DF_SHA(1.0),Health expenditure and financing,I,ISR,Israel,A,Annual,EXP_HEALTH,Expenditure,USD_PPP_PS,"US dollars per person, PPP converted",_T,Total,_Z,Not application,_T,Total,_T,Total,_T,Total,_Z,Not applicable,_Z,Not applicable,Q,Constant prices,2024,,3447.026,,2020,,,,D,Definition differs,,,,,0,Units,1,One
DATAFLOW,OECD.ELS.HD:DSD_SHA@DF_SHA(1.0),Health expenditure and financing,I,ITA,Italy,A,Annual,EXP_HEALTH,Expenditure,USD_PPP_PS,"US dollars per person, PPP converted",_T,Total,_Z,Not application,_T,Total,_T,Total,_T,Total,_Z,Not applicable,_Z,Not applicable,Q,Constant prices,2008,,3985.801,,2020,,,,,,,,,,0,Units,1,One
DATAFLOW,OECD.ELS.HD:DSD_SHA@DF_SHA(1.0),Health expenditure and financing,I,ITA,Italy,A,Annual,EXP_HEALTH,Expenditure,USD_PPP_PS,"US dollars per person, PPP converted",_T,Total,_Z,Not application,_T,Total,_T,Total,_T,Total,_Z,Not applicable,_Z,Not applicable,Q,Constant prices,2009,,4008.764,,2020,,,,,,,,,,0,Units,1,One
DATAFLOW,OECD.ELS.HD:DSD_SHA@DF_SHA(1.0),Health expenditure and financing,I,ITA,Italy,A,Annual,EXP_HEALTH,Expenditure,USD_PPP_PS,"US dollars per person, PPP converted",_T,Total,_Z,Not application,_T,Total,_T,Total,_T,Total,_Z,Not applicable,_Z,Not applicable,Q,Constant prices,2010,,3999.115,,2020,,,,,,,,,,0,Units,1,One
DATAFLOW,OECD.ELS.HD:DSD_SHA@DF_SHA(1.0),Health expenditure and financing,I,ITA,Italy,A,Annual,EXP_HEALTH,Expenditure,USD_PPP_PS,"US dollars per person, PPP converted",_T,Total,_Z,Not application,_T,Total,_T,Total,_T,Total,_Z,Not applicable,_Z,Not applicable,Q,Constant prices,2011,,3914.124,,2020,,,,,,,,,,0,Units,1,One
DATAFLOW,OECD.ELS.HD:DSD_SHA@DF_SHA(1.0),Health expenditure and financing,I,ITA,Italy,A,Annual,EXP_HEALTH,Expenditure,USD_PPP_PS,"US dollars per person, PPP converted",_T,Total,_Z,Not application,_T,Total,_T,Total,_T,Total,_Z,Not applicable,_Z,Not applicable,Q,Constant prices,2013,,3713.707,,2020,,,,,,,,,,0,Units,1,One
DATAFLOW,OECD.ELS.HD:DSD_SHA@DF_SHA(1.0),Health expenditure and financing,I,ITA,Italy,A,Annual,EXP_HEALTH,Expenditure,USD_PPP_PS,"US dollars per person, PPP converted",_T,Total,_Z,Not application,_T,Total,_T,Total,_T,Total,_Z,Not applicable,_Z,Not applicable,Q,Constant prices,2014,,3771.171,,2020,,,,,,,,,,0,Units,1,One
DATAFLOW,OECD.ELS.HD:DSD_SHA@DF_SHA(1.0),Health expenditure and financing,I,ITA,Italy,A,Annual,EXP_HEALTH,Expenditure,USD_PPP_PS,"US dollars per person, PPP converted",_T,Total,_Z,Not application,_T,Total,_T,Total,_T,Total,_Z,Not applicable,_Z,Not applicable,Q,Constant prices,2012,,3788.466,,2020,,,,B,Time series break,,,,,0,Units,1,One
DATAFLOW,OECD.ELS.HD:DSD_SHA@DF_SHA(1.0),Health expenditure and financing,I,ITA,Italy,A,Annual,EXP_HEALTH,Expenditure,USD_PPP_PS,"US dollars per person, PPP converted",_T,Total,_Z,Not application,_T,Total,_T,Total,_T,Total,_Z,Not applicable,_Z,Not applicable,Q,Constant prices,2015,,3836.314,,2020,,,,,,,,,,0,Units,1,One
DATAFLOW,OECD.ELS.HD:DSD_SHA@DF_SHA(1.0),Health expenditure and financing,I,ITA,Italy,A,Annual,EXP_HEALTH,Expenditure,USD_PPP_PS,"US dollars per person, PPP converted",_T,Total,_Z,Not application,_T,Total,_T,Total,_T,Total,_Z,Not applicable,_Z,Not applicable,Q,Constant prices,2016,,3862.937,,2020,,,,,,,,,,0,Units,1,One
DATAFLOW,OECD.ELS.HD:DSD_SHA@DF_SHA(1.0),Health expenditure and financing,I,ITA,Italy,A,Annual,EXP_HEALTH,Expenditure,USD_PPP_PS,"US dollars per person, PPP converted",_T,Total,_Z,Not application,_T,Total,_T,Total,_T,Total,_Z,Not applicable,_Z,Not applicable,Q,Constant prices,2017,,3897.651,,2020,,,,,,,,,,0,Units,1,One
DATAFLOW,OECD.ELS.HD:DSD_SHA@DF_SHA(1.0),Health expenditure and financing,I,ITA,Italy,A,Annual,EXP_HEALTH,Expenditure,USD_PPP_PS,"US dollars per person, PPP converted",_T,Total,_Z,Not application,_T,Total,_T,Total,_T,Total,_Z,Not applicable,_Z,Not applicable,Q,Constant prices,2018,,3901.229,,2020,,,,,,,,,,0,Units,1,One
DATAFLOW,OECD.ELS.HD:DSD_SHA@DF_SHA(1.0),Health expenditure and financing,I,ITA,Italy,A,Annual,EXP_HEALTH,Expenditure,USD_PPP_PS,"US dollars per person, PPP converted",_T,Total,_Z,Not application,_T,Total,_T,Total,_T,Total,_Z,Not applicable,_Z,Not applicable,Q,Constant prices,2020,,4027.251,,2020,,,,,,,,,,0,Units,1,One
DATAFLOW,OECD.ELS.HD:DSD_SHA@DF_SHA(1.0),Health expenditure and financing,I,ITA,Italy,A,Annual,EXP_HEALTH,Expenditure,USD_PPP_PS,"US dollars per person, PPP converted",_T,Total,_Z,Not application,_T,Total,_T,Total,_T,Total,_Z,Not applicable,_Z,Not applicable,Q,Constant prices,2021,,4269.413,,2020,,,,,,,,,,0,Units,1,One
DATAFLOW,OECD.ELS.HD:DSD_SHA@DF_SHA(1.0),Health expenditure and financing,I,ITA,Italy,A,Annual,EXP_HEALTH,Expenditure,USD_PPP_PS,"US dollars per person, PPP converted",_T,Total,_Z,Not application,_T,Total,_T,Total,_T,Total,_Z,Not applicable,_Z,Not applicable,Q,Constant prices,2022,,4164.445,,2020,,,,,,,,,,0,Units,1,One
DATAFLOW,OECD.ELS.HD:DSD_SHA@DF_SHA(1.0),Health expenditure and financing,I,ITA,Italy,A,Annual,EXP_HEALTH,Expenditure,USD_PPP_PS,"US dollars per person, PPP converted",_T,Total,_Z,Not application,_T,Total,_T,Total,_T,Total,_Z,Not applicable,_Z,Not applicable,Q,Constant prices,2000,,3465.071,,2020,,,,,,,,,,0,Units,1,One
DATAFLOW,OECD.ELS.HD:DSD_SHA@DF_SHA(1.0),Health expenditure and financing,I,ITA,Italy,A,Annual,EXP_HEALTH,Expenditure,USD_PPP_PS,"US dollars per person, PPP converted",_T,Total,_Z,Not application,_T,Total,_T,Total,_T,Total,_Z,Not applicable,_Z,Not applicable,Q,Constant prices,2001,,3623.093,,2020,,,,,,,,,,0,Units,1,One
DATAFLOW,OECD.ELS.HD:DSD_SHA@DF_SHA(1.0),Health expenditure and financing,I,ITA,Italy,A,Annual,EXP_HEALTH,Expenditure,USD_PPP_PS,"US dollars per person, PPP converted",_T,Total,_Z,Not application,_T,Total,_T,Total,_T,Total,_Z,Not applicable,_Z,Not applicable,Q,Constant prices,2002,,3699.086,,2020,,,,,,,,,,0,Units,1,One
DATAFLOW,OECD.ELS.HD:DSD_SHA@DF_SHA(1.0),Health expenditure and financing,I,ITA,Italy,A,Annual,EXP_HEALTH,Expenditure,USD_PPP_PS,"US dollars per person, PPP converted",_T,Total,_Z,Not application,_T,Total,_T,Total,_T,Total,_Z,Not applicable,_Z,Not applicable,Q,Constant prices,2003,,3670.812,,2020,,,,,,,,,,0,Units,1,One
DATAFLOW,OECD.ELS.HD:DSD_SHA@DF_SHA(1.0),Health expenditure and financing,I,ITA,Italy,A,Annual,EXP_HEALTH,Expenditure,USD_PPP_PS,"US dollars per person, PPP converted",_T,Total,_Z,Not application,_T,Total,_T,Total,_T,Total,_Z,Not applicable,_Z,Not applicable,Q,Constant prices,2004,,3854.506,,2020,,,,,,,,,,0,Units,1,One
DATAFLOW,OECD.ELS.HD:DSD_SHA@DF_SHA(1.0),Health expenditure and financing,I,ITA,Italy,A,Annual,EXP_HEALTH,Expenditure,USD_PPP_PS,"US dollars per person, PPP converted",_T,Total,_Z,Not application,_T,Total,_T,Total,_T,Total,_Z,Not applicable,_Z,Not applicable,Q,Constant prices,2005,,3923.952,,2020,,,,,,,,,,0,Units,1,One
DATAFLOW,OECD.ELS.HD:DSD_SHA@DF_SHA(1.0),Health expenditure and financing,I,ITA,Italy,A,Annual,EXP_HEALTH,Expenditure,USD_PPP_PS,"US dollars per person, PPP converted",_T,Total,_Z,Not application,_T,Total,_T,Total,_T,Total,_Z,Not applicable,_Z,Not applicable,Q,Constant prices,2023,,4046.196,,2020,,,,,,,,,,0,Units,1,One
DATAFLOW,OECD.ELS.HD:DSD_SHA@DF_SHA(1.0),Health expenditure and financing,I,ITA,Italy,A,Annual,EXP_HEALTH,Expenditure,USD_PPP_PS,"US dollars per person, PPP converted",_T,Total,_Z,Not application,_T,Total,_T,Total,_T,Total,_Z,Not applicable,_Z,Not applicable,Q,Constant prices,2019,,3931.603,,2020,,,,,,,,,,0,Units,1,One
DATAFLOW,OECD.ELS.HD:DSD_SHA@DF_SHA(1.0),Health expenditure and financing,I,ITA,Italy,A,Annual,EXP_HEALTH,Expenditure,USD_PPP_PS,"US dollars per person, PPP converted",_T,Total,_Z,Not application,_T,Total,_T,Total,_T,Total,_Z,Not applicable,_Z,Not applicable,Q,Constant prices,2024,,4108.979,,2020,,,,P,Provisional value,,,,,0,Units,1,One
DATAFLOW,OECD.ELS.HD:DSD_SHA@DF_SHA(1.0),Health expenditure and financing,I,ITA,Italy,A,Annual,EXP_HEALTH,Expenditure,USD_PPP_PS,"US dollars per person, PPP converted",_T,Total,_Z,Not application,_T,Total,_T,Total,_T,Total,_Z,Not applicable,_Z,Not applicable,Q,Constant prices,2007,,3897.346,,2020,,,,,,,,,,0,Units,1,One
DATAFLOW,OECD.ELS.HD:DSD_SHA@DF_SHA(1.0),Health expenditure and financing,I,ITA,Italy,A,Annual,EXP_HEALTH,Expenditure,USD_PPP_PS,"US dollars per person, PPP converted",_T,Total,_Z,Not application,_T,Total,_T,Total,_T,Total,_Z,Not applicable,_Z,Not applicable,Q,Constant prices,2006,,3992.867,,2020,,,,,,,,,,0,Units,1,One
DATAFLOW,OECD.ELS.HD:DSD_SHA@DF_SHA(1.0),Health expenditure and financing,I,JPN,Japan,A,Annual,EXP_HEALTH,Expenditure,USD_PPP_PS,"US dollars per person, PPP converted",_T,Total,_Z,Not application,_T,Total,_T,Total,_T,Total,_Z,Not applicable,_Z,Not applicable,Q,Constant prices,2003,,2980.763,,2020,,,,,,,,,,0,Units,1,One
DATAFLOW,OECD.ELS.HD:DSD_SHA@DF_SHA(1.0),Health expenditure and financing,I,JPN,Japan,A,Annual,EXP_HEALTH,Expenditure,USD_PPP_PS,"US dollars per person, PPP converted",_T,Total,_Z,Not application,_T,Total,_T,Total,_T,Total,_Z,Not applicable,_Z,Not applicable,Q,Constant prices,2002,,2901.319,,2020,,,,,,,,,,0,Units,1,One
DATAFLOW,OECD.ELS.HD:DSD_SHA@DF_SHA(1.0),Health expenditure and financing,I,JPN,Japan,A,Annual,EXP_HEALTH,Expenditure,USD_PPP_PS,"US dollars per person, PPP converted",_T,Total,_Z,Not application,_T,Total,_T,Total,_T,Total,_Z,Not applicable,_Z,Not applicable,Q,Constant prices,2014,,4409.354,,2020,,,,,,,,,,0,Units,1,One
DATAFLOW,OECD.ELS.HD:DSD_SHA@DF_SHA(1.0),Health expenditure and financing,I,JPN,Japan,A,Annual,EXP_HEALTH,Expenditure,USD_PPP_PS,"US dollars per person, PPP converted",_T,Total,_Z,Not application,_T,Total,_T,Total,_T,Total,_Z,Not applicable,_Z,Not applicable,Q,Constant prices,2021,,5254.054,,2020,,,,,,,,,,0,Units,1,One
DATAFLOW,OECD.ELS.HD:DSD_SHA@DF_SHA(1.0),Health expenditure and financing,I,JPN,Japan,A,Annual,EXP_HEALTH,Expenditure,USD_PPP_PS,"US dollars per person, PPP converted",_T,Total,_Z,Not application,_T,Total,_T,Total,_T,Total,_Z,Not applicable,_Z,Not applicable,Q,Constant prices,2020,,4856.295,,2020,,,,,,,,,,0,Units,1,One
DATAFLOW,OECD.ELS.HD:DSD_SHA@DF_SHA(1.0),Health expenditure and financing,I,JPN,Japan,A,Annual,EXP_HEALTH,Expenditure,USD_PPP_PS,"US dollars per person, PPP converted",_T,Total,_Z,Not application,_T,Total,_T,Total,_T,Total,_Z,Not applicable,_Z,Not applicable,Q,Constant prices,2001,,2858.965,,2020,,,,,,,,,,0,Units,1,One
DATAFLOW,OECD.ELS.HD:DSD_SHA@DF_SHA(1.0),Health expenditure and financing,I,JPN,Japan,A,Annual,EXP_HEALTH,Expenditure,USD_PPP_PS,"US dollars per person, PPP converted",_T,Total,_Z,Not application,_T,Total,_T,Total,_T,Total,_Z,Not applicable,_Z,Not applicable,Q,Constant prices,2009,,3471.719,,2020,,,,,,,,,,0,Units,1,One
DATAFLOW,OECD.ELS.HD:DSD_SHA@DF_SHA(1.0),Health expenditure and financing,I,JPN,Japan,A,Annual,EXP_HEALTH,Expenditure,USD_PPP_PS,"US dollars per person, PPP converted",_T,Total,_Z,Not application,_T,Total,_T,Total,_T,Total,_Z,Not applicable,_Z,Not applicable,Q,Constant prices,2013,,4374.052,,2020,,,,,,,,,,0,Units,1,One
DATAFLOW,OECD.ELS.HD:DSD_SHA@DF_SHA(1.0),Health expenditure and financing,I,JPN,Japan,A,Annual,EXP_HEALTH,Expenditure,USD_PPP_PS,"US dollars per person, PPP converted",_T,Total,_Z,Not application,_T,Total,_T,Total,_T,Total,_Z,Not applicable,_Z,Not applicable,Q,Constant prices,2012,,4289.57,,2020,,,,,,,,,,0,Units,1,One
DATAFLOW,OECD.ELS.HD:DSD_SHA@DF_SHA(1.0),Health expenditure and financing,I,JPN,Japan,A,Annual,EXP_HEALTH,Expenditure,USD_PPP_PS,"US dollars per person, PPP converted",_T,Total,_Z,Not application,_T,Total,_T,Total,_T,Total,_Z,Not applicable,_Z,Not applicable,Q,Constant prices,2004,,3049.11,,2020,,,,,,,,,,0,Units,1,One
DATAFLOW,OECD.ELS.HD:DSD_SHA@DF_SHA(1.0),Health expenditure and financing,I,JPN,Japan,A,Annual,EXP_HEALTH,Expenditure,USD_PPP_PS,"US dollars per person, PPP converted",_T,Total,_Z,Not application,_T,Total,_T,Total,_T,Total,_Z,Not applicable,_Z,Not applicable,Q,Constant prices,2008,,3276.468,,2020,,,,,,,,,,0,Units,1,One
DATAFLOW,OECD.ELS.HD:DSD_SHA@DF_SHA(1.0),Health expenditure and financing,I,JPN,Japan,A,Annual,EXP_HEALTH,Expenditure,USD_PPP_PS,"US dollars per person, PPP converted",_T,Total,_Z,Not application,_T,Total,_T,Total,_T,Total,_Z,Not applicable,_Z,Not applicable,Q,Constant prices,2005,,3137.991,,2020,,,,,,,,,,0,Units,1,One
DATAFLOW,OECD.ELS.HD:DSD_SHA@DF_SHA(1.0),Health expenditure and financing,I,JPN,Japan,A,Annual,EXP_HEALTH,Expenditure,USD_PPP_PS,"US dollars per person, PPP converted",_T,Total,_Z,Not application,_T,Total,_T,Total,_T,Total,_Z,Not applicable,_Z,Not applicable,Q,Constant prices,2024,,4779.563,,2020,,,,E,Estimated value,,,,,0,Units,1,One
DATAFLOW,OECD.ELS.HD:DSD_SHA@DF_SHA(1.0),Health expenditure and financing,I,JPN,Japan,A,Annual,EXP_HEALTH,Expenditure,USD_PPP_PS,"US dollars per person, PPP converted",_T,Total,_Z,Not application,_T,Total,_T,Total,_T,Total,_Z,Not applicable,_Z,Not applicable,Q,Constant prices,2023,,4805.684,,2020,,,,B,Time series break,P,Provisional value,,,0,Units,1,One
DATAFLOW,OECD.ELS.HD:DSD_SHA@DF_SHA(1.0),Health expenditure and financing,I,JPN,Japan,A,Annual,EXP_HEALTH,Expenditure,USD_PPP_PS,"US dollars per person, PPP converted",_T,Total,_Z,Not application,_T,Total,_T,Total,_T,Total,_Z,Not applicable,_Z,Not applicable,Q,Constant prices,2022,,5330.394,,2020,,,,,,,,,,0,Units,1,One
DATAFLOW,OECD.ELS.HD:DSD_SHA@DF_SHA(1.0),Health expenditure and financing,I,JPN,Japan,A,Annual,EXP_HEALTH,Expenditure,USD_PPP_PS,"US dollars per person, PPP converted",_T,Total,_Z,Not application,_T,Total,_T,Total,_T,Total,_Z,Not applicable,_Z,Not applicable,Q,Constant prices,2015,,4565.855,,2020,,,,,,,,,,0,Units,1,One
DATAFLOW,OECD.ELS.HD:DSD_SHA@DF_SHA(1.0),Health expenditure and financing,I,JPN,Japan,A,Annual,EXP_HEALTH,Expenditure,USD_PPP_PS,"US dollars per person, PPP converted",_T,Total,_Z,Not application,_T,Total,_T,Total,_T,Total,_Z,Not applicable,_Z,Not applicable,Q,Constant prices,2017,,4658.361,,2020,,,,,,,,,,0,Units,1,One
DATAFLOW,OECD.ELS.HD:DSD_SHA@DF_SHA(1.0),Health expenditure and financing,I,JPN,Japan,A,Annual,EXP_HEALTH,Expenditure,USD_PPP_PS,"US dollars per person, PPP converted",_T,Total,_Z,Not application,_T,Total,_T,Total,_T,Total,_Z,Not applicable,_Z,Not applicable,Q,Constant prices,2019,,4805.742,,2020,,,,,,,,,,0,Units,1,One
DATAFLOW,OECD.ELS.HD:DSD_SHA@DF_SHA(1.0),Health expenditure and financing,I,JPN,Japan,A,Annual,EXP_HEALTH,Expenditure,USD_PPP_PS,"US dollars per person, PPP converted",_T,Total,_Z,Not application,_T,Total,_T,Total,_T,Total,_Z,Not applicable,_Z,Not applicable,Q,Constant prices,2016,,4597.065,,2020,,,,,,,,,,0,Units,1,One
DATAFLOW,OECD.ELS.HD:DSD_SHA@DF_SHA(1.0),Health expenditure and financing,I,JPN,Japan,A,Annual,EXP_HEALTH,Expenditure,USD_PPP_PS,"US dollars per person, PPP converted",_T,Total,_Z,Not application,_T,Total,_T,Total,_T,Total,_Z,Not applicable,_Z,Not applicable,Q,Constant prices,2018,,4705.324,,2020,,,,,,,,,,0,Units,1,One
DATAFLOW,OECD.ELS.HD:DSD_SHA@DF_SHA(1.0),Health expenditure and financing,I,JPN,Japan,A,Annual,EXP_HEALTH,Expenditure,USD_PPP_PS,"US dollars per person, PPP converted",_T,Total,_Z,Not application,_T,Total,_T,Total,_T,Total,_Z,Not applicable,_Z,Not applicable,Q,Constant prices,2011,,4159.663,,2020,,,,B,Time series break,,,,,0,Units,1,One
DATAFLOW,OECD.ELS.HD:DSD_SHA@DF_SHA(1.0),Health expenditure and financing,I,JPN,Japan,A,Annual,EXP_HEALTH,Expenditure,USD_PPP_PS,"US dollars per person, PPP converted",_T,Total,_Z,Not application,_T,Total,_T,Total,_T,Total,_Z,Not applicable,_Z,Not applicable,Q,Constant prices,2010,,3631.734,,2020,,,,,,,,,,0,Units,1,One
DATAFLOW,OECD.ELS.HD:DSD_SHA@DF_SHA(1.0),Health expenditure and financing,I,JPN,Japan,A,Annual,EXP_HEALTH,Expenditure,USD_PPP_PS,"US dollars per person, PPP converted",_T,Total,_Z,Not application,_T,Total,_T,Total,_T,Total,_Z,Not applicable,_Z,Not applicable,Q,Constant prices,2000,,2774.042,,2020,,,,,,,,,,0,Units,1,One
DATAFLOW,OECD.ELS.HD:DSD_SHA@DF_SHA(1.0),Health expenditure and financing,I,JPN,Japan,A,Annual,EXP_HEALTH,Expenditure,USD_PPP_PS,"US dollars per person, PPP converted",_T,Total,_Z,Not application,_T,Total,_T,Total,_T,Total,_Z,Not applicable,_Z,Not applicable,Q,Constant prices,2006,,3167.118,,2020,,,,,,,,,,0,Units,1,One
DATAFLOW,OECD.ELS.HD:DSD_SHA@DF_SHA(1.0),Health expenditure and financing,I,JPN,Japan,A,Annual,EXP_HEALTH,Expenditure,USD_PPP_PS,"US dollars per person, PPP converted",_T,Total,_Z,Not application,_T,Total,_T,Total,_T,Total,_Z,Not applicable,_Z,Not applicable,Q,Constant prices,2007,,3237.999,,2020,,,,,,,,,,0,Units,1,One
DATAFLOW,OECD.ELS.HD:DSD_SHA@DF_SHA(1.0),Health expenditure and financing,I,KOR,Korea,A,Annual,EXP_HEALTH,Expenditure,USD_PPP_PS,"US dollars per person, PPP converted",_T,Total,_Z,Not application,_T,Total,_T,Total,_T,Total,_Z,Not applicable,_Z,Not applicable,Q,Constant prices,2000,,971.327,,2020,,,,,,,,,,0,Units,1,One
DATAFLOW,OECD.ELS.HD:DSD_SHA@DF_SHA(1.0),Health expenditure and financing,I,KOR,Korea,A,Annual,EXP_HEALTH,Expenditure,USD_PPP_PS,"US dollars per person, PPP converted",_T,Total,_Z,Not application,_T,Total,_T,Total,_T,Total,_Z,Not applicable,_Z,Not applicable,Q,Constant prices,2024,,4080.05,,2020,,,,P,Provisional value,,,,,0,Units,1,One
DATAFLOW,OECD.ELS.HD:DSD_SHA@DF_SHA(1.0),Health expenditure and financing,I,KOR,Korea,A,Annual,EXP_HEALTH,Expenditure,USD_PPP_PS,"US dollars per person, PPP converted",_T,Total,_Z,Not application,_T,Total,_T,Total,_T,Total,_Z,Not applicable,_Z,Not applicable,Q,Constant prices,2007,,1692.438,,2020,,,,,,,,,,0,Units,1,One
DATAFLOW,OECD.ELS.HD:DSD_SHA@DF_SHA(1.0),Health expenditure and financing,I,KOR,Korea,A,Annual,EXP_HEALTH,Expenditure,USD_PPP_PS,"US dollars per person, PPP converted",_T,Total,_Z,Not application,_T,Total,_T,Total,_T,Total,_Z,Not applicable,_Z,Not applicable,Q,Constant prices,2008,,1798.315,,2020,,,,,,,,,,0,Units,1,One
DATAFLOW,OECD.ELS.HD:DSD_SHA@DF_SHA(1.0),Health expenditure and financing,I,KOR,Korea,A,Annual,EXP_HEALTH,Expenditure,USD_PPP_PS,"US dollars per person, PPP converted",_T,Total,_Z,Not application,_T,Total,_T,Total,_T,Total,_Z,Not applicable,_Z,Not applicable,Q,Constant prices,2009,,1972.492,,2020,,,,,,,,,,0,Units,1,One
DATAFLOW,OECD.ELS.HD:DSD_SHA@DF_SHA(1.0),Health expenditure and financing,I,KOR,Korea,A,Annual,EXP_HEALTH,Expenditure,USD_PPP_PS,"US dollars per person, PPP converted",_T,Total,_Z,Not application,_T,Total,_T,Total,_T,Total,_Z,Not applicable,_Z,Not applicable,Q,Constant prices,2010,,2152.556,,2020,,,,,,,,,,0,Units,1,One
DATAFLOW,OECD.ELS.HD:DSD_SHA@DF_SHA(1.0),Health expenditure and financing,I,KOR,Korea,A,Annual,EXP_HEALTH,Expenditure,USD_PPP_PS,"US dollars per person, PPP converted",_T,Total,_Z,Not application,_T,Total,_T,Total,_T,Total,_Z,Not applicable,_Z,Not applicable,Q,Constant prices,2011,,2203.788,,2020,,,,,,,,,,0,Units,1,One
DATAFLOW,OECD.ELS.HD:DSD_SHA@DF_SHA(1.0),Health expenditure and financing,I,KOR,Korea,A,Annual,EXP_HEALTH,Expenditure,USD_PPP_PS,"US dollars per person, PPP converted",_T,Total,_Z,Not application,_T,Total,_T,Total,_T,Total,_Z,Not applicable,_Z,Not applicable,Q,Constant prices,2012,,2250.775,,2020,,,,,,,,,,0,Units,1,One
DATAFLOW,OECD.ELS.HD:DSD_SHA@DF_SHA(1.0),Health expenditure and financing,I,KOR,Korea,A,Annual,EXP_HEALTH,Expenditure,USD_PPP_PS,"US dollars per person, PPP converted",_T,Total,_Z,Not application,_T,Total,_T,Total,_T,Total,_Z,Not applicable,_Z,Not applicable,Q,Constant prices,2013,,2354.91,,2020,,,,,,,,,,0,Units,1,One
DATAFLOW,OECD.ELS.HD:DSD_SHA@DF_SHA(1.0),Health expenditure and financing,I,KOR,Korea,A,Annual,EXP_HEALTH,Expenditure,USD_PPP_PS,"US dollars per person, PPP converted",_T,Total,_Z,Not application,_T,Total,_T,Total,_T,Total,_Z,Not applicable,_Z,Not applicable,Q,Constant prices,2014,,2479.069,,2020,,,,,,,,,,0,Units,1,One
DATAFLOW,OECD.ELS.HD:DSD_SHA@DF_SHA(1.0),Health expenditure and financing,I,KOR,Korea,A,Annual,EXP_HEALTH,Expenditure,USD_PPP_PS,"US dollars per person, PPP converted",_T,Total,_Z,Not application,_T,Total,_T,Total,_T,Total,_Z,Not applicable,_Z,Not applicable,Q,Constant prices,2015,,2683.729,,2020,,,,,,,,,,0,Units,1,One
DATAFLOW,OECD.ELS.HD:DSD_SHA@DF_SHA(1.0),Health expenditure and financing,I,KOR,Korea,A,Annual,EXP_HEALTH,Expenditure,USD_PPP_PS,"US dollars per person, PPP converted",_T,Total,_Z,Not application,_T,Total,_T,Total,_T,Total,_Z,Not applicable,_Z,Not applicable,Q,Constant prices,2016,,2850.466,,2020,,,,,,,,,,0,Units,1,One
DATAFLOW,OECD.ELS.HD:DSD_SHA@DF_SHA(1.0),Health expenditure and financing,I,KOR,Korea,A,Annual,EXP_HEALTH,Expenditure,USD_PPP_PS,"US dollars per person, PPP converted",_T,Total,_Z,Not application,_T,Total,_T,Total,_T,Total,_Z,Not applicable,_Z,Not applicable,Q,Constant prices,2017,,3008.663,,2020,,,,,,,,,,0,Units,1,One
DATAFLOW,OECD.ELS.HD:DSD_SHA@DF_SHA(1.0),Health expenditure and financing,I,KOR,Korea,A,Annual,EXP_HEALTH,Expenditure,USD_PPP_PS,"US dollars per person, PPP converted",_T,Total,_Z,Not application,_T,Total,_T,Total,_T,Total,_Z,Not applicable,_Z,Not applicable,Q,Constant prices,2018,,3214.47,,2020,,,,,,,,,,0,Units,1,One
DATAFLOW,OECD.ELS.HD:DSD_SHA@DF_SHA(1.0),Health expenditure and financing,I,KOR,Korea,A,Annual,EXP_HEALTH,Expenditure,USD_PPP_PS,"US dollars per person, PPP converted",_T,Total,_Z,Not application,_T,Total,_T,Total,_T,Total,_Z,Not applicable,_Z,Not applicable,Q,Constant prices,2019,,3478.146,,2020,,,,,,,,,,0,Units,1,One
DATAFLOW,OECD.ELS.HD:DSD_SHA@DF_SHA(1.0),Health expenditure and financing,I,KOR,Korea,A,Annual,EXP_HEALTH,Expenditure,USD_PPP_PS,"US dollars per person, PPP converted",_T,Total,_Z,Not application,_T,Total,_T,Total,_T,Total,_Z,Not applicable,_Z,Not applicable,Q,Constant prices,2020,,3618.078,,2020,,,,,,,,,,0,Units,1,One
DATAFLOW,OECD.ELS.HD:DSD_SHA@DF_SHA(1.0),Health expenditure and financing,I,KOR,Korea,A,Annual,EXP_HEALTH,Expenditure,USD_PPP_PS,"US dollars per person, PPP converted",_T,Total,_Z,Not application,_T,Total,_T,Total,_T,Total,_Z,Not applicable,_Z,Not applicable,Q,Constant prices,2001,,1114.389,,2020,,,,B,Time series break,,,,,0,Units,1,One
DATAFLOW,OECD.ELS.HD:DSD_SHA@DF_SHA(1.0),Health expenditure and financing,I,KOR,Korea,A,Annual,EXP_HEALTH,Expenditure,USD_PPP_PS,"US dollars per person, PPP converted",_T,Total,_Z,Not application,_T,Total,_T,Total,_T,Total,_Z,Not applicable,_Z,Not applicable,Q,Constant prices,2005,,1456.282,,2020,,,,,,,,,,0,Units,1,One
DATAFLOW,OECD.ELS.HD:DSD_SHA@DF_SHA(1.0),Health expenditure and financing,I,KOR,Korea,A,Annual,EXP_HEALTH,Expenditure,USD_PPP_PS,"US dollars per person, PPP converted",_T,Total,_Z,Not application,_T,Total,_T,Total,_T,Total,_Z,Not applicable,_Z,Not applicable,Q,Constant prices,2006,,1597.519,,2020,,,,,,,,,,0,Units,1,One
DATAFLOW,OECD.ELS.HD:DSD_SHA@DF_SHA(1.0),Health expenditure and financing,I,KOR,Korea,A,Annual,EXP_HEALTH,Expenditure,USD_PPP_PS,"US dollars per person, PPP converted",_T,Total,_Z,Not application,_T,Total,_T,Total,_T,Total,_Z,Not applicable,_Z,Not applicable,Q,Constant prices,2002,,1115.33,,2020,,,,,,,,,,0,Units,1,One
DATAFLOW,OECD.ELS.HD:DSD_SHA@DF_SHA(1.0),Health expenditure and financing,I,KOR,Korea,A,Annual,EXP_HEALTH,Expenditure,USD_PPP_PS,"US dollars per person, PPP converted",_T,Total,_Z,Not application,_T,Total,_T,Total,_T,Total,_Z,Not applicable,_Z,Not applicable,Q,Constant prices,2003,,1304.625,,2020,,,,,,,,,,0,Units,1,One
DATAFLOW,OECD.ELS.HD:DSD_SHA@DF_SHA(1.0),Health expenditure and financing,I,KOR,Korea,A,Annual,EXP_HEALTH,Expenditure,USD_PPP_PS,"US dollars per person, PPP converted",_T,Total,_Z,Not application,_T,Total,_T,Total,_T,Total,_Z,Not applicable,_Z,Not applicable,Q,Constant prices,2004,,1351.043,,2020,,,,,,,,,,0,Units,1,One
DATAFLOW,OECD.ELS.HD:DSD_SHA@DF_SHA(1.0),Health expenditure and financing,I,KOR,Korea,A,Annual,EXP_HEALTH,Expenditure,USD_PPP_PS,"US dollars per person, PPP converted",_T,Total,_Z,Not application,_T,Total,_T,Total,_T,Total,_Z,Not applicable,_Z,Not applicable,Q,Constant prices,2021,,3957.977,,2020,,,,,,,,,,0,Units,1,One
DATAFLOW,OECD.ELS.HD:DSD_SHA@DF_SHA(1.0),Health expenditure and financing,I,KOR,Korea,A,Annual,EXP_HEALTH,Expenditure,USD_PPP_PS,"US dollars per person, PPP converted",_T,Total,_Z,Not application,_T,Total,_T,Total,_T,Total,_Z,Not applicable,_Z,Not applicable,Q,Constant prices,2022,,4220.068,,2020,,,,,,,,,,0,Units,1,One
DATAFLOW,OECD.ELS.HD:DSD_SHA@DF_SHA(1.0),Health expenditure and financing,I,KOR,Korea,A,Annual,EXP_HEALTH,Expenditure,USD_PPP_PS,"US dollars per person, PPP converted",_T,Total,_Z,Not application,_T,Total,_T,Total,_T,Total,_Z,Not applicable,_Z,Not applicable,Q,Constant prices,2023,,4055.438,,2020,,,,,,,,,,0,Units,1,One
DATAFLOW,OECD.ELS.HD:DSD_SHA@DF_SHA(1.0),Health expenditure and financing,I,LVA,Latvia,A,Annual,EXP_HEALTH,Expenditure,USD_PPP_PS,"US dollars per person, PPP converted",_T,Total,_Z,Not application,_T,Total,_T,Total,_T,Total,_Z,Not applicable,_Z,Not applicable,Q,Constant prices,2003,,935.814,,2020,,,,E,Estimated value,,,,,0,Units,1,One
DATAFLOW,OECD.ELS.HD:DSD_SHA@DF_SHA(1.0),Health expenditure and financing,I,LVA,Latvia,A,Annual,EXP_HEALTH,Expenditure,USD_PPP_PS,"US dollars per person, PPP converted",_T,Total,_Z,Not application,_T,Total,_T,Total,_T,Total,_Z,Not applicable,_Z,Not applicable,Q,Constant prices,2002,,895.568,,2020,,,,E,Estimated value,,,,,0,Units,1,One
DATAFLOW,OECD.ELS.HD:DSD_SHA@DF_SHA(1.0),Health expenditure and financing,I,LVA,Latvia,A,Annual,EXP_HEALTH,Expenditure,USD_PPP_PS,"US dollars per person, PPP converted",_T,Total,_Z,Not application,_T,Total,_T,Total,_T,Total,_Z,Not applicable,_Z,Not applicable,Q,Constant prices,2001,,814.345,,2020,,,,E,Estimated value,,,,,0,Units,1,One
DATAFLOW,OECD.ELS.HD:DSD_SHA@DF_SHA(1.0),Health expenditure and financing,I,LVA,Latvia,A,Annual,EXP_HEALTH,Expenditure,USD_PPP_PS,"US dollars per person, PPP converted",_T,Total,_Z,Not application,_T,Total,_T,Total,_T,Total,_Z,Not applicable,_Z,Not applicable,Q,Constant prices,2000,,716.232,,2020,,,,E,Estimated value,,,,,0,Units,1,One
DATAFLOW,OECD.ELS.HD:DSD_SHA@DF_SHA(1.0),Health expenditure and financing,I,LVA,Latvia,A,Annual,EXP_HEALTH,Expenditure,USD_PPP_PS,"US dollars per person, PPP converted",_T,Total,_Z,Not application,_T,Total,_T,Total,_T,Total,_Z,Not applicable,_Z,Not applicable,Q,Constant prices,2004,,1160.963,,2020,,,,,,,,,,0,Units,1,One
DATAFLOW,OECD.ELS.HD:DSD_SHA@DF_SHA(1.0),Health expenditure and financing,I,LVA,Latvia,A,Annual,EXP_HEALTH,Expenditure,USD_PPP_PS,"US dollars per person, PPP converted",_T,Total,_Z,Not application,_T,Total,_T,Total,_T,Total,_Z,Not applicable,_Z,Not applicable,Q,Constant prices,2005,,1250.665,,2020,,,,,,,,,,0,Units,1,One
DATAFLOW,OECD.ELS.HD:DSD_SHA@DF_SHA(1.0),Health expenditure and financing,I,LVA,Latvia,A,Annual,EXP_HEALTH,Expenditure,USD_PPP_PS,"US dollars per person, PPP converted",_T,Total,_Z,Not application,_T,Total,_T,Total,_T,Total,_Z,Not applicable,_Z,Not applicable,Q,Constant prices,2006,,1447.993,,2020,,,,,,,,,,0,Units,1,One
DATAFLOW,OECD.ELS.HD:DSD_SHA@DF_SHA(1.0),Health expenditure and financing,I,LVA,Latvia,A,Annual,EXP_HEALTH,Expenditure,USD_PPP_PS,"US dollars per person, PPP converted",_T,Total,_Z,Not application,_T,Total,_T,Total,_T,Total,_Z,Not applicable,_Z,Not applicable,Q,Constant prices,2007,,1656.789,,2020,,,,,,,,,,0,Units,1,One
DATAFLOW,OECD.ELS.HD:DSD_SHA@DF_SHA(1.0),Health expenditure and financing,I,LVA,Latvia,A,Annual,EXP_HEALTH,Expenditure,USD_PPP_PS,"US dollars per person, PPP converted",_T,Total,_Z,Not application,_T,Total,_T,Total,_T,Total,_Z,Not applicable,_Z,Not applicable,Q,Constant prices,2008,,1588.126,,2020,,,,,,,,,,0,Units,1,One
DATAFLOW,OECD.ELS.HD:DSD_SHA@DF_SHA(1.0),Health expenditure and financing,I,LVA,Latvia,A,Annual,EXP_HEALTH,Expenditure,USD_PPP_PS,"US dollars per person, PPP converted",_T,Total,_Z,Not application,_T,Total,_T,Total,_T,Total,_Z,Not applicable,_Z,Not applicable,Q,Constant prices,2009,,1360.854,,2020,,,,,,,,,,0,Units,1,One
DATAFLOW,OECD.ELS.HD:DSD_SHA@DF_SHA(1.0),Health expenditure and financing,I,LVA,Latvia,A,Annual,EXP_HEALTH,Expenditure,USD_PPP_PS,"US dollars per person, PPP converted",_T,Total,_Z,Not application,_T,Total,_T,Total,_T,Total,_Z,Not applicable,_Z,Not applicable,Q,Constant prices,2010,,1360.401,,2020,,,,,,,,,,0,Units,1,One
DATAFLOW,OECD.ELS.HD:DSD_SHA@DF_SHA(1.0),Health expenditure and financing,I,LVA,Latvia,A,Annual,EXP_HEALTH,Expenditure,USD_PPP_PS,"US dollars per person, PPP converted",_T,Total,_Z,Not application,_T,Total,_T,Total,_T,Total,_Z,Not applicable,_Z,Not applicable,Q,Constant prices,2011,,1362.259,,2020,,,,,,,,,,0,Units,1,One
DATAFLOW,OECD.ELS.HD:DSD_SHA@DF_SHA(1.0),Health expenditure and financing,I,LVA,Latvia,A,Annual,EXP_HEALTH,Expenditure,USD_PPP_PS,"US dollars per person, PPP converted",_T,Total,_Z,Not application,_T,Total,_T,Total,_T,Total,_Z,Not applicable,_Z,Not applicable,Q,Constant prices,2012,,1417.399,,2020,,,,,,,,,,0,Units,1,One
DATAFLOW,OECD.ELS.HD:DSD_SHA@DF_SHA(1.0),Health expenditure and financing,I,LVA,Latvia,A,Annual,EXP_HEALTH,Expenditure,USD_PPP_PS,"US dollars per person, PPP converted",_T,Total,_Z,Not application,_T,Total,_T,Total,_T,Total,_Z,Not applicable,_Z,Not applicable,Q,Constant prices,2013,,1474.067,,2020,,,,,,,,,,0,Units,1,One
DATAFLOW,OECD.ELS.HD:DSD_SHA@DF_SHA(1.0),Health expenditure and financing,I,LVA,Latvia,A,Annual,EXP_HEALTH,Expenditure,USD_PPP_PS,"US dollars per person, PPP converted",_T,Total,_Z,Not application,_T,Total,_T,Total,_T,Total,_Z,Not applicable,_Z,Not applicable,Q,Constant prices,2014,,1548.816,,2020,,,,,,,,,,0,Units,1,One
DATAFLOW,OECD.ELS.HD:DSD_SHA@DF_SHA(1.0),Health expenditure and financing,I,LVA,Latvia,A,Annual,EXP_HEALTH,Expenditure,USD_PPP_PS,"US dollars per person, PPP converted",_T,Total,_Z,Not application,_T,Total,_T,Total,_T,Total,_Z,Not applicable,_Z,Not applicable,Q,Constant prices,2023,,2493.602,,2020,,,,,,,,,,0,Units,1,One
DATAFLOW,OECD.ELS.HD:DSD_SHA@DF_SHA(1.0),Health expenditure and financing,I,LVA,Latvia,A,Annual,EXP_HEALTH,Expenditure,USD_PPP_PS,"US dollars per person, PPP converted",_T,Total,_Z,Not application,_T,Total,_T,Total,_T,Total,_Z,Not applicable,_Z,Not applicable,Q,Constant prices,2019,,2242.39,,2020,,,,B,Time series break,,,,,0,Units,1,One
DATAFLOW,OECD.ELS.HD:DSD_SHA@DF_SHA(1.0),Health expenditure and financing,I,LVA,Latvia,A,Annual,EXP_HEALTH,Expenditure,USD_PPP_PS,"US dollars per person, PPP converted",_T,Total,_Z,Not application,_T,Total,_T,Total,_T,Total,_Z,Not applicable,_Z,Not applicable,Q,Constant prices,2021,,3189.776,,2020,,,,,,,,,,0,Units,1,One
DATAFLOW,OECD.ELS.HD:DSD_SHA@DF_SHA(1.0),Health expenditure and financing,I,LVA,Latvia,A,Annual,EXP_HEALTH,Expenditure,USD_PPP_PS,"US dollars per person, PPP converted",_T,Total,_Z,Not application,_T,Total,_T,Total,_T,Total,_Z,Not applicable,_Z,Not applicable,Q,Constant prices,2020,,2403.416,,2020,,,,,,,,,,0,Units,1,One
DATAFLOW,OECD.ELS.HD:DSD_SHA@DF_SHA(1.0),Health expenditure and financing,I,LVA,Latvia,A,Annual,EXP_HEALTH,Expenditure,USD_PPP_PS,"US dollars per person, PPP converted",_T,Total,_Z,Not application,_T,Total,_T,Total,_T,Total,_Z,Not applicable,_Z,Not applicable,Q,Constant prices,2018,,2080.432,,2020,,,,,,,,,,0,Units,1,One
DATAFLOW,OECD.ELS.HD:DSD_SHA@DF_SHA(1.0),Health expenditure and financing,I,LVA,Latvia,A,Annual,EXP_HEALTH,Expenditure,USD_PPP_PS,"US dollars per person, PPP converted",_T,Total,_Z,Not application,_T,Total,_T,Total,_T,Total,_Z,Not applicable,_Z,Not applicable,Q,Constant prices,2022,,2725.536,,2020,,,,,,,,,,0,Units,1,One
DATAFLOW,OECD.ELS.HD:DSD_SHA@DF_SHA(1.0),Health expenditure and financing,I,LVA,Latvia,A,Annual,EXP_HEALTH,Expenditure,USD_PPP_PS,"US dollars per person, PPP converted",_T,Total,_Z,Not application,_T,Total,_T,Total,_T,Total,_Z,Not applicable,_Z,Not applicable,Q,Constant prices,2024,,2585.74,,2020,,,,E,Estimated value,,,,,0,Units,1,One
DATAFLOW,OECD.ELS.HD:DSD_SHA@DF_SHA(1.0),Health expenditure and financing,I,LVA,Latvia,A,Annual,EXP_HEALTH,Expenditure,USD_PPP_PS,"US dollars per person, PPP converted",_T,Total,_Z,Not application,_T,Total,_T,Total,_T,Total,_Z,Not applicable,_Z,Not applicable,Q,Constant prices,2015,,1671.638,,2020,,,,,,,,,,0,Units,1,One
DATAFLOW,OECD.ELS.HD:DSD_SHA@DF_SHA(1.0),Health expenditure and financing,I,LVA,Latvia,A,Annual,EXP_HEALTH,Expenditure,USD_PPP_PS,"US dollars per person, PPP converted",_T,Total,_Z,Not application,_T,Total,_T,Total,_T,Total,_Z,Not applicable,_Z,Not applicable,Q,Constant prices,2016,,1876.94,,2020,,,,,,,,,,0,Units,1,One
DATAFLOW,OECD.ELS.HD:DSD_SHA@DF_SHA(1.0),Health expenditure and financing,I,LVA,Latvia,A,Annual,EXP_HEALTH,Expenditure,USD_PPP_PS,"US dollars per person, PPP converted",_T,Total,_Z,Not application,_T,Total,_T,Total,_T,Total,_Z,Not applicable,_Z,Not applicable,Q,Constant prices,2017,,1901.066,,2020,,,,,,,,,,0,Units,1,One
DATAFLOW,OECD.ELS.HD:DSD_SHA@DF_SHA(1.0),Health expenditure and financing,I,LTU,Lithuania,A,Annual,EXP_HEALTH,Expenditure,USD_PPP_PS,"US dollars per person, PPP converted",_T,Total,_Z,Not application,_T,Total,_T,Total,_T,Total,_Z,Not applicable,_Z,Not applicable,Q,Constant prices,2009,,1875.475,,2020,,,,,,,,,,0,Units,1,One
DATAFLOW,OECD.ELS.HD:DSD_SHA@DF_SHA(1.0),Health expenditure and financing,I,LTU,Lithuania,A,Annual,EXP_HEALTH,Expenditure,USD_PPP_PS,"US dollars per person, PPP converted",_T,Total,_Z,Not application,_T,Total,_T,Total,_T,Total,_Z,Not applicable,_Z,Not applicable,Q,Constant prices,2010,,1827.761,,2020,,,,,,,,,,0,Units,1,One
DATAFLOW,OECD.ELS.HD:DSD_SHA@DF_SHA(1.0),Health expenditure and financing,I,LTU,Lithuania,A,Annual,EXP_HEALTH,Expenditure,USD_PPP_PS,"US dollars per person, PPP converted",_T,Total,_Z,Not application,_T,Total,_T,Total,_T,Total,_Z,Not applicable,_Z,Not applicable,Q,Constant prices,2011,,1902.265,,2020,,,,,,,,,,0,Units,1,One
DATAFLOW,OECD.ELS.HD:DSD_SHA@DF_SHA(1.0),Health expenditure and financing,I,LTU,Lithuania,A,Annual,EXP_HEALTH,Expenditure,USD_PPP_PS,"US dollars per person, PPP converted",_T,Total,_Z,Not application,_T,Total,_T,Total,_T,Total,_Z,Not applicable,_Z,Not applicable,Q,Constant prices,2012,,1938.097,,2020,,,,,,,,,,0,Units,1,One
DATAFLOW,OECD.ELS.HD:DSD_SHA@DF_SHA(1.0),Health expenditure and financing,I,LTU,Lithuania,A,Annual,EXP_HEALTH,Expenditure,USD_PPP_PS,"US dollars per person, PPP converted",_T,Total,_Z,Not application,_T,Total,_T,Total,_T,Total,_Z,Not applicable,_Z,Not applicable,Q,Constant prices,2013,,1986.063,,2020,,,,,,,,,,0,Units,1,One
DATAFLOW,OECD.ELS.HD:DSD_SHA@DF_SHA(1.0),Health expenditure and financing,I,LTU,Lithuania,A,Annual,EXP_HEALTH,Expenditure,USD_PPP_PS,"US dollars per person, PPP converted",_T,Total,_Z,Not application,_T,Total,_T,Total,_T,Total,_Z,Not applicable,_Z,Not applicable,Q,Constant prices,2014,,2105.775,,2020,,,,,,,,,,0,Units,1,One
DATAFLOW,OECD.ELS.HD:DSD_SHA@DF_SHA(1.0),Health expenditure and financing,I,LTU,Lithuania,A,Annual,EXP_HEALTH,Expenditure,USD_PPP_PS,"US dollars per person, PPP converted",_T,Total,_Z,Not application,_T,Total,_T,Total,_T,Total,_Z,Not applicable,_Z,Not applicable,Q,Constant prices,2015,,2270.347,,2020,,,,,,,,,,0,Units,1,One
DATAFLOW,OECD.ELS.HD:DSD_SHA@DF_SHA(1.0),Health expenditure and financing,I,LTU,Lithuania,A,Annual,EXP_HEALTH,Expenditure,USD_PPP_PS,"US dollars per person, PPP converted",_T,Total,_Z,Not application,_T,Total,_T,Total,_T,Total,_Z,Not applicable,_Z,Not applicable,Q,Constant prices,2016,,2410.389,,2020,,,,,,,,,,0,Units,1,One
DATAFLOW,OECD.ELS.HD:DSD_SHA@DF_SHA(1.0),Health expenditure and financing,I,LTU,Lithuania,A,Annual,EXP_HEALTH,Expenditure,USD_PPP_PS,"US dollars per person, PPP converted",_T,Total,_Z,Not application,_T,Total,_T,Total,_T,Total,_Z,Not applicable,_Z,Not applicable,Q,Constant prices,2017,,2480.149,,2020,,,,,,,,,,0,Units,1,One
DATAFLOW,OECD.ELS.HD:DSD_SHA@DF_SHA(1.0),Health expenditure and financing,I,LTU,Lithuania,A,Annual,EXP_HEALTH,Expenditure,USD_PPP_PS,"US dollars per person, PPP converted",_T,Total,_Z,Not application,_T,Total,_T,Total,_T,Total,_Z,Not applicable,_Z,Not applicable,Q,Constant prices,2018,,2629.323,,2020,,,,,,,,,,0,Units,1,One
DATAFLOW,OECD.ELS.HD:DSD_SHA@DF_SHA(1.0),Health expenditure and financing,I,LTU,Lithuania,A,Annual,EXP_HEALTH,Expenditure,USD_PPP_PS,"US dollars per person, PPP converted",_T,Total,_Z,Not application,_T,Total,_T,Total,_T,Total,_Z,Not applicable,_Z,Not applicable,Q,Constant prices,2019,,2931.672,,2020,,,,,,,,,,0,Units,1,One
DATAFLOW,OECD.ELS.HD:DSD_SHA@DF_SHA(1.0),Health expenditure and financing,I,LTU,Lithuania,A,Annual,EXP_HEALTH,Expenditure,USD_PPP_PS,"US dollars per person, PPP converted",_T,Total,_Z,Not application,_T,Total,_T,Total,_T,Total,_Z,Not applicable,_Z,Not applicable,Q,Constant prices,2020,,3092.326,,2020,,,,,,,,,,0,Units,1,One
DATAFLOW,OECD.ELS.HD:DSD_SHA@DF_SHA(1.0),Health expenditure and financing,I,LTU,Lithuania,A,Annual,EXP_HEALTH,Expenditure,USD_PPP_PS,"US dollars per person, PPP converted",_T,Total,_Z,Not application,_T,Total,_T,Total,_T,Total,_Z,Not applicable,_Z,Not applicable,Q,Constant prices,2003,,1231.168,,2020,,,,E,Estimated value,,,,,0,Units,1,One
DATAFLOW,OECD.ELS.HD:DSD_SHA@DF_SHA(1.0),Health expenditure and financing,I,LTU,Lithuania,A,Annual,EXP_HEALTH,Expenditure,USD_PPP_PS,"US dollars per person, PPP converted",_T,Total,_Z,Not application,_T,Total,_T,Total,_T,Total,_Z,Not applicable,_Z,Not applicable,Q,Constant prices,2002,,1092.508,,2020,,,,E,Estimated value,,,,,0,Units,1,One
DATAFLOW,OECD.ELS.HD:DSD_SHA@DF_SHA(1.0),Health expenditure and financing,I,LTU,Lithuania,A,Annual,EXP_HEALTH,Expenditure,USD_PPP_PS,"US dollars per person, PPP converted",_T,Total,_Z,Not application,_T,Total,_T,Total,_T,Total,_Z,Not applicable,_Z,Not applicable,Q,Constant prices,2001,,992.48,,2020,,,,E,Estimated value,,,,,0,Units,1,One
DATAFLOW,OECD.ELS.HD:DSD_SHA@DF_SHA(1.0),Health expenditure and financing,I,LTU,Lithuania,A,Annual,EXP_HEALTH,Expenditure,USD_PPP_PS,"US dollars per person, PPP converted",_T,Total,_Z,Not application,_T,Total,_T,Total,_T,Total,_Z,Not applicable,_Z,Not applicable,Q,Constant prices,2024,,3437.962,,2020,,,,P,Provisional value,,,,,0,Units,1,One
DATAFLOW,OECD.ELS.HD:DSD_SHA@DF_SHA(1.0),Health expenditure and financing,I,LTU,Lithuania,A,Annual,EXP_HEALTH,Expenditure,USD_PPP_PS,"US dollars per person, PPP converted",_T,Total,_Z,Not application,_T,Total,_T,Total,_T,Total,_Z,Not applicable,_Z,Not applicable,Q,Constant prices,2021,,3448.808,,2020,,,,,,,,,,0,Units,1,One
DATAFLOW,OECD.ELS.HD:DSD_SHA@DF_SHA(1.0),Health expenditure and financing,I,LTU,Lithuania,A,Annual,EXP_HEALTH,Expenditure,USD_PPP_PS,"US dollars per person, PPP converted",_T,Total,_Z,Not application,_T,Total,_T,Total,_T,Total,_Z,Not applicable,_Z,Not applicable,Q,Constant prices,2023,,3223.881,,2020,,,,,,,,,,0,Units,1,One
DATAFLOW,OECD.ELS.HD:DSD_SHA@DF_SHA(1.0),Health expenditure and financing,I,LTU,Lithuania,A,Annual,EXP_HEALTH,Expenditure,USD_PPP_PS,"US dollars per person, PPP converted",_T,Total,_Z,Not application,_T,Total,_T,Total,_T,Total,_Z,Not applicable,_Z,Not applicable,Q,Constant prices,2022,,3248.737,,2020,,,,,,,,,,0,Units,1,One
DATAFLOW,OECD.ELS.HD:DSD_SHA@DF_SHA(1.0),Health expenditure and financing,I,LTU,Lithuania,A,Annual,EXP_HEALTH,Expenditure,USD_PPP_PS,"US dollars per person, PPP converted",_T,Total,_Z,Not application,_T,Total,_T,Total,_T,Total,_Z,Not applicable,_Z,Not applicable,Q,Constant prices,2005,,1403.36,,2020,,,,,,,,,,0,Units,1,One
DATAFLOW,OECD.ELS.HD:DSD_SHA@DF_SHA(1.0),Health expenditure and financing,I,LTU,Lithuania,A,Annual,EXP_HEALTH,Expenditure,USD_PPP_PS,"US dollars per person, PPP converted",_T,Total,_Z,Not application,_T,Total,_T,Total,_T,Total,_Z,Not applicable,_Z,Not applicable,Q,Constant prices,2007,,1808.153,,2020,,,,,,,,,,0,Units,1,One
DATAFLOW,OECD.ELS.HD:DSD_SHA@DF_SHA(1.0),Health expenditure and financing,I,LTU,Lithuania,A,Annual,EXP_HEALTH,Expenditure,USD_PPP_PS,"US dollars per person, PPP converted",_T,Total,_Z,Not application,_T,Total,_T,Total,_T,Total,_Z,Not applicable,_Z,Not applicable,Q,Constant prices,2000,,977.683,,2020,,,,E,Estimated value,,,,,0,Units,1,One
DATAFLOW,OECD.ELS.HD:DSD_SHA@DF_SHA(1.0),Health expenditure and financing,I,LTU,Lithuania,A,Annual,EXP_HEALTH,Expenditure,USD_PPP_PS,"US dollars per person, PPP converted",_T,Total,_Z,Not application,_T,Total,_T,Total,_T,Total,_Z,Not applicable,_Z,Not applicable,Q,Constant prices,2004,,1211.196,,2020,,,,B,Time series break,,,,,0,Units,1,One
DATAFLOW,OECD.ELS.HD:DSD_SHA@DF_SHA(1.0),Health expenditure and financing,I,LTU,Lithuania,A,Annual,EXP_HEALTH,Expenditure,USD_PPP_PS,"US dollars per person, PPP converted",_T,Total,_Z,Not application,_T,Total,_T,Total,_T,Total,_Z,Not applicable,_Z,Not applicable,Q,Constant prices,2006,,1601.115,,2020,,,,B,Time series break,,,,,0,Units,1,One
DATAFLOW,OECD.ELS.HD:DSD_SHA@DF_SHA(1.0),Health expenditure and financing,I,LTU,Lithuania,A,Annual,EXP_HEALTH,Expenditure,USD_PPP_PS,"US dollars per person, PPP converted",_T,Total,_Z,Not application,_T,Total,_T,Total,_T,Total,_Z,Not applicable,_Z,Not applicable,Q,Constant prices,2008,,2001.077,,2020,,,,,,,,,,0,Units,1,One
DATAFLOW,OECD.ELS.HD:DSD_SHA@DF_SHA(1.0),Health expenditure and financing,I,LUX,Luxembourg,A,Annual,EXP_HEALTH,Expenditure,USD_PPP_PS,"US dollars per person, PPP converted",_T,Total,_Z,Not application,_T,Total,_T,Total,_T,Total,_Z,Not applicable,_Z,Not applicable,Q,Constant prices,2007,,6350.745,,2020,,,,,,,,,,0,Units,1,One
DATAFLOW,OECD.ELS.HD:DSD_SHA@DF_SHA(1.0),Health expenditure and financing,I,LUX,Luxembourg,A,Annual,EXP_HEALTH,Expenditure,USD_PPP_PS,"US dollars per person, PPP converted",_T,Total,_Z,Not application,_T,Total,_T,Total,_T,Total,_Z,Not applicable,_Z,Not applicable,Q,Constant prices,2008,,6507.255,,2020,,,,,,,,,,0,Units,1,One
DATAFLOW,OECD.ELS.HD:DSD_SHA@DF_SHA(1.0),Health expenditure and financing,I,LUX,Luxembourg,A,Annual,EXP_HEALTH,Expenditure,USD_PPP_PS,"US dollars per person, PPP converted",_T,Total,_Z,Not application,_T,Total,_T,Total,_T,Total,_Z,Not applicable,_Z,Not applicable,Q,Constant prices,2009,,7058.351,,2020,,,,,,,,,,0,Units,1,One
DATAFLOW,OECD.ELS.HD:DSD_SHA@DF_SHA(1.0),Health expenditure and financing,I,LUX,Luxembourg,A,Annual,EXP_HEALTH,Expenditure,USD_PPP_PS,"US dollars per person, PPP converted",_T,Total,_Z,Not application,_T,Total,_T,Total,_T,Total,_Z,Not applicable,_Z,Not applicable,Q,Constant prices,2010,,7065.356,,2020,,,,,,,,,,0,Units,1,One
DATAFLOW,OECD.ELS.HD:DSD_SHA@DF_SHA(1.0),Health expenditure and financing,I,LUX,Luxembourg,A,Annual,EXP_HEALTH,Expenditure,USD_PPP_PS,"US dollars per person, PPP converted",_T,Total,_Z,Not application,_T,Total,_T,Total,_T,Total,_Z,Not applicable,_Z,Not applicable,Q,Constant prices,2013,,5211.295,,2020,,,,,,,,,,0,Units,1,One
DATAFLOW,OECD.ELS.HD:DSD_SHA@DF_SHA(1.0),Health expenditure and financing,I,LUX,Luxembourg,A,Annual,EXP_HEALTH,Expenditure,USD_PPP_PS,"US dollars per person, PPP converted",_T,Total,_Z,Not application,_T,Total,_T,Total,_T,Total,_Z,Not applicable,_Z,Not applicable,Q,Constant prices,2014,,5307.929,,2020,,,,,,,,,,0,Units,1,One
DATAFLOW,OECD.ELS.HD:DSD_SHA@DF_SHA(1.0),Health expenditure and financing,I,LUX,Luxembourg,A,Annual,EXP_HEALTH,Expenditure,USD_PPP_PS,"US dollars per person, PPP converted",_T,Total,_Z,Not application,_T,Total,_T,Total,_T,Total,_Z,Not applicable,_Z,Not applicable,Q,Constant prices,2015,,5204.959,,2020,,,,,,,,,,0,Units,1,One
DATAFLOW,OECD.ELS.HD:DSD_SHA@DF_SHA(1.0),Health expenditure and financing,I,LUX,Luxembourg,A,Annual,EXP_HEALTH,Expenditure,USD_PPP_PS,"US dollars per person, PPP converted",_T,Total,_Z,Not application,_T,Total,_T,Total,_T,Total,_Z,Not applicable,_Z,Not applicable,Q,Constant prices,2016,,5234.708,,2020,,,,,,,,,,0,Units,1,One
DATAFLOW,OECD.ELS.HD:DSD_SHA@DF_SHA(1.0),Health expenditure and financing,I,LUX,Luxembourg,A,Annual,EXP_HEALTH,Expenditure,USD_PPP_PS,"US dollars per person, PPP converted",_T,Total,_Z,Not application,_T,Total,_T,Total,_T,Total,_Z,Not applicable,_Z,Not applicable,Q,Constant prices,2017,,5226.134,,2020,,,,,,,,,,0,Units,1,One
DATAFLOW,OECD.ELS.HD:DSD_SHA@DF_SHA(1.0),Health expenditure and financing,I,LUX,Luxembourg,A,Annual,EXP_HEALTH,Expenditure,USD_PPP_PS,"US dollars per person, PPP converted",_T,Total,_Z,Not application,_T,Total,_T,Total,_T,Total,_Z,Not applicable,_Z,Not applicable,Q,Constant prices,2018,,5361.343,,2020,,,,,,,,,,0,Units,1,One
DATAFLOW,OECD.ELS.HD:DSD_SHA@DF_SHA(1.0),Health expenditure and financing,I,LUX,Luxembourg,A,Annual,EXP_HEALTH,Expenditure,USD_PPP_PS,"US dollars per person, PPP converted",_T,Total,_Z,Not application,_T,Total,_T,Total,_T,Total,_Z,Not applicable,_Z,Not applicable,Q,Constant prices,2019,,5542.815,,2020,,,,,,,,,,0,Units,1,One
DATAFLOW,OECD.ELS.HD:DSD_SHA@DF_SHA(1.0),Health expenditure and financing,I,LUX,Luxembourg,A,Annual,EXP_HEALTH,Expenditure,USD_PPP_PS,"US dollars per person, PPP converted",_T,Total,_Z,Not application,_T,Total,_T,Total,_T,Total,_Z,Not applicable,_Z,Not applicable,Q,Constant prices,2020,,5858.675,,2020,,,,,,,,,,0,Units,1,One
DATAFLOW,OECD.ELS.HD:DSD_SHA@DF_SHA(1.0),Health expenditure and financing,I,LUX,Luxembourg,A,Annual,EXP_HEALTH,Expenditure,USD_PPP_PS,"US dollars per person, PPP converted",_T,Total,_Z,Not application,_T,Total,_T,Total,_T,Total,_Z,Not applicable,_Z,Not applicable,Q,Constant prices,2021,,6267.709,,2020,,,,,,,,,,0,Units,1,One
DATAFLOW,OECD.ELS.HD:DSD_SHA@DF_SHA(1.0),Health expenditure and financing,I,LUX,Luxembourg,A,Annual,EXP_HEALTH,Expenditure,USD_PPP_PS,"US dollars per person, PPP converted",_T,Total,_Z,Not application,_T,Total,_T,Total,_T,Total,_Z,Not applicable,_Z,Not applicable,Q,Constant prices,2022,,6133.524,,2020,,,,,,,,,,0,Units,1,One
DATAFLOW,OECD.ELS.HD:DSD_SHA@DF_SHA(1.0),Health expenditure and financing,I,LUX,Luxembourg,A,Annual,EXP_HEALTH,Expenditure,USD_PPP_PS,"US dollars per person, PPP converted",_T,Total,_Z,Not application,_T,Total,_T,Total,_T,Total,_Z,Not applicable,_Z,Not applicable,Q,Constant prices,2023,,6077.936,,2020,,,,,,,,,,0,Units,1,One
DATAFLOW,OECD.ELS.HD:DSD_SHA@DF_SHA(1.0),Health expenditure and financing,I,LUX,Luxembourg,A,Annual,EXP_HEALTH,Expenditure,USD_PPP_PS,"US dollars per person, PPP converted",_T,Total,_Z,Not application,_T,Total,_T,Total,_T,Total,_Z,Not applicable,_Z,Not applicable,Q,Constant prices,2000,,4950.846,,2020,,,,B,Time series break,,,,,0,Units,1,One
DATAFLOW,OECD.ELS.HD:DSD_SHA@DF_SHA(1.0),Health expenditure and financing,I,LUX,Luxembourg,A,Annual,EXP_HEALTH,Expenditure,USD_PPP_PS,"US dollars per person, PPP converted",_T,Total,_Z,Not application,_T,Total,_T,Total,_T,Total,_Z,Not applicable,_Z,Not applicable,Q,Constant prices,2001,,5308.944,,2020,,,,,,,,,,0,Units,1,One
DATAFLOW,OECD.ELS.HD:DSD_SHA@DF_SHA(1.0),Health expenditure and financing,I,LUX,Luxembourg,A,Annual,EXP_HEALTH,Expenditure,USD_PPP_PS,"US dollars per person, PPP converted",_T,Total,_Z,Not application,_T,Total,_T,Total,_T,Total,_Z,Not applicable,_Z,Not applicable,Q,Constant prices,2002,,5709.548,,2020,,,,,,,,,,0,Units,1,One
DATAFLOW,OECD.ELS.HD:DSD_SHA@DF_SHA(1.0),Health expenditure and financing,I,LUX,Luxembourg,A,Annual,EXP_HEALTH,Expenditure,USD_PPP_PS,"US dollars per person, PPP converted",_T,Total,_Z,Not application,_T,Total,_T,Total,_T,Total,_Z,Not applicable,_Z,Not applicable,Q,Constant prices,2003,,5896.315,,2020,,,,,,,,,,0,Units,1,One
DATAFLOW,OECD.ELS.HD:DSD_SHA@DF_SHA(1.0),Health expenditure and financing,I,LUX,Luxembourg,A,Annual,EXP_HEALTH,Expenditure,USD_PPP_PS,"US dollars per person, PPP converted",_T,Total,_Z,Not application,_T,Total,_T,Total,_T,Total,_Z,Not applicable,_Z,Not applicable,Q,Constant prices,2004,,6355.326,,2020,,,,,,,,,,0,Units,1,One
DATAFLOW,OECD.ELS.HD:DSD_SHA@DF_SHA(1.0),Health expenditure and financing,I,LUX,Luxembourg,A,Annual,EXP_HEALTH,Expenditure,USD_PPP_PS,"US dollars per person, PPP converted",_T,Total,_Z,Not application,_T,Total,_T,Total,_T,Total,_Z,Not applicable,_Z,Not applicable,Q,Constant prices,2005,,6380.464,,2020,,,,,,,,,,0,Units,1,One
DATAFLOW,OECD.ELS.HD:DSD_SHA@DF_SHA(1.0),Health expenditure and financing,I,LUX,Luxembourg,A,Annual,EXP_HEALTH,Expenditure,USD_PPP_PS,"US dollars per person, PPP converted",_T,Total,_Z,Not application,_T,Total,_T,Total,_T,Total,_Z,Not applicable,_Z,Not applicable,Q,Constant prices,2011,,5838.197,,2020,,,,B,Time series break,,,,,0,Units,1,One
DATAFLOW,OECD.ELS.HD:DSD_SHA@DF_SHA(1.0),Health expenditure and financing,I,LUX,Luxembourg,A,Annual,EXP_HEALTH,Expenditure,USD_PPP_PS,"US dollars per person, PPP converted",_T,Total,_Z,Not application,_T,Total,_T,Total,_T,Total,_Z,Not applicable,_Z,Not applicable,Q,Constant prices,2012,,5195.241,,2020,,,,B,Time series break,,,,,0,Units,1,One
DATAFLOW,OECD.ELS.HD:DSD_SHA@DF_SHA(1.0),Health expenditure and financing,I,LUX,Luxembourg,A,Annual,EXP_HEALTH,Expenditure,USD_PPP_PS,"US dollars per person, PPP converted",_T,Total,_Z,Not application,_T,Total,_T,Total,_T,Total,_Z,Not applicable,_Z,Not applicable,Q,Constant prices,2024,,6413.099,,2020,,,,P,Provisional value,,,,,0,Units,1,One
DATAFLOW,OECD.ELS.HD:DSD_SHA@DF_SHA(1.0),Health expenditure and financing,I,LUX,Luxembourg,A,Annual,EXP_HEALTH,Expenditure,USD_PPP_PS,"US dollars per person, PPP converted",_T,Total,_Z,Not application,_T,Total,_T,Total,_T,Total,_Z,Not applicable,_Z,Not applicable,Q,Constant prices,2006,,6458.858,,2020,,,,,,,,,,0,Units,1,One
DATAFLOW,OECD.ELS.HD:DSD_SHA@DF_SHA(1.0),Health expenditure and financing,I,MEX,Mexico,A,Annual,EXP_HEALTH,Expenditure,USD_PPP_PS,"US dollars per person, PPP converted",_T,Total,_Z,Not application,_T,Total,_T,Total,_T,Total,_Z,Not applicable,_Z,Not applicable,Q,Constant prices,2016,,1138.12,,2020,,,,,,,,,,0,Units,1,One
DATAFLOW,OECD.ELS.HD:DSD_SHA@DF_SHA(1.0),Health expenditure and financing,I,MEX,Mexico,A,Annual,EXP_HEALTH,Expenditure,USD_PPP_PS,"US dollars per person, PPP converted",_T,Total,_Z,Not application,_T,Total,_T,Total,_T,Total,_Z,Not applicable,_Z,Not applicable,Q,Constant prices,2020,,1203.081,,2020,,,,,,,,,,0,Units,1,One
DATAFLOW,OECD.ELS.HD:DSD_SHA@DF_SHA(1.0),Health expenditure and financing,I,MEX,Mexico,A,Annual,EXP_HEALTH,Expenditure,USD_PPP_PS,"US dollars per person, PPP converted",_T,Total,_Z,Not application,_T,Total,_T,Total,_T,Total,_Z,Not applicable,_Z,Not applicable,Q,Constant prices,2021,,1220.524,,2020,,,,,,,,,,0,Units,1,One
DATAFLOW,OECD.ELS.HD:DSD_SHA@DF_SHA(1.0),Health expenditure and financing,I,MEX,Mexico,A,Annual,EXP_HEALTH,Expenditure,USD_PPP_PS,"US dollars per person, PPP converted",_T,Total,_Z,Not application,_T,Total,_T,Total,_T,Total,_Z,Not applicable,_Z,Not applicable,Q,Constant prices,2014,,1078.084,,2020,,,,,,,,,,0,Units,1,One
DATAFLOW,OECD.ELS.HD:DSD_SHA@DF_SHA(1.0),Health expenditure and financing,I,MEX,Mexico,A,Annual,EXP_HEALTH,Expenditure,USD_PPP_PS,"US dollars per person, PPP converted",_T,Total,_Z,Not application,_T,Total,_T,Total,_T,Total,_Z,Not applicable,_Z,Not applicable,Q,Constant prices,2012,,1099.619,,2020,,,,,,,,,,0,Units,1,One
DATAFLOW,OECD.ELS.HD:DSD_SHA@DF_SHA(1.0),Health expenditure and financing,I,MEX,Mexico,A,Annual,EXP_HEALTH,Expenditure,USD_PPP_PS,"US dollars per person, PPP converted",_T,Total,_Z,Not application,_T,Total,_T,Total,_T,Total,_Z,Not applicable,_Z,Not applicable,Q,Constant prices,2011,,1057.781,,2020,,,,,,,,,,0,Units,1,One
DATAFLOW,OECD.ELS.HD:DSD_SHA@DF_SHA(1.0),Health expenditure and financing,I,MEX,Mexico,A,Annual,EXP_HEALTH,Expenditure,USD_PPP_PS,"US dollars per person, PPP converted",_T,Total,_Z,Not application,_T,Total,_T,Total,_T,Total,_Z,Not applicable,_Z,Not applicable,Q,Constant prices,2008,,1114.819,,2020,,,,B,Time series break,,,,,0,Units,1,One
DATAFLOW,OECD.ELS.HD:DSD_SHA@DF_SHA(1.0),Health expenditure and financing,I,MEX,Mexico,A,Annual,EXP_HEALTH,Expenditure,USD_PPP_PS,"US dollars per person, PPP converted",_T,Total,_Z,Not application,_T,Total,_T,Total,_T,Total,_Z,Not applicable,_Z,Not applicable,Q,Constant prices,2003,,1085.062,,2020,,,,B,Time series break,,,,,0,Units,1,One
DATAFLOW,OECD.ELS.HD:DSD_SHA@DF_SHA(1.0),Health expenditure and financing,I,MEX,Mexico,A,Annual,EXP_HEALTH,Expenditure,USD_PPP_PS,"US dollars per person, PPP converted",_T,Total,_Z,Not application,_T,Total,_T,Total,_T,Total,_Z,Not applicable,_Z,Not applicable,Q,Constant prices,2004,,1137.256,,2020,,,,,,,,,,0,Units,1,One
DATAFLOW,OECD.ELS.HD:DSD_SHA@DF_SHA(1.0),Health expenditure and financing,I,MEX,Mexico,A,Annual,EXP_HEALTH,Expenditure,USD_PPP_PS,"US dollars per person, PPP converted",_T,Total,_Z,Not application,_T,Total,_T,Total,_T,Total,_Z,Not applicable,_Z,Not applicable,Q,Constant prices,2005,,1106.137,,2020,,,,,,,,,,0,Units,1,One
DATAFLOW,OECD.ELS.HD:DSD_SHA@DF_SHA(1.0),Health expenditure and financing,I,MEX,Mexico,A,Annual,EXP_HEALTH,Expenditure,USD_PPP_PS,"US dollars per person, PPP converted",_T,Total,_Z,Not application,_T,Total,_T,Total,_T,Total,_Z,Not applicable,_Z,Not applicable,Q,Constant prices,2006,,1133.293,,2020,,,,,,,,,,0,Units,1,One
DATAFLOW,OECD.ELS.HD:DSD_SHA@DF_SHA(1.0),Health expenditure and financing,I,MEX,Mexico,A,Annual,EXP_HEALTH,Expenditure,USD_PPP_PS,"US dollars per person, PPP converted",_T,Total,_Z,Not application,_T,Total,_T,Total,_T,Total,_Z,Not applicable,_Z,Not applicable,Q,Constant prices,2015,,1151.554,,2020,,,,,,,,,,0,Units,1,One
DATAFLOW,OECD.ELS.HD:DSD_SHA@DF_SHA(1.0),Health expenditure and financing,I,MEX,Mexico,A,Annual,EXP_HEALTH,Expenditure,USD_PPP_PS,"US dollars per person, PPP converted",_T,Total,_Z,Not application,_T,Total,_T,Total,_T,Total,_Z,Not applicable,_Z,Not applicable,Q,Constant prices,2022,,1196.827,,2020,,,,,,,,,,0,Units,1,One
DATAFLOW,OECD.ELS.HD:DSD_SHA@DF_SHA(1.0),Health expenditure and financing,I,MEX,Mexico,A,Annual,EXP_HEALTH,Expenditure,USD_PPP_PS,"US dollars per person, PPP converted",_T,Total,_Z,Not application,_T,Total,_T,Total,_T,Total,_Z,Not applicable,_Z,Not applicable,Q,Constant prices,2007,,1150.493,,2020,,,,,,,,,,0,Units,1,One
DATAFLOW,OECD.ELS.HD:DSD_SHA@DF_SHA(1.0),Health expenditure and financing,I,MEX,Mexico,A,Annual,EXP_HEALTH,Expenditure,USD_PPP_PS,"US dollars per person, PPP converted",_T,Total,_Z,Not application,_T,Total,_T,Total,_T,Total,_Z,Not applicable,_Z,Not applicable,Q,Constant prices,2010,,1054.883,,2020,,,,,,,,,,0,Units,1,One
DATAFLOW,OECD.ELS.HD:DSD_SHA@DF_SHA(1.0),Health expenditure and financing,I,MEX,Mexico,A,Annual,EXP_HEALTH,Expenditure,USD_PPP_PS,"US dollars per person, PPP converted",_T,Total,_Z,Not application,_T,Total,_T,Total,_T,Total,_Z,Not applicable,_Z,Not applicable,Q,Constant prices,2002,,958.966,,2020,,,,,,,,,,0,Units,1,One
DATAFLOW,OECD.ELS.HD:DSD_SHA@DF_SHA(1.0),Health expenditure and financing,I,MEX,Mexico,A,Annual,EXP_HEALTH,Expenditure,USD_PPP_PS,"US dollars per person, PPP converted",_T,Total,_Z,Not application,_T,Total,_T,Total,_T,Total,_Z,Not applicable,_Z,Not applicable,Q,Constant prices,2001,,915.925,,2020,,,,,,,,,,0,Units,1,One
DATAFLOW,OECD.ELS.HD:DSD_SHA@DF_SHA(1.0),Health expenditure and financing,I,MEX,Mexico,A,Annual,EXP_HEALTH,Expenditure,USD_PPP_PS,"US dollars per person, PPP converted",_T,Total,_Z,Not application,_T,Total,_T,Total,_T,Total,_Z,Not applicable,_Z,Not applicable,Q,Constant prices,2000,,844.683,,2020,,,,,,,,,,0,Units,1,One
DATAFLOW,OECD.ELS.HD:DSD_SHA@DF_SHA(1.0),Health expenditure and financing,I,MEX,Mexico,A,Annual,EXP_HEALTH,Expenditure,USD_PPP_PS,"US dollars per person, PPP converted",_T,Total,_Z,Not application,_T,Total,_T,Total,_T,Total,_Z,Not applicable,_Z,Not applicable,Q,Constant prices,2009,,1113.22,,2020,,,,,,,,,,0,Units,1,One
DATAFLOW,OECD.ELS.HD:DSD_SHA@DF_SHA(1.0),Health expenditure and financing,I,MEX,Mexico,A,Annual,EXP_HEALTH,Expenditure,USD_PPP_PS,"US dollars per person, PPP converted",_T,Total,_Z,Not application,_T,Total,_T,Total,_T,Total,_Z,Not applicable,_Z,Not applicable,Q,Constant prices,2024,,1289.423,,2020,,,,E,Estimated value,,,,,0,Units,1,One
DATAFLOW,OECD.ELS.HD:DSD_SHA@DF_SHA(1.0),Health expenditure and financing,I,MEX,Mexico,A,Annual,EXP_HEALTH,Expenditure,USD_PPP_PS,"US dollars per person, PPP converted",_T,Total,_Z,Not application,_T,Total,_T,Total,_T,Total,_Z,Not applicable,_Z,Not applicable,Q,Constant prices,2023,,1244.085,,2020,,,,E,Estimated value,,,,,0,Units,1,One
DATAFLOW,OECD.ELS.HD:DSD_SHA@DF_SHA(1.0),Health expenditure and financing,I,MEX,Mexico,A,Annual,EXP_HEALTH,Expenditure,USD_PPP_PS,"US dollars per person, PPP converted",_T,Total,_Z,Not application,_T,Total,_T,Total,_T,Total,_Z,Not applicable,_Z,Not applicable,Q,Constant prices,2013,,1116.091,,2020,,,,,,,,,,0,Units,1,One
DATAFLOW,OECD.ELS.HD:DSD_SHA@DF_SHA(1.0),Health expenditure and financing,I,MEX,Mexico,A,Annual,EXP_HEALTH,Expenditure,USD_PPP_PS,"US dollars per person, PPP converted",_T,Total,_Z,Not application,_T,Total,_T,Total,_T,Total,_Z,Not applicable,_Z,Not applicable,Q,Constant prices,2018,,1146.928,,2020,,,,,,,,,,0,Units,1,One
DATAFLOW,OECD.ELS.HD:DSD_SHA@DF_SHA(1.0),Health expenditure and financing,I,MEX,Mexico,A,Annual,EXP_HEALTH,Expenditure,USD_PPP_PS,"US dollars per person, PPP converted",_T,Total,_Z,Not application,_T,Total,_T,Total,_T,Total,_Z,Not applicable,_Z,Not applicable,Q,Constant prices,2019,,1162.739,,2020,,,,,,,,,,0,Units,1,One
DATAFLOW,OECD.ELS.HD:DSD_SHA@DF_SHA(1.0),Health expenditure and financing,I,MEX,Mexico,A,Annual,EXP_HEALTH,Expenditure,USD_PPP_PS,"US dollars per person, PPP converted",_T,Total,_Z,Not application,_T,Total,_T,Total,_T,Total,_Z,Not applicable,_Z,Not applicable,Q,Constant prices,2017,,1143.4,,2020,,,,,,,,,,0,Units,1,One
DATAFLOW,OECD.ELS.HD:DSD_SHA@DF_SHA(1.0),Health expenditure and financing,I,NLD,Netherlands,A,Annual,EXP_HEALTH,Expenditure,USD_PPP_PS,"US dollars per person, PPP converted",_T,Total,_Z,Not application,_T,Total,_T,Total,_T,Total,_Z,Not applicable,_Z,Not applicable,Q,Constant prices,2003,,4799.943,,2020,,,,,,,,,,0,Units,1,One
DATAFLOW,OECD.ELS.HD:DSD_SHA@DF_SHA(1.0),Health expenditure and financing,I,NLD,Netherlands,A,Annual,EXP_HEALTH,Expenditure,USD_PPP_PS,"US dollars per person, PPP converted",_T,Total,_Z,Not application,_T,Total,_T,Total,_T,Total,_Z,Not applicable,_Z,Not applicable,Q,Constant prices,2002,,4623.161,,2020,,,,,,,,,,0,Units,1,One
DATAFLOW,OECD.ELS.HD:DSD_SHA@DF_SHA(1.0),Health expenditure and financing,I,NLD,Netherlands,A,Annual,EXP_HEALTH,Expenditure,USD_PPP_PS,"US dollars per person, PPP converted",_T,Total,_Z,Not application,_T,Total,_T,Total,_T,Total,_Z,Not applicable,_Z,Not applicable,Q,Constant prices,2021,,6906.76,,2020,,,,B,Time series break,,,,,0,Units,1,One
DATAFLOW,OECD.ELS.HD:DSD_SHA@DF_SHA(1.0),Health expenditure and financing,I,NLD,Netherlands,A,Annual,EXP_HEALTH,Expenditure,USD_PPP_PS,"US dollars per person, PPP converted",_T,Total,_Z,Not application,_T,Total,_T,Total,_T,Total,_Z,Not applicable,_Z,Not applicable,Q,Constant prices,2004,,4895.442,,2020,,,,,,,,,,0,Units,1,One
DATAFLOW,OECD.ELS.HD:DSD_SHA@DF_SHA(1.0),Health expenditure and financing,I,NLD,Netherlands,A,Annual,EXP_HEALTH,Expenditure,USD_PPP_PS,"US dollars per person, PPP converted",_T,Total,_Z,Not application,_T,Total,_T,Total,_T,Total,_Z,Not applicable,_Z,Not applicable,Q,Constant prices,2024,,6534.882,,2020,,,,P,Provisional value,,,,,0,Units,1,One
DATAFLOW,OECD.ELS.HD:DSD_SHA@DF_SHA(1.0),Health expenditure and financing,I,NLD,Netherlands,A,Annual,EXP_HEALTH,Expenditure,USD_PPP_PS,"US dollars per person, PPP converted",_T,Total,_Z,Not application,_T,Total,_T,Total,_T,Total,_Z,Not applicable,_Z,Not applicable,Q,Constant prices,2000,,4069.826,,2020,,,,,,,,,,0,Units,1,One
DATAFLOW,OECD.ELS.HD:DSD_SHA@DF_SHA(1.0),Health expenditure and financing,I,NLD,Netherlands,A,Annual,EXP_HEALTH,Expenditure,USD_PPP_PS,"US dollars per person, PPP converted",_T,Total,_Z,Not application,_T,Total,_T,Total,_T,Total,_Z,Not applicable,_Z,Not applicable,Q,Constant prices,2005,,4984.825,,2020,,,,,,,,,,0,Units,1,One
DATAFLOW,OECD.ELS.HD:DSD_SHA@DF_SHA(1.0),Health expenditure and financing,I,NLD,Netherlands,A,Annual,EXP_HEALTH,Expenditure,USD_PPP_PS,"US dollars per person, PPP converted",_T,Total,_Z,Not application,_T,Total,_T,Total,_T,Total,_Z,Not applicable,_Z,Not applicable,Q,Constant prices,2006,,5129.798,,2020,,,,,,,,,,0,Units,1,One
DATAFLOW,OECD.ELS.HD:DSD_SHA@DF_SHA(1.0),Health expenditure and financing,I,NLD,Netherlands,A,Annual,EXP_HEALTH,Expenditure,USD_PPP_PS,"US dollars per person, PPP converted",_T,Total,_Z,Not application,_T,Total,_T,Total,_T,Total,_Z,Not applicable,_Z,Not applicable,Q,Constant prices,2007,,5275.058,,2020,,,,,,,,,,0,Units,1,One
DATAFLOW,OECD.ELS.HD:DSD_SHA@DF_SHA(1.0),Health expenditure and financing,I,NLD,Netherlands,A,Annual,EXP_HEALTH,Expenditure,USD_PPP_PS,"US dollars per person, PPP converted",_T,Total,_Z,Not application,_T,Total,_T,Total,_T,Total,_Z,Not applicable,_Z,Not applicable,Q,Constant prices,2008,,5500.148,,2020,,,,,,,,,,0,Units,1,One
DATAFLOW,OECD.ELS.HD:DSD_SHA@DF_SHA(1.0),Health expenditure and financing,I,NLD,Netherlands,A,Annual,EXP_HEALTH,Expenditure,USD_PPP_PS,"US dollars per person, PPP converted",_T,Total,_Z,Not application,_T,Total,_T,Total,_T,Total,_Z,Not applicable,_Z,Not applicable,Q,Constant prices,2009,,5698.142,,2020,,,,,,,,,,0,Units,1,One
DATAFLOW,OECD.ELS.HD:DSD_SHA@DF_SHA(1.0),Health expenditure and financing,I,NLD,Netherlands,A,Annual,EXP_HEALTH,Expenditure,USD_PPP_PS,"US dollars per person, PPP converted",_T,Total,_Z,Not application,_T,Total,_T,Total,_T,Total,_Z,Not applicable,_Z,Not applicable,Q,Constant prices,2010,,5790.66,,2020,,,,,,,,,,0,Units,1,One
DATAFLOW,OECD.ELS.HD:DSD_SHA@DF_SHA(1.0),Health expenditure and financing,I,NLD,Netherlands,A,Annual,EXP_HEALTH,Expenditure,USD_PPP_PS,"US dollars per person, PPP converted",_T,Total,_Z,Not application,_T,Total,_T,Total,_T,Total,_Z,Not applicable,_Z,Not applicable,Q,Constant prices,2011,,5802.801,,2020,,,,,,,,,,0,Units,1,One
DATAFLOW,OECD.ELS.HD:DSD_SHA@DF_SHA(1.0),Health expenditure and financing,I,NLD,Netherlands,A,Annual,EXP_HEALTH,Expenditure,USD_PPP_PS,"US dollars per person, PPP converted",_T,Total,_Z,Not application,_T,Total,_T,Total,_T,Total,_Z,Not applicable,_Z,Not applicable,Q,Constant prices,2012,,5897.963,,2020,,,,,,,,,,0,Units,1,One
DATAFLOW,OECD.ELS.HD:DSD_SHA@DF_SHA(1.0),Health expenditure and financing,I,NLD,Netherlands,A,Annual,EXP_HEALTH,Expenditure,USD_PPP_PS,"US dollars per person, PPP converted",_T,Total,_Z,Not application,_T,Total,_T,Total,_T,Total,_Z,Not applicable,_Z,Not applicable,Q,Constant prices,2013,,5873.499,,2020,,,,,,,,,,0,Units,1,One
DATAFLOW,OECD.ELS.HD:DSD_SHA@DF_SHA(1.0),Health expenditure and financing,I,NLD,Netherlands,A,Annual,EXP_HEALTH,Expenditure,USD_PPP_PS,"US dollars per person, PPP converted",_T,Total,_Z,Not application,_T,Total,_T,Total,_T,Total,_Z,Not applicable,_Z,Not applicable,Q,Constant prices,2019,,6176.613,,2020,,,,,,,,,,0,Units,1,One
DATAFLOW,OECD.ELS.HD:DSD_SHA@DF_SHA(1.0),Health expenditure and financing,I,NLD,Netherlands,A,Annual,EXP_HEALTH,Expenditure,USD_PPP_PS,"US dollars per person, PPP converted",_T,Total,_Z,Not application,_T,Total,_T,Total,_T,Total,_Z,Not applicable,_Z,Not applicable,Q,Constant prices,2018,,6002.318,,2020,,,,,,,,,,0,Units,1,One
DATAFLOW,OECD.ELS.HD:DSD_SHA@DF_SHA(1.0),Health expenditure and financing,I,NLD,Netherlands,A,Annual,EXP_HEALTH,Expenditure,USD_PPP_PS,"US dollars per person, PPP converted",_T,Total,_Z,Not application,_T,Total,_T,Total,_T,Total,_Z,Not applicable,_Z,Not applicable,Q,Constant prices,2017,,5940.743,,2020,,,,,,,,,,0,Units,1,One
DATAFLOW,OECD.ELS.HD:DSD_SHA@DF_SHA(1.0),Health expenditure and financing,I,NLD,Netherlands,A,Annual,EXP_HEALTH,Expenditure,USD_PPP_PS,"US dollars per person, PPP converted",_T,Total,_Z,Not application,_T,Total,_T,Total,_T,Total,_Z,Not applicable,_Z,Not applicable,Q,Constant prices,2020,,6515.942,,2020,,,,,,,,,,0,Units,1,One
DATAFLOW,OECD.ELS.HD:DSD_SHA@DF_SHA(1.0),Health expenditure and financing,I,NLD,Netherlands,A,Annual,EXP_HEALTH,Expenditure,USD_PPP_PS,"US dollars per person, PPP converted",_T,Total,_Z,Not application,_T,Total,_T,Total,_T,Total,_Z,Not applicable,_Z,Not applicable,Q,Constant prices,2022,,6420.019,,2020,,,,,,,,,,0,Units,1,One
DATAFLOW,OECD.ELS.HD:DSD_SHA@DF_SHA(1.0),Health expenditure and financing,I,NLD,Netherlands,A,Annual,EXP_HEALTH,Expenditure,USD_PPP_PS,"US dollars per person, PPP converted",_T,Total,_Z,Not application,_T,Total,_T,Total,_T,Total,_Z,Not applicable,_Z,Not applicable,Q,Constant prices,2023,,6273.081,,2020,,,,,,,,,,0,Units,1,One
DATAFLOW,OECD.ELS.HD:DSD_SHA@DF_SHA(1.0),Health expenditure and financing,I,NLD,Netherlands,A,Annual,EXP_HEALTH,Expenditure,USD_PPP_PS,"US dollars per person, PPP converted",_T,Total,_Z,Not application,_T,Total,_T,Total,_T,Total,_Z,Not applicable,_Z,Not applicable,Q,Constant prices,2014,,5893.053,,2020,,,,,,,,,,0,Units,1,One
DATAFLOW,OECD.ELS.HD:DSD_SHA@DF_SHA(1.0),Health expenditure and financing,I,NLD,Netherlands,A,Annual,EXP_HEALTH,Expenditure,USD_PPP_PS,"US dollars per person, PPP converted",_T,Total,_Z,Not application,_T,Total,_T,Total,_T,Total,_Z,Not applicable,_Z,Not applicable,Q,Constant prices,2015,,5882.051,,2020,,,,,,,,,,0,Units,1,One
DATAFLOW,OECD.ELS.HD:DSD_SHA@DF_SHA(1.0),Health expenditure and financing,I,NLD,Netherlands,A,Annual,EXP_HEALTH,Expenditure,USD_PPP_PS,"US dollars per person, PPP converted",_T,Total,_Z,Not application,_T,Total,_T,Total,_T,Total,_Z,Not applicable,_Z,Not applicable,Q,Constant prices,2016,,5951.334,,2020,,,,,,,,,,0,Units,1,One
DATAFLOW,OECD.ELS.HD:DSD_SHA@DF_SHA(1.0),Health expenditure and financing,I,NLD,Netherlands,A,Annual,EXP_HEALTH,Expenditure,USD_PPP_PS,"US dollars per person, PPP converted",_T,Total,_Z,Not application,_T,Total,_T,Total,_T,Total,_Z,Not applicable,_Z,Not applicable,Q,Constant prices,2001,,4339.306,,2020,,,,,,,,,,0,Units,1,One
DATAFLOW,OECD.ELS.HD:DSD_SHA@DF_SHA(1.0),Health expenditure and financing,I,NZL,New Zealand,A,Annual,EXP_HEALTH,Expenditure,USD_PPP_PS,"US dollars per person, PPP converted",_T,Total,_Z,Not application,_T,Total,_T,Total,_T,Total,_Z,Not applicable,_Z,Not applicable,Q,Constant prices,2007,,3349.241,,2020,,,,,,,,,,0,Units,1,One
DATAFLOW,OECD.ELS.HD:DSD_SHA@DF_SHA(1.0),Health expenditure and financing,I,NZL,New Zealand,A,Annual,EXP_HEALTH,Expenditure,USD_PPP_PS,"US dollars per person, PPP converted",_T,Total,_Z,Not application,_T,Total,_T,Total,_T,Total,_Z,Not applicable,_Z,Not applicable,Q,Constant prices,2009,,3534.217,,2020,,,,,,,,,,0,Units,1,One
DATAFLOW,OECD.ELS.HD:DSD_SHA@DF_SHA(1.0),Health expenditure and financing,I,NZL,New Zealand,A,Annual,EXP_HEALTH,Expenditure,USD_PPP_PS,"US dollars per person, PPP converted",_T,Total,_Z,Not application,_T,Total,_T,Total,_T,Total,_Z,Not applicable,_Z,Not applicable,Q,Constant prices,2010,,3572.752,,2020,,,,,,,,,,0,Units,1,One
DATAFLOW,OECD.ELS.HD:DSD_SHA@DF_SHA(1.0),Health expenditure and financing,I,NZL,New Zealand,A,Annual,EXP_HEALTH,Expenditure,USD_PPP_PS,"US dollars per person, PPP converted",_T,Total,_Z,Not application,_T,Total,_T,Total,_T,Total,_Z,Not applicable,_Z,Not applicable,Q,Constant prices,2011,,3628.182,,2020,,,,,,,,,,0,Units,1,One
DATAFLOW,OECD.ELS.HD:DSD_SHA@DF_SHA(1.0),Health expenditure and financing,I,NZL,New Zealand,A,Annual,EXP_HEALTH,Expenditure,USD_PPP_PS,"US dollars per person, PPP converted",_T,Total,_Z,Not application,_T,Total,_T,Total,_T,Total,_Z,Not applicable,_Z,Not applicable,Q,Constant prices,2012,,3696.156,,2020,,,,,,,,,,0,Units,1,One
DATAFLOW,OECD.ELS.HD:DSD_SHA@DF_SHA(1.0),Health expenditure and financing,I,NZL,New Zealand,A,Annual,EXP_HEALTH,Expenditure,USD_PPP_PS,"US dollars per person, PPP converted",_T,Total,_Z,Not application,_T,Total,_T,Total,_T,Total,_Z,Not applicable,_Z,Not applicable,Q,Constant prices,2013,,3770.16,,2020,,,,,,,,,,0,Units,1,One
DATAFLOW,OECD.ELS.HD:DSD_SHA@DF_SHA(1.0),Health expenditure and financing,I,NZL,New Zealand,A,Annual,EXP_HEALTH,Expenditure,USD_PPP_PS,"US dollars per person, PPP converted",_T,Total,_Z,Not application,_T,Total,_T,Total,_T,Total,_Z,Not applicable,_Z,Not applicable,Q,Constant prices,2006,,3303.579,,2020,,,,,,,,,,0,Units,1,One
DATAFLOW,OECD.ELS.HD:DSD_SHA@DF_SHA(1.0),Health expenditure and financing,I,NZL,New Zealand,A,Annual,EXP_HEALTH,Expenditure,USD_PPP_PS,"US dollars per person, PPP converted",_T,Total,_Z,Not application,_T,Total,_T,Total,_T,Total,_Z,Not applicable,_Z,Not applicable,Q,Constant prices,2014,,3845.258,,2020,,,,,,,,,,0,Units,1,One
DATAFLOW,OECD.ELS.HD:DSD_SHA@DF_SHA(1.0),Health expenditure and financing,I,NZL,New Zealand,A,Annual,EXP_HEALTH,Expenditure,USD_PPP_PS,"US dollars per person, PPP converted",_T,Total,_Z,Not application,_T,Total,_T,Total,_T,Total,_Z,Not applicable,_Z,Not applicable,Q,Constant prices,2015,,3889.732,,2020,,,,,,,,,,0,Units,1,One
DATAFLOW,OECD.ELS.HD:DSD_SHA@DF_SHA(1.0),Health expenditure and financing,I,NZL,New Zealand,A,Annual,EXP_HEALTH,Expenditure,USD_PPP_PS,"US dollars per person, PPP converted",_T,Total,_Z,Not application,_T,Total,_T,Total,_T,Total,_Z,Not applicable,_Z,Not applicable,Q,Constant prices,2016,,3940.149,,2020,,,,,,,,,,0,Units,1,One
DATAFLOW,OECD.ELS.HD:DSD_SHA@DF_SHA(1.0),Health expenditure and financing,I,NZL,New Zealand,A,Annual,EXP_HEALTH,Expenditure,USD_PPP_PS,"US dollars per person, PPP converted",_T,Total,_Z,Not application,_T,Total,_T,Total,_T,Total,_Z,Not applicable,_Z,Not applicable,Q,Constant prices,2017,,4002.257,,2020,,,,,,,,,,0,Units,1,One
DATAFLOW,OECD.ELS.HD:DSD_SHA@DF_SHA(1.0),Health expenditure and financing,I,NZL,New Zealand,A,Annual,EXP_HEALTH,Expenditure,USD_PPP_PS,"US dollars per person, PPP converted",_T,Total,_Z,Not application,_T,Total,_T,Total,_T,Total,_Z,Not applicable,_Z,Not applicable,Q,Constant prices,2018,,4037.156,,2020,,,,,,,,,,0,Units,1,One
DATAFLOW,OECD.ELS.HD:DSD_SHA@DF_SHA(1.0),Health expenditure and financing,I,NZL,New Zealand,A,Annual,EXP_HEALTH,Expenditure,USD_PPP_PS,"US dollars per person, PPP converted",_T,Total,_Z,Not application,_T,Total,_T,Total,_T,Total,_Z,Not applicable,_Z,Not applicable,Q,Constant prices,2019,,4131.888,,2020,,,,,,,,,,0,Units,1,One
DATAFLOW,OECD.ELS.HD:DSD_SHA@DF_SHA(1.0),Health expenditure and financing,I,NZL,New Zealand,A,Annual,EXP_HEALTH,Expenditure,USD_PPP_PS,"US dollars per person, PPP converted",_T,Total,_Z,Not application,_T,Total,_T,Total,_T,Total,_Z,Not applicable,_Z,Not applicable,Q,Constant prices,2020,,4352.668,,2020,,,,,,,,,,0,Units,1,One
DATAFLOW,OECD.ELS.HD:DSD_SHA@DF_SHA(1.0),Health expenditure and financing,I,NZL,New Zealand,A,Annual,EXP_HEALTH,Expenditure,USD_PPP_PS,"US dollars per person, PPP converted",_T,Total,_Z,Not application,_T,Total,_T,Total,_T,Total,_Z,Not applicable,_Z,Not applicable,Q,Constant prices,2021,,4674.925,,2020,,,,,,,,,,0,Units,1,One
DATAFLOW,OECD.ELS.HD:DSD_SHA@DF_SHA(1.0),Health expenditure and financing,I,NZL,New Zealand,A,Annual,EXP_HEALTH,Expenditure,USD_PPP_PS,"US dollars per person, PPP converted",_T,Total,_Z,Not application,_T,Total,_T,Total,_T,Total,_Z,Not applicable,_Z,Not applicable,Q,Constant prices,2022,,5284.677,,2020,,,,,,,,,,0,Units,1,One
DATAFLOW,OECD.ELS.HD:DSD_SHA@DF_SHA(1.0),Health expenditure and financing,I,NZL,New Zealand,A,Annual,EXP_HEALTH,Expenditure,USD_PPP_PS,"US dollars per person, PPP converted",_T,Total,_Z,Not application,_T,Total,_T,Total,_T,Total,_Z,Not applicable,_Z,Not applicable,Q,Constant prices,2000,,2444.214,,2020,,,,,,,,,,0,Units,1,One
DATAFLOW,OECD.ELS.HD:DSD_SHA@DF_SHA(1.0),Health expenditure and financing,I,NZL,New Zealand,A,Annual,EXP_HEALTH,Expenditure,USD_PPP_PS,"US dollars per person, PPP converted",_T,Total,_Z,Not application,_T,Total,_T,Total,_T,Total,_Z,Not applicable,_Z,Not applicable,Q,Constant prices,2001,,2595.809,,2020,,,,,,,,,,0,Units,1,One
DATAFLOW,OECD.ELS.HD:DSD_SHA@DF_SHA(1.0),Health expenditure and financing,I,NZL,New Zealand,A,Annual,EXP_HEALTH,Expenditure,USD_PPP_PS,"US dollars per person, PPP converted",_T,Total,_Z,Not application,_T,Total,_T,Total,_T,Total,_Z,Not applicable,_Z,Not applicable,Q,Constant prices,2002,,2739.934,,2020,,,,,,,,,,0,Units,1,One
DATAFLOW,OECD.ELS.HD:DSD_SHA@DF_SHA(1.0),Health expenditure and financing,I,NZL,New Zealand,A,Annual,EXP_HEALTH,Expenditure,USD_PPP_PS,"US dollars per person, PPP converted",_T,Total,_Z,Not application,_T,Total,_T,Total,_T,Total,_Z,Not applicable,_Z,Not applicable,Q,Constant prices,2003,,2781.849,,2020,,,,,,,,,,0,Units,1,One
DATAFLOW,OECD.ELS.HD:DSD_SHA@DF_SHA(1.0),Health expenditure and financing,I,NZL,New Zealand,A,Annual,EXP_HEALTH,Expenditure,USD_PPP_PS,"US dollars per person, PPP converted",_T,Total,_Z,Not application,_T,Total,_T,Total,_T,Total,_Z,Not applicable,_Z,Not applicable,Q,Constant prices,2004,,2936.016,,2020,,,,,,,,,,0,Units,1,One
DATAFLOW,OECD.ELS.HD:DSD_SHA@DF_SHA(1.0),Health expenditure and financing,I,NZL,New Zealand,A,Annual,EXP_HEALTH,Expenditure,USD_PPP_PS,"US dollars per person, PPP converted",_T,Total,_Z,Not application,_T,Total,_T,Total,_T,Total,_Z,Not applicable,_Z,Not applicable,Q,Constant prices,2005,,3128.728,,2020,,,,,,,,,,0,Units,1,One
DATAFLOW,OECD.ELS.HD:DSD_SHA@DF_SHA(1.0),Health expenditure and financing,I,NZL,New Zealand,A,Annual,EXP_HEALTH,Expenditure,USD_PPP_PS,"US dollars per person, PPP converted",_T,Total,_Z,Not application,_T,Total,_T,Total,_T,Total,_Z,Not applicable,_Z,Not applicable,Q,Constant prices,2023,,4937.538,,2020,,,,,,,,,,0,Units,1,One
DATAFLOW,OECD.ELS.HD:DSD_SHA@DF_SHA(1.0),Health expenditure and financing,I,NZL,New Zealand,A,Annual,EXP_HEALTH,Expenditure,USD_PPP_PS,"US dollars per person, PPP converted",_T,Total,_Z,Not application,_T,Total,_T,Total,_T,Total,_Z,Not applicable,_Z,Not applicable,Q,Constant prices,2008,,3367.239,,2020,,,,B,Time series break,,,,,0,Units,1,One
DATAFLOW,OECD.ELS.HD:DSD_SHA@DF_SHA(1.0),Health expenditure and financing,I,NZL,New Zealand,A,Annual,EXP_HEALTH,Expenditure,USD_PPP_PS,"US dollars per person, PPP converted",_T,Total,_Z,Not application,_T,Total,_T,Total,_T,Total,_Z,Not applicable,_Z,Not applicable,Q,Constant prices,2024,,4814.951,,2020,,,,P,Provisional value,,,,,0,Units,1,One
DATAFLOW,OECD.ELS.HD:DSD_SHA@DF_SHA(1.0),Health expenditure and financing,I,NOR,Norway,A,Annual,EXP_HEALTH,Expenditure,USD_PPP_PS,"US dollars per person, PPP converted",_T,Total,_Z,Not application,_T,Total,_T,Total,_T,Total,_Z,Not applicable,_Z,Not applicable,Q,Constant prices,2008,,5799.574,,2020,,,,,,,,,,0,Units,1,One
DATAFLOW,OECD.ELS.HD:DSD_SHA@DF_SHA(1.0),Health expenditure and financing,I,NOR,Norway,A,Annual,EXP_HEALTH,Expenditure,USD_PPP_PS,"US dollars per person, PPP converted",_T,Total,_Z,Not application,_T,Total,_T,Total,_T,Total,_Z,Not applicable,_Z,Not applicable,Q,Constant prices,2009,,5905.47,,2020,,,,,,,,,,0,Units,1,One
DATAFLOW,OECD.ELS.HD:DSD_SHA@DF_SHA(1.0),Health expenditure and financing,I,NOR,Norway,A,Annual,EXP_HEALTH,Expenditure,USD_PPP_PS,"US dollars per person, PPP converted",_T,Total,_Z,Not application,_T,Total,_T,Total,_T,Total,_Z,Not applicable,_Z,Not applicable,Q,Constant prices,2010,,5963.235,,2020,,,,,,,,,,0,Units,1,One
DATAFLOW,OECD.ELS.HD:DSD_SHA@DF_SHA(1.0),Health expenditure and financing,I,NOR,Norway,A,Annual,EXP_HEALTH,Expenditure,USD_PPP_PS,"US dollars per person, PPP converted",_T,Total,_Z,Not application,_T,Total,_T,Total,_T,Total,_Z,Not applicable,_Z,Not applicable,Q,Constant prices,2011,,6132.961,,2020,,,,,,,,,,0,Units,1,One
DATAFLOW,OECD.ELS.HD:DSD_SHA@DF_SHA(1.0),Health expenditure and financing,I,NOR,Norway,A,Annual,EXP_HEALTH,Expenditure,USD_PPP_PS,"US dollars per person, PPP converted",_T,Total,_Z,Not application,_T,Total,_T,Total,_T,Total,_Z,Not applicable,_Z,Not applicable,Q,Constant prices,2012,,6310.432,,2020,,,,,,,,,,0,Units,1,One
DATAFLOW,OECD.ELS.HD:DSD_SHA@DF_SHA(1.0),Health expenditure and financing,I,NOR,Norway,A,Annual,EXP_HEALTH,Expenditure,USD_PPP_PS,"US dollars per person, PPP converted",_T,Total,_Z,Not application,_T,Total,_T,Total,_T,Total,_Z,Not applicable,_Z,Not applicable,Q,Constant prices,2013,,6396.242,,2020,,,,,,,,,,0,Units,1,One
DATAFLOW,OECD.ELS.HD:DSD_SHA@DF_SHA(1.0),Health expenditure and financing,I,NOR,Norway,A,Annual,EXP_HEALTH,Expenditure,USD_PPP_PS,"US dollars per person, PPP converted",_T,Total,_Z,Not application,_T,Total,_T,Total,_T,Total,_Z,Not applicable,_Z,Not applicable,Q,Constant prices,2014,,6589.718,,2020,,,,,,,,,,0,Units,1,One
DATAFLOW,OECD.ELS.HD:DSD_SHA@DF_SHA(1.0),Health expenditure and financing,I,NOR,Norway,A,Annual,EXP_HEALTH,Expenditure,USD_PPP_PS,"US dollars per person, PPP converted",_T,Total,_Z,Not application,_T,Total,_T,Total,_T,Total,_Z,Not applicable,_Z,Not applicable,Q,Constant prices,2015,,6821.897,,2020,,,,,,,,,,0,Units,1,One
DATAFLOW,OECD.ELS.HD:DSD_SHA@DF_SHA(1.0),Health expenditure and financing,I,NOR,Norway,A,Annual,EXP_HEALTH,Expenditure,USD_PPP_PS,"US dollars per person, PPP converted",_T,Total,_Z,Not application,_T,Total,_T,Total,_T,Total,_Z,Not applicable,_Z,Not applicable,Q,Constant prices,2016,,6848.34,,2020,,,,,,,,,,0,Units,1,One
DATAFLOW,OECD.ELS.HD:DSD_SHA@DF_SHA(1.0),Health expenditure and financing,I,NOR,Norway,A,Annual,EXP_HEALTH,Expenditure,USD_PPP_PS,"US dollars per person, PPP converted",_T,Total,_Z,Not application,_T,Total,_T,Total,_T,Total,_Z,Not applicable,_Z,Not applicable,Q,Constant prices,2017,,6883.182,,2020,,,,,,,,,,0,Units,1,One
DATAFLOW,OECD.ELS.HD:DSD_SHA@DF_SHA(1.0),Health expenditure and financing,I,NOR,Norway,A,Annual,EXP_HEALTH,Expenditure,USD_PPP_PS,"US dollars per person, PPP converted",_T,Total,_Z,Not application,_T,Total,_T,Total,_T,Total,_Z,Not applicable,_Z,Not applicable,Q,Constant prices,2018,,6964.168,,2020,,,,,,,,,,0,Units,1,One
DATAFLOW,OECD.ELS.HD:DSD_SHA@DF_SHA(1.0),Health expenditure and financing,I,NOR,Norway,A,Annual,EXP_HEALTH,Expenditure,USD_PPP_PS,"US dollars per person, PPP converted",_T,Total,_Z,Not application,_T,Total,_T,Total,_T,Total,_Z,Not applicable,_Z,Not applicable,Q,Constant prices,2019,,7093.146,,2020,,,,,,,,,,0,Units,1,One
DATAFLOW,OECD.ELS.HD:DSD_SHA@DF_SHA(1.0),Health expenditure and financing,I,NOR,Norway,A,Annual,EXP_HEALTH,Expenditure,USD_PPP_PS,"US dollars per person, PPP converted",_T,Total,_Z,Not application,_T,Total,_T,Total,_T,Total,_Z,Not applicable,_Z,Not applicable,Q,Constant prices,2020,,7220.869,,2020,,,,,,,,,,0,Units,1,One
DATAFLOW,OECD.ELS.HD:DSD_SHA@DF_SHA(1.0),Health expenditure and financing,I,NOR,Norway,A,Annual,EXP_HEALTH,Expenditure,USD_PPP_PS,"US dollars per person, PPP converted",_T,Total,_Z,Not application,_T,Total,_T,Total,_T,Total,_Z,Not applicable,_Z,Not applicable,Q,Constant prices,2021,,7477.058,,2020,,,,,,,,,,0,Units,1,One
DATAFLOW,OECD.ELS.HD:DSD_SHA@DF_SHA(1.0),Health expenditure and financing,I,NOR,Norway,A,Annual,EXP_HEALTH,Expenditure,USD_PPP_PS,"US dollars per person, PPP converted",_T,Total,_Z,Not application,_T,Total,_T,Total,_T,Total,_Z,Not applicable,_Z,Not applicable,Q,Constant prices,2022,,7515.855,,2020,,,,,,,,,,0,Units,1,One
DATAFLOW,OECD.ELS.HD:DSD_SHA@DF_SHA(1.0),Health expenditure and financing,I,NOR,Norway,A,Annual,EXP_HEALTH,Expenditure,USD_PPP_PS,"US dollars per person, PPP converted",_T,Total,_Z,Not application,_T,Total,_T,Total,_T,Total,_Z,Not applicable,_Z,Not applicable,Q,Constant prices,2000,,4209.81,,2020,,,,,,,,,,0,Units,1,One
DATAFLOW,OECD.ELS.HD:DSD_SHA@DF_SHA(1.0),Health expenditure and financing,I,NOR,Norway,A,Annual,EXP_HEALTH,Expenditure,USD_PPP_PS,"US dollars per person, PPP converted",_T,Total,_Z,Not application,_T,Total,_T,Total,_T,Total,_Z,Not applicable,_Z,Not applicable,Q,Constant prices,2002,,4784.288,,2020,,,,,,,,,,0,Units,1,One
DATAFLOW,OECD.ELS.HD:DSD_SHA@DF_SHA(1.0),Health expenditure and financing,I,NOR,Norway,A,Annual,EXP_HEALTH,Expenditure,USD_PPP_PS,"US dollars per person, PPP converted",_T,Total,_Z,Not application,_T,Total,_T,Total,_T,Total,_Z,Not applicable,_Z,Not applicable,Q,Constant prices,2003,,4891.884,,2020,,,,,,,,,,0,Units,1,One
DATAFLOW,OECD.ELS.HD:DSD_SHA@DF_SHA(1.0),Health expenditure and financing,I,NOR,Norway,A,Annual,EXP_HEALTH,Expenditure,USD_PPP_PS,"US dollars per person, PPP converted",_T,Total,_Z,Not application,_T,Total,_T,Total,_T,Total,_Z,Not applicable,_Z,Not applicable,Q,Constant prices,2004,,5044.295,,2020,,,,,,,,,,0,Units,1,One
DATAFLOW,OECD.ELS.HD:DSD_SHA@DF_SHA(1.0),Health expenditure and financing,I,NOR,Norway,A,Annual,EXP_HEALTH,Expenditure,USD_PPP_PS,"US dollars per person, PPP converted",_T,Total,_Z,Not application,_T,Total,_T,Total,_T,Total,_Z,Not applicable,_Z,Not applicable,Q,Constant prices,2005,,5207.994,,2020,,,,,,,,,,0,Units,1,One
DATAFLOW,OECD.ELS.HD:DSD_SHA@DF_SHA(1.0),Health expenditure and financing,I,NOR,Norway,A,Annual,EXP_HEALTH,Expenditure,USD_PPP_PS,"US dollars per person, PPP converted",_T,Total,_Z,Not application,_T,Total,_T,Total,_T,Total,_Z,Not applicable,_Z,Not applicable,Q,Constant prices,2006,,5332.529,,2020,,,,,,,,,,0,Units,1,One
DATAFLOW,OECD.ELS.HD:DSD_SHA@DF_SHA(1.0),Health expenditure and financing,I,NOR,Norway,A,Annual,EXP_HEALTH,Expenditure,USD_PPP_PS,"US dollars per person, PPP converted",_T,Total,_Z,Not application,_T,Total,_T,Total,_T,Total,_Z,Not applicable,_Z,Not applicable,Q,Constant prices,2001,,4383.34,,2020,,,,B,Time series break,,,,,0,Units,1,One
DATAFLOW,OECD.ELS.HD:DSD_SHA@DF_SHA(1.0),Health expenditure and financing,I,NOR,Norway,A,Annual,EXP_HEALTH,Expenditure,USD_PPP_PS,"US dollars per person, PPP converted",_T,Total,_Z,Not application,_T,Total,_T,Total,_T,Total,_Z,Not applicable,_Z,Not applicable,Q,Constant prices,2023,,7424.346,,2020,,,,E,Estimated value,,,,,0,Units,1,One
DATAFLOW,OECD.ELS.HD:DSD_SHA@DF_SHA(1.0),Health expenditure and financing,I,NOR,Norway,A,Annual,EXP_HEALTH,Expenditure,USD_PPP_PS,"US dollars per person, PPP converted",_T,Total,_Z,Not application,_T,Total,_T,Total,_T,Total,_Z,Not applicable,_Z,Not applicable,Q,Constant prices,2024,,7487.68,,2020,,,,E,Estimated value,,,,,0,Units,1,One
DATAFLOW,OECD.ELS.HD:DSD_SHA@DF_SHA(1.0),Health expenditure and financing,I,NOR,Norway,A,Annual,EXP_HEALTH,Expenditure,USD_PPP_PS,"US dollars per person, PPP converted",_T,Total,_Z,Not application,_T,Total,_T,Total,_T,Total,_Z,Not applicable,_Z,Not applicable,Q,Constant prices,2007,,5586.53,,2020,,,,,,,,,,0,Units,1,One
DATAFLOW,OECD.ELS.HD:DSD_SHA@DF_SHA(1.0),Health expenditure and financing,I,POL,Poland,A,Annual,EXP_HEALTH,Expenditure,USD_PPP_PS,"US dollars per person, PPP converted",_T,Total,_Z,Not application,_T,Total,_T,Total,_T,Total,_Z,Not applicable,_Z,Not applicable,Q,Constant prices,2004,,1236.763,,2020,,,,,,,,,,0,Units,1,One
DATAFLOW,OECD.ELS.HD:DSD_SHA@DF_SHA(1.0),Health expenditure and financing,I,POL,Poland,A,Annual,EXP_HEALTH,Expenditure,USD_PPP_PS,"US dollars per person, PPP converted",_T,Total,_Z,Not application,_T,Total,_T,Total,_T,Total,_Z,Not applicable,_Z,Not applicable,Q,Constant prices,2007,,1474.249,,2020,,,,,,,,,,0,Units,1,One
DATAFLOW,OECD.ELS.HD:DSD_SHA@DF_SHA(1.0),Health expenditure and financing,I,POL,Poland,A,Annual,EXP_HEALTH,Expenditure,USD_PPP_PS,"US dollars per person, PPP converted",_T,Total,_Z,Not application,_T,Total,_T,Total,_T,Total,_Z,Not applicable,_Z,Not applicable,Q,Constant prices,2006,,1347.596,,2020,,,,,,,,,,0,Units,1,One
DATAFLOW,OECD.ELS.HD:DSD_SHA@DF_SHA(1.0),Health expenditure and financing,I,POL,Poland,A,Annual,EXP_HEALTH,Expenditure,USD_PPP_PS,"US dollars per person, PPP converted",_T,Total,_Z,Not application,_T,Total,_T,Total,_T,Total,_Z,Not applicable,_Z,Not applicable,Q,Constant prices,2009,,1774.053,,2020,,,,,,,,,,0,Units,1,One
DATAFLOW,OECD.ELS.HD:DSD_SHA@DF_SHA(1.0),Health expenditure and financing,I,POL,Poland,A,Annual,EXP_HEALTH,Expenditure,USD_PPP_PS,"US dollars per person, PPP converted",_T,Total,_Z,Not application,_T,Total,_T,Total,_T,Total,_Z,Not applicable,_Z,Not applicable,Q,Constant prices,2008,,1658.258,,2020,,,,,,,,,,0,Units,1,One
DATAFLOW,OECD.ELS.HD:DSD_SHA@DF_SHA(1.0),Health expenditure and financing,I,POL,Poland,A,Annual,EXP_HEALTH,Expenditure,USD_PPP_PS,"US dollars per person, PPP converted",_T,Total,_Z,Not application,_T,Total,_T,Total,_T,Total,_Z,Not applicable,_Z,Not applicable,Q,Constant prices,2005,,1270.774,,2020,,,,,,,,,,0,Units,1,One
DATAFLOW,OECD.ELS.HD:DSD_SHA@DF_SHA(1.0),Health expenditure and financing,I,POL,Poland,A,Annual,EXP_HEALTH,Expenditure,USD_PPP_PS,"US dollars per person, PPP converted",_T,Total,_Z,Not application,_T,Total,_T,Total,_T,Total,_Z,Not applicable,_Z,Not applicable,Q,Constant prices,2010,,1779.268,,2020,,,,B,Time series break,,,,,0,Units,1,One
DATAFLOW,OECD.ELS.HD:DSD_SHA@DF_SHA(1.0),Health expenditure and financing,I,POL,Poland,A,Annual,EXP_HEALTH,Expenditure,USD_PPP_PS,"US dollars per person, PPP converted",_T,Total,_Z,Not application,_T,Total,_T,Total,_T,Total,_Z,Not applicable,_Z,Not applicable,Q,Constant prices,2002,,1169.97,,2020,,,,B,Time series break,,,,,0,Units,1,One
DATAFLOW,OECD.ELS.HD:DSD_SHA@DF_SHA(1.0),Health expenditure and financing,I,POL,Poland,A,Annual,EXP_HEALTH,Expenditure,USD_PPP_PS,"US dollars per person, PPP converted",_T,Total,_Z,Not application,_T,Total,_T,Total,_T,Total,_Z,Not applicable,_Z,Not applicable,Q,Constant prices,2015,,2051.793,,2020,,,,,,,,,,0,Units,1,One
DATAFLOW,OECD.ELS.HD:DSD_SHA@DF_SHA(1.0),Health expenditure and financing,I,POL,Poland,A,Annual,EXP_HEALTH,Expenditure,USD_PPP_PS,"US dollars per person, PPP converted",_T,Total,_Z,Not application,_T,Total,_T,Total,_T,Total,_Z,Not applicable,_Z,Not applicable,Q,Constant prices,2019,,2497.099,,2020,,,,,,,,,,0,Units,1,One
DATAFLOW,OECD.ELS.HD:DSD_SHA@DF_SHA(1.0),Health expenditure and financing,I,POL,Poland,A,Annual,EXP_HEALTH,Expenditure,USD_PPP_PS,"US dollars per person, PPP converted",_T,Total,_Z,Not application,_T,Total,_T,Total,_T,Total,_Z,Not applicable,_Z,Not applicable,Q,Constant prices,2020,,2510.275,,2020,,,,,,,,,,0,Units,1,One
DATAFLOW,OECD.ELS.HD:DSD_SHA@DF_SHA(1.0),Health expenditure and financing,I,POL,Poland,A,Annual,EXP_HEALTH,Expenditure,USD_PPP_PS,"US dollars per person, PPP converted",_T,Total,_Z,Not application,_T,Total,_T,Total,_T,Total,_Z,Not applicable,_Z,Not applicable,Q,Constant prices,2017,,2294.366,,2020,,,,,,,,,,0,Units,1,One
DATAFLOW,OECD.ELS.HD:DSD_SHA@DF_SHA(1.0),Health expenditure and financing,I,POL,Poland,A,Annual,EXP_HEALTH,Expenditure,USD_PPP_PS,"US dollars per person, PPP converted",_T,Total,_Z,Not application,_T,Total,_T,Total,_T,Total,_Z,Not applicable,_Z,Not applicable,Q,Constant prices,2016,,2182.693,,2020,,,,,,,,,,0,Units,1,One
DATAFLOW,OECD.ELS.HD:DSD_SHA@DF_SHA(1.0),Health expenditure and financing,I,POL,Poland,A,Annual,EXP_HEALTH,Expenditure,USD_PPP_PS,"US dollars per person, PPP converted",_T,Total,_Z,Not application,_T,Total,_T,Total,_T,Total,_Z,Not applicable,_Z,Not applicable,Q,Constant prices,2021,,2690.546,,2020,,,,,,,,,,0,Units,1,One
DATAFLOW,OECD.ELS.HD:DSD_SHA@DF_SHA(1.0),Health expenditure and financing,I,POL,Poland,A,Annual,EXP_HEALTH,Expenditure,USD_PPP_PS,"US dollars per person, PPP converted",_T,Total,_Z,Not application,_T,Total,_T,Total,_T,Total,_Z,Not applicable,_Z,Not applicable,Q,Constant prices,2023,,3124.894,,2020,,,,,,,,,,0,Units,1,One
DATAFLOW,OECD.ELS.HD:DSD_SHA@DF_SHA(1.0),Health expenditure and financing,I,POL,Poland,A,Annual,EXP_HEALTH,Expenditure,USD_PPP_PS,"US dollars per person, PPP converted",_T,Total,_Z,Not application,_T,Total,_T,Total,_T,Total,_Z,Not applicable,_Z,Not applicable,Q,Constant prices,2012,,1796.318,,2020,,,,,,,,,,0,Units,1,One
DATAFLOW,OECD.ELS.HD:DSD_SHA@DF_SHA(1.0),Health expenditure and financing,I,POL,Poland,A,Annual,EXP_HEALTH,Expenditure,USD_PPP_PS,"US dollars per person, PPP converted",_T,Total,_Z,Not application,_T,Total,_T,Total,_T,Total,_Z,Not applicable,_Z,Not applicable,Q,Constant prices,2011,,1791.015,,2020,,,,,,,,,,0,Units,1,One
DATAFLOW,OECD.ELS.HD:DSD_SHA@DF_SHA(1.0),Health expenditure and financing,I,POL,Poland,A,Annual,EXP_HEALTH,Expenditure,USD_PPP_PS,"US dollars per person, PPP converted",_T,Total,_Z,Not application,_T,Total,_T,Total,_T,Total,_Z,Not applicable,_Z,Not applicable,Q,Constant prices,2013,,1872.492,,2020,,,,,,,,,,0,Units,1,One
DATAFLOW,OECD.ELS.HD:DSD_SHA@DF_SHA(1.0),Health expenditure and financing,I,POL,Poland,A,Annual,EXP_HEALTH,Expenditure,USD_PPP_PS,"US dollars per person, PPP converted",_T,Total,_Z,Not application,_T,Total,_T,Total,_T,Total,_Z,Not applicable,_Z,Not applicable,Q,Constant prices,2014,,1910.81,,2020,,,,,,,,,,0,Units,1,One
DATAFLOW,OECD.ELS.HD:DSD_SHA@DF_SHA(1.0),Health expenditure and financing,I,POL,Poland,A,Annual,EXP_HEALTH,Expenditure,USD_PPP_PS,"US dollars per person, PPP converted",_T,Total,_Z,Not application,_T,Total,_T,Total,_T,Total,_Z,Not applicable,_Z,Not applicable,Q,Constant prices,2000,,1001.109,,2020,,,,,,,,,,0,Units,1,One
DATAFLOW,OECD.ELS.HD:DSD_SHA@DF_SHA(1.0),Health expenditure and financing,I,POL,Poland,A,Annual,EXP_HEALTH,Expenditure,USD_PPP_PS,"US dollars per person, PPP converted",_T,Total,_Z,Not application,_T,Total,_T,Total,_T,Total,_Z,Not applicable,_Z,Not applicable,Q,Constant prices,2001,,1080.38,,2020,,,,,,,,,,0,Units,1,One
DATAFLOW,OECD.ELS.HD:DSD_SHA@DF_SHA(1.0),Health expenditure and financing,I,POL,Poland,A,Annual,EXP_HEALTH,Expenditure,USD_PPP_PS,"US dollars per person, PPP converted",_T,Total,_Z,Not application,_T,Total,_T,Total,_T,Total,_Z,Not applicable,_Z,Not applicable,Q,Constant prices,2018,,2319.602,,2020,,,,,,,,,,0,Units,1,One
DATAFLOW,OECD.ELS.HD:DSD_SHA@DF_SHA(1.0),Health expenditure and financing,I,POL,Poland,A,Annual,EXP_HEALTH,Expenditure,USD_PPP_PS,"US dollars per person, PPP converted",_T,Total,_Z,Not application,_T,Total,_T,Total,_T,Total,_Z,Not applicable,_Z,Not applicable,Q,Constant prices,2022,,2806.133,,2020,,,,,,,,,,0,Units,1,One
DATAFLOW,OECD.ELS.HD:DSD_SHA@DF_SHA(1.0),Health expenditure and financing,I,POL,Poland,A,Annual,EXP_HEALTH,Expenditure,USD_PPP_PS,"US dollars per person, PPP converted",_T,Total,_Z,Not application,_T,Total,_T,Total,_T,Total,_Z,Not applicable,_Z,Not applicable,Q,Constant prices,2024,,3621.832,,2020,,,,P,Provisional value,,,,,0,Units,1,One
DATAFLOW,OECD.ELS.HD:DSD_SHA@DF_SHA(1.0),Health expenditure and financing,I,POL,Poland,A,Annual,EXP_HEALTH,Expenditure,USD_PPP_PS,"US dollars per person, PPP converted",_T,Total,_Z,Not application,_T,Total,_T,Total,_T,Total,_Z,Not applicable,_Z,Not applicable,Q,Constant prices,2003,,1188.796,,2020,,,,,,,,,,0,Units,1,One
DATAFLOW,OECD.ELS.HD:DSD_SHA@DF_SHA(1.0),Health expenditure and financing,I,PRT,Portugal,A,Annual,EXP_HEALTH,Expenditure,USD_PPP_PS,"US dollars per person, PPP converted",_T,Total,_Z,Not application,_T,Total,_T,Total,_T,Total,_Z,Not applicable,_Z,Not applicable,Q,Constant prices,2009,,3310.82,,2020,,,,,,,,,,0,Units,1,One
DATAFLOW,OECD.ELS.HD:DSD_SHA@DF_SHA(1.0),Health expenditure and financing,I,PRT,Portugal,A,Annual,EXP_HEALTH,Expenditure,USD_PPP_PS,"US dollars per person, PPP converted",_T,Total,_Z,Not application,_T,Total,_T,Total,_T,Total,_Z,Not applicable,_Z,Not applicable,Q,Constant prices,2008,,3157.574,,2020,,,,,,,,,,0,Units,1,One
DATAFLOW,OECD.ELS.HD:DSD_SHA@DF_SHA(1.0),Health expenditure and financing,I,PRT,Portugal,A,Annual,EXP_HEALTH,Expenditure,USD_PPP_PS,"US dollars per person, PPP converted",_T,Total,_Z,Not application,_T,Total,_T,Total,_T,Total,_Z,Not applicable,_Z,Not applicable,Q,Constant prices,2022,,3946.992,,2020,,,,,,,,,,0,Units,1,One
DATAFLOW,OECD.ELS.HD:DSD_SHA@DF_SHA(1.0),Health expenditure and financing,I,PRT,Portugal,A,Annual,EXP_HEALTH,Expenditure,USD_PPP_PS,"US dollars per person, PPP converted",_T,Total,_Z,Not application,_T,Total,_T,Total,_T,Total,_Z,Not applicable,_Z,Not applicable,Q,Constant prices,2019,,3476.354,,2020,,,,,,,,,,0,Units,1,One
DATAFLOW,OECD.ELS.HD:DSD_SHA@DF_SHA(1.0),Health expenditure and financing,I,PRT,Portugal,A,Annual,EXP_HEALTH,Expenditure,USD_PPP_PS,"US dollars per person, PPP converted",_T,Total,_Z,Not application,_T,Total,_T,Total,_T,Total,_Z,Not applicable,_Z,Not applicable,Q,Constant prices,2020,,3554.732,,2020,,,,,,,,,,0,Units,1,One
DATAFLOW,OECD.ELS.HD:DSD_SHA@DF_SHA(1.0),Health expenditure and financing,I,PRT,Portugal,A,Annual,EXP_HEALTH,Expenditure,USD_PPP_PS,"US dollars per person, PPP converted",_T,Total,_Z,Not application,_T,Total,_T,Total,_T,Total,_Z,Not applicable,_Z,Not applicable,Q,Constant prices,2016,,3122.428,,2020,,,,,,,,,,0,Units,1,One
DATAFLOW,OECD.ELS.HD:DSD_SHA@DF_SHA(1.0),Health expenditure and financing,I,PRT,Portugal,A,Annual,EXP_HEALTH,Expenditure,USD_PPP_PS,"US dollars per person, PPP converted",_T,Total,_Z,Not application,_T,Total,_T,Total,_T,Total,_Z,Not applicable,_Z,Not applicable,Q,Constant prices,2017,,3198.237,,2020,,,,,,,,,,0,Units,1,One
DATAFLOW,OECD.ELS.HD:DSD_SHA@DF_SHA(1.0),Health expenditure and financing,I,PRT,Portugal,A,Annual,EXP_HEALTH,Expenditure,USD_PPP_PS,"US dollars per person, PPP converted",_T,Total,_Z,Not application,_T,Total,_T,Total,_T,Total,_Z,Not applicable,_Z,Not applicable,Q,Constant prices,2000,,2699.584,,2020,,,,B,Time series break,,,,,0,Units,1,One
DATAFLOW,OECD.ELS.HD:DSD_SHA@DF_SHA(1.0),Health expenditure and financing,I,PRT,Portugal,A,Annual,EXP_HEALTH,Expenditure,USD_PPP_PS,"US dollars per person, PPP converted",_T,Total,_Z,Not application,_T,Total,_T,Total,_T,Total,_Z,Not applicable,_Z,Not applicable,Q,Constant prices,2018,,3331.54,,2020,,,,,,,,,,0,Units,1,One
DATAFLOW,OECD.ELS.HD:DSD_SHA@DF_SHA(1.0),Health expenditure and financing,I,PRT,Portugal,A,Annual,EXP_HEALTH,Expenditure,USD_PPP_PS,"US dollars per person, PPP converted",_T,Total,_Z,Not application,_T,Total,_T,Total,_T,Total,_Z,Not applicable,_Z,Not applicable,Q,Constant prices,2012,,2949.018,,2020,,,,,,,,,,0,Units,1,One
DATAFLOW,OECD.ELS.HD:DSD_SHA@DF_SHA(1.0),Health expenditure and financing,I,PRT,Portugal,A,Annual,EXP_HEALTH,Expenditure,USD_PPP_PS,"US dollars per person, PPP converted",_T,Total,_Z,Not application,_T,Total,_T,Total,_T,Total,_Z,Not applicable,_Z,Not applicable,Q,Constant prices,2013,,2891.355,,2020,,,,,,,,,,0,Units,1,One
DATAFLOW,OECD.ELS.HD:DSD_SHA@DF_SHA(1.0),Health expenditure and financing,I,PRT,Portugal,A,Annual,EXP_HEALTH,Expenditure,USD_PPP_PS,"US dollars per person, PPP converted",_T,Total,_Z,Not application,_T,Total,_T,Total,_T,Total,_Z,Not applicable,_Z,Not applicable,Q,Constant prices,2014,,2916.172,,2020,,,,,,,,,,0,Units,1,One
DATAFLOW,OECD.ELS.HD:DSD_SHA@DF_SHA(1.0),Health expenditure and financing,I,PRT,Portugal,A,Annual,EXP_HEALTH,Expenditure,USD_PPP_PS,"US dollars per person, PPP converted",_T,Total,_Z,Not application,_T,Total,_T,Total,_T,Total,_Z,Not applicable,_Z,Not applicable,Q,Constant prices,2015,,3013.065,,2020,,,,,,,,,,0,Units,1,One
DATAFLOW,OECD.ELS.HD:DSD_SHA@DF_SHA(1.0),Health expenditure and financing,I,PRT,Portugal,A,Annual,EXP_HEALTH,Expenditure,USD_PPP_PS,"US dollars per person, PPP converted",_T,Total,_Z,Not application,_T,Total,_T,Total,_T,Total,_Z,Not applicable,_Z,Not applicable,Q,Constant prices,2024,,4095.677,,2020,,,,P,Provisional value,,,,,0,Units,1,One
DATAFLOW,OECD.ELS.HD:DSD_SHA@DF_SHA(1.0),Health expenditure and financing,I,PRT,Portugal,A,Annual,EXP_HEALTH,Expenditure,USD_PPP_PS,"US dollars per person, PPP converted",_T,Total,_Z,Not application,_T,Total,_T,Total,_T,Total,_Z,Not applicable,_Z,Not applicable,Q,Constant prices,2023,,3906.387,,2020,,,,P,Provisional value,,,,,0,Units,1,One
DATAFLOW,OECD.ELS.HD:DSD_SHA@DF_SHA(1.0),Health expenditure and financing,I,PRT,Portugal,A,Annual,EXP_HEALTH,Expenditure,USD_PPP_PS,"US dollars per person, PPP converted",_T,Total,_Z,Not application,_T,Total,_T,Total,_T,Total,_Z,Not applicable,_Z,Not applicable,Q,Constant prices,2021,,3993.501,,2020,,,,B,Time series break,,,,,0,Units,1,One
DATAFLOW,OECD.ELS.HD:DSD_SHA@DF_SHA(1.0),Health expenditure and financing,I,PRT,Portugal,A,Annual,EXP_HEALTH,Expenditure,USD_PPP_PS,"US dollars per person, PPP converted",_T,Total,_Z,Not application,_T,Total,_T,Total,_T,Total,_Z,Not applicable,_Z,Not applicable,Q,Constant prices,2010,,3305.056,,2020,,,,,,,,,,0,Units,1,One
DATAFLOW,OECD.ELS.HD:DSD_SHA@DF_SHA(1.0),Health expenditure and financing,I,PRT,Portugal,A,Annual,EXP_HEALTH,Expenditure,USD_PPP_PS,"US dollars per person, PPP converted",_T,Total,_Z,Not application,_T,Total,_T,Total,_T,Total,_Z,Not applicable,_Z,Not applicable,Q,Constant prices,2011,,3114.437,,2020,,,,,,,,,,0,Units,1,One
DATAFLOW,OECD.ELS.HD:DSD_SHA@DF_SHA(1.0),Health expenditure and financing,I,PRT,Portugal,A,Annual,EXP_HEALTH,Expenditure,USD_PPP_PS,"US dollars per person, PPP converted",_T,Total,_Z,Not application,_T,Total,_T,Total,_T,Total,_Z,Not applicable,_Z,Not applicable,Q,Constant prices,2007,,3068.83,,2020,,,,,,,,,,0,Units,1,One
DATAFLOW,OECD.ELS.HD:DSD_SHA@DF_SHA(1.0),Health expenditure and financing,I,PRT,Portugal,A,Annual,EXP_HEALTH,Expenditure,USD_PPP_PS,"US dollars per person, PPP converted",_T,Total,_Z,Not application,_T,Total,_T,Total,_T,Total,_Z,Not applicable,_Z,Not applicable,Q,Constant prices,2001,,2729.399,,2020,,,,,,,,,,0,Units,1,One
DATAFLOW,OECD.ELS.HD:DSD_SHA@DF_SHA(1.0),Health expenditure and financing,I,PRT,Portugal,A,Annual,EXP_HEALTH,Expenditure,USD_PPP_PS,"US dollars per person, PPP converted",_T,Total,_Z,Not application,_T,Total,_T,Total,_T,Total,_Z,Not applicable,_Z,Not applicable,Q,Constant prices,2002,,2796.026,,2020,,,,,,,,,,0,Units,1,One
DATAFLOW,OECD.ELS.HD:DSD_SHA@DF_SHA(1.0),Health expenditure and financing,I,PRT,Portugal,A,Annual,EXP_HEALTH,Expenditure,USD_PPP_PS,"US dollars per person, PPP converted",_T,Total,_Z,Not application,_T,Total,_T,Total,_T,Total,_Z,Not applicable,_Z,Not applicable,Q,Constant prices,2003,,2864.481,,2020,,,,,,,,,,0,Units,1,One
DATAFLOW,OECD.ELS.HD:DSD_SHA@DF_SHA(1.0),Health expenditure and financing,I,PRT,Portugal,A,Annual,EXP_HEALTH,Expenditure,USD_PPP_PS,"US dollars per person, PPP converted",_T,Total,_Z,Not application,_T,Total,_T,Total,_T,Total,_Z,Not applicable,_Z,Not applicable,Q,Constant prices,2004,,3031.851,,2020,,,,,,,,,,0,Units,1,One
DATAFLOW,OECD.ELS.HD:DSD_SHA@DF_SHA(1.0),Health expenditure and financing,I,PRT,Portugal,A,Annual,EXP_HEALTH,Expenditure,USD_PPP_PS,"US dollars per person, PPP converted",_T,Total,_Z,Not application,_T,Total,_T,Total,_T,Total,_Z,Not applicable,_Z,Not applicable,Q,Constant prices,2005,,3080.373,,2020,,,,,,,,,,0,Units,1,One
DATAFLOW,OECD.ELS.HD:DSD_SHA@DF_SHA(1.0),Health expenditure and financing,I,PRT,Portugal,A,Annual,EXP_HEALTH,Expenditure,USD_PPP_PS,"US dollars per person, PPP converted",_T,Total,_Z,Not application,_T,Total,_T,Total,_T,Total,_Z,Not applicable,_Z,Not applicable,Q,Constant prices,2006,,3027.328,,2020,,,,,,,,,,0,Units,1,One
DATAFLOW,OECD.ELS.HD:DSD_SHA@DF_SHA(1.0),Health expenditure and financing,I,SVK,Slovak Republic,A,Annual,EXP_HEALTH,Expenditure,USD_PPP_PS,"US dollars per person, PPP converted",_T,Total,_Z,Not application,_T,Total,_T,Total,_T,Total,_Z,Not applicable,_Z,Not applicable,Q,Constant prices,2012,,2250.106,,2020,,,,B,Time series break,,,,,0,Units,1,One
DATAFLOW,OECD.ELS.HD:DSD_SHA@DF_SHA(1.0),Health expenditure and financing,I,SVK,Slovak Republic,A,Annual,EXP_HEALTH,Expenditure,USD_PPP_PS,"US dollars per person, PPP converted",_T,Total,_Z,Not application,_T,Total,_T,Total,_T,Total,_Z,Not applicable,_Z,Not applicable,Q,Constant prices,2008,,2117.335,,2020,,,,B,Time series break,,,,,0,Units,1,One
DATAFLOW,OECD.ELS.HD:DSD_SHA@DF_SHA(1.0),Health expenditure and financing,I,SVK,Slovak Republic,A,Annual,EXP_HEALTH,Expenditure,USD_PPP_PS,"US dollars per person, PPP converted",_T,Total,_Z,Not application,_T,Total,_T,Total,_T,Total,_Z,Not applicable,_Z,Not applicable,Q,Constant prices,2024,,3094.721,,2020,,,,E,Estimated value,,,,,0,Units,1,One
DATAFLOW,OECD.ELS.HD:DSD_SHA@DF_SHA(1.0),Health expenditure and financing,I,SVK,Slovak Republic,A,Annual,EXP_HEALTH,Expenditure,USD_PPP_PS,"US dollars per person, PPP converted",_T,Total,_Z,Not application,_T,Total,_T,Total,_T,Total,_Z,Not applicable,_Z,Not applicable,Q,Constant prices,2006,,1835.427,,2020,,,,,,,,,,0,Units,1,One
DATAFLOW,OECD.ELS.HD:DSD_SHA@DF_SHA(1.0),Health expenditure and financing,I,SVK,Slovak Republic,A,Annual,EXP_HEALTH,Expenditure,USD_PPP_PS,"US dollars per person, PPP converted",_T,Total,_Z,Not application,_T,Total,_T,Total,_T,Total,_Z,Not applicable,_Z,Not applicable,Q,Constant prices,2007,,2104.513,,2020,,,,,,,,,,0,Units,1,One
DATAFLOW,OECD.ELS.HD:DSD_SHA@DF_SHA(1.0),Health expenditure and financing,I,SVK,Slovak Republic,A,Annual,EXP_HEALTH,Expenditure,USD_PPP_PS,"US dollars per person, PPP converted",_T,Total,_Z,Not application,_T,Total,_T,Total,_T,Total,_Z,Not applicable,_Z,Not applicable,Q,Constant prices,2009,,2246.515,,2020,,,,,,,,,,0,Units,1,One
DATAFLOW,OECD.ELS.HD:DSD_SHA@DF_SHA(1.0),Health expenditure and financing,I,SVK,Slovak Republic,A,Annual,EXP_HEALTH,Expenditure,USD_PPP_PS,"US dollars per person, PPP converted",_T,Total,_Z,Not application,_T,Total,_T,Total,_T,Total,_Z,Not applicable,_Z,Not applicable,Q,Constant prices,2010,,2298.101,,2020,,,,,,,,,,0,Units,1,One
DATAFLOW,OECD.ELS.HD:DSD_SHA@DF_SHA(1.0),Health expenditure and financing,I,SVK,Slovak Republic,A,Annual,EXP_HEALTH,Expenditure,USD_PPP_PS,"US dollars per person, PPP converted",_T,Total,_Z,Not application,_T,Total,_T,Total,_T,Total,_Z,Not applicable,_Z,Not applicable,Q,Constant prices,2011,,2199.531,,2020,,,,,,,,,,0,Units,1,One
DATAFLOW,OECD.ELS.HD:DSD_SHA@DF_SHA(1.0),Health expenditure and financing,I,SVK,Slovak Republic,A,Annual,EXP_HEALTH,Expenditure,USD_PPP_PS,"US dollars per person, PPP converted",_T,Total,_Z,Not application,_T,Total,_T,Total,_T,Total,_Z,Not applicable,_Z,Not applicable,Q,Constant prices,2013,,2232.09,,2020,,,,,,,,,,0,Units,1,One
DATAFLOW,OECD.ELS.HD:DSD_SHA@DF_SHA(1.0),Health expenditure and financing,I,SVK,Slovak Republic,A,Annual,EXP_HEALTH,Expenditure,USD_PPP_PS,"US dollars per person, PPP converted",_T,Total,_Z,Not application,_T,Total,_T,Total,_T,Total,_Z,Not applicable,_Z,Not applicable,Q,Constant prices,2014,,2098.889,,2020,,,,,,,,,,0,Units,1,One
DATAFLOW,OECD.ELS.HD:DSD_SHA@DF_SHA(1.0),Health expenditure and financing,I,SVK,Slovak Republic,A,Annual,EXP_HEALTH,Expenditure,USD_PPP_PS,"US dollars per person, PPP converted",_T,Total,_Z,Not application,_T,Total,_T,Total,_T,Total,_Z,Not applicable,_Z,Not applicable,Q,Constant prices,2015,,2161.854,,2020,,,,,,,,,,0,Units,1,One
DATAFLOW,OECD.ELS.HD:DSD_SHA@DF_SHA(1.0),Health expenditure and financing,I,SVK,Slovak Republic,A,Annual,EXP_HEALTH,Expenditure,USD_PPP_PS,"US dollars per person, PPP converted",_T,Total,_Z,Not application,_T,Total,_T,Total,_T,Total,_Z,Not applicable,_Z,Not applicable,Q,Constant prices,2016,,2261.442,,2020,,,,,,,,,,0,Units,1,One
DATAFLOW,OECD.ELS.HD:DSD_SHA@DF_SHA(1.0),Health expenditure and financing,I,SVK,Slovak Republic,A,Annual,EXP_HEALTH,Expenditure,USD_PPP_PS,"US dollars per person, PPP converted",_T,Total,_Z,Not application,_T,Total,_T,Total,_T,Total,_Z,Not applicable,_Z,Not applicable,Q,Constant prices,2017,,2248.709,,2020,,,,,,,,,,0,Units,1,One
DATAFLOW,OECD.ELS.HD:DSD_SHA@DF_SHA(1.0),Health expenditure and financing,I,SVK,Slovak Republic,A,Annual,EXP_HEALTH,Expenditure,USD_PPP_PS,"US dollars per person, PPP converted",_T,Total,_Z,Not application,_T,Total,_T,Total,_T,Total,_Z,Not applicable,_Z,Not applicable,Q,Constant prices,2018,,2306.896,,2020,,,,,,,,,,0,Units,1,One
DATAFLOW,OECD.ELS.HD:DSD_SHA@DF_SHA(1.0),Health expenditure and financing,I,SVK,Slovak Republic,A,Annual,EXP_HEALTH,Expenditure,USD_PPP_PS,"US dollars per person, PPP converted",_T,Total,_Z,Not application,_T,Total,_T,Total,_T,Total,_Z,Not applicable,_Z,Not applicable,Q,Constant prices,2019,,2458.131,,2020,,,,,,,,,,0,Units,1,One
DATAFLOW,OECD.ELS.HD:DSD_SHA@DF_SHA(1.0),Health expenditure and financing,I,SVK,Slovak Republic,A,Annual,EXP_HEALTH,Expenditure,USD_PPP_PS,"US dollars per person, PPP converted",_T,Total,_Z,Not application,_T,Total,_T,Total,_T,Total,_Z,Not applicable,_Z,Not applicable,Q,Constant prices,2020,,2448.986,,2020,,,,,,,,,,0,Units,1,One
DATAFLOW,OECD.ELS.HD:DSD_SHA@DF_SHA(1.0),Health expenditure and financing,I,SVK,Slovak Republic,A,Annual,EXP_HEALTH,Expenditure,USD_PPP_PS,"US dollars per person, PPP converted",_T,Total,_Z,Not application,_T,Total,_T,Total,_T,Total,_Z,Not applicable,_Z,Not applicable,Q,Constant prices,2005,,1663.004,,2020,,,,B,Time series break,,,,,0,Units,1,One
DATAFLOW,OECD.ELS.HD:DSD_SHA@DF_SHA(1.0),Health expenditure and financing,I,SVK,Slovak Republic,A,Annual,EXP_HEALTH,Expenditure,USD_PPP_PS,"US dollars per person, PPP converted",_T,Total,_Z,Not application,_T,Total,_T,Total,_T,Total,_Z,Not applicable,_Z,Not applicable,Q,Constant prices,2004,,1541.205,,2020,,,,B,Time series break,,,,,0,Units,1,One
DATAFLOW,OECD.ELS.HD:DSD_SHA@DF_SHA(1.0),Health expenditure and financing,I,SVK,Slovak Republic,A,Annual,EXP_HEALTH,Expenditure,USD_PPP_PS,"US dollars per person, PPP converted",_T,Total,_Z,Not application,_T,Total,_T,Total,_T,Total,_Z,Not applicable,_Z,Not applicable,Q,Constant prices,2000,,1076.981,,2020,,,,,,,,,,0,Units,1,One
DATAFLOW,OECD.ELS.HD:DSD_SHA@DF_SHA(1.0),Health expenditure and financing,I,SVK,Slovak Republic,A,Annual,EXP_HEALTH,Expenditure,USD_PPP_PS,"US dollars per person, PPP converted",_T,Total,_Z,Not application,_T,Total,_T,Total,_T,Total,_Z,Not applicable,_Z,Not applicable,Q,Constant prices,2001,,1116.222,,2020,,,,,,,,,,0,Units,1,One
DATAFLOW,OECD.ELS.HD:DSD_SHA@DF_SHA(1.0),Health expenditure and financing,I,SVK,Slovak Republic,A,Annual,EXP_HEALTH,Expenditure,USD_PPP_PS,"US dollars per person, PPP converted",_T,Total,_Z,Not application,_T,Total,_T,Total,_T,Total,_Z,Not applicable,_Z,Not applicable,Q,Constant prices,2002,,1215.681,,2020,,,,,,,,,,0,Units,1,One
DATAFLOW,OECD.ELS.HD:DSD_SHA@DF_SHA(1.0),Health expenditure and financing,I,SVK,Slovak Republic,A,Annual,EXP_HEALTH,Expenditure,USD_PPP_PS,"US dollars per person, PPP converted",_T,Total,_Z,Not application,_T,Total,_T,Total,_T,Total,_Z,Not applicable,_Z,Not applicable,Q,Constant prices,2003,,1252.346,,2020,,,,,,,,,,0,Units,1,One
DATAFLOW,OECD.ELS.HD:DSD_SHA@DF_SHA(1.0),Health expenditure and financing,I,SVK,Slovak Republic,A,Annual,EXP_HEALTH,Expenditure,USD_PPP_PS,"US dollars per person, PPP converted",_T,Total,_Z,Not application,_T,Total,_T,Total,_T,Total,_Z,Not applicable,_Z,Not applicable,Q,Constant prices,2021,,2780.796,,2020,,,,,,,,,,0,Units,1,One
DATAFLOW,OECD.ELS.HD:DSD_SHA@DF_SHA(1.0),Health expenditure and financing,I,SVK,Slovak Republic,A,Annual,EXP_HEALTH,Expenditure,USD_PPP_PS,"US dollars per person, PPP converted",_T,Total,_Z,Not application,_T,Total,_T,Total,_T,Total,_Z,Not applicable,_Z,Not applicable,Q,Constant prices,2022,,2739.85,,2020,,,,,,,,,,0,Units,1,One
DATAFLOW,OECD.ELS.HD:DSD_SHA@DF_SHA(1.0),Health expenditure and financing,I,SVK,Slovak Republic,A,Annual,EXP_HEALTH,Expenditure,USD_PPP_PS,"US dollars per person, PPP converted",_T,Total,_Z,Not application,_T,Total,_T,Total,_T,Total,_Z,Not applicable,_Z,Not applicable,Q,Constant prices,2023,,2671.751,,2020,,,,,,,,,,0,Units,1,One
DATAFLOW,OECD.ELS.HD:DSD_SHA@DF_SHA(1.0),Health expenditure and financing,I,SVN,Slovenia,A,Annual,EXP_HEALTH,Expenditure,USD_PPP_PS,"US dollars per person, PPP converted",_T,Total,_Z,Not application,_T,Total,_T,Total,_T,Total,_Z,Not applicable,_Z,Not applicable,Q,Constant prices,2005,,2654.465,,2020,,,,,,,,,,0,Units,1,One
DATAFLOW,OECD.ELS.HD:DSD_SHA@DF_SHA(1.0),Health expenditure and financing,I,SVN,Slovenia,A,Annual,EXP_HEALTH,Expenditure,USD_PPP_PS,"US dollars per person, PPP converted",_T,Total,_Z,Not application,_T,Total,_T,Total,_T,Total,_Z,Not applicable,_Z,Not applicable,Q,Constant prices,2000,,2190.043,,2020,,,,E,Estimated value,,,,,0,Units,1,One
DATAFLOW,OECD.ELS.HD:DSD_SHA@DF_SHA(1.0),Health expenditure and financing,I,SVN,Slovenia,A,Annual,EXP_HEALTH,Expenditure,USD_PPP_PS,"US dollars per person, PPP converted",_T,Total,_Z,Not application,_T,Total,_T,Total,_T,Total,_Z,Not applicable,_Z,Not applicable,Q,Constant prices,2001,,2285.835,,2020,,,,E,Estimated value,,,,,0,Units,1,One
DATAFLOW,OECD.ELS.HD:DSD_SHA@DF_SHA(1.0),Health expenditure and financing,I,SVN,Slovenia,A,Annual,EXP_HEALTH,Expenditure,USD_PPP_PS,"US dollars per person, PPP converted",_T,Total,_Z,Not application,_T,Total,_T,Total,_T,Total,_Z,Not applicable,_Z,Not applicable,Q,Constant prices,2002,,2410.677,,2020,,,,,,,,,,0,Units,1,One
DATAFLOW,OECD.ELS.HD:DSD_SHA@DF_SHA(1.0),Health expenditure and financing,I,SVN,Slovenia,A,Annual,EXP_HEALTH,Expenditure,USD_PPP_PS,"US dollars per person, PPP converted",_T,Total,_Z,Not application,_T,Total,_T,Total,_T,Total,_Z,Not applicable,_Z,Not applicable,Q,Constant prices,2003,,2506.477,,2020,,,,,,,,,,0,Units,1,One
DATAFLOW,OECD.ELS.HD:DSD_SHA@DF_SHA(1.0),Health expenditure and financing,I,SVN,Slovenia,A,Annual,EXP_HEALTH,Expenditure,USD_PPP_PS,"US dollars per person, PPP converted",_T,Total,_Z,Not application,_T,Total,_T,Total,_T,Total,_Z,Not applicable,_Z,Not applicable,Q,Constant prices,2004,,2563.328,,2020,,,,,,,,,,0,Units,1,One
DATAFLOW,OECD.ELS.HD:DSD_SHA@DF_SHA(1.0),Health expenditure and financing,I,SVN,Slovenia,A,Annual,EXP_HEALTH,Expenditure,USD_PPP_PS,"US dollars per person, PPP converted",_T,Total,_Z,Not application,_T,Total,_T,Total,_T,Total,_Z,Not applicable,_Z,Not applicable,Q,Constant prices,2022,,4109.908,,2020,,,,,,,,,,0,Units,1,One
DATAFLOW,OECD.ELS.HD:DSD_SHA@DF_SHA(1.0),Health expenditure and financing,I,SVN,Slovenia,A,Annual,EXP_HEALTH,Expenditure,USD_PPP_PS,"US dollars per person, PPP converted",_T,Total,_Z,Not application,_T,Total,_T,Total,_T,Total,_Z,Not applicable,_Z,Not applicable,Q,Constant prices,2024,,4457.837,,2020,,,,P,Provisional value,,,,,0,Units,1,One
DATAFLOW,OECD.ELS.HD:DSD_SHA@DF_SHA(1.0),Health expenditure and financing,I,SVN,Slovenia,A,Annual,EXP_HEALTH,Expenditure,USD_PPP_PS,"US dollars per person, PPP converted",_T,Total,_Z,Not application,_T,Total,_T,Total,_T,Total,_Z,Not applicable,_Z,Not applicable,Q,Constant prices,2023,,4118.492,,2020,,,,,,,,,,0,Units,1,One
DATAFLOW,OECD.ELS.HD:DSD_SHA@DF_SHA(1.0),Health expenditure and financing,I,SVN,Slovenia,A,Annual,EXP_HEALTH,Expenditure,USD_PPP_PS,"US dollars per person, PPP converted",_T,Total,_Z,Not application,_T,Total,_T,Total,_T,Total,_Z,Not applicable,_Z,Not applicable,Q,Constant prices,2006,,2728.433,,2020,,,,,,,,,,0,Units,1,One
DATAFLOW,OECD.ELS.HD:DSD_SHA@DF_SHA(1.0),Health expenditure and financing,I,SVN,Slovenia,A,Annual,EXP_HEALTH,Expenditure,USD_PPP_PS,"US dollars per person, PPP converted",_T,Total,_Z,Not application,_T,Total,_T,Total,_T,Total,_Z,Not applicable,_Z,Not applicable,Q,Constant prices,2007,,2795.158,,2020,,,,,,,,,,0,Units,1,One
DATAFLOW,OECD.ELS.HD:DSD_SHA@DF_SHA(1.0),Health expenditure and financing,I,SVN,Slovenia,A,Annual,EXP_HEALTH,Expenditure,USD_PPP_PS,"US dollars per person, PPP converted",_T,Total,_Z,Not application,_T,Total,_T,Total,_T,Total,_Z,Not applicable,_Z,Not applicable,Q,Constant prices,2008,,2977.934,,2020,,,,,,,,,,0,Units,1,One
DATAFLOW,OECD.ELS.HD:DSD_SHA@DF_SHA(1.0),Health expenditure and financing,I,SVN,Slovenia,A,Annual,EXP_HEALTH,Expenditure,USD_PPP_PS,"US dollars per person, PPP converted",_T,Total,_Z,Not application,_T,Total,_T,Total,_T,Total,_Z,Not applicable,_Z,Not applicable,Q,Constant prices,2009,,3051.665,,2020,,,,,,,,,,0,Units,1,One
DATAFLOW,OECD.ELS.HD:DSD_SHA@DF_SHA(1.0),Health expenditure and financing,I,SVN,Slovenia,A,Annual,EXP_HEALTH,Expenditure,USD_PPP_PS,"US dollars per person, PPP converted",_T,Total,_Z,Not application,_T,Total,_T,Total,_T,Total,_Z,Not applicable,_Z,Not applicable,Q,Constant prices,2010,,2992.742,,2020,,,,,,,,,,0,Units,1,One
DATAFLOW,OECD.ELS.HD:DSD_SHA@DF_SHA(1.0),Health expenditure and financing,I,SVN,Slovenia,A,Annual,EXP_HEALTH,Expenditure,USD_PPP_PS,"US dollars per person, PPP converted",_T,Total,_Z,Not application,_T,Total,_T,Total,_T,Total,_Z,Not applicable,_Z,Not applicable,Q,Constant prices,2011,,2974.925,,2020,,,,,,,,,,0,Units,1,One
DATAFLOW,OECD.ELS.HD:DSD_SHA@DF_SHA(1.0),Health expenditure and financing,I,SVN,Slovenia,A,Annual,EXP_HEALTH,Expenditure,USD_PPP_PS,"US dollars per person, PPP converted",_T,Total,_Z,Not application,_T,Total,_T,Total,_T,Total,_Z,Not applicable,_Z,Not applicable,Q,Constant prices,2012,,2922.1,,2020,,,,,,,,,,0,Units,1,One
DATAFLOW,OECD.ELS.HD:DSD_SHA@DF_SHA(1.0),Health expenditure and financing,I,SVN,Slovenia,A,Annual,EXP_HEALTH,Expenditure,USD_PPP_PS,"US dollars per person, PPP converted",_T,Total,_Z,Not application,_T,Total,_T,Total,_T,Total,_Z,Not applicable,_Z,Not applicable,Q,Constant prices,2013,,2915.911,,2020,,,,,,,,,,0,Units,1,One
DATAFLOW,OECD.ELS.HD:DSD_SHA@DF_SHA(1.0),Health expenditure and financing,I,SVN,Slovenia,A,Annual,EXP_HEALTH,Expenditure,USD_PPP_PS,"US dollars per person, PPP converted",_T,Total,_Z,Not application,_T,Total,_T,Total,_T,Total,_Z,Not applicable,_Z,Not applicable,Q,Constant prices,2015,,3043.31,,2020,,,,,,,,,,0,Units,1,One
DATAFLOW,OECD.ELS.HD:DSD_SHA@DF_SHA(1.0),Health expenditure and financing,I,SVN,Slovenia,A,Annual,EXP_HEALTH,Expenditure,USD_PPP_PS,"US dollars per person, PPP converted",_T,Total,_Z,Not application,_T,Total,_T,Total,_T,Total,_Z,Not applicable,_Z,Not applicable,Q,Constant prices,2016,,3147.847,,2020,,,,,,,,,,0,Units,1,One
DATAFLOW,OECD.ELS.HD:DSD_SHA@DF_SHA(1.0),Health expenditure and financing,I,SVN,Slovenia,A,Annual,EXP_HEALTH,Expenditure,USD_PPP_PS,"US dollars per person, PPP converted",_T,Total,_Z,Not application,_T,Total,_T,Total,_T,Total,_Z,Not applicable,_Z,Not applicable,Q,Constant prices,2017,,3175.68,,2020,,,,,,,,,,0,Units,1,One
DATAFLOW,OECD.ELS.HD:DSD_SHA@DF_SHA(1.0),Health expenditure and financing,I,SVN,Slovenia,A,Annual,EXP_HEALTH,Expenditure,USD_PPP_PS,"US dollars per person, PPP converted",_T,Total,_Z,Not application,_T,Total,_T,Total,_T,Total,_Z,Not applicable,_Z,Not applicable,Q,Constant prices,2018,,3343.208,,2020,,,,,,,,,,0,Units,1,One
DATAFLOW,OECD.ELS.HD:DSD_SHA@DF_SHA(1.0),Health expenditure and financing,I,SVN,Slovenia,A,Annual,EXP_HEALTH,Expenditure,USD_PPP_PS,"US dollars per person, PPP converted",_T,Total,_Z,Not application,_T,Total,_T,Total,_T,Total,_Z,Not applicable,_Z,Not applicable,Q,Constant prices,2019,,3541.763,,2020,,,,,,,,,,0,Units,1,One
DATAFLOW,OECD.ELS.HD:DSD_SHA@DF_SHA(1.0),Health expenditure and financing,I,SVN,Slovenia,A,Annual,EXP_HEALTH,Expenditure,USD_PPP_PS,"US dollars per person, PPP converted",_T,Total,_Z,Not application,_T,Total,_T,Total,_T,Total,_Z,Not applicable,_Z,Not applicable,Q,Constant prices,2020,,3756.19,,2020,,,,,,,,,,0,Units,1,One
DATAFLOW,OECD.ELS.HD:DSD_SHA@DF_SHA(1.0),Health expenditure and financing,I,SVN,Slovenia,A,Annual,EXP_HEALTH,Expenditure,USD_PPP_PS,"US dollars per person, PPP converted",_T,Total,_Z,Not application,_T,Total,_T,Total,_T,Total,_Z,Not applicable,_Z,Not applicable,Q,Constant prices,2021,,4032.118,,2020,,,,,,,,,,0,Units,1,One
DATAFLOW,OECD.ELS.HD:DSD_SHA@DF_SHA(1.0),Health expenditure and financing,I,SVN,Slovenia,A,Annual,EXP_HEALTH,Expenditure,USD_PPP_PS,"US dollars per person, PPP converted",_T,Total,_Z,Not application,_T,Total,_T,Total,_T,Total,_Z,Not applicable,_Z,Not applicable,Q,Constant prices,2014,,2929.327,,2020,,,,B,Time series break,,,,,0,Units,1,One
DATAFLOW,OECD.ELS.HD:DSD_SHA@DF_SHA(1.0),Health expenditure and financing,I,ESP,Spain,A,Annual,EXP_HEALTH,Expenditure,USD_PPP_PS,"US dollars per person, PPP converted",_T,Total,_Z,Not application,_T,Total,_T,Total,_T,Total,_Z,Not applicable,_Z,Not applicable,Q,Constant prices,2016,,3535.115,,2020,,,,,,,,,,0,Units,1,One
DATAFLOW,OECD.ELS.HD:DSD_SHA@DF_SHA(1.0),Health expenditure and financing,I,ESP,Spain,A,Annual,EXP_HEALTH,Expenditure,USD_PPP_PS,"US dollars per person, PPP converted",_T,Total,_Z,Not application,_T,Total,_T,Total,_T,Total,_Z,Not applicable,_Z,Not applicable,Q,Constant prices,2017,,3626.325,,2020,,,,,,,,,,0,Units,1,One
DATAFLOW,OECD.ELS.HD:DSD_SHA@DF_SHA(1.0),Health expenditure and financing,I,ESP,Spain,A,Annual,EXP_HEALTH,Expenditure,USD_PPP_PS,"US dollars per person, PPP converted",_T,Total,_Z,Not application,_T,Total,_T,Total,_T,Total,_Z,Not applicable,_Z,Not applicable,Q,Constant prices,2018,,3708.217,,2020,,,,,,,,,,0,Units,1,One
DATAFLOW,OECD.ELS.HD:DSD_SHA@DF_SHA(1.0),Health expenditure and financing,I,ESP,Spain,A,Annual,EXP_HEALTH,Expenditure,USD_PPP_PS,"US dollars per person, PPP converted",_T,Total,_Z,Not application,_T,Total,_T,Total,_T,Total,_Z,Not applicable,_Z,Not applicable,Q,Constant prices,2019,,3818.956,,2020,,,,,,,,,,0,Units,1,One
DATAFLOW,OECD.ELS.HD:DSD_SHA@DF_SHA(1.0),Health expenditure and financing,I,ESP,Spain,A,Annual,EXP_HEALTH,Expenditure,USD_PPP_PS,"US dollars per person, PPP converted",_T,Total,_Z,Not application,_T,Total,_T,Total,_T,Total,_Z,Not applicable,_Z,Not applicable,Q,Constant prices,2020,,3996.229,,2020,,,,,,,,,,0,Units,1,One
DATAFLOW,OECD.ELS.HD:DSD_SHA@DF_SHA(1.0),Health expenditure and financing,I,ESP,Spain,A,Annual,EXP_HEALTH,Expenditure,USD_PPP_PS,"US dollars per person, PPP converted",_T,Total,_Z,Not application,_T,Total,_T,Total,_T,Total,_Z,Not applicable,_Z,Not applicable,Q,Constant prices,2021,,4094.163,,2020,,,,,,,,,,0,Units,1,One
DATAFLOW,OECD.ELS.HD:DSD_SHA@DF_SHA(1.0),Health expenditure and financing,I,ESP,Spain,A,Annual,EXP_HEALTH,Expenditure,USD_PPP_PS,"US dollars per person, PPP converted",_T,Total,_Z,Not application,_T,Total,_T,Total,_T,Total,_Z,Not applicable,_Z,Not applicable,Q,Constant prices,2022,,3976.103,,2020,,,,,,,,,,0,Units,1,One
DATAFLOW,OECD.ELS.HD:DSD_SHA@DF_SHA(1.0),Health expenditure and financing,I,ESP,Spain,A,Annual,EXP_HEALTH,Expenditure,USD_PPP_PS,"US dollars per person, PPP converted",_T,Total,_Z,Not application,_T,Total,_T,Total,_T,Total,_Z,Not applicable,_Z,Not applicable,Q,Constant prices,2023,,3901.044,,2020,,,,,,,,,,0,Units,1,One
DATAFLOW,OECD.ELS.HD:DSD_SHA@DF_SHA(1.0),Health expenditure and financing,I,ESP,Spain,A,Annual,EXP_HEALTH,Expenditure,USD_PPP_PS,"US dollars per person, PPP converted",_T,Total,_Z,Not application,_T,Total,_T,Total,_T,Total,_Z,Not applicable,_Z,Not applicable,Q,Constant prices,2024,,3962.843,,2020,,,,E,Estimated value,,,,,0,Units,1,One
DATAFLOW,OECD.ELS.HD:DSD_SHA@DF_SHA(1.0),Health expenditure and financing,I,ESP,Spain,A,Annual,EXP_HEALTH,Expenditure,USD_PPP_PS,"US dollars per person, PPP converted",_T,Total,_Z,Not application,_T,Total,_T,Total,_T,Total,_Z,Not applicable,_Z,Not applicable,Q,Constant prices,2003,,2946.589,,2020,,,,B,Time series break,,,,,0,Units,1,One
DATAFLOW,OECD.ELS.HD:DSD_SHA@DF_SHA(1.0),Health expenditure and financing,I,ESP,Spain,A,Annual,EXP_HEALTH,Expenditure,USD_PPP_PS,"US dollars per person, PPP converted",_T,Total,_Z,Not application,_T,Total,_T,Total,_T,Total,_Z,Not applicable,_Z,Not applicable,Q,Constant prices,2000,,2435.093,,2020,,,,,,,,,,0,Units,1,One
DATAFLOW,OECD.ELS.HD:DSD_SHA@DF_SHA(1.0),Health expenditure and financing,I,ESP,Spain,A,Annual,EXP_HEALTH,Expenditure,USD_PPP_PS,"US dollars per person, PPP converted",_T,Total,_Z,Not application,_T,Total,_T,Total,_T,Total,_Z,Not applicable,_Z,Not applicable,Q,Constant prices,2005,,3152.315,,2020,,,,,,,,,,0,Units,1,One
DATAFLOW,OECD.ELS.HD:DSD_SHA@DF_SHA(1.0),Health expenditure and financing,I,ESP,Spain,A,Annual,EXP_HEALTH,Expenditure,USD_PPP_PS,"US dollars per person, PPP converted",_T,Total,_Z,Not application,_T,Total,_T,Total,_T,Total,_Z,Not applicable,_Z,Not applicable,Q,Constant prices,2006,,3278.309,,2020,,,,,,,,,,0,Units,1,One
DATAFLOW,OECD.ELS.HD:DSD_SHA@DF_SHA(1.0),Health expenditure and financing,I,ESP,Spain,A,Annual,EXP_HEALTH,Expenditure,USD_PPP_PS,"US dollars per person, PPP converted",_T,Total,_Z,Not application,_T,Total,_T,Total,_T,Total,_Z,Not applicable,_Z,Not applicable,Q,Constant prices,2007,,3374.257,,2020,,,,,,,,,,0,Units,1,One
DATAFLOW,OECD.ELS.HD:DSD_SHA@DF_SHA(1.0),Health expenditure and financing,I,ESP,Spain,A,Annual,EXP_HEALTH,Expenditure,USD_PPP_PS,"US dollars per person, PPP converted",_T,Total,_Z,Not application,_T,Total,_T,Total,_T,Total,_Z,Not applicable,_Z,Not applicable,Q,Constant prices,2008,,3498.843,,2020,,,,,,,,,,0,Units,1,One
DATAFLOW,OECD.ELS.HD:DSD_SHA@DF_SHA(1.0),Health expenditure and financing,I,ESP,Spain,A,Annual,EXP_HEALTH,Expenditure,USD_PPP_PS,"US dollars per person, PPP converted",_T,Total,_Z,Not application,_T,Total,_T,Total,_T,Total,_Z,Not applicable,_Z,Not applicable,Q,Constant prices,2011,,3516.177,,2020,,,,,,,,,,0,Units,1,One
DATAFLOW,OECD.ELS.HD:DSD_SHA@DF_SHA(1.0),Health expenditure and financing,I,ESP,Spain,A,Annual,EXP_HEALTH,Expenditure,USD_PPP_PS,"US dollars per person, PPP converted",_T,Total,_Z,Not application,_T,Total,_T,Total,_T,Total,_Z,Not applicable,_Z,Not applicable,Q,Constant prices,2012,,3364.255,,2020,,,,,,,,,,0,Units,1,One
DATAFLOW,OECD.ELS.HD:DSD_SHA@DF_SHA(1.0),Health expenditure and financing,I,ESP,Spain,A,Annual,EXP_HEALTH,Expenditure,USD_PPP_PS,"US dollars per person, PPP converted",_T,Total,_Z,Not application,_T,Total,_T,Total,_T,Total,_Z,Not applicable,_Z,Not applicable,Q,Constant prices,2013,,3281.297,,2020,,,,,,,,,,0,Units,1,One
DATAFLOW,OECD.ELS.HD:DSD_SHA@DF_SHA(1.0),Health expenditure and financing,I,ESP,Spain,A,Annual,EXP_HEALTH,Expenditure,USD_PPP_PS,"US dollars per person, PPP converted",_T,Total,_Z,Not application,_T,Total,_T,Total,_T,Total,_Z,Not applicable,_Z,Not applicable,Q,Constant prices,2014,,3333.149,,2020,,,,,,,,,,0,Units,1,One
DATAFLOW,OECD.ELS.HD:DSD_SHA@DF_SHA(1.0),Health expenditure and financing,I,ESP,Spain,A,Annual,EXP_HEALTH,Expenditure,USD_PPP_PS,"US dollars per person, PPP converted",_T,Total,_Z,Not application,_T,Total,_T,Total,_T,Total,_Z,Not applicable,_Z,Not applicable,Q,Constant prices,2015,,3494.067,,2020,,,,,,,,,,0,Units,1,One
DATAFLOW,OECD.ELS.HD:DSD_SHA@DF_SHA(1.0),Health expenditure and financing,I,ESP,Spain,A,Annual,EXP_HEALTH,Expenditure,USD_PPP_PS,"US dollars per person, PPP converted",_T,Total,_Z,Not application,_T,Total,_T,Total,_T,Total,_Z,Not applicable,_Z,Not applicable,Q,Constant prices,2009,,3649.727,,2020,,,,,,,,,,0,Units,1,One
DATAFLOW,OECD.ELS.HD:DSD_SHA@DF_SHA(1.0),Health expenditure and financing,I,ESP,Spain,A,Annual,EXP_HEALTH,Expenditure,USD_PPP_PS,"US dollars per person, PPP converted",_T,Total,_Z,Not application,_T,Total,_T,Total,_T,Total,_Z,Not applicable,_Z,Not applicable,Q,Constant prices,2010,,3598.611,,2020,,,,,,,,,,0,Units,1,One
DATAFLOW,OECD.ELS.HD:DSD_SHA@DF_SHA(1.0),Health expenditure and financing,I,ESP,Spain,A,Annual,EXP_HEALTH,Expenditure,USD_PPP_PS,"US dollars per person, PPP converted",_T,Total,_Z,Not application,_T,Total,_T,Total,_T,Total,_Z,Not applicable,_Z,Not applicable,Q,Constant prices,2001,,2515.454,,2020,,,,,,,,,,0,Units,1,One
DATAFLOW,OECD.ELS.HD:DSD_SHA@DF_SHA(1.0),Health expenditure and financing,I,ESP,Spain,A,Annual,EXP_HEALTH,Expenditure,USD_PPP_PS,"US dollars per person, PPP converted",_T,Total,_Z,Not application,_T,Total,_T,Total,_T,Total,_Z,Not applicable,_Z,Not applicable,Q,Constant prices,2002,,2591.128,,2020,,,,,,,,,,0,Units,1,One
DATAFLOW,OECD.ELS.HD:DSD_SHA@DF_SHA(1.0),Health expenditure and financing,I,ESP,Spain,A,Annual,EXP_HEALTH,Expenditure,USD_PPP_PS,"US dollars per person, PPP converted",_T,Total,_Z,Not application,_T,Total,_T,Total,_T,Total,_Z,Not applicable,_Z,Not applicable,Q,Constant prices,2004,,3035.074,,2020,,,,,,,,,,0,Units,1,One
DATAFLOW,OECD.ELS.HD:DSD_SHA@DF_SHA(1.0),Health expenditure and financing,I,SWE,Sweden,A,Annual,EXP_HEALTH,Expenditure,USD_PPP_PS,"US dollars per person, PPP converted",_T,Total,_Z,Not application,_T,Total,_T,Total,_T,Total,_Z,Not applicable,_Z,Not applicable,Q,Constant prices,2005,,3835.367,,2020,,,,,,,,,,0,Units,1,One
DATAFLOW,OECD.ELS.HD:DSD_SHA@DF_SHA(1.0),Health expenditure and financing,I,SWE,Sweden,A,Annual,EXP_HEALTH,Expenditure,USD_PPP_PS,"US dollars per person, PPP converted",_T,Total,_Z,Not application,_T,Total,_T,Total,_T,Total,_Z,Not applicable,_Z,Not applicable,Q,Constant prices,2003,,3723.876,,2020,,,,,,,,,,0,Units,1,One
DATAFLOW,OECD.ELS.HD:DSD_SHA@DF_SHA(1.0),Health expenditure and financing,I,SWE,Sweden,A,Annual,EXP_HEALTH,Expenditure,USD_PPP_PS,"US dollars per person, PPP converted",_T,Total,_Z,Not application,_T,Total,_T,Total,_T,Total,_Z,Not applicable,_Z,Not applicable,Q,Constant prices,2004,,3759.193,,2020,,,,,,,,,,0,Units,1,One
DATAFLOW,OECD.ELS.HD:DSD_SHA@DF_SHA(1.0),Health expenditure and financing,I,SWE,Sweden,A,Annual,EXP_HEALTH,Expenditure,USD_PPP_PS,"US dollars per person, PPP converted",_T,Total,_Z,Not application,_T,Total,_T,Total,_T,Total,_Z,Not applicable,_Z,Not applicable,Q,Constant prices,2007,,4043.332,,2020,,,,,,,,,,0,Units,1,One
DATAFLOW,OECD.ELS.HD:DSD_SHA@DF_SHA(1.0),Health expenditure and financing,I,SWE,Sweden,A,Annual,EXP_HEALTH,Expenditure,USD_PPP_PS,"US dollars per person, PPP converted",_T,Total,_Z,Not application,_T,Total,_T,Total,_T,Total,_Z,Not applicable,_Z,Not applicable,Q,Constant prices,2002,,3649.532,,2020,,,,,,,,,,0,Units,1,One
DATAFLOW,OECD.ELS.HD:DSD_SHA@DF_SHA(1.0),Health expenditure and financing,I,SWE,Sweden,A,Annual,EXP_HEALTH,Expenditure,USD_PPP_PS,"US dollars per person, PPP converted",_T,Total,_Z,Not application,_T,Total,_T,Total,_T,Total,_Z,Not applicable,_Z,Not applicable,Q,Constant prices,2006,,3941.751,,2020,,,,,,,,,,0,Units,1,One
DATAFLOW,OECD.ELS.HD:DSD_SHA@DF_SHA(1.0),Health expenditure and financing,I,SWE,Sweden,A,Annual,EXP_HEALTH,Expenditure,USD_PPP_PS,"US dollars per person, PPP converted",_T,Total,_Z,Not application,_T,Total,_T,Total,_T,Total,_Z,Not applicable,_Z,Not applicable,Q,Constant prices,2024,,6283.734,,2020,,,,P,Provisional value,,,,,0,Units,1,One
DATAFLOW,OECD.ELS.HD:DSD_SHA@DF_SHA(1.0),Health expenditure and financing,I,SWE,Sweden,A,Annual,EXP_HEALTH,Expenditure,USD_PPP_PS,"US dollars per person, PPP converted",_T,Total,_Z,Not application,_T,Total,_T,Total,_T,Total,_Z,Not applicable,_Z,Not applicable,Q,Constant prices,2011,,5324.135,,2020,,,,B,Time series break,,,,,0,Units,1,One
DATAFLOW,OECD.ELS.HD:DSD_SHA@DF_SHA(1.0),Health expenditure and financing,I,SWE,Sweden,A,Annual,EXP_HEALTH,Expenditure,USD_PPP_PS,"US dollars per person, PPP converted",_T,Total,_Z,Not application,_T,Total,_T,Total,_T,Total,_Z,Not applicable,_Z,Not applicable,Q,Constant prices,2001,,3484.029,,2020,,,,B,Time series break,,,,,0,Units,1,One
DATAFLOW,OECD.ELS.HD:DSD_SHA@DF_SHA(1.0),Health expenditure and financing,I,SWE,Sweden,A,Annual,EXP_HEALTH,Expenditure,USD_PPP_PS,"US dollars per person, PPP converted",_T,Total,_Z,Not application,_T,Total,_T,Total,_T,Total,_Z,Not applicable,_Z,Not applicable,Q,Constant prices,2008,,4106.599,,2020,,,,,,,,,,0,Units,1,One
DATAFLOW,OECD.ELS.HD:DSD_SHA@DF_SHA(1.0),Health expenditure and financing,I,SWE,Sweden,A,Annual,EXP_HEALTH,Expenditure,USD_PPP_PS,"US dollars per person, PPP converted",_T,Total,_Z,Not application,_T,Total,_T,Total,_T,Total,_Z,Not applicable,_Z,Not applicable,Q,Constant prices,2009,,4190.808,,2020,,,,,,,,,,0,Units,1,One
DATAFLOW,OECD.ELS.HD:DSD_SHA@DF_SHA(1.0),Health expenditure and financing,I,SWE,Sweden,A,Annual,EXP_HEALTH,Expenditure,USD_PPP_PS,"US dollars per person, PPP converted",_T,Total,_Z,Not application,_T,Total,_T,Total,_T,Total,_Z,Not applicable,_Z,Not applicable,Q,Constant prices,2010,,4153.327,,2020,,,,,,,,,,0,Units,1,One
DATAFLOW,OECD.ELS.HD:DSD_SHA@DF_SHA(1.0),Health expenditure and financing,I,SWE,Sweden,A,Annual,EXP_HEALTH,Expenditure,USD_PPP_PS,"US dollars per person, PPP converted",_T,Total,_Z,Not application,_T,Total,_T,Total,_T,Total,_Z,Not applicable,_Z,Not applicable,Q,Constant prices,2012,,5416.972,,2020,,,,,,,,,,0,Units,1,One
DATAFLOW,OECD.ELS.HD:DSD_SHA@DF_SHA(1.0),Health expenditure and financing,I,SWE,Sweden,A,Annual,EXP_HEALTH,Expenditure,USD_PPP_PS,"US dollars per person, PPP converted",_T,Total,_Z,Not application,_T,Total,_T,Total,_T,Total,_Z,Not applicable,_Z,Not applicable,Q,Constant prices,2013,,5502.165,,2020,,,,,,,,,,0,Units,1,One
DATAFLOW,OECD.ELS.HD:DSD_SHA@DF_SHA(1.0),Health expenditure and financing,I,SWE,Sweden,A,Annual,EXP_HEALTH,Expenditure,USD_PPP_PS,"US dollars per person, PPP converted",_T,Total,_Z,Not application,_T,Total,_T,Total,_T,Total,_Z,Not applicable,_Z,Not applicable,Q,Constant prices,2014,,5631.31,,2020,,,,,,,,,,0,Units,1,One
DATAFLOW,OECD.ELS.HD:DSD_SHA@DF_SHA(1.0),Health expenditure and financing,I,SWE,Sweden,A,Annual,EXP_HEALTH,Expenditure,USD_PPP_PS,"US dollars per person, PPP converted",_T,Total,_Z,Not application,_T,Total,_T,Total,_T,Total,_Z,Not applicable,_Z,Not applicable,Q,Constant prices,2015,,5782.029,,2020,,,,,,,,,,0,Units,1,One
DATAFLOW,OECD.ELS.HD:DSD_SHA@DF_SHA(1.0),Health expenditure and financing,I,SWE,Sweden,A,Annual,EXP_HEALTH,Expenditure,USD_PPP_PS,"US dollars per person, PPP converted",_T,Total,_Z,Not application,_T,Total,_T,Total,_T,Total,_Z,Not applicable,_Z,Not applicable,Q,Constant prices,2016,,5867.264,,2020,,,,,,,,,,0,Units,1,One
DATAFLOW,OECD.ELS.HD:DSD_SHA@DF_SHA(1.0),Health expenditure and financing,I,SWE,Sweden,A,Annual,EXP_HEALTH,Expenditure,USD_PPP_PS,"US dollars per person, PPP converted",_T,Total,_Z,Not application,_T,Total,_T,Total,_T,Total,_Z,Not applicable,_Z,Not applicable,Q,Constant prices,2017,,5886.066,,2020,,,,,,,,,,0,Units,1,One
DATAFLOW,OECD.ELS.HD:DSD_SHA@DF_SHA(1.0),Health expenditure and financing,I,SWE,Sweden,A,Annual,EXP_HEALTH,Expenditure,USD_PPP_PS,"US dollars per person, PPP converted",_T,Total,_Z,Not application,_T,Total,_T,Total,_T,Total,_Z,Not applicable,_Z,Not applicable,Q,Constant prices,2018,,5983.495,,2020,,,,,,,,,,0,Units,1,One
DATAFLOW,OECD.ELS.HD:DSD_SHA@DF_SHA(1.0),Health expenditure and financing,I,SWE,Sweden,A,Annual,EXP_HEALTH,Expenditure,USD_PPP_PS,"US dollars per person, PPP converted",_T,Total,_Z,Not application,_T,Total,_T,Total,_T,Total,_Z,Not applicable,_Z,Not applicable,Q,Constant prices,2019,,5992.715,,2020,,,,,,,,,,0,Units,1,One
DATAFLOW,OECD.ELS.HD:DSD_SHA@DF_SHA(1.0),Health expenditure and financing,I,SWE,Sweden,A,Annual,EXP_HEALTH,Expenditure,USD_PPP_PS,"US dollars per person, PPP converted",_T,Total,_Z,Not application,_T,Total,_T,Total,_T,Total,_Z,Not applicable,_Z,Not applicable,Q,Constant prices,2020,,6068.716,,2020,,,,,,,,,,0,Units,1,One
DATAFLOW,OECD.ELS.HD:DSD_SHA@DF_SHA(1.0),Health expenditure and financing,I,SWE,Sweden,A,Annual,EXP_HEALTH,Expenditure,USD_PPP_PS,"US dollars per person, PPP converted",_T,Total,_Z,Not application,_T,Total,_T,Total,_T,Total,_Z,Not applicable,_Z,Not applicable,Q,Constant prices,2021,,6317.743,,2020,,,,,,,,,,0,Units,1,One
DATAFLOW,OECD.ELS.HD:DSD_SHA@DF_SHA(1.0),Health expenditure and financing,I,SWE,Sweden,A,Annual,EXP_HEALTH,Expenditure,USD_PPP_PS,"US dollars per person, PPP converted",_T,Total,_Z,Not application,_T,Total,_T,Total,_T,Total,_Z,Not applicable,_Z,Not applicable,Q,Constant prices,2022,,6137.3,,2020,,,,,,,,,,0,Units,1,One
DATAFLOW,OECD.ELS.HD:DSD_SHA@DF_SHA(1.0),Health expenditure and financing,I,SWE,Sweden,A,Annual,EXP_HEALTH,Expenditure,USD_PPP_PS,"US dollars per person, PPP converted",_T,Total,_Z,Not application,_T,Total,_T,Total,_T,Total,_Z,Not applicable,_Z,Not applicable,Q,Constant prices,2023,,6203.87,,2020,,,,,,,,,,0,Units,1,One
DATAFLOW,OECD.ELS.HD:DSD_SHA@DF_SHA(1.0),Health expenditure and financing,I,SWE,Sweden,A,Annual,EXP_HEALTH,Expenditure,USD_PPP_PS,"US dollars per person, PPP converted",_T,Total,_Z,Not application,_T,Total,_T,Total,_T,Total,_Z,Not applicable,_Z,Not applicable,Q,Constant prices,2000,,3207.195,,2020,,,,,,,,,,0,Units,1,One
DATAFLOW,OECD.ELS.HD:DSD_SHA@DF_SHA(1.0),Health expenditure and financing,I,CHE,Switzerland,A,Annual,EXP_HEALTH,Expenditure,USD_PPP_PS,"US dollars per person, PPP converted",_T,Total,_Z,Not application,_T,Total,_T,Total,_T,Total,_Z,Not applicable,_Z,Not applicable,Q,Constant prices,2014,,6844.79,,2020,,,,,,,,,,0,Units,1,One
DATAFLOW,OECD.ELS.HD:DSD_SHA@DF_SHA(1.0),Health expenditure and financing,I,CHE,Switzerland,A,Annual,EXP_HEALTH,Expenditure,USD_PPP_PS,"US dollars per person, PPP converted",_T,Total,_Z,Not application,_T,Total,_T,Total,_T,Total,_Z,Not applicable,_Z,Not applicable,Q,Constant prices,2013,,6749.37,,2020,,,,,,,,,,0,Units,1,One
DATAFLOW,OECD.ELS.HD:DSD_SHA@DF_SHA(1.0),Health expenditure and financing,I,CHE,Switzerland,A,Annual,EXP_HEALTH,Expenditure,USD_PPP_PS,"US dollars per person, PPP converted",_T,Total,_Z,Not application,_T,Total,_T,Total,_T,Total,_Z,Not applicable,_Z,Not applicable,Q,Constant prices,2004,,5736.163,,2020,,,,,,,,,,0,Units,1,One
DATAFLOW,OECD.ELS.HD:DSD_SHA@DF_SHA(1.0),Health expenditure and financing,I,CHE,Switzerland,A,Annual,EXP_HEALTH,Expenditure,USD_PPP_PS,"US dollars per person, PPP converted",_T,Total,_Z,Not application,_T,Total,_T,Total,_T,Total,_Z,Not applicable,_Z,Not applicable,Q,Constant prices,2003,,5584.412,,2020,,,,,,,,,,0,Units,1,One
DATAFLOW,OECD.ELS.HD:DSD_SHA@DF_SHA(1.0),Health expenditure and financing,I,CHE,Switzerland,A,Annual,EXP_HEALTH,Expenditure,USD_PPP_PS,"US dollars per person, PPP converted",_T,Total,_Z,Not application,_T,Total,_T,Total,_T,Total,_Z,Not applicable,_Z,Not applicable,Q,Constant prices,2008,,5961.096,,2020,,,,,,,,,,0,Units,1,One
DATAFLOW,OECD.ELS.HD:DSD_SHA@DF_SHA(1.0),Health expenditure and financing,I,CHE,Switzerland,A,Annual,EXP_HEALTH,Expenditure,USD_PPP_PS,"US dollars per person, PPP converted",_T,Total,_Z,Not application,_T,Total,_T,Total,_T,Total,_Z,Not applicable,_Z,Not applicable,Q,Constant prices,2012,,6529.191,,2020,,,,,,,,,,0,Units,1,One
DATAFLOW,OECD.ELS.HD:DSD_SHA@DF_SHA(1.0),Health expenditure and financing,I,CHE,Switzerland,A,Annual,EXP_HEALTH,Expenditure,USD_PPP_PS,"US dollars per person, PPP converted",_T,Total,_Z,Not application,_T,Total,_T,Total,_T,Total,_Z,Not applicable,_Z,Not applicable,Q,Constant prices,2011,,6333.592,,2020,,,,,,,,,,0,Units,1,One
DATAFLOW,OECD.ELS.HD:DSD_SHA@DF_SHA(1.0),Health expenditure and financing,I,CHE,Switzerland,A,Annual,EXP_HEALTH,Expenditure,USD_PPP_PS,"US dollars per person, PPP converted",_T,Total,_Z,Not application,_T,Total,_T,Total,_T,Total,_Z,Not applicable,_Z,Not applicable,Q,Constant prices,2010,,6205.299,,2020,,,,,,,,,,0,Units,1,One
DATAFLOW,OECD.ELS.HD:DSD_SHA@DF_SHA(1.0),Health expenditure and financing,I,CHE,Switzerland,A,Annual,EXP_HEALTH,Expenditure,USD_PPP_PS,"US dollars per person, PPP converted",_T,Total,_Z,Not application,_T,Total,_T,Total,_T,Total,_Z,Not applicable,_Z,Not applicable,Q,Constant prices,2019,,7479.161,,2020,,,,,,,,,,0,Units,1,One
DATAFLOW,OECD.ELS.HD:DSD_SHA@DF_SHA(1.0),Health expenditure and financing,I,CHE,Switzerland,A,Annual,EXP_HEALTH,Expenditure,USD_PPP_PS,"US dollars per person, PPP converted",_T,Total,_Z,Not application,_T,Total,_T,Total,_T,Total,_Z,Not applicable,_Z,Not applicable,Q,Constant prices,2022,,8003.194,,2020,,,,,,,,,,0,Units,1,One
DATAFLOW,OECD.ELS.HD:DSD_SHA@DF_SHA(1.0),Health expenditure and financing,I,CHE,Switzerland,A,Annual,EXP_HEALTH,Expenditure,USD_PPP_PS,"US dollars per person, PPP converted",_T,Total,_Z,Not application,_T,Total,_T,Total,_T,Total,_Z,Not applicable,_Z,Not applicable,Q,Constant prices,2001,,5289.729,,2020,,,,,,,,,,0,Units,1,One
DATAFLOW,OECD.ELS.HD:DSD_SHA@DF_SHA(1.0),Health expenditure and financing,I,CHE,Switzerland,A,Annual,EXP_HEALTH,Expenditure,USD_PPP_PS,"US dollars per person, PPP converted",_T,Total,_Z,Not application,_T,Total,_T,Total,_T,Total,_Z,Not applicable,_Z,Not applicable,Q,Constant prices,2000,,5038.273,,2020,,,,,,,,,,0,Units,1,One
DATAFLOW,OECD.ELS.HD:DSD_SHA@DF_SHA(1.0),Health expenditure and financing,I,CHE,Switzerland,A,Annual,EXP_HEALTH,Expenditure,USD_PPP_PS,"US dollars per person, PPP converted",_T,Total,_Z,Not application,_T,Total,_T,Total,_T,Total,_Z,Not applicable,_Z,Not applicable,Q,Constant prices,2002,,5483.257,,2020,,,,,,,,,,0,Units,1,One
DATAFLOW,OECD.ELS.HD:DSD_SHA@DF_SHA(1.0),Health expenditure and financing,I,CHE,Switzerland,A,Annual,EXP_HEALTH,Expenditure,USD_PPP_PS,"US dollars per person, PPP converted",_T,Total,_Z,Not application,_T,Total,_T,Total,_T,Total,_Z,Not applicable,_Z,Not applicable,Q,Constant prices,2005,,5757.593,,2020,,,,,,,,,,0,Units,1,One
DATAFLOW,OECD.ELS.HD:DSD_SHA@DF_SHA(1.0),Health expenditure and financing,I,CHE,Switzerland,A,Annual,EXP_HEALTH,Expenditure,USD_PPP_PS,"US dollars per person, PPP converted",_T,Total,_Z,Not application,_T,Total,_T,Total,_T,Total,_Z,Not applicable,_Z,Not applicable,Q,Constant prices,2009,,6167.952,,2020,,,,,,,,,,0,Units,1,One
DATAFLOW,OECD.ELS.HD:DSD_SHA@DF_SHA(1.0),Health expenditure and financing,I,CHE,Switzerland,A,Annual,EXP_HEALTH,Expenditure,USD_PPP_PS,"US dollars per person, PPP converted",_T,Total,_Z,Not application,_T,Total,_T,Total,_T,Total,_Z,Not applicable,_Z,Not applicable,Q,Constant prices,2023,,7929.877,,2020,,,,,,,,,,0,Units,1,One
DATAFLOW,OECD.ELS.HD:DSD_SHA@DF_SHA(1.0),Health expenditure and financing,I,CHE,Switzerland,A,Annual,EXP_HEALTH,Expenditure,USD_PPP_PS,"US dollars per person, PPP converted",_T,Total,_Z,Not application,_T,Total,_T,Total,_T,Total,_Z,Not applicable,_Z,Not applicable,Q,Constant prices,2021,,8033.622,,2020,,,,,,,,,,0,Units,1,One
DATAFLOW,OECD.ELS.HD:DSD_SHA@DF_SHA(1.0),Health expenditure and financing,I,CHE,Switzerland,A,Annual,EXP_HEALTH,Expenditure,USD_PPP_PS,"US dollars per person, PPP converted",_T,Total,_Z,Not application,_T,Total,_T,Total,_T,Total,_Z,Not applicable,_Z,Not applicable,Q,Constant prices,2020,,7621.094,,2020,,,,,,,,,,0,Units,1,One
DATAFLOW,OECD.ELS.HD:DSD_SHA@DF_SHA(1.0),Health expenditure and financing,I,CHE,Switzerland,A,Annual,EXP_HEALTH,Expenditure,USD_PPP_PS,"US dollars per person, PPP converted",_T,Total,_Z,Not application,_T,Total,_T,Total,_T,Total,_Z,Not applicable,_Z,Not applicable,Q,Constant prices,2024,,8045.522,,2020,,,,P,Provisional value,,,,,0,Units,1,One
DATAFLOW,OECD.ELS.HD:DSD_SHA@DF_SHA(1.0),Health expenditure and financing,I,CHE,Switzerland,A,Annual,EXP_HEALTH,Expenditure,USD_PPP_PS,"US dollars per person, PPP converted",_T,Total,_Z,Not application,_T,Total,_T,Total,_T,Total,_Z,Not applicable,_Z,Not applicable,Q,Constant prices,2015,,7070.32,,2020,,,,,,,,,,0,Units,1,One
DATAFLOW,OECD.ELS.HD:DSD_SHA@DF_SHA(1.0),Health expenditure and financing,I,CHE,Switzerland,A,Annual,EXP_HEALTH,Expenditure,USD_PPP_PS,"US dollars per person, PPP converted",_T,Total,_Z,Not application,_T,Total,_T,Total,_T,Total,_Z,Not applicable,_Z,Not applicable,Q,Constant prices,2007,,5829.825,,2020,,,,,,,,,,0,Units,1,One
DATAFLOW,OECD.ELS.HD:DSD_SHA@DF_SHA(1.0),Health expenditure and financing,I,CHE,Switzerland,A,Annual,EXP_HEALTH,Expenditure,USD_PPP_PS,"US dollars per person, PPP converted",_T,Total,_Z,Not application,_T,Total,_T,Total,_T,Total,_Z,Not applicable,_Z,Not applicable,Q,Constant prices,2006,,5712.581,,2020,,,,,,,,,,0,Units,1,One
DATAFLOW,OECD.ELS.HD:DSD_SHA@DF_SHA(1.0),Health expenditure and financing,I,CHE,Switzerland,A,Annual,EXP_HEALTH,Expenditure,USD_PPP_PS,"US dollars per person, PPP converted",_T,Total,_Z,Not application,_T,Total,_T,Total,_T,Total,_Z,Not applicable,_Z,Not applicable,Q,Constant prices,2018,,7288.907,,2020,,,,,,,,,,0,Units,1,One
DATAFLOW,OECD.ELS.HD:DSD_SHA@DF_SHA(1.0),Health expenditure and financing,I,CHE,Switzerland,A,Annual,EXP_HEALTH,Expenditure,USD_PPP_PS,"US dollars per person, PPP converted",_T,Total,_Z,Not application,_T,Total,_T,Total,_T,Total,_Z,Not applicable,_Z,Not applicable,Q,Constant prices,2017,,7305.39,,2020,,,,,,,,,,0,Units,1,One
DATAFLOW,OECD.ELS.HD:DSD_SHA@DF_SHA(1.0),Health expenditure and financing,I,CHE,Switzerland,A,Annual,EXP_HEALTH,Expenditure,USD_PPP_PS,"US dollars per person, PPP converted",_T,Total,_Z,Not application,_T,Total,_T,Total,_T,Total,_Z,Not applicable,_Z,Not applicable,Q,Constant prices,2016,,7244.331,,2020,,,,,,,,,,0,Units,1,One
DATAFLOW,OECD.ELS.HD:DSD_SHA@DF_SHA(1.0),Health expenditure and financing,I,TUR,Turkey,A,Annual,EXP_HEALTH,Expenditure,USD_PPP_PS,"US dollars per person, PPP converted",_T,Total,_Z,Not application,_T,Total,_T,Total,_T,Total,_Z,Not applicable,_Z,Not applicable,Q,Constant prices,2005,,883.564,,2020,,,,,,,,,,0,Units,1,One
DATAFLOW,OECD.ELS.HD:DSD_SHA@DF_SHA(1.0),Health expenditure and financing,I,TUR,Turkey,A,Annual,EXP_HEALTH,Expenditure,USD_PPP_PS,"US dollars per person, PPP converted",_T,Total,_Z,Not application,_T,Total,_T,Total,_T,Total,_Z,Not applicable,_Z,Not applicable,Q,Constant prices,2006,,975.85,,2020,,,,,,,,,,0,Units,1,One
DATAFLOW,OECD.ELS.HD:DSD_SHA@DF_SHA(1.0),Health expenditure and financing,I,TUR,Turkey,A,Annual,EXP_HEALTH,Expenditure,USD_PPP_PS,"US dollars per person, PPP converted",_T,Total,_Z,Not application,_T,Total,_T,Total,_T,Total,_Z,Not applicable,_Z,Not applicable,Q,Constant prices,2007,,1025.771,,2020,,,,,,,,,,0,Units,1,One
DATAFLOW,OECD.ELS.HD:DSD_SHA@DF_SHA(1.0),Health expenditure and financing,I,TUR,Turkey,A,Annual,EXP_HEALTH,Expenditure,USD_PPP_PS,"US dollars per person, PPP converted",_T,Total,_Z,Not application,_T,Total,_T,Total,_T,Total,_Z,Not applicable,_Z,Not applicable,Q,Constant prices,2008,,1028.593,,2020,,,,,,,,,,0,Units,1,One
DATAFLOW,OECD.ELS.HD:DSD_SHA@DF_SHA(1.0),Health expenditure and financing,I,TUR,Turkey,A,Annual,EXP_HEALTH,Expenditure,USD_PPP_PS,"US dollars per person, PPP converted",_T,Total,_Z,Not application,_T,Total,_T,Total,_T,Total,_Z,Not applicable,_Z,Not applicable,Q,Constant prices,2009,,1019.987,,2020,,,,,,,,,,0,Units,1,One
DATAFLOW,OECD.ELS.HD:DSD_SHA@DF_SHA(1.0),Health expenditure and financing,I,TUR,Turkey,A,Annual,EXP_HEALTH,Expenditure,USD_PPP_PS,"US dollars per person, PPP converted",_T,Total,_Z,Not application,_T,Total,_T,Total,_T,Total,_Z,Not applicable,_Z,Not applicable,Q,Constant prices,2010,,998.777,,2020,,,,,,,,,,0,Units,1,One
DATAFLOW,OECD.ELS.HD:DSD_SHA@DF_SHA(1.0),Health expenditure and financing,I,TUR,Turkey,A,Annual,EXP_HEALTH,Expenditure,USD_PPP_PS,"US dollars per person, PPP converted",_T,Total,_Z,Not application,_T,Total,_T,Total,_T,Total,_Z,Not applicable,_Z,Not applicable,Q,Constant prices,2011,,1021.312,,2020,,,,,,,,,,0,Units,1,One
DATAFLOW,OECD.ELS.HD:DSD_SHA@DF_SHA(1.0),Health expenditure and financing,I,TUR,Turkey,A,Annual,EXP_HEALTH,Expenditure,USD_PPP_PS,"US dollars per person, PPP converted",_T,Total,_Z,Not application,_T,Total,_T,Total,_T,Total,_Z,Not applicable,_Z,Not applicable,Q,Constant prices,2012,,1005.454,,2020,,,,,,,,,,0,Units,1,One
DATAFLOW,OECD.ELS.HD:DSD_SHA@DF_SHA(1.0),Health expenditure and financing,I,TUR,Turkey,A,Annual,EXP_HEALTH,Expenditure,USD_PPP_PS,"US dollars per person, PPP converted",_T,Total,_Z,Not application,_T,Total,_T,Total,_T,Total,_Z,Not applicable,_Z,Not applicable,Q,Constant prices,2013,,1061.011,,2020,,,,,,,,,,0,Units,1,One
DATAFLOW,OECD.ELS.HD:DSD_SHA@DF_SHA(1.0),Health expenditure and financing,I,TUR,Turkey,A,Annual,EXP_HEALTH,Expenditure,USD_PPP_PS,"US dollars per person, PPP converted",_T,Total,_Z,Not application,_T,Total,_T,Total,_T,Total,_Z,Not applicable,_Z,Not applicable,Q,Constant prices,2014,,1082.883,,2020,,,,,,,,,,0,Units,1,One
DATAFLOW,OECD.ELS.HD:DSD_SHA@DF_SHA(1.0),Health expenditure and financing,I,TUR,Turkey,A,Annual,EXP_HEALTH,Expenditure,USD_PPP_PS,"US dollars per person, PPP converted",_T,Total,_Z,Not application,_T,Total,_T,Total,_T,Total,_Z,Not applicable,_Z,Not applicable,Q,Constant prices,2015,,1076.167,,2020,,,,,,,,,,0,Units,1,One
DATAFLOW,OECD.ELS.HD:DSD_SHA@DF_SHA(1.0),Health expenditure and financing,I,TUR,Turkey,A,Annual,EXP_HEALTH,Expenditure,USD_PPP_PS,"US dollars per person, PPP converted",_T,Total,_Z,Not application,_T,Total,_T,Total,_T,Total,_Z,Not applicable,_Z,Not applicable,Q,Constant prices,2016,,1156.316,,2020,,,,,,,,,,0,Units,1,One
DATAFLOW,OECD.ELS.HD:DSD_SHA@DF_SHA(1.0),Health expenditure and financing,I,TUR,Turkey,A,Annual,EXP_HEALTH,Expenditure,USD_PPP_PS,"US dollars per person, PPP converted",_T,Total,_Z,Not application,_T,Total,_T,Total,_T,Total,_Z,Not applicable,_Z,Not applicable,Q,Constant prices,2017,,1195.684,,2020,,,,,,,,,,0,Units,1,One
DATAFLOW,OECD.ELS.HD:DSD_SHA@DF_SHA(1.0),Health expenditure and financing,I,TUR,Turkey,A,Annual,EXP_HEALTH,Expenditure,USD_PPP_PS,"US dollars per person, PPP converted",_T,Total,_Z,Not application,_T,Total,_T,Total,_T,Total,_Z,Not applicable,_Z,Not applicable,Q,Constant prices,2018,,1220.356,,2020,,,,,,,,,,0,Units,1,One
DATAFLOW,OECD.ELS.HD:DSD_SHA@DF_SHA(1.0),Health expenditure and financing,I,TUR,Turkey,A,Annual,EXP_HEALTH,Expenditure,USD_PPP_PS,"US dollars per person, PPP converted",_T,Total,_Z,Not application,_T,Total,_T,Total,_T,Total,_Z,Not applicable,_Z,Not applicable,Q,Constant prices,2019,,1274.063,,2020,,,,,,,,,,0,Units,1,One
DATAFLOW,OECD.ELS.HD:DSD_SHA@DF_SHA(1.0),Health expenditure and financing,I,TUR,Turkey,A,Annual,EXP_HEALTH,Expenditure,USD_PPP_PS,"US dollars per person, PPP converted",_T,Total,_Z,Not application,_T,Total,_T,Total,_T,Total,_Z,Not applicable,_Z,Not applicable,Q,Constant prices,2020,,1382.389,,2020,,,,,,,,,,0,Units,1,One
DATAFLOW,OECD.ELS.HD:DSD_SHA@DF_SHA(1.0),Health expenditure and financing,I,TUR,Turkey,A,Annual,EXP_HEALTH,Expenditure,USD_PPP_PS,"US dollars per person, PPP converted",_T,Total,_Z,Not application,_T,Total,_T,Total,_T,Total,_Z,Not applicable,_Z,Not applicable,Q,Constant prices,2024,,2072.145,,2020,,,,E,Estimated value,,,,,0,Units,1,One
DATAFLOW,OECD.ELS.HD:DSD_SHA@DF_SHA(1.0),Health expenditure and financing,I,TUR,Turkey,A,Annual,EXP_HEALTH,Expenditure,USD_PPP_PS,"US dollars per person, PPP converted",_T,Total,_Z,Not application,_T,Total,_T,Total,_T,Total,_Z,Not applicable,_Z,Not applicable,Q,Constant prices,2000,,674.363,,2020,,,,,,,,,,0,Units,1,One
DATAFLOW,OECD.ELS.HD:DSD_SHA@DF_SHA(1.0),Health expenditure and financing,I,TUR,Turkey,A,Annual,EXP_HEALTH,Expenditure,USD_PPP_PS,"US dollars per person, PPP converted",_T,Total,_Z,Not application,_T,Total,_T,Total,_T,Total,_Z,Not applicable,_Z,Not applicable,Q,Constant prices,2001,,697.194,,2020,,,,,,,,,,0,Units,1,One
DATAFLOW,OECD.ELS.HD:DSD_SHA@DF_SHA(1.0),Health expenditure and financing,I,TUR,Turkey,A,Annual,EXP_HEALTH,Expenditure,USD_PPP_PS,"US dollars per person, PPP converted",_T,Total,_Z,Not application,_T,Total,_T,Total,_T,Total,_Z,Not applicable,_Z,Not applicable,Q,Constant prices,2002,,751.92,,2020,,,,,,,,,,0,Units,1,One
DATAFLOW,OECD.ELS.HD:DSD_SHA@DF_SHA(1.0),Health expenditure and financing,I,TUR,Turkey,A,Annual,EXP_HEALTH,Expenditure,USD_PPP_PS,"US dollars per person, PPP converted",_T,Total,_Z,Not application,_T,Total,_T,Total,_T,Total,_Z,Not applicable,_Z,Not applicable,Q,Constant prices,2003,,774.947,,2020,,,,,,,,,,0,Units,1,One
DATAFLOW,OECD.ELS.HD:DSD_SHA@DF_SHA(1.0),Health expenditure and financing,I,TUR,Turkey,A,Annual,EXP_HEALTH,Expenditure,USD_PPP_PS,"US dollars per person, PPP converted",_T,Total,_Z,Not application,_T,Total,_T,Total,_T,Total,_Z,Not applicable,_Z,Not applicable,Q,Constant prices,2004,,833.976,,2020,,,,,,,,,,0,Units,1,One
DATAFLOW,OECD.ELS.HD:DSD_SHA@DF_SHA(1.0),Health expenditure and financing,I,TUR,Turkey,A,Annual,EXP_HEALTH,Expenditure,USD_PPP_PS,"US dollars per person, PPP converted",_T,Total,_Z,Not application,_T,Total,_T,Total,_T,Total,_Z,Not applicable,_Z,Not applicable,Q,Constant prices,2021,,1605.71,,2020,,,,,,,,,,0,Units,1,One
DATAFLOW,OECD.ELS.HD:DSD_SHA@DF_SHA(1.0),Health expenditure and financing,I,TUR,Turkey,A,Annual,EXP_HEALTH,Expenditure,USD_PPP_PS,"US dollars per person, PPP converted",_T,Total,_Z,Not application,_T,Total,_T,Total,_T,Total,_Z,Not applicable,_Z,Not applicable,Q,Constant prices,2022,,1482.645,,2020,,,,,,,,,,0,Units,1,One
DATAFLOW,OECD.ELS.HD:DSD_SHA@DF_SHA(1.0),Health expenditure and financing,I,TUR,Turkey,A,Annual,EXP_HEALTH,Expenditure,USD_PPP_PS,"US dollars per person, PPP converted",_T,Total,_Z,Not application,_T,Total,_T,Total,_T,Total,_Z,Not applicable,_Z,Not applicable,Q,Constant prices,2023,,1846.418,,2020,,,,,,,,,,0,Units,1,One
DATAFLOW,OECD.ELS.HD:DSD_SHA@DF_SHA(1.0),Health expenditure and financing,I,GBR,United Kingdom,A,Annual,EXP_HEALTH,Expenditure,USD_PPP_PS,"US dollars per person, PPP converted",_T,Total,_Z,Not application,_T,Total,_T,Total,_T,Total,_Z,Not applicable,_Z,Not applicable,Q,Constant prices,2005,,3711.311,,2020,,,,,,,,,,0,Units,1,One
DATAFLOW,OECD.ELS.HD:DSD_SHA@DF_SHA(1.0),Health expenditure and financing,I,GBR,United Kingdom,A,Annual,EXP_HEALTH,Expenditure,USD_PPP_PS,"US dollars per person, PPP converted",_T,Total,_Z,Not application,_T,Total,_T,Total,_T,Total,_Z,Not applicable,_Z,Not applicable,Q,Constant prices,2006,,3820.299,,2020,,,,,,,,,,0,Units,1,One
DATAFLOW,OECD.ELS.HD:DSD_SHA@DF_SHA(1.0),Health expenditure and financing,I,GBR,United Kingdom,A,Annual,EXP_HEALTH,Expenditure,USD_PPP_PS,"US dollars per person, PPP converted",_T,Total,_Z,Not application,_T,Total,_T,Total,_T,Total,_Z,Not applicable,_Z,Not applicable,Q,Constant prices,2007,,4006.698,,2020,,,,,,,,,,0,Units,1,One
DATAFLOW,OECD.ELS.HD:DSD_SHA@DF_SHA(1.0),Health expenditure and financing,I,GBR,United Kingdom,A,Annual,EXP_HEALTH,Expenditure,USD_PPP_PS,"US dollars per person, PPP converted",_T,Total,_Z,Not application,_T,Total,_T,Total,_T,Total,_Z,Not applicable,_Z,Not applicable,Q,Constant prices,2008,,4058.534,,2020,,,,,,,,,,0,Units,1,One
DATAFLOW,OECD.ELS.HD:DSD_SHA@DF_SHA(1.0),Health expenditure and financing,I,GBR,United Kingdom,A,Annual,EXP_HEALTH,Expenditure,USD_PPP_PS,"US dollars per person, PPP converted",_T,Total,_Z,Not application,_T,Total,_T,Total,_T,Total,_Z,Not applicable,_Z,Not applicable,Q,Constant prices,2009,,4204.72,,2020,,,,,,,,,,0,Units,1,One
DATAFLOW,OECD.ELS.HD:DSD_SHA@DF_SHA(1.0),Health expenditure and financing,I,GBR,United Kingdom,A,Annual,EXP_HEALTH,Expenditure,USD_PPP_PS,"US dollars per person, PPP converted",_T,Total,_Z,Not application,_T,Total,_T,Total,_T,Total,_Z,Not applicable,_Z,Not applicable,Q,Constant prices,2010,,4267.474,,2020,,,,,,,,,,0,Units,1,One
DATAFLOW,OECD.ELS.HD:DSD_SHA@DF_SHA(1.0),Health expenditure and financing,I,GBR,United Kingdom,A,Annual,EXP_HEALTH,Expenditure,USD_PPP_PS,"US dollars per person, PPP converted",_T,Total,_Z,Not application,_T,Total,_T,Total,_T,Total,_Z,Not applicable,_Z,Not applicable,Q,Constant prices,2011,,4243.883,,2020,,,,,,,,,,0,Units,1,One
DATAFLOW,OECD.ELS.HD:DSD_SHA@DF_SHA(1.0),Health expenditure and financing,I,GBR,United Kingdom,A,Annual,EXP_HEALTH,Expenditure,USD_PPP_PS,"US dollars per person, PPP converted",_T,Total,_Z,Not application,_T,Total,_T,Total,_T,Total,_Z,Not applicable,_Z,Not applicable,Q,Constant prices,2012,,4325.108,,2020,,,,,,,,,,0,Units,1,One
DATAFLOW,OECD.ELS.HD:DSD_SHA@DF_SHA(1.0),Health expenditure and financing,I,GBR,United Kingdom,A,Annual,EXP_HEALTH,Expenditure,USD_PPP_PS,"US dollars per person, PPP converted",_T,Total,_Z,Not application,_T,Total,_T,Total,_T,Total,_Z,Not applicable,_Z,Not applicable,Q,Constant prices,2013,,4427.801,,2020,,,,,,,,,,0,Units,1,One
DATAFLOW,OECD.ELS.HD:DSD_SHA@DF_SHA(1.0),Health expenditure and financing,I,GBR,United Kingdom,A,Annual,EXP_HEALTH,Expenditure,USD_PPP_PS,"US dollars per person, PPP converted",_T,Total,_Z,Not application,_T,Total,_T,Total,_T,Total,_Z,Not applicable,_Z,Not applicable,Q,Constant prices,2014,,4537.187,,2020,,,,,,,,,,0,Units,1,One
DATAFLOW,OECD.ELS.HD:DSD_SHA@DF_SHA(1.0),Health expenditure and financing,I,GBR,United Kingdom,A,Annual,EXP_HEALTH,Expenditure,USD_PPP_PS,"US dollars per person, PPP converted",_T,Total,_Z,Not application,_T,Total,_T,Total,_T,Total,_Z,Not applicable,_Z,Not applicable,Q,Constant prices,2015,,4636.837,,2020,,,,,,,,,,0,Units,1,One
DATAFLOW,OECD.ELS.HD:DSD_SHA@DF_SHA(1.0),Health expenditure and financing,I,GBR,United Kingdom,A,Annual,EXP_HEALTH,Expenditure,USD_PPP_PS,"US dollars per person, PPP converted",_T,Total,_Z,Not application,_T,Total,_T,Total,_T,Total,_Z,Not applicable,_Z,Not applicable,Q,Constant prices,2016,,4689.037,,2020,,,,,,,,,,0,Units,1,One
DATAFLOW,OECD.ELS.HD:DSD_SHA@DF_SHA(1.0),Health expenditure and financing,I,GBR,United Kingdom,A,Annual,EXP_HEALTH,Expenditure,USD_PPP_PS,"US dollars per person, PPP converted",_T,Total,_Z,Not application,_T,Total,_T,Total,_T,Total,_Z,Not applicable,_Z,Not applicable,Q,Constant prices,2017,,4720.986,,2020,,,,,,,,,,0,Units,1,One
DATAFLOW,OECD.ELS.HD:DSD_SHA@DF_SHA(1.0),Health expenditure and financing,I,GBR,United Kingdom,A,Annual,EXP_HEALTH,Expenditure,USD_PPP_PS,"US dollars per person, PPP converted",_T,Total,_Z,Not application,_T,Total,_T,Total,_T,Total,_Z,Not applicable,_Z,Not applicable,Q,Constant prices,2018,,4801.002,,2020,,,,,,,,,,0,Units,1,One
DATAFLOW,OECD.ELS.HD:DSD_SHA@DF_SHA(1.0),Health expenditure and financing,I,GBR,United Kingdom,A,Annual,EXP_HEALTH,Expenditure,USD_PPP_PS,"US dollars per person, PPP converted",_T,Total,_Z,Not application,_T,Total,_T,Total,_T,Total,_Z,Not applicable,_Z,Not applicable,Q,Constant prices,2019,,4959.745,,2020,,,,,,,,,,0,Units,1,One
DATAFLOW,OECD.ELS.HD:DSD_SHA@DF_SHA(1.0),Health expenditure and financing,I,GBR,United Kingdom,A,Annual,EXP_HEALTH,Expenditure,USD_PPP_PS,"US dollars per person, PPP converted",_T,Total,_Z,Not application,_T,Total,_T,Total,_T,Total,_Z,Not applicable,_Z,Not applicable,Q,Constant prices,2020,,5380.946,,2020,,,,,,,,,,0,Units,1,One
DATAFLOW,OECD.ELS.HD:DSD_SHA@DF_SHA(1.0),Health expenditure and financing,I,GBR,United Kingdom,A,Annual,EXP_HEALTH,Expenditure,USD_PPP_PS,"US dollars per person, PPP converted",_T,Total,_Z,Not application,_T,Total,_T,Total,_T,Total,_Z,Not applicable,_Z,Not applicable,Q,Constant prices,2024,,5493.021,,2020,,,,P,Provisional value,,,,,0,Units,1,One
DATAFLOW,OECD.ELS.HD:DSD_SHA@DF_SHA(1.0),Health expenditure and financing,I,GBR,United Kingdom,A,Annual,EXP_HEALTH,Expenditure,USD_PPP_PS,"US dollars per person, PPP converted",_T,Total,_Z,Not application,_T,Total,_T,Total,_T,Total,_Z,Not applicable,_Z,Not applicable,Q,Constant prices,2000,,2809.339,,2020,,,,,,,,,,0,Units,1,One
DATAFLOW,OECD.ELS.HD:DSD_SHA@DF_SHA(1.0),Health expenditure and financing,I,GBR,United Kingdom,A,Annual,EXP_HEALTH,Expenditure,USD_PPP_PS,"US dollars per person, PPP converted",_T,Total,_Z,Not application,_T,Total,_T,Total,_T,Total,_Z,Not applicable,_Z,Not applicable,Q,Constant prices,2001,,2994.925,,2020,,,,,,,,,,0,Units,1,One
DATAFLOW,OECD.ELS.HD:DSD_SHA@DF_SHA(1.0),Health expenditure and financing,I,GBR,United Kingdom,A,Annual,EXP_HEALTH,Expenditure,USD_PPP_PS,"US dollars per person, PPP converted",_T,Total,_Z,Not application,_T,Total,_T,Total,_T,Total,_Z,Not applicable,_Z,Not applicable,Q,Constant prices,2002,,3225.289,,2020,,,,,,,,,,0,Units,1,One
DATAFLOW,OECD.ELS.HD:DSD_SHA@DF_SHA(1.0),Health expenditure and financing,I,GBR,United Kingdom,A,Annual,EXP_HEALTH,Expenditure,USD_PPP_PS,"US dollars per person, PPP converted",_T,Total,_Z,Not application,_T,Total,_T,Total,_T,Total,_Z,Not applicable,_Z,Not applicable,Q,Constant prices,2003,,3404.939,,2020,,,,,,,,,,0,Units,1,One
DATAFLOW,OECD.ELS.HD:DSD_SHA@DF_SHA(1.0),Health expenditure and financing,I,GBR,United Kingdom,A,Annual,EXP_HEALTH,Expenditure,USD_PPP_PS,"US dollars per person, PPP converted",_T,Total,_Z,Not application,_T,Total,_T,Total,_T,Total,_Z,Not applicable,_Z,Not applicable,Q,Constant prices,2004,,3594.583,,2020,,,,,,,,,,0,Units,1,One
DATAFLOW,OECD.ELS.HD:DSD_SHA@DF_SHA(1.0),Health expenditure and financing,I,GBR,United Kingdom,A,Annual,EXP_HEALTH,Expenditure,USD_PPP_PS,"US dollars per person, PPP converted",_T,Total,_Z,Not application,_T,Total,_T,Total,_T,Total,_Z,Not applicable,_Z,Not applicable,Q,Constant prices,2021,,5830.953,,2020,,,,,,,,,,0,Units,1,One
DATAFLOW,OECD.ELS.HD:DSD_SHA@DF_SHA(1.0),Health expenditure and financing,I,GBR,United Kingdom,A,Annual,EXP_HEALTH,Expenditure,USD_PPP_PS,"US dollars per person, PPP converted",_T,Total,_Z,Not application,_T,Total,_T,Total,_T,Total,_Z,Not applicable,_Z,Not applicable,Q,Constant prices,2022,,5479.055,,2020,,,,,,,,,,0,Units,1,One
DATAFLOW,OECD.ELS.HD:DSD_SHA@DF_SHA(1.0),Health expenditure and financing,I,GBR,United Kingdom,A,Annual,EXP_HEALTH,Expenditure,USD_PPP_PS,"US dollars per person, PPP converted",_T,Total,_Z,Not application,_T,Total,_T,Total,_T,Total,_Z,Not applicable,_Z,Not applicable,Q,Constant prices,2023,,5412.625,,2020,,,,,,,,,,0,Units,1,One
DATAFLOW,OECD.ELS.HD:DSD_SHA@DF_SHA(1.0),Health expenditure and financing,I,USA,United States,A,Annual,EXP_HEALTH,Expenditure,USD_PPP_PS,"US dollars per person, PPP converted",_T,Total,_Z,Not application,_T,Total,_T,Total,_T,Total,_Z,Not applicable,_Z,Not applicable,Q,Constant prices,2005,,8285.935,,2020,,,,,,,,,,0,Units,1,One
DATAFLOW,OECD.ELS.HD:DSD_SHA@DF_SHA(1.0),Health expenditure and financing,I,USA,United States,A,Annual,EXP_HEALTH,Expenditure,USD_PPP_PS,"US dollars per person, PPP converted",_T,Total,_Z,Not application,_T,Total,_T,Total,_T,Total,_Z,Not applicable,_Z,Not applicable,Q,Constant prices,2014,,9643.881,,2020,,,,,,,,,,0,Units,1,One
DATAFLOW,OECD.ELS.HD:DSD_SHA@DF_SHA(1.0),Health expenditure and financing,I,USA,United States,A,Annual,EXP_HEALTH,Expenditure,USD_PPP_PS,"US dollars per person, PPP converted",_T,Total,_Z,Not application,_T,Total,_T,Total,_T,Total,_Z,Not applicable,_Z,Not applicable,Q,Constant prices,2015,,10091.061,,2020,,,,,,,,,,0,Units,1,One
DATAFLOW,OECD.ELS.HD:DSD_SHA@DF_SHA(1.0),Health expenditure and financing,I,USA,United States,A,Annual,EXP_HEALTH,Expenditure,USD_PPP_PS,"US dollars per person, PPP converted",_T,Total,_Z,Not application,_T,Total,_T,Total,_T,Total,_Z,Not applicable,_Z,Not applicable,Q,Constant prices,2016,,10384.558,,2020,,,,,,,,,,0,Units,1,One
DATAFLOW,OECD.ELS.HD:DSD_SHA@DF_SHA(1.0),Health expenditure and financing,I,USA,United States,A,Annual,EXP_HEALTH,Expenditure,USD_PPP_PS,"US dollars per person, PPP converted",_T,Total,_Z,Not application,_T,Total,_T,Total,_T,Total,_Z,Not applicable,_Z,Not applicable,Q,Constant prices,2017,,10537.306,,2020,,,,,,,,,,0,Units,1,One
DATAFLOW,OECD.ELS.HD:DSD_SHA@DF_SHA(1.0),Health expenditure and financing,I,USA,United States,A,Annual,EXP_HEALTH,Expenditure,USD_PPP_PS,"US dollars per person, PPP converted",_T,Total,_Z,Not application,_T,Total,_T,Total,_T,Total,_Z,Not applicable,_Z,Not applicable,Q,Constant prices,2018,,10720.674,,2020,,,,,,,,,,0,Units,1,One
DATAFLOW,OECD.ELS.HD:DSD_SHA@DF_SHA(1.0),Health expenditure and financing,I,USA,United States,A,Annual,EXP_HEALTH,Expenditure,USD_PPP_PS,"US dollars per person, PPP converted",_T,Total,_Z,Not application,_T,Total,_T,Total,_T,Total,_Z,Not applicable,_Z,Not applicable,Q,Constant prices,2019,,10995.237,,2020,,,,,,,,,,0,Units,1,One
DATAFLOW,OECD.ELS.HD:DSD_SHA@DF_SHA(1.0),Health expenditure and financing,I,USA,United States,A,Annual,EXP_HEALTH,Expenditure,USD_PPP_PS,"US dollars per person, PPP converted",_T,Total,_Z,Not application,_T,Total,_T,Total,_T,Total,_Z,Not applicable,_Z,Not applicable,Q,Constant prices,2020,,11926.393,,2020,,,,,,,,,,0,Units,1,One
DATAFLOW,OECD.ELS.HD:DSD_SHA@DF_SHA(1.0),Health expenditure and financing,I,USA,United States,A,Annual,EXP_HEALTH,Expenditure,USD_PPP_PS,"US dollars per person, PPP converted",_T,Total,_Z,Not application,_T,Total,_T,Total,_T,Total,_Z,Not applicable,_Z,Not applicable,Q,Constant prices,2024,,12648.651,,2020,,,,E,Estimated value,,,,,0,Units,1,One
DATAFLOW,OECD.ELS.HD:DSD_SHA@DF_SHA(1.0),Health expenditure and financing,I,USA,United States,A,Annual,EXP_HEALTH,Expenditure,USD_PPP_PS,"US dollars per person, PPP converted",_T,Total,_Z,Not application,_T,Total,_T,Total,_T,Total,_Z,Not applicable,_Z,Not applicable,Q,Constant prices,2000,,6545.053,,2020,,,,,,,,,,0,Units,1,One
DATAFLOW,OECD.ELS.HD:DSD_SHA@DF_SHA(1.0),Health expenditure and financing,I,USA,United States,A,Annual,EXP_HEALTH,Expenditure,USD_PPP_PS,"US dollars per person, PPP converted",_T,Total,_Z,Not application,_T,Total,_T,Total,_T,Total,_Z,Not applicable,_Z,Not applicable,Q,Constant prices,2001,,6903.709,,2020,,,,,,,,,,0,Units,1,One
DATAFLOW,OECD.ELS.HD:DSD_SHA@DF_SHA(1.0),Health expenditure and financing,I,USA,United States,A,Annual,EXP_HEALTH,Expenditure,USD_PPP_PS,"US dollars per person, PPP converted",_T,Total,_Z,Not application,_T,Total,_T,Total,_T,Total,_Z,Not applicable,_Z,Not applicable,Q,Constant prices,2002,,7404.382,,2020,,,,,,,,,,0,Units,1,One
DATAFLOW,OECD.ELS.HD:DSD_SHA@DF_SHA(1.0),Health expenditure and financing,I,USA,United States,A,Annual,EXP_HEALTH,Expenditure,USD_PPP_PS,"US dollars per person, PPP converted",_T,Total,_Z,Not application,_T,Total,_T,Total,_T,Total,_Z,Not applicable,_Z,Not applicable,Q,Constant prices,2003,,7801.478,,2020,,,,,,,,,,0,Units,1,One
DATAFLOW,OECD.ELS.HD:DSD_SHA@DF_SHA(1.0),Health expenditure and financing,I,USA,United States,A,Annual,EXP_HEALTH,Expenditure,USD_PPP_PS,"US dollars per person, PPP converted",_T,Total,_Z,Not application,_T,Total,_T,Total,_T,Total,_Z,Not applicable,_Z,Not applicable,Q,Constant prices,2004,,8057.169,,2020,,,,,,,,,,0,Units,1,One
DATAFLOW,OECD.ELS.HD:DSD_SHA@DF_SHA(1.0),Health expenditure and financing,I,USA,United States,A,Annual,EXP_HEALTH,Expenditure,USD_PPP_PS,"US dollars per person, PPP converted",_T,Total,_Z,Not application,_T,Total,_T,Total,_T,Total,_Z,Not applicable,_Z,Not applicable,Q,Constant prices,2021,,11863.062,,2020,,,,,,,,,,0,Units,1,One
DATAFLOW,OECD.ELS.HD:DSD_SHA@DF_SHA(1.0),Health expenditure and financing,I,USA,United States,A,Annual,EXP_HEALTH,Expenditure,USD_PPP_PS,"US dollars per person, PPP converted",_T,Total,_Z,Not application,_T,Total,_T,Total,_T,Total,_Z,Not applicable,_Z,Not applicable,Q,Constant prices,2022,,11606.233,,2020,,,,,,,,,,0,Units,1,One
DATAFLOW,OECD.ELS.HD:DSD_SHA@DF_SHA(1.0),Health expenditure and financing,I,USA,United States,A,Annual,EXP_HEALTH,Expenditure,USD_PPP_PS,"US dollars per person, PPP converted",_T,Total,_Z,Not application,_T,Total,_T,Total,_T,Total,_Z,Not applicable,_Z,Not applicable,Q,Constant prices,2023,,12023.46,,2020,,,,,,,,,,0,Units,1,One
DATAFLOW,OECD.ELS.HD:DSD_SHA@DF_SHA(1.0),Health expenditure and financing,I,USA,United States,A,Annual,EXP_HEALTH,Expenditure,USD_PPP_PS,"US dollars per person, PPP converted",_T,Total,_Z,Not application,_T,Total,_T,Total,_T,Total,_Z,Not applicable,_Z,Not applicable,Q,Constant prices,2006,,8520.734,,2020,,,,,,,,,,0,Units,1,One
DATAFLOW,OECD.ELS.HD:DSD_SHA@DF_SHA(1.0),Health expenditure and financing,I,USA,United States,A,Annual,EXP_HEALTH,Expenditure,USD_PPP_PS,"US dollars per person, PPP converted",_T,Total,_Z,Not application,_T,Total,_T,Total,_T,Total,_Z,Not applicable,_Z,Not applicable,Q,Constant prices,2007,,8730.296,,2020,,,,,,,,,,0,Units,1,One
DATAFLOW,OECD.ELS.HD:DSD_SHA@DF_SHA(1.0),Health expenditure and financing,I,USA,United States,A,Annual,EXP_HEALTH,Expenditure,USD_PPP_PS,"US dollars per person, PPP converted",_T,Total,_Z,Not application,_T,Total,_T,Total,_T,Total,_Z,Not applicable,_Z,Not applicable,Q,Constant prices,2008,,8725.056,,2020,,,,,,,,,,0,Units,1,One
DATAFLOW,OECD.ELS.HD:DSD_SHA@DF_SHA(1.0),Health expenditure and financing,I,USA,United States,A,Annual,EXP_HEALTH,Expenditure,USD_PPP_PS,"US dollars per person, PPP converted",_T,Total,_Z,Not application,_T,Total,_T,Total,_T,Total,_Z,Not applicable,_Z,Not applicable,Q,Constant prices,2009,,9058.826,,2020,,,,,,,,,,0,Units,1,One
DATAFLOW,OECD.ELS.HD:DSD_SHA@DF_SHA(1.0),Health expenditure and financing,I,USA,United States,A,Annual,EXP_HEALTH,Expenditure,USD_PPP_PS,"US dollars per person, PPP converted",_T,Total,_Z,Not application,_T,Total,_T,Total,_T,Total,_Z,Not applicable,_Z,Not applicable,Q,Constant prices,2010,,9156.877,,2020,,,,,,,,,,0,Units,1,One
DATAFLOW,OECD.ELS.HD:DSD_SHA@DF_SHA(1.0),Health expenditure and financing,I,USA,United States,A,Annual,EXP_HEALTH,Expenditure,USD_PPP_PS,"US dollars per person, PPP converted",_T,Total,_Z,Not application,_T,Total,_T,Total,_T,Total,_Z,Not applicable,_Z,Not applicable,Q,Constant prices,2011,,9155.475,,2020,,,,,,,,,,0,Units,1,One
DATAFLOW,OECD.ELS.HD:DSD_SHA@DF_SHA(1.0),Health expenditure and financing,I,USA,United States,A,Annual,EXP_HEALTH,Expenditure,USD_PPP_PS,"US dollars per person, PPP converted",_T,Total,_Z,Not application,_T,Total,_T,Total,_T,Total,_Z,Not applicable,_Z,Not applicable,Q,Constant prices,2012,,9288.591,,2020,,,,,,,,,,0,Units,1,One
DATAFLOW,OECD.ELS.HD:DSD_SHA@DF_SHA(1.0),Health expenditure and financing,I,USA,United States,A,Annual,EXP_HEALTH,Expenditure,USD_PPP_PS,"US dollars per person, PPP converted",_T,Total,_Z,Not application,_T,Total,_T,Total,_T,Total,_Z,Not applicable,_Z,Not applicable,Q,Constant prices,2013,,9339.713,,2020,,,,,,,,,,0,Units,1,One
