STRUCTURE,STRUCTURE_ID,STRUCTURE_NAME,ACTION,FREQ,Frequency of observation,TERRITORIAL_LEVEL,Territorial level,REF_AREA,Reference area,TERRITORIAL_TYPE,Territorial typology,MEASURE,Measure,AGE,Age,SEX,Sex,UNIT_MEASURE,Unit of measure,TIME_PERIOD,Time period,OBS_VALUE,Observation value,COUNTRY,Country,OBS_STATUS,Observation status,UNIT_MULT,Unit multiplier,DECIMALS,Decimals
DATAFLOW,OECD.CFE.EDS:DSD_REG_DEMO@DF_POP_BROAD(2.4),Population by broad age groups - Regions,I,A,Annual,CTRY,Country,ESP,Spain,_Z,Not applicable,POP,Population,Y_GE65,65 years or over,_T,Total,PT_POP,Percentage of population,2000,,16.53,,ESP,Spain,A,Normal value,0,Units,2,Two
DATAFLOW,OECD.CFE.EDS:DSD_REG_DEMO@DF_POP_BROAD(2.4),Population by broad age groups - Regions,I,A,Annual,CTRY,Country,LVA,Latvia,_Z,Not applicable,POP,Population,Y_GE65,65 years or over,_T,Total,PT_POP,Percentage of population,2000,,14.83,,LVA,Latvia,A,Normal value,0,Units,2,Two
DATAFLOW,OECD.CFE.EDS:DSD_REG_DEMO@DF_POP_BROAD(2.4),Population by broad age groups - Regions,I,A,Annual,CTRY,Country,LTU,Lithuania,_Z,Not applicable,POP,Population,Y_GE65,65 years or over,_T,Total,PT_POP,Percentage of population,2000,,13.74,,LTU,Lithuania,A,Normal value,0,Units,2,Two
DATAFLOW,OECD.CFE.EDS:DSD_REG_DEMO@DF_POP_BROAD(2.4),Population by broad age groups - Regions,I,A,Annual,CTRY,Country,SVK,Slovak Republic,_Z,Not applicable,POP,Population,Y_GE65,65 years or over,_T,Total,PT_POP,Percentage of population,2000,,11.4,,SVK,Slovak Republic,A,Normal value,0,Units,2,Two
DATAFLOW,OECD.CFE.EDS:DSD_REG_DEMO@DF_POP_BROAD(2.4),Population by broad age groups - Regions,I,A,Annual,CTRY,Country,USA,United States,_Z,Not applicable,POP,Population,Y_GE65,65 years or over,_T,Total,PT_POP,Percentage of population,2000,,12.43,,USA,United States,A,Normal value,0,Units,2,Two
DATAFLOW,OECD.CFE.EDS:DSD_REG_DEMO@DF_POP_BROAD(2.4),Population by broad age groups - Regions,I,A,Annual,CTRY,Country,POL,Poland,_Z,Not applicable,POP,Population,Y_GE65,65 years or over,_T,Total,PT_POP,Percentage of population,2000,,12.14,,POL,Poland,A,Normal value,0,Units,2,Two
DATAFLOW,OECD.CFE.EDS:DSD_REG_DEMO@DF_POP_BROAD(2.4),Population by broad age groups - Regions,I,A,Annual,CTRY,Country,MEX,Mexico,_Z,Not applicable,POP,Population,Y_GE65,65 years or over,_T,Total,PT_POP,Percentage of population,2000,,5.29,,MEX,Mexico,A,Normal value,0,Units,2,Two
DATAFLOW,OECD.CFE.EDS:DSD_REG_DEMO@DF_POP_BROAD(2.4),Population by broad age groups - Regions,I,A,Annual,CTRY,Country,FIN,Finland,_Z,Not applicable,POP,Population,Y_GE65,65 years or over,_T,Total,PT_POP,Percentage of population,2000,,14.84,,FIN,Finland,A,Normal value,0,Units,2,Two
DATAFLOW,OECD.CFE.EDS:DSD_REG_DEMO@DF_POP_BROAD(2.4),Population by broad age groups - Regions,I,A,Annual,CTRY,Country,AUT,Austria,_Z,Not applicable,POP,Population,Y_GE65,65 years or over,_T,Total,PT_POP,Percentage of population,2000,,15.42,,AUT,Austria,A,Normal value,0,Units,2,Two
DATAFLOW,OECD.CFE.EDS:DSD_REG_DEMO@DF_POP_BROAD(2.4),Population by broad age groups - Regions,I,A,Annual,CTRY,Country,ISL,Iceland,_Z,Not applicable,POP,Population,Y_GE65,65 years or over,_T,Total,PT_POP,Percentage of population,2000,,11.58,,ISL,Iceland,A,Normal value,0,Units,2,Two
DATAFLOW,OECD.CFE.EDS:DSD_REG_DEMO@DF_POP_BROAD(2.4),Population by broad age groups - Regions,I,A,Annual,CTRY,Country,CRI,Costa Rica,_Z,Not applicable,POP,Population,Y_GE65,65 years or over,_T,Total,PT_POP,Percentage of population,2000,,5.34,,CRI,Costa Rica,A,Normal value,0,Units,2,Two
DATAFLOW,OECD.CFE.EDS:DSD_REG_DEMO@DF_POP_BROAD(2.4),Population by broad age groups - Regions,I,A,Annual,CTRY,Country,EST,Estonia,_Z,Not applicable,POP,Population,Y_GE65,65 years or over,_T,Total,PT_POP,Percentage of population,2000,,14.86,,EST,Estonia,A,Normal value,0,Units,2,Two
DATAFLOW,OECD.CFE.EDS:DSD_REG_DEMO@DF_POP_BROAD(2.4),Population by broad age groups - Regions,I,A,Annual,CTRY,Country,AUS,Australia,_Z,Not applicable,POP,Population,Y_GE65,65 years or over,_T,Total,PT_POP,Percentage of population,2000,,12.42,,AUS,Australia,A,Normal value,0,Units,2,Two
DATAFLOW,OECD.CFE.EDS:DSD_REG_DEMO@DF_POP_BROAD(2.4),Population by broad age groups - Regions,I,A,Annual,CTRY,Country,HUN,Hungary,_Z,Not applicable,POP,Population,Y_GE65,65 years or over,_T,Total,PT_POP,Percentage of population,2000,,14.98,,HUN,Hungary,A,Normal value,0,Units,2,Two
DATAFLOW,OECD.CFE.EDS:DSD_REG_DEMO@DF_POP_BROAD(2.4),Population by broad age groups - Regions,I,A,Annual,CTRY,Country,TUR,Turkey,_Z,Not applicable,POP,Population,Y_GE65,65 years or over,_T,Total,PT_POP,Percentage of population,2000,,5.35,,TUR,Türkiye,A,Normal value,0,Units,2,Two
DATAFLOW,OECD.CFE.EDS:DSD_REG_DEMO@DF_POP_BROAD(2.4),Population by broad age groups - Regions,I,A,Annual,CTRY,Country,FRA,France,_Z,Not applicable,POP,Population,Y_GE65,65 years or over,_T,Total,PT_POP,Percentage of population,2000,,15.81,,FRA,France,A,Normal value,0,Units,2,Two
DATAFLOW,OECD.CFE.EDS:DSD_REG_DEMO@DF_POP_BROAD(2.4),Population by broad age groups - Regions,I,A,Annual,CTRY,Country,CHL,Chile,_Z,Not applicable,POP,Population,Y_GE65,65 years or over,_T,Total,PT_POP,Percentage of population,2000,,7.17,,CHL,Chile,A,Normal value,0,Units,2,Two
DATAFLOW,OECD.CFE.EDS:DSD_REG_DEMO@DF_POP_BROAD(2.4),Population by broad age groups - Regions,I,A,Annual,CTRY,Country,CZE,Czechia,_Z,Not applicable,POP,Population,Y_GE65,65 years or over,_T,Total,PT_POP,Percentage of population,2000,,13.8,,CZE,Czechia,A,Normal value,0,Units,2,Two
DATAFLOW,OECD.CFE.EDS:DSD_REG_DEMO@DF_POP_BROAD(2.4),Population by broad age groups - Regions,I,A,Annual,CTRY,Country,COL,Colombia,_Z,Not applicable,POP,Population,Y_GE65,65 years or over,_T,Total,PT_POP,Percentage of population,2000,,5.6,,COL,Colombia,A,Normal value,0,Units,2,Two
DATAFLOW,OECD.CFE.EDS:DSD_REG_DEMO@DF_POP_BROAD(2.4),Population by broad age groups - Regions,I,A,Annual,CTRY,Country,DNK,Denmark,_Z,Not applicable,POP,Population,Y_GE65,65 years or over,_T,Total,PT_POP,Percentage of population,2000,,14.83,,DNK,Denmark,A,Normal value,0,Units,2,Two
DATAFLOW,OECD.CFE.EDS:DSD_REG_DEMO@DF_POP_BROAD(2.4),Population by broad age groups - Regions,I,A,Annual,CTRY,Country,GBR,United Kingdom,_Z,Not applicable,POP,Population,Y_GE65,65 years or over,_T,Total,PT_POP,Percentage of population,2000,,15.81,,GBR,United Kingdom,A,Normal value,0,Units,2,Two
DATAFLOW,OECD.CFE.EDS:DSD_REG_DEMO@DF_POP_BROAD(2.4),Population by broad age groups - Regions,I,A,Annual,CTRY,Country,NLD,Netherlands,_Z,Not applicable,POP,Population,Y_GE65,65 years or over,_T,Total,PT_POP,Percentage of population,2000,,13.57,,NLD,Netherlands,A,Normal value,0,Units,2,Two
DATAFLOW,OECD.CFE.EDS:DSD_REG_DEMO@DF_POP_BROAD(2.4),Population by broad age groups - Regions,I,A,Annual,CTRY,Country,LUX,Luxembourg,_Z,Not applicable,POP,Population,Y_GE65,65 years or over,_T,Total,PT_POP,Percentage of population,2000,,14.28,,LUX,Luxembourg,A,Normal value,0,Units,2,Two
DATAFLOW,OECD.CFE.EDS:DSD_REG_DEMO@DF_POP_BROAD(2.4),Population by broad age groups - Regions,I,A,Annual,CTRY,Country,ISR,Israel,_Z,Not applicable,POP,Population,Y_GE65,65 years or over,_T,Total,PT_POP,Percentage of population,2000,,9.78,,ISR,Israel,A,Normal value,0,Units,2,Two
DATAFLOW,OECD.CFE.EDS:DSD_REG_DEMO@DF_POP_BROAD(2.4),Population by broad age groups - Regions,I,A,Annual,CTRY,Country,IRL,Ireland,_Z,Not applicable,POP,Population,Y_GE65,65 years or over,_T,Total,PT_POP,Percentage of population,2000,,11.22,,IRL,Ireland,A,Normal value,0,Units,2,Two
DATAFLOW,OECD.CFE.EDS:DSD_REG_DEMO@DF_POP_BROAD(2.4),Population by broad age groups - Regions,I,A,Annual,CTRY,Country,KOR,Korea,_Z,Not applicable,POP,Population,Y_GE65,65 years or over,_T,Total,PT_POP,Percentage of population,2000,,7.22,,KOR,Korea,A,Normal value,0,Units,2,Two
DATAFLOW,OECD.CFE.EDS:DSD_REG_DEMO@DF_POP_BROAD(2.4),Population by broad age groups - Regions,I,A,Annual,CTRY,Country,CAN,Canada,_Z,Not applicable,POP,Population,Y_GE65,65 years or over,_T,Total,PT_POP,Percentage of population,2000,,12.55,,CAN,Canada,A,Normal value,0,Units,2,Two
DATAFLOW,OECD.CFE.EDS:DSD_REG_DEMO@DF_POP_BROAD(2.4),Population by broad age groups - Regions,I,A,Annual,CTRY,Country,ITA,Italy,_Z,Not applicable,POP,Population,Y_GE65,65 years or over,_T,Total,PT_POP,Percentage of population,2000,,18.11,,ITA,Italy,A,Normal value,0,Units,2,Two
DATAFLOW,OECD.CFE.EDS:DSD_REG_DEMO@DF_POP_BROAD(2.4),Population by broad age groups - Regions,I,A,Annual,CTRY,Country,DEU,Germany,_Z,Not applicable,POP,Population,Y_GE65,65 years or over,_T,Total,PT_POP,Percentage of population,2000,,16.25,,DEU,Germany,A,Normal value,0,Units,2,Two
DATAFLOW,OECD.CFE.EDS:DSD_REG_DEMO@DF_POP_BROAD(2.4),Population by broad age groups - Regions,I,A,Annual,CTRY,Country,PRT,Portugal,_Z,Not applicable,POP,Population,Y_GE65,65 years or over,_T,Total,PT_POP,Percentage of population,2000,,16.03,,PRT,Portugal,A,Normal value,0,Units,2,Two
DATAFLOW,OECD.CFE.EDS:DSD_REG_DEMO@DF_POP_BROAD(2.4),Population by broad age groups - Regions,I,A,Annual,CTRY,Country,CHE,Switzerland,_Z,Not applicable,POP,Population,Y_GE65,65 years or over,_T,Total,PT_POP,Percentage of population,2000,,15.27,,CHE,Switzerland,A,Normal value,0,Units,2,Two
DATAFLOW,OECD.CFE.EDS:DSD_REG_DEMO@DF_POP_BROAD(2.4),Population by broad age groups - Regions,I,A,Annual,CTRY,Country,GRC,Greece,_Z,Not applicable,POP,Population,Y_GE65,65 years or over,_T,Total,PT_POP,Percentage of population,2000,,17.34,,GRC,Greece,A,Normal value,0,Units,2,Two
DATAFLOW,OECD.CFE.EDS:DSD_REG_DEMO@DF_POP_BROAD(2.4),Population by broad age groups - Regions,I,A,Annual,CTRY,Country,SVN,Slovenia,_Z,Not applicable,POP,Population,Y_GE65,65 years or over,_T,Total,PT_POP,Percentage of population,2000,,13.85,,SVN,Slovenia,A,Normal value,0,Units,2,Two
DATAFLOW,OECD.CFE.EDS:DSD_REG_DEMO@DF_POP_BROAD(2.4),Population by broad age groups - Regions,I,A,Annual,CTRY,Country,NZL,New Zealand,_Z,Not applicable,POP,Population,Y_GE65,65 years or over,_T,Total,PT_POP,Percentage of population,2000,,11.75,,NZL,New Zealand,A,Normal value,0,Units,2,Two
DATAFLOW,OECD.CFE.EDS:DSD_REG_DEMO@DF_POP_BROAD(2.4),Population by broad age groups - Regions,I,A,Annual,CTRY,Country,BEL,Belgium,_Z,Not applicable,POP,Population,Y_GE65,65 years or over,_T,Total,PT_POP,Percentage of population,2000,,16.75,,BEL,Belgium,A,Normal value,0,Units,2,Two
DATAFLOW,OECD.CFE.EDS:DSD_REG_DEMO@DF_POP_BROAD(2.4),Population by broad age groups - Regions,I,A,Annual,CTRY,Country,NOR,Norway,_Z,Not applicable,POP,Population,Y_GE65,65 years or over,_T,Total,PT_POP,Percentage of population,2000,,15.25,,NOR,Norway,A,Normal value,0,Units,2,Two
DATAFLOW,OECD.CFE.EDS:DSD_REG_DEMO@DF_POP_BROAD(2.4),Population by broad age groups - Regions,I,A,Annual,CTRY,Country,SWE,Sweden,_Z,Not applicable,POP,Population,Y_GE65,65 years or over,_T,Total,PT_POP,Percentage of population,2000,,17.29,,SWE,Sweden,A,Normal value,0,Units,2,Two
DATAFLOW,OECD.CFE.EDS:DSD_REG_DEMO@DF_POP_BROAD(2.4),Population by broad age groups - Regions,I,A,Annual,CTRY,Country,JPN,Japan,_Z,Not applicable,POP,Population,Y_GE65,65 years or over,_T,Total,PT_POP,Percentage of population,2000,,17.37,,JPN,Japan,O,Missing value,0,Units,2,Two
DATAFLOW,OECD.CFE.EDS:DSD_REG_DEMO@DF_POP_BROAD(2.4),Population by broad age groups - Regions,I,A,Annual,CTRY,Country,SWE,Sweden,_Z,Not applicable,POP,Population,Y_GE65,65 years or over,_T,Total,PT_POP,Percentage of population,2001,,17.23,,SWE,Sweden,A,Normal value,0,Units,2,Two
DATAFLOW,OECD.CFE.EDS:DSD_REG_DEMO@DF_POP_BROAD(2.4),Population by broad age groups - Regions,I,A,Annual,CTRY,Country,NOR,Norway,_Z,Not applicable,POP,Population,Y_GE65,65 years or over,_T,Total,PT_POP,Percentage of population,2001,,15.07,,NOR,Norway,A,Normal value,0,Units,2,Two
DATAFLOW,OECD.CFE.EDS:DSD_REG_DEMO@DF_POP_BROAD(2.4),Population by broad age groups - Regions,I,A,Annual,CTRY,Country,BEL,Belgium,_Z,Not applicable,POP,Population,Y_GE65,65 years or over,_T,Total,PT_POP,Percentage of population,2001,,16.85,,BEL,Belgium,A,Normal value,0,Units,2,Two
DATAFLOW,OECD.CFE.EDS:DSD_REG_DEMO@DF_POP_BROAD(2.4),Population by broad age groups - Regions,I,A,Annual,CTRY,Country,JPN,Japan,_Z,Not applicable,POP,Population,Y_GE65,65 years or over,_T,Total,PT_POP,Percentage of population,2001,,17.97,,JPN,Japan,A,Normal value,0,Units,2,Two
DATAFLOW,OECD.CFE.EDS:DSD_REG_DEMO@DF_POP_BROAD(2.4),Population by broad age groups - Regions,I,A,Annual,CTRY,Country,NZL,New Zealand,_Z,Not applicable,POP,Population,Y_GE65,65 years or over,_T,Total,PT_POP,Percentage of population,2001,,11.87,,NZL,New Zealand,A,Normal value,0,Units,2,Two
DATAFLOW,OECD.CFE.EDS:DSD_REG_DEMO@DF_POP_BROAD(2.4),Population by broad age groups - Regions,I,A,Annual,CTRY,Country,SVN,Slovenia,_Z,Not applicable,POP,Population,Y_GE65,65 years or over,_T,Total,PT_POP,Percentage of population,2001,,14.14,,SVN,Slovenia,A,Normal value,0,Units,2,Two
DATAFLOW,OECD.CFE.EDS:DSD_REG_DEMO@DF_POP_BROAD(2.4),Population by broad age groups - Regions,I,A,Annual,CTRY,Country,GRC,Greece,_Z,Not applicable,POP,Population,Y_GE65,65 years or over,_T,Total,PT_POP,Percentage of population,2001,,17.73,,GRC,Greece,A,Normal value,0,Units,2,Two
DATAFLOW,OECD.CFE.EDS:DSD_REG_DEMO@DF_POP_BROAD(2.4),Population by broad age groups - Regions,I,A,Annual,CTRY,Country,CHE,Switzerland,_Z,Not applicable,POP,Population,Y_GE65,65 years or over,_T,Total,PT_POP,Percentage of population,2001,,15.4,,CHE,Switzerland,A,Normal value,0,Units,2,Two
DATAFLOW,OECD.CFE.EDS:DSD_REG_DEMO@DF_POP_BROAD(2.4),Population by broad age groups - Regions,I,A,Annual,CTRY,Country,PRT,Portugal,_Z,Not applicable,POP,Population,Y_GE65,65 years or over,_T,Total,PT_POP,Percentage of population,2001,,16.34,,PRT,Portugal,A,Normal value,0,Units,2,Two
DATAFLOW,OECD.CFE.EDS:DSD_REG_DEMO@DF_POP_BROAD(2.4),Population by broad age groups - Regions,I,A,Annual,CTRY,Country,DEU,Germany,_Z,Not applicable,POP,Population,Y_GE65,65 years or over,_T,Total,PT_POP,Percentage of population,2001,,16.65,,DEU,Germany,A,Normal value,0,Units,2,Two
DATAFLOW,OECD.CFE.EDS:DSD_REG_DEMO@DF_POP_BROAD(2.4),Population by broad age groups - Regions,I,A,Annual,CTRY,Country,ITA,Italy,_Z,Not applicable,POP,Population,Y_GE65,65 years or over,_T,Total,PT_POP,Percentage of population,2001,,18.43,,ITA,Italy,A,Normal value,0,Units,2,Two
DATAFLOW,OECD.CFE.EDS:DSD_REG_DEMO@DF_POP_BROAD(2.4),Population by broad age groups - Regions,I,A,Annual,CTRY,Country,CAN,Canada,_Z,Not applicable,POP,Population,Y_GE65,65 years or over,_T,Total,PT_POP,Percentage of population,2001,,12.64,,CAN,Canada,A,Normal value,0,Units,2,Two
DATAFLOW,OECD.CFE.EDS:DSD_REG_DEMO@DF_POP_BROAD(2.4),Population by broad age groups - Regions,I,A,Annual,CTRY,Country,KOR,Korea,_Z,Not applicable,POP,Population,Y_GE65,65 years or over,_T,Total,PT_POP,Percentage of population,2001,,7.54,,KOR,Korea,A,Normal value,0,Units,2,Two
DATAFLOW,OECD.CFE.EDS:DSD_REG_DEMO@DF_POP_BROAD(2.4),Population by broad age groups - Regions,I,A,Annual,CTRY,Country,IRL,Ireland,_Z,Not applicable,POP,Population,Y_GE65,65 years or over,_T,Total,PT_POP,Percentage of population,2001,,11.18,,IRL,Ireland,A,Normal value,0,Units,2,Two
DATAFLOW,OECD.CFE.EDS:DSD_REG_DEMO@DF_POP_BROAD(2.4),Population by broad age groups - Regions,I,A,Annual,CTRY,Country,ISR,Israel,_Z,Not applicable,POP,Population,Y_GE65,65 years or over,_T,Total,PT_POP,Percentage of population,2001,,9.8,,ISR,Israel,A,Normal value,0,Units,2,Two
DATAFLOW,OECD.CFE.EDS:DSD_REG_DEMO@DF_POP_BROAD(2.4),Population by broad age groups - Regions,I,A,Annual,CTRY,Country,LUX,Luxembourg,_Z,Not applicable,POP,Population,Y_GE65,65 years or over,_T,Total,PT_POP,Percentage of population,2001,,13.88,,LUX,Luxembourg,A,Normal value,0,Units,2,Two
DATAFLOW,OECD.CFE.EDS:DSD_REG_DEMO@DF_POP_BROAD(2.4),Population by broad age groups - Regions,I,A,Annual,CTRY,Country,NLD,Netherlands,_Z,Not applicable,POP,Population,Y_GE65,65 years or over,_T,Total,PT_POP,Percentage of population,2001,,13.6,,NLD,Netherlands,A,Normal value,0,Units,2,Two
DATAFLOW,OECD.CFE.EDS:DSD_REG_DEMO@DF_POP_BROAD(2.4),Population by broad age groups - Regions,I,A,Annual,CTRY,Country,GBR,United Kingdom,_Z,Not applicable,POP,Population,Y_GE65,65 years or over,_T,Total,PT_POP,Percentage of population,2001,,15.86,,GBR,United Kingdom,A,Normal value,0,Units,2,Two
DATAFLOW,OECD.CFE.EDS:DSD_REG_DEMO@DF_POP_BROAD(2.4),Population by broad age groups - Regions,I,A,Annual,CTRY,Country,DNK,Denmark,_Z,Not applicable,POP,Population,Y_GE65,65 years or over,_T,Total,PT_POP,Percentage of population,2001,,14.8,,DNK,Denmark,A,Normal value,0,Units,2,Two
DATAFLOW,OECD.CFE.EDS:DSD_REG_DEMO@DF_POP_BROAD(2.4),Population by broad age groups - Regions,I,A,Annual,CTRY,Country,COL,Colombia,_Z,Not applicable,POP,Population,Y_GE65,65 years or over,_T,Total,PT_POP,Percentage of population,2001,,5.71,,COL,Colombia,A,Normal value,0,Units,2,Two
DATAFLOW,OECD.CFE.EDS:DSD_REG_DEMO@DF_POP_BROAD(2.4),Population by broad age groups - Regions,I,A,Annual,CTRY,Country,CZE,Czechia,_Z,Not applicable,POP,Population,Y_GE65,65 years or over,_T,Total,PT_POP,Percentage of population,2001,,13.79,,CZE,Czechia,A,Normal value,0,Units,2,Two
DATAFLOW,OECD.CFE.EDS:DSD_REG_DEMO@DF_POP_BROAD(2.4),Population by broad age groups - Regions,I,A,Annual,CTRY,Country,CHL,Chile,_Z,Not applicable,POP,Population,Y_GE65,65 years or over,_T,Total,PT_POP,Percentage of population,2001,,7.34,,CHL,Chile,A,Normal value,0,Units,2,Two
DATAFLOW,OECD.CFE.EDS:DSD_REG_DEMO@DF_POP_BROAD(2.4),Population by broad age groups - Regions,I,A,Annual,CTRY,Country,FRA,France,_Z,Not applicable,POP,Population,Y_GE65,65 years or over,_T,Total,PT_POP,Percentage of population,2001,,15.92,,FRA,France,A,Normal value,0,Units,2,Two
DATAFLOW,OECD.CFE.EDS:DSD_REG_DEMO@DF_POP_BROAD(2.4),Population by broad age groups - Regions,I,A,Annual,CTRY,Country,HUN,Hungary,_Z,Not applicable,POP,Population,Y_GE65,65 years or over,_T,Total,PT_POP,Percentage of population,2001,,15.15,,HUN,Hungary,A,Normal value,0,Units,2,Two
DATAFLOW,OECD.CFE.EDS:DSD_REG_DEMO@DF_POP_BROAD(2.4),Population by broad age groups - Regions,I,A,Annual,CTRY,Country,AUS,Australia,_Z,Not applicable,POP,Population,Y_GE65,65 years or over,_T,Total,PT_POP,Percentage of population,2001,,12.55,,AUS,Australia,A,Normal value,0,Units,2,Two
DATAFLOW,OECD.CFE.EDS:DSD_REG_DEMO@DF_POP_BROAD(2.4),Population by broad age groups - Regions,I,A,Annual,CTRY,Country,EST,Estonia,_Z,Not applicable,POP,Population,Y_GE65,65 years or over,_T,Total,PT_POP,Percentage of population,2001,,15.13,,EST,Estonia,A,Normal value,0,Units,2,Two
DATAFLOW,OECD.CFE.EDS:DSD_REG_DEMO@DF_POP_BROAD(2.4),Population by broad age groups - Regions,I,A,Annual,CTRY,Country,CRI,Costa Rica,_Z,Not applicable,POP,Population,Y_GE65,65 years or over,_T,Total,PT_POP,Percentage of population,2001,,5.41,,CRI,Costa Rica,A,Normal value,0,Units,2,Two
DATAFLOW,OECD.CFE.EDS:DSD_REG_DEMO@DF_POP_BROAD(2.4),Population by broad age groups - Regions,I,A,Annual,CTRY,Country,ISL,Iceland,_Z,Not applicable,POP,Population,Y_GE65,65 years or over,_T,Total,PT_POP,Percentage of population,2001,,11.57,,ISL,Iceland,A,Normal value,0,Units,2,Two
DATAFLOW,OECD.CFE.EDS:DSD_REG_DEMO@DF_POP_BROAD(2.4),Population by broad age groups - Regions,I,A,Annual,CTRY,Country,AUT,Austria,_Z,Not applicable,POP,Population,Y_GE65,65 years or over,_T,Total,PT_POP,Percentage of population,2001,,15.43,,AUT,Austria,A,Normal value,0,Units,2,Two
DATAFLOW,OECD.CFE.EDS:DSD_REG_DEMO@DF_POP_BROAD(2.4),Population by broad age groups - Regions,I,A,Annual,CTRY,Country,FIN,Finland,_Z,Not applicable,POP,Population,Y_GE65,65 years or over,_T,Total,PT_POP,Percentage of population,2001,,15,,FIN,Finland,A,Normal value,0,Units,2,Two
DATAFLOW,OECD.CFE.EDS:DSD_REG_DEMO@DF_POP_BROAD(2.4),Population by broad age groups - Regions,I,A,Annual,CTRY,Country,MEX,Mexico,_Z,Not applicable,POP,Population,Y_GE65,65 years or over,_T,Total,PT_POP,Percentage of population,2001,,5.38,,MEX,Mexico,A,Normal value,0,Units,2,Two
DATAFLOW,OECD.CFE.EDS:DSD_REG_DEMO@DF_POP_BROAD(2.4),Population by broad age groups - Regions,I,A,Annual,CTRY,Country,POL,Poland,_Z,Not applicable,POP,Population,Y_GE65,65 years or over,_T,Total,PT_POP,Percentage of population,2001,,12.35,,POL,Poland,A,Normal value,0,Units,2,Two
DATAFLOW,OECD.CFE.EDS:DSD_REG_DEMO@DF_POP_BROAD(2.4),Population by broad age groups - Regions,I,A,Annual,CTRY,Country,USA,United States,_Z,Not applicable,POP,Population,Y_GE65,65 years or over,_T,Total,PT_POP,Percentage of population,2001,,12.38,,USA,United States,A,Normal value,0,Units,2,Two
DATAFLOW,OECD.CFE.EDS:DSD_REG_DEMO@DF_POP_BROAD(2.4),Population by broad age groups - Regions,I,A,Annual,CTRY,Country,SVK,Slovak Republic,_Z,Not applicable,POP,Population,Y_GE65,65 years or over,_T,Total,PT_POP,Percentage of population,2001,,11.44,,SVK,Slovak Republic,A,Normal value,0,Units,2,Two
DATAFLOW,OECD.CFE.EDS:DSD_REG_DEMO@DF_POP_BROAD(2.4),Population by broad age groups - Regions,I,A,Annual,CTRY,Country,LTU,Lithuania,_Z,Not applicable,POP,Population,Y_GE65,65 years or over,_T,Total,PT_POP,Percentage of population,2001,,13.9,,LTU,Lithuania,A,Normal value,0,Units,2,Two
DATAFLOW,OECD.CFE.EDS:DSD_REG_DEMO@DF_POP_BROAD(2.4),Population by broad age groups - Regions,I,A,Annual,CTRY,Country,LVA,Latvia,_Z,Not applicable,POP,Population,Y_GE65,65 years or over,_T,Total,PT_POP,Percentage of population,2001,,15.09,,LVA,Latvia,A,Normal value,0,Units,2,Two
DATAFLOW,OECD.CFE.EDS:DSD_REG_DEMO@DF_POP_BROAD(2.4),Population by broad age groups - Regions,I,A,Annual,CTRY,Country,ESP,Spain,_Z,Not applicable,POP,Population,Y_GE65,65 years or over,_T,Total,PT_POP,Percentage of population,2001,,16.79,,ESP,Spain,A,Normal value,0,Units,2,Two
DATAFLOW,OECD.CFE.EDS:DSD_REG_DEMO@DF_POP_BROAD(2.4),Population by broad age groups - Regions,I,A,Annual,CTRY,Country,TUR,Turkey,_Z,Not applicable,POP,Population,Y_GE65,65 years or over,_T,Total,PT_POP,Percentage of population,2001,,6.72,,TUR,Türkiye,B,Time series break,0,Units,2,Two
DATAFLOW,OECD.CFE.EDS:DSD_REG_DEMO@DF_POP_BROAD(2.4),Population by broad age groups - Regions,I,A,Annual,CTRY,Country,ESP,Spain,_Z,Not applicable,POP,Population,Y_GE65,65 years or over,_T,Total,PT_POP,Percentage of population,2002,,17.01,,ESP,Spain,A,Normal value,0,Units,2,Two
DATAFLOW,OECD.CFE.EDS:DSD_REG_DEMO@DF_POP_BROAD(2.4),Population by broad age groups - Regions,I,A,Annual,CTRY,Country,LVA,Latvia,_Z,Not applicable,POP,Population,Y_GE65,65 years or over,_T,Total,PT_POP,Percentage of population,2002,,15.42,,LVA,Latvia,A,Normal value,0,Units,2,Two
DATAFLOW,OECD.CFE.EDS:DSD_REG_DEMO@DF_POP_BROAD(2.4),Population by broad age groups - Regions,I,A,Annual,CTRY,Country,LTU,Lithuania,_Z,Not applicable,POP,Population,Y_GE65,65 years or over,_T,Total,PT_POP,Percentage of population,2002,,14.48,,LTU,Lithuania,A,Normal value,0,Units,2,Two
DATAFLOW,OECD.CFE.EDS:DSD_REG_DEMO@DF_POP_BROAD(2.4),Population by broad age groups - Regions,I,A,Annual,CTRY,Country,SVK,Slovak Republic,_Z,Not applicable,POP,Population,Y_GE65,65 years or over,_T,Total,PT_POP,Percentage of population,2002,,11.39,,SVK,Slovak Republic,A,Normal value,0,Units,2,Two
DATAFLOW,OECD.CFE.EDS:DSD_REG_DEMO@DF_POP_BROAD(2.4),Population by broad age groups - Regions,I,A,Annual,CTRY,Country,USA,United States,_Z,Not applicable,POP,Population,Y_GE65,65 years or over,_T,Total,PT_POP,Percentage of population,2002,,12.35,,USA,United States,A,Normal value,0,Units,2,Two
DATAFLOW,OECD.CFE.EDS:DSD_REG_DEMO@DF_POP_BROAD(2.4),Population by broad age groups - Regions,I,A,Annual,CTRY,Country,POL,Poland,_Z,Not applicable,POP,Population,Y_GE65,65 years or over,_T,Total,PT_POP,Percentage of population,2002,,12.58,,POL,Poland,A,Normal value,0,Units,2,Two
DATAFLOW,OECD.CFE.EDS:DSD_REG_DEMO@DF_POP_BROAD(2.4),Population by broad age groups - Regions,I,A,Annual,CTRY,Country,MEX,Mexico,_Z,Not applicable,POP,Population,Y_GE65,65 years or over,_T,Total,PT_POP,Percentage of population,2002,,5.47,,MEX,Mexico,A,Normal value,0,Units,2,Two
DATAFLOW,OECD.CFE.EDS:DSD_REG_DEMO@DF_POP_BROAD(2.4),Population by broad age groups - Regions,I,A,Annual,CTRY,Country,FIN,Finland,_Z,Not applicable,POP,Population,Y_GE65,65 years or over,_T,Total,PT_POP,Percentage of population,2002,,15.16,,FIN,Finland,A,Normal value,0,Units,2,Two
DATAFLOW,OECD.CFE.EDS:DSD_REG_DEMO@DF_POP_BROAD(2.4),Population by broad age groups - Regions,I,A,Annual,CTRY,Country,AUT,Austria,_Z,Not applicable,POP,Population,Y_GE65,65 years or over,_T,Total,PT_POP,Percentage of population,2002,,15.49,,AUT,Austria,A,Normal value,0,Units,2,Two
DATAFLOW,OECD.CFE.EDS:DSD_REG_DEMO@DF_POP_BROAD(2.4),Population by broad age groups - Regions,I,A,Annual,CTRY,Country,ISL,Iceland,_Z,Not applicable,POP,Population,Y_GE65,65 years or over,_T,Total,PT_POP,Percentage of population,2002,,11.63,,ISL,Iceland,A,Normal value,0,Units,2,Two
DATAFLOW,OECD.CFE.EDS:DSD_REG_DEMO@DF_POP_BROAD(2.4),Population by broad age groups - Regions,I,A,Annual,CTRY,Country,CRI,Costa Rica,_Z,Not applicable,POP,Population,Y_GE65,65 years or over,_T,Total,PT_POP,Percentage of population,2002,,5.49,,CRI,Costa Rica,A,Normal value,0,Units,2,Two
DATAFLOW,OECD.CFE.EDS:DSD_REG_DEMO@DF_POP_BROAD(2.4),Population by broad age groups - Regions,I,A,Annual,CTRY,Country,EST,Estonia,_Z,Not applicable,POP,Population,Y_GE65,65 years or over,_T,Total,PT_POP,Percentage of population,2002,,15.44,,EST,Estonia,A,Normal value,0,Units,2,Two
DATAFLOW,OECD.CFE.EDS:DSD_REG_DEMO@DF_POP_BROAD(2.4),Population by broad age groups - Regions,I,A,Annual,CTRY,Country,AUS,Australia,_Z,Not applicable,POP,Population,Y_GE65,65 years or over,_T,Total,PT_POP,Percentage of population,2002,,12.65,,AUS,Australia,A,Normal value,0,Units,2,Two
DATAFLOW,OECD.CFE.EDS:DSD_REG_DEMO@DF_POP_BROAD(2.4),Population by broad age groups - Regions,I,A,Annual,CTRY,Country,HUN,Hungary,_Z,Not applicable,POP,Population,Y_GE65,65 years or over,_T,Total,PT_POP,Percentage of population,2002,,15.25,,HUN,Hungary,A,Normal value,0,Units,2,Two
DATAFLOW,OECD.CFE.EDS:DSD_REG_DEMO@DF_POP_BROAD(2.4),Population by broad age groups - Regions,I,A,Annual,CTRY,Country,TUR,Turkey,_Z,Not applicable,POP,Population,Y_GE65,65 years or over,_T,Total,PT_POP,Percentage of population,2002,,6.69,,TUR,Türkiye,A,Normal value,0,Units,2,Two
DATAFLOW,OECD.CFE.EDS:DSD_REG_DEMO@DF_POP_BROAD(2.4),Population by broad age groups - Regions,I,A,Annual,CTRY,Country,FRA,France,_Z,Not applicable,POP,Population,Y_GE65,65 years or over,_T,Total,PT_POP,Percentage of population,2002,,16.04,,FRA,France,A,Normal value,0,Units,2,Two
DATAFLOW,OECD.CFE.EDS:DSD_REG_DEMO@DF_POP_BROAD(2.4),Population by broad age groups - Regions,I,A,Annual,CTRY,Country,CHL,Chile,_Z,Not applicable,POP,Population,Y_GE65,65 years or over,_T,Total,PT_POP,Percentage of population,2002,,7.94,,CHL,Chile,A,Normal value,0,Units,2,Two
DATAFLOW,OECD.CFE.EDS:DSD_REG_DEMO@DF_POP_BROAD(2.4),Population by broad age groups - Regions,I,A,Annual,CTRY,Country,CZE,Czechia,_Z,Not applicable,POP,Population,Y_GE65,65 years or over,_T,Total,PT_POP,Percentage of population,2002,,13.87,,CZE,Czechia,A,Normal value,0,Units,2,Two
DATAFLOW,OECD.CFE.EDS:DSD_REG_DEMO@DF_POP_BROAD(2.4),Population by broad age groups - Regions,I,A,Annual,CTRY,Country,COL,Colombia,_Z,Not applicable,POP,Population,Y_GE65,65 years or over,_T,Total,PT_POP,Percentage of population,2002,,5.82,,COL,Colombia,A,Normal value,0,Units,2,Two
DATAFLOW,OECD.CFE.EDS:DSD_REG_DEMO@DF_POP_BROAD(2.4),Population by broad age groups - Regions,I,A,Annual,CTRY,Country,DNK,Denmark,_Z,Not applicable,POP,Population,Y_GE65,65 years or over,_T,Total,PT_POP,Percentage of population,2002,,14.8,,DNK,Denmark,A,Normal value,0,Units,2,Two
DATAFLOW,OECD.CFE.EDS:DSD_REG_DEMO@DF_POP_BROAD(2.4),Population by broad age groups - Regions,I,A,Annual,CTRY,Country,NLD,Netherlands,_Z,Not applicable,POP,Population,Y_GE65,65 years or over,_T,Total,PT_POP,Percentage of population,2002,,13.65,,NLD,Netherlands,A,Normal value,0,Units,2,Two
DATAFLOW,OECD.CFE.EDS:DSD_REG_DEMO@DF_POP_BROAD(2.4),Population by broad age groups - Regions,I,A,Annual,CTRY,Country,LUX,Luxembourg,_Z,Not applicable,POP,Population,Y_GE65,65 years or over,_T,Total,PT_POP,Percentage of population,2002,,13.94,,LUX,Luxembourg,A,Normal value,0,Units,2,Two
DATAFLOW,OECD.CFE.EDS:DSD_REG_DEMO@DF_POP_BROAD(2.4),Population by broad age groups - Regions,I,A,Annual,CTRY,Country,ISR,Israel,_Z,Not applicable,POP,Population,Y_GE65,65 years or over,_T,Total,PT_POP,Percentage of population,2002,,9.85,,ISR,Israel,A,Normal value,0,Units,2,Two
DATAFLOW,OECD.CFE.EDS:DSD_REG_DEMO@DF_POP_BROAD(2.4),Population by broad age groups - Regions,I,A,Annual,CTRY,Country,IRL,Ireland,_Z,Not applicable,POP,Population,Y_GE65,65 years or over,_T,Total,PT_POP,Percentage of population,2002,,11.14,,IRL,Ireland,A,Normal value,0,Units,2,Two
DATAFLOW,OECD.CFE.EDS:DSD_REG_DEMO@DF_POP_BROAD(2.4),Population by broad age groups - Regions,I,A,Annual,CTRY,Country,KOR,Korea,_Z,Not applicable,POP,Population,Y_GE65,65 years or over,_T,Total,PT_POP,Percentage of population,2002,,7.89,,KOR,Korea,A,Normal value,0,Units,2,Two
DATAFLOW,OECD.CFE.EDS:DSD_REG_DEMO@DF_POP_BROAD(2.4),Population by broad age groups - Regions,I,A,Annual,CTRY,Country,CAN,Canada,_Z,Not applicable,POP,Population,Y_GE65,65 years or over,_T,Total,PT_POP,Percentage of population,2002,,12.72,,CAN,Canada,A,Normal value,0,Units,2,Two
DATAFLOW,OECD.CFE.EDS:DSD_REG_DEMO@DF_POP_BROAD(2.4),Population by broad age groups - Regions,I,A,Annual,CTRY,Country,ITA,Italy,_Z,Not applicable,POP,Population,Y_GE65,65 years or over,_T,Total,PT_POP,Percentage of population,2002,,18.71,,ITA,Italy,A,Normal value,0,Units,2,Two
DATAFLOW,OECD.CFE.EDS:DSD_REG_DEMO@DF_POP_BROAD(2.4),Population by broad age groups - Regions,I,A,Annual,CTRY,Country,DEU,Germany,_Z,Not applicable,POP,Population,Y_GE65,65 years or over,_T,Total,PT_POP,Percentage of population,2002,,17.06,,DEU,Germany,A,Normal value,0,Units,2,Two
DATAFLOW,OECD.CFE.EDS:DSD_REG_DEMO@DF_POP_BROAD(2.4),Population by broad age groups - Regions,I,A,Annual,CTRY,Country,PRT,Portugal,_Z,Not applicable,POP,Population,Y_GE65,65 years or over,_T,Total,PT_POP,Percentage of population,2002,,16.57,,PRT,Portugal,A,Normal value,0,Units,2,Two
DATAFLOW,OECD.CFE.EDS:DSD_REG_DEMO@DF_POP_BROAD(2.4),Population by broad age groups - Regions,I,A,Annual,CTRY,Country,CHE,Switzerland,_Z,Not applicable,POP,Population,Y_GE65,65 years or over,_T,Total,PT_POP,Percentage of population,2002,,15.59,,CHE,Switzerland,A,Normal value,0,Units,2,Two
DATAFLOW,OECD.CFE.EDS:DSD_REG_DEMO@DF_POP_BROAD(2.4),Population by broad age groups - Regions,I,A,Annual,CTRY,Country,GRC,Greece,_Z,Not applicable,POP,Population,Y_GE65,65 years or over,_T,Total,PT_POP,Percentage of population,2002,,17.48,,GRC,Greece,A,Normal value,0,Units,2,Two
DATAFLOW,OECD.CFE.EDS:DSD_REG_DEMO@DF_POP_BROAD(2.4),Population by broad age groups - Regions,I,A,Annual,CTRY,Country,SVN,Slovenia,_Z,Not applicable,POP,Population,Y_GE65,65 years or over,_T,Total,PT_POP,Percentage of population,2002,,14.47,,SVN,Slovenia,A,Normal value,0,Units,2,Two
DATAFLOW,OECD.CFE.EDS:DSD_REG_DEMO@DF_POP_BROAD(2.4),Population by broad age groups - Regions,I,A,Annual,CTRY,Country,BEL,Belgium,_Z,Not applicable,POP,Population,Y_GE65,65 years or over,_T,Total,PT_POP,Percentage of population,2002,,16.94,,BEL,Belgium,A,Normal value,0,Units,2,Two
DATAFLOW,OECD.CFE.EDS:DSD_REG_DEMO@DF_POP_BROAD(2.4),Population by broad age groups - Regions,I,A,Annual,CTRY,Country,NOR,Norway,_Z,Not applicable,POP,Population,Y_GE65,65 years or over,_T,Total,PT_POP,Percentage of population,2002,,14.94,,NOR,Norway,A,Normal value,0,Units,2,Two
DATAFLOW,OECD.CFE.EDS:DSD_REG_DEMO@DF_POP_BROAD(2.4),Population by broad age groups - Regions,I,A,Annual,CTRY,Country,SWE,Sweden,_Z,Not applicable,POP,Population,Y_GE65,65 years or over,_T,Total,PT_POP,Percentage of population,2002,,17.2,,SWE,Sweden,A,Normal value,0,Units,2,Two
DATAFLOW,OECD.CFE.EDS:DSD_REG_DEMO@DF_POP_BROAD(2.4),Population by broad age groups - Regions,I,A,Annual,CTRY,Country,NZL,New Zealand,_Z,Not applicable,POP,Population,Y_GE65,65 years or over,_T,Total,PT_POP,Percentage of population,2002,,11.84,,NZL,New Zealand,O,Missing value,0,Units,2,Two
DATAFLOW,OECD.CFE.EDS:DSD_REG_DEMO@DF_POP_BROAD(2.4),Population by broad age groups - Regions,I,A,Annual,CTRY,Country,JPN,Japan,_Z,Not applicable,POP,Population,Y_GE65,65 years or over,_T,Total,PT_POP,Percentage of population,2002,,18.54,,JPN,Japan,O,Missing value,0,Units,2,Two
DATAFLOW,OECD.CFE.EDS:DSD_REG_DEMO@DF_POP_BROAD(2.4),Population by broad age groups - Regions,I,A,Annual,CTRY,Country,GBR,United Kingdom,_Z,Not applicable,POP,Population,Y_GE65,65 years or over,_T,Total,PT_POP,Percentage of population,2002,,15.88,,GBR,United Kingdom,E,Estimated value,0,Units,2,Two
DATAFLOW,OECD.CFE.EDS:DSD_REG_DEMO@DF_POP_BROAD(2.4),Population by broad age groups - Regions,I,A,Annual,CTRY,Country,SWE,Sweden,_Z,Not applicable,POP,Population,Y_GE65,65 years or over,_T,Total,PT_POP,Percentage of population,2003,,17.16,,SWE,Sweden,A,Normal value,0,Units,2,Two
DATAFLOW,OECD.CFE.EDS:DSD_REG_DEMO@DF_POP_BROAD(2.4),Population by broad age groups - Regions,I,A,Annual,CTRY,Country,NOR,Norway,_Z,Not applicable,POP,Population,Y_GE65,65 years or over,_T,Total,PT_POP,Percentage of population,2003,,14.8,,NOR,Norway,A,Normal value,0,Units,2,Two
DATAFLOW,OECD.CFE.EDS:DSD_REG_DEMO@DF_POP_BROAD(2.4),Population by broad age groups - Regions,I,A,Annual,CTRY,Country,BEL,Belgium,_Z,Not applicable,POP,Population,Y_GE65,65 years or over,_T,Total,PT_POP,Percentage of population,2003,,17.02,,BEL,Belgium,A,Normal value,0,Units,2,Two
DATAFLOW,OECD.CFE.EDS:DSD_REG_DEMO@DF_POP_BROAD(2.4),Population by broad age groups - Regions,I,A,Annual,CTRY,Country,SVN,Slovenia,_Z,Not applicable,POP,Population,Y_GE65,65 years or over,_T,Total,PT_POP,Percentage of population,2003,,14.77,,SVN,Slovenia,A,Normal value,0,Units,2,Two
DATAFLOW,OECD.CFE.EDS:DSD_REG_DEMO@DF_POP_BROAD(2.4),Population by broad age groups - Regions,I,A,Annual,CTRY,Country,GRC,Greece,_Z,Not applicable,POP,Population,Y_GE65,65 years or over,_T,Total,PT_POP,Percentage of population,2003,,17.77,,GRC,Greece,A,Normal value,0,Units,2,Two
DATAFLOW,OECD.CFE.EDS:DSD_REG_DEMO@DF_POP_BROAD(2.4),Population by broad age groups - Regions,I,A,Annual,CTRY,Country,CHE,Switzerland,_Z,Not applicable,POP,Population,Y_GE65,65 years or over,_T,Total,PT_POP,Percentage of population,2003,,15.62,,CHE,Switzerland,A,Normal value,0,Units,2,Two
DATAFLOW,OECD.CFE.EDS:DSD_REG_DEMO@DF_POP_BROAD(2.4),Population by broad age groups - Regions,I,A,Annual,CTRY,Country,PRT,Portugal,_Z,Not applicable,POP,Population,Y_GE65,65 years or over,_T,Total,PT_POP,Percentage of population,2003,,16.75,,PRT,Portugal,A,Normal value,0,Units,2,Two
DATAFLOW,OECD.CFE.EDS:DSD_REG_DEMO@DF_POP_BROAD(2.4),Population by broad age groups - Regions,I,A,Annual,CTRY,Country,DEU,Germany,_Z,Not applicable,POP,Population,Y_GE65,65 years or over,_T,Total,PT_POP,Percentage of population,2003,,17.49,,DEU,Germany,A,Normal value,0,Units,2,Two
DATAFLOW,OECD.CFE.EDS:DSD_REG_DEMO@DF_POP_BROAD(2.4),Population by broad age groups - Regions,I,A,Annual,CTRY,Country,ITA,Italy,_Z,Not applicable,POP,Population,Y_GE65,65 years or over,_T,Total,PT_POP,Percentage of population,2003,,18.98,,ITA,Italy,A,Normal value,0,Units,2,Two
DATAFLOW,OECD.CFE.EDS:DSD_REG_DEMO@DF_POP_BROAD(2.4),Population by broad age groups - Regions,I,A,Annual,CTRY,Country,CAN,Canada,_Z,Not applicable,POP,Population,Y_GE65,65 years or over,_T,Total,PT_POP,Percentage of population,2003,,12.83,,CAN,Canada,A,Normal value,0,Units,2,Two
DATAFLOW,OECD.CFE.EDS:DSD_REG_DEMO@DF_POP_BROAD(2.4),Population by broad age groups - Regions,I,A,Annual,CTRY,Country,KOR,Korea,_Z,Not applicable,POP,Population,Y_GE65,65 years or over,_T,Total,PT_POP,Percentage of population,2003,,8.23,,KOR,Korea,A,Normal value,0,Units,2,Two
DATAFLOW,OECD.CFE.EDS:DSD_REG_DEMO@DF_POP_BROAD(2.4),Population by broad age groups - Regions,I,A,Annual,CTRY,Country,IRL,Ireland,_Z,Not applicable,POP,Population,Y_GE65,65 years or over,_T,Total,PT_POP,Percentage of population,2003,,11.11,,IRL,Ireland,A,Normal value,0,Units,2,Two
DATAFLOW,OECD.CFE.EDS:DSD_REG_DEMO@DF_POP_BROAD(2.4),Population by broad age groups - Regions,I,A,Annual,CTRY,Country,ISR,Israel,_Z,Not applicable,POP,Population,Y_GE65,65 years or over,_T,Total,PT_POP,Percentage of population,2003,,9.91,,ISR,Israel,A,Normal value,0,Units,2,Two
DATAFLOW,OECD.CFE.EDS:DSD_REG_DEMO@DF_POP_BROAD(2.4),Population by broad age groups - Regions,I,A,Annual,CTRY,Country,LUX,Luxembourg,_Z,Not applicable,POP,Population,Y_GE65,65 years or over,_T,Total,PT_POP,Percentage of population,2003,,14.03,,LUX,Luxembourg,A,Normal value,0,Units,2,Two
DATAFLOW,OECD.CFE.EDS:DSD_REG_DEMO@DF_POP_BROAD(2.4),Population by broad age groups - Regions,I,A,Annual,CTRY,Country,NLD,Netherlands,_Z,Not applicable,POP,Population,Y_GE65,65 years or over,_T,Total,PT_POP,Percentage of population,2003,,13.71,,NLD,Netherlands,A,Normal value,0,Units,2,Two
DATAFLOW,OECD.CFE.EDS:DSD_REG_DEMO@DF_POP_BROAD(2.4),Population by broad age groups - Regions,I,A,Annual,CTRY,Country,GBR,United Kingdom,_Z,Not applicable,POP,Population,Y_GE65,65 years or over,_T,Total,PT_POP,Percentage of population,2003,,15.91,,GBR,United Kingdom,A,Normal value,0,Units,2,Two
DATAFLOW,OECD.CFE.EDS:DSD_REG_DEMO@DF_POP_BROAD(2.4),Population by broad age groups - Regions,I,A,Annual,CTRY,Country,DNK,Denmark,_Z,Not applicable,POP,Population,Y_GE65,65 years or over,_T,Total,PT_POP,Percentage of population,2003,,14.83,,DNK,Denmark,A,Normal value,0,Units,2,Two
DATAFLOW,OECD.CFE.EDS:DSD_REG_DEMO@DF_POP_BROAD(2.4),Population by broad age groups - Regions,I,A,Annual,CTRY,Country,COL,Colombia,_Z,Not applicable,POP,Population,Y_GE65,65 years or over,_T,Total,PT_POP,Percentage of population,2003,,5.94,,COL,Colombia,A,Normal value,0,Units,2,Two
DATAFLOW,OECD.CFE.EDS:DSD_REG_DEMO@DF_POP_BROAD(2.4),Population by broad age groups - Regions,I,A,Annual,CTRY,Country,CZE,Czechia,_Z,Not applicable,POP,Population,Y_GE65,65 years or over,_T,Total,PT_POP,Percentage of population,2003,,13.91,,CZE,Czechia,A,Normal value,0,Units,2,Two
DATAFLOW,OECD.CFE.EDS:DSD_REG_DEMO@DF_POP_BROAD(2.4),Population by broad age groups - Regions,I,A,Annual,CTRY,Country,CHL,Chile,_Z,Not applicable,POP,Population,Y_GE65,65 years or over,_T,Total,PT_POP,Percentage of population,2003,,8.1,,CHL,Chile,A,Normal value,0,Units,2,Two
DATAFLOW,OECD.CFE.EDS:DSD_REG_DEMO@DF_POP_BROAD(2.4),Population by broad age groups - Regions,I,A,Annual,CTRY,Country,FRA,France,_Z,Not applicable,POP,Population,Y_GE65,65 years or over,_T,Total,PT_POP,Percentage of population,2003,,16.13,,FRA,France,A,Normal value,0,Units,2,Two
DATAFLOW,OECD.CFE.EDS:DSD_REG_DEMO@DF_POP_BROAD(2.4),Population by broad age groups - Regions,I,A,Annual,CTRY,Country,TUR,Turkey,_Z,Not applicable,POP,Population,Y_GE65,65 years or over,_T,Total,PT_POP,Percentage of population,2003,,6.67,,TUR,Türkiye,A,Normal value,0,Units,2,Two
DATAFLOW,OECD.CFE.EDS:DSD_REG_DEMO@DF_POP_BROAD(2.4),Population by broad age groups - Regions,I,A,Annual,CTRY,Country,HUN,Hungary,_Z,Not applicable,POP,Population,Y_GE65,65 years or over,_T,Total,PT_POP,Percentage of population,2003,,15.37,,HUN,Hungary,A,Normal value,0,Units,2,Two
DATAFLOW,OECD.CFE.EDS:DSD_REG_DEMO@DF_POP_BROAD(2.4),Population by broad age groups - Regions,I,A,Annual,CTRY,Country,AUS,Australia,_Z,Not applicable,POP,Population,Y_GE65,65 years or over,_T,Total,PT_POP,Percentage of population,2003,,12.73,,AUS,Australia,A,Normal value,0,Units,2,Two
DATAFLOW,OECD.CFE.EDS:DSD_REG_DEMO@DF_POP_BROAD(2.4),Population by broad age groups - Regions,I,A,Annual,CTRY,Country,EST,Estonia,_Z,Not applicable,POP,Population,Y_GE65,65 years or over,_T,Total,PT_POP,Percentage of population,2003,,15.84,,EST,Estonia,A,Normal value,0,Units,2,Two
DATAFLOW,OECD.CFE.EDS:DSD_REG_DEMO@DF_POP_BROAD(2.4),Population by broad age groups - Regions,I,A,Annual,CTRY,Country,CRI,Costa Rica,_Z,Not applicable,POP,Population,Y_GE65,65 years or over,_T,Total,PT_POP,Percentage of population,2003,,5.6,,CRI,Costa Rica,A,Normal value,0,Units,2,Two
DATAFLOW,OECD.CFE.EDS:DSD_REG_DEMO@DF_POP_BROAD(2.4),Population by broad age groups - Regions,I,A,Annual,CTRY,Country,ISL,Iceland,_Z,Not applicable,POP,Population,Y_GE65,65 years or over,_T,Total,PT_POP,Percentage of population,2003,,11.71,,ISL,Iceland,A,Normal value,0,Units,2,Two
DATAFLOW,OECD.CFE.EDS:DSD_REG_DEMO@DF_POP_BROAD(2.4),Population by broad age groups - Regions,I,A,Annual,CTRY,Country,AUT,Austria,_Z,Not applicable,POP,Population,Y_GE65,65 years or over,_T,Total,PT_POP,Percentage of population,2003,,15.44,,AUT,Austria,A,Normal value,0,Units,2,Two
DATAFLOW,OECD.CFE.EDS:DSD_REG_DEMO@DF_POP_BROAD(2.4),Population by broad age groups - Regions,I,A,Annual,CTRY,Country,FIN,Finland,_Z,Not applicable,POP,Population,Y_GE65,65 years or over,_T,Total,PT_POP,Percentage of population,2003,,15.34,,FIN,Finland,A,Normal value,0,Units,2,Two
DATAFLOW,OECD.CFE.EDS:DSD_REG_DEMO@DF_POP_BROAD(2.4),Population by broad age groups - Regions,I,A,Annual,CTRY,Country,MEX,Mexico,_Z,Not applicable,POP,Population,Y_GE65,65 years or over,_T,Total,PT_POP,Percentage of population,2003,,5.56,,MEX,Mexico,A,Normal value,0,Units,2,Two
DATAFLOW,OECD.CFE.EDS:DSD_REG_DEMO@DF_POP_BROAD(2.4),Population by broad age groups - Regions,I,A,Annual,CTRY,Country,POL,Poland,_Z,Not applicable,POP,Population,Y_GE65,65 years or over,_T,Total,PT_POP,Percentage of population,2003,,12.79,,POL,Poland,A,Normal value,0,Units,2,Two
DATAFLOW,OECD.CFE.EDS:DSD_REG_DEMO@DF_POP_BROAD(2.4),Population by broad age groups - Regions,I,A,Annual,CTRY,Country,USA,United States,_Z,Not applicable,POP,Population,Y_GE65,65 years or over,_T,Total,PT_POP,Percentage of population,2003,,12.36,,USA,United States,A,Normal value,0,Units,2,Two
DATAFLOW,OECD.CFE.EDS:DSD_REG_DEMO@DF_POP_BROAD(2.4),Population by broad age groups - Regions,I,A,Annual,CTRY,Country,SVK,Slovak Republic,_Z,Not applicable,POP,Population,Y_GE65,65 years or over,_T,Total,PT_POP,Percentage of population,2003,,11.47,,SVK,Slovak Republic,A,Normal value,0,Units,2,Two
DATAFLOW,OECD.CFE.EDS:DSD_REG_DEMO@DF_POP_BROAD(2.4),Population by broad age groups - Regions,I,A,Annual,CTRY,Country,LTU,Lithuania,_Z,Not applicable,POP,Population,Y_GE65,65 years or over,_T,Total,PT_POP,Percentage of population,2003,,14.93,,LTU,Lithuania,A,Normal value,0,Units,2,Two
DATAFLOW,OECD.CFE.EDS:DSD_REG_DEMO@DF_POP_BROAD(2.4),Population by broad age groups - Regions,I,A,Annual,CTRY,Country,LVA,Latvia,_Z,Not applicable,POP,Population,Y_GE65,65 years or over,_T,Total,PT_POP,Percentage of population,2003,,15.84,,LVA,Latvia,A,Normal value,0,Units,2,Two
DATAFLOW,OECD.CFE.EDS:DSD_REG_DEMO@DF_POP_BROAD(2.4),Population by broad age groups - Regions,I,A,Annual,CTRY,Country,ESP,Spain,_Z,Not applicable,POP,Population,Y_GE65,65 years or over,_T,Total,PT_POP,Percentage of population,2003,,16.96,,ESP,Spain,A,Normal value,0,Units,2,Two
DATAFLOW,OECD.CFE.EDS:DSD_REG_DEMO@DF_POP_BROAD(2.4),Population by broad age groups - Regions,I,A,Annual,CTRY,Country,NZL,New Zealand,_Z,Not applicable,POP,Population,Y_GE65,65 years or over,_T,Total,PT_POP,Percentage of population,2003,,11.81,,NZL,New Zealand,O,Missing value,0,Units,2,Two
DATAFLOW,OECD.CFE.EDS:DSD_REG_DEMO@DF_POP_BROAD(2.4),Population by broad age groups - Regions,I,A,Annual,CTRY,Country,JPN,Japan,_Z,Not applicable,POP,Population,Y_GE65,65 years or over,_T,Total,PT_POP,Percentage of population,2003,,19.05,,JPN,Japan,O,Missing value,0,Units,2,Two
DATAFLOW,OECD.CFE.EDS:DSD_REG_DEMO@DF_POP_BROAD(2.4),Population by broad age groups - Regions,I,A,Annual,CTRY,Country,ESP,Spain,_Z,Not applicable,POP,Population,Y_GE65,65 years or over,_T,Total,PT_POP,Percentage of population,2004,,16.8,,ESP,Spain,A,Normal value,0,Units,2,Two
DATAFLOW,OECD.CFE.EDS:DSD_REG_DEMO@DF_POP_BROAD(2.4),Population by broad age groups - Regions,I,A,Annual,CTRY,Country,LVA,Latvia,_Z,Not applicable,POP,Population,Y_GE65,65 years or over,_T,Total,PT_POP,Percentage of population,2004,,16.24,,LVA,Latvia,A,Normal value,0,Units,2,Two
DATAFLOW,OECD.CFE.EDS:DSD_REG_DEMO@DF_POP_BROAD(2.4),Population by broad age groups - Regions,I,A,Annual,CTRY,Country,LTU,Lithuania,_Z,Not applicable,POP,Population,Y_GE65,65 years or over,_T,Total,PT_POP,Percentage of population,2004,,15.42,,LTU,Lithuania,A,Normal value,0,Units,2,Two
DATAFLOW,OECD.CFE.EDS:DSD_REG_DEMO@DF_POP_BROAD(2.4),Population by broad age groups - Regions,I,A,Annual,CTRY,Country,SVK,Slovak Republic,_Z,Not applicable,POP,Population,Y_GE65,65 years or over,_T,Total,PT_POP,Percentage of population,2004,,11.57,,SVK,Slovak Republic,A,Normal value,0,Units,2,Two
DATAFLOW,OECD.CFE.EDS:DSD_REG_DEMO@DF_POP_BROAD(2.4),Population by broad age groups - Regions,I,A,Annual,CTRY,Country,USA,United States,_Z,Not applicable,POP,Population,Y_GE65,65 years or over,_T,Total,PT_POP,Percentage of population,2004,,12.36,,USA,United States,A,Normal value,0,Units,2,Two
DATAFLOW,OECD.CFE.EDS:DSD_REG_DEMO@DF_POP_BROAD(2.4),Population by broad age groups - Regions,I,A,Annual,CTRY,Country,POL,Poland,_Z,Not applicable,POP,Population,Y_GE65,65 years or over,_T,Total,PT_POP,Percentage of population,2004,,12.96,,POL,Poland,A,Normal value,0,Units,2,Two
DATAFLOW,OECD.CFE.EDS:DSD_REG_DEMO@DF_POP_BROAD(2.4),Population by broad age groups - Regions,I,A,Annual,CTRY,Country,MEX,Mexico,_Z,Not applicable,POP,Population,Y_GE65,65 years or over,_T,Total,PT_POP,Percentage of population,2004,,5.65,,MEX,Mexico,A,Normal value,0,Units,2,Two
DATAFLOW,OECD.CFE.EDS:DSD_REG_DEMO@DF_POP_BROAD(2.4),Population by broad age groups - Regions,I,A,Annual,CTRY,Country,FIN,Finland,_Z,Not applicable,POP,Population,Y_GE65,65 years or over,_T,Total,PT_POP,Percentage of population,2004,,15.58,,FIN,Finland,A,Normal value,0,Units,2,Two
DATAFLOW,OECD.CFE.EDS:DSD_REG_DEMO@DF_POP_BROAD(2.4),Population by broad age groups - Regions,I,A,Annual,CTRY,Country,AUT,Austria,_Z,Not applicable,POP,Population,Y_GE65,65 years or over,_T,Total,PT_POP,Percentage of population,2004,,15.49,,AUT,Austria,A,Normal value,0,Units,2,Two
DATAFLOW,OECD.CFE.EDS:DSD_REG_DEMO@DF_POP_BROAD(2.4),Population by broad age groups - Regions,I,A,Annual,CTRY,Country,ISL,Iceland,_Z,Not applicable,POP,Population,Y_GE65,65 years or over,_T,Total,PT_POP,Percentage of population,2004,,11.75,,ISL,Iceland,A,Normal value,0,Units,2,Two
DATAFLOW,OECD.CFE.EDS:DSD_REG_DEMO@DF_POP_BROAD(2.4),Population by broad age groups - Regions,I,A,Annual,CTRY,Country,CRI,Costa Rica,_Z,Not applicable,POP,Population,Y_GE65,65 years or over,_T,Total,PT_POP,Percentage of population,2004,,5.7,,CRI,Costa Rica,A,Normal value,0,Units,2,Two
DATAFLOW,OECD.CFE.EDS:DSD_REG_DEMO@DF_POP_BROAD(2.4),Population by broad age groups - Regions,I,A,Annual,CTRY,Country,EST,Estonia,_Z,Not applicable,POP,Population,Y_GE65,65 years or over,_T,Total,PT_POP,Percentage of population,2004,,16.19,,EST,Estonia,A,Normal value,0,Units,2,Two
DATAFLOW,OECD.CFE.EDS:DSD_REG_DEMO@DF_POP_BROAD(2.4),Population by broad age groups - Regions,I,A,Annual,CTRY,Country,AUS,Australia,_Z,Not applicable,POP,Population,Y_GE65,65 years or over,_T,Total,PT_POP,Percentage of population,2004,,12.84,,AUS,Australia,A,Normal value,0,Units,2,Two
DATAFLOW,OECD.CFE.EDS:DSD_REG_DEMO@DF_POP_BROAD(2.4),Population by broad age groups - Regions,I,A,Annual,CTRY,Country,HUN,Hungary,_Z,Not applicable,POP,Population,Y_GE65,65 years or over,_T,Total,PT_POP,Percentage of population,2004,,15.49,,HUN,Hungary,A,Normal value,0,Units,2,Two
DATAFLOW,OECD.CFE.EDS:DSD_REG_DEMO@DF_POP_BROAD(2.4),Population by broad age groups - Regions,I,A,Annual,CTRY,Country,TUR,Turkey,_Z,Not applicable,POP,Population,Y_GE65,65 years or over,_T,Total,PT_POP,Percentage of population,2004,,6.68,,TUR,Türkiye,A,Normal value,0,Units,2,Two
DATAFLOW,OECD.CFE.EDS:DSD_REG_DEMO@DF_POP_BROAD(2.4),Population by broad age groups - Regions,I,A,Annual,CTRY,Country,FRA,France,_Z,Not applicable,POP,Population,Y_GE65,65 years or over,_T,Total,PT_POP,Percentage of population,2004,,16.19,,FRA,France,A,Normal value,0,Units,2,Two
DATAFLOW,OECD.CFE.EDS:DSD_REG_DEMO@DF_POP_BROAD(2.4),Population by broad age groups - Regions,I,A,Annual,CTRY,Country,CHL,Chile,_Z,Not applicable,POP,Population,Y_GE65,65 years or over,_T,Total,PT_POP,Percentage of population,2004,,8.27,,CHL,Chile,A,Normal value,0,Units,2,Two
DATAFLOW,OECD.CFE.EDS:DSD_REG_DEMO@DF_POP_BROAD(2.4),Population by broad age groups - Regions,I,A,Annual,CTRY,Country,CZE,Czechia,_Z,Not applicable,POP,Population,Y_GE65,65 years or over,_T,Total,PT_POP,Percentage of population,2004,,13.96,,CZE,Czechia,A,Normal value,0,Units,2,Two
DATAFLOW,OECD.CFE.EDS:DSD_REG_DEMO@DF_POP_BROAD(2.4),Population by broad age groups - Regions,I,A,Annual,CTRY,Country,COL,Colombia,_Z,Not applicable,POP,Population,Y_GE65,65 years or over,_T,Total,PT_POP,Percentage of population,2004,,6.06,,COL,Colombia,A,Normal value,0,Units,2,Two
DATAFLOW,OECD.CFE.EDS:DSD_REG_DEMO@DF_POP_BROAD(2.4),Population by broad age groups - Regions,I,A,Annual,CTRY,Country,DNK,Denmark,_Z,Not applicable,POP,Population,Y_GE65,65 years or over,_T,Total,PT_POP,Percentage of population,2004,,14.91,,DNK,Denmark,A,Normal value,0,Units,2,Two
DATAFLOW,OECD.CFE.EDS:DSD_REG_DEMO@DF_POP_BROAD(2.4),Population by broad age groups - Regions,I,A,Annual,CTRY,Country,NLD,Netherlands,_Z,Not applicable,POP,Population,Y_GE65,65 years or over,_T,Total,PT_POP,Percentage of population,2004,,13.85,,NLD,Netherlands,A,Normal value,0,Units,2,Two
DATAFLOW,OECD.CFE.EDS:DSD_REG_DEMO@DF_POP_BROAD(2.4),Population by broad age groups - Regions,I,A,Annual,CTRY,Country,LUX,Luxembourg,_Z,Not applicable,POP,Population,Y_GE65,65 years or over,_T,Total,PT_POP,Percentage of population,2004,,13.99,,LUX,Luxembourg,A,Normal value,0,Units,2,Two
DATAFLOW,OECD.CFE.EDS:DSD_REG_DEMO@DF_POP_BROAD(2.4),Population by broad age groups - Regions,I,A,Annual,CTRY,Country,ISR,Israel,_Z,Not applicable,POP,Population,Y_GE65,65 years or over,_T,Total,PT_POP,Percentage of population,2004,,9.93,,ISR,Israel,A,Normal value,0,Units,2,Two
DATAFLOW,OECD.CFE.EDS:DSD_REG_DEMO@DF_POP_BROAD(2.4),Population by broad age groups - Regions,I,A,Annual,CTRY,Country,IRL,Ireland,_Z,Not applicable,POP,Population,Y_GE65,65 years or over,_T,Total,PT_POP,Percentage of population,2004,,11.11,,IRL,Ireland,A,Normal value,0,Units,2,Two
DATAFLOW,OECD.CFE.EDS:DSD_REG_DEMO@DF_POP_BROAD(2.4),Population by broad age groups - Regions,I,A,Annual,CTRY,Country,KOR,Korea,_Z,Not applicable,POP,Population,Y_GE65,65 years or over,_T,Total,PT_POP,Percentage of population,2004,,8.59,,KOR,Korea,A,Normal value,0,Units,2,Two
DATAFLOW,OECD.CFE.EDS:DSD_REG_DEMO@DF_POP_BROAD(2.4),Population by broad age groups - Regions,I,A,Annual,CTRY,Country,CAN,Canada,_Z,Not applicable,POP,Population,Y_GE65,65 years or over,_T,Total,PT_POP,Percentage of population,2004,,12.95,,CAN,Canada,A,Normal value,0,Units,2,Two
DATAFLOW,OECD.CFE.EDS:DSD_REG_DEMO@DF_POP_BROAD(2.4),Population by broad age groups - Regions,I,A,Annual,CTRY,Country,ITA,Italy,_Z,Not applicable,POP,Population,Y_GE65,65 years or over,_T,Total,PT_POP,Percentage of population,2004,,19.19,,ITA,Italy,A,Normal value,0,Units,2,Two
DATAFLOW,OECD.CFE.EDS:DSD_REG_DEMO@DF_POP_BROAD(2.4),Population by broad age groups - Regions,I,A,Annual,CTRY,Country,DEU,Germany,_Z,Not applicable,POP,Population,Y_GE65,65 years or over,_T,Total,PT_POP,Percentage of population,2004,,18.01,,DEU,Germany,A,Normal value,0,Units,2,Two
DATAFLOW,OECD.CFE.EDS:DSD_REG_DEMO@DF_POP_BROAD(2.4),Population by broad age groups - Regions,I,A,Annual,CTRY,Country,PRT,Portugal,_Z,Not applicable,POP,Population,Y_GE65,65 years or over,_T,Total,PT_POP,Percentage of population,2004,,16.94,,PRT,Portugal,A,Normal value,0,Units,2,Two
DATAFLOW,OECD.CFE.EDS:DSD_REG_DEMO@DF_POP_BROAD(2.4),Population by broad age groups - Regions,I,A,Annual,CTRY,Country,CHE,Switzerland,_Z,Not applicable,POP,Population,Y_GE65,65 years or over,_T,Total,PT_POP,Percentage of population,2004,,15.71,,CHE,Switzerland,A,Normal value,0,Units,2,Two
DATAFLOW,OECD.CFE.EDS:DSD_REG_DEMO@DF_POP_BROAD(2.4),Population by broad age groups - Regions,I,A,Annual,CTRY,Country,GRC,Greece,_Z,Not applicable,POP,Population,Y_GE65,65 years or over,_T,Total,PT_POP,Percentage of population,2004,,18.04,,GRC,Greece,A,Normal value,0,Units,2,Two
DATAFLOW,OECD.CFE.EDS:DSD_REG_DEMO@DF_POP_BROAD(2.4),Population by broad age groups - Regions,I,A,Annual,CTRY,Country,SVN,Slovenia,_Z,Not applicable,POP,Population,Y_GE65,65 years or over,_T,Total,PT_POP,Percentage of population,2004,,15.03,,SVN,Slovenia,A,Normal value,0,Units,2,Two
DATAFLOW,OECD.CFE.EDS:DSD_REG_DEMO@DF_POP_BROAD(2.4),Population by broad age groups - Regions,I,A,Annual,CTRY,Country,BEL,Belgium,_Z,Not applicable,POP,Population,Y_GE65,65 years or over,_T,Total,PT_POP,Percentage of population,2004,,17.12,,BEL,Belgium,A,Normal value,0,Units,2,Two
DATAFLOW,OECD.CFE.EDS:DSD_REG_DEMO@DF_POP_BROAD(2.4),Population by broad age groups - Regions,I,A,Annual,CTRY,Country,NOR,Norway,_Z,Not applicable,POP,Population,Y_GE65,65 years or over,_T,Total,PT_POP,Percentage of population,2004,,14.73,,NOR,Norway,A,Normal value,0,Units,2,Two
DATAFLOW,OECD.CFE.EDS:DSD_REG_DEMO@DF_POP_BROAD(2.4),Population by broad age groups - Regions,I,A,Annual,CTRY,Country,SWE,Sweden,_Z,Not applicable,POP,Population,Y_GE65,65 years or over,_T,Total,PT_POP,Percentage of population,2004,,17.17,,SWE,Sweden,A,Normal value,0,Units,2,Two
DATAFLOW,OECD.CFE.EDS:DSD_REG_DEMO@DF_POP_BROAD(2.4),Population by broad age groups - Regions,I,A,Annual,CTRY,Country,NZL,New Zealand,_Z,Not applicable,POP,Population,Y_GE65,65 years or over,_T,Total,PT_POP,Percentage of population,2004,,11.86,,NZL,New Zealand,O,Missing value,0,Units,2,Two
DATAFLOW,OECD.CFE.EDS:DSD_REG_DEMO@DF_POP_BROAD(2.4),Population by broad age groups - Regions,I,A,Annual,CTRY,Country,JPN,Japan,_Z,Not applicable,POP,Population,Y_GE65,65 years or over,_T,Total,PT_POP,Percentage of population,2004,,19.48,,JPN,Japan,O,Missing value,0,Units,2,Two
DATAFLOW,OECD.CFE.EDS:DSD_REG_DEMO@DF_POP_BROAD(2.4),Population by broad age groups - Regions,I,A,Annual,CTRY,Country,GBR,United Kingdom,_Z,Not applicable,POP,Population,Y_GE65,65 years or over,_T,Total,PT_POP,Percentage of population,2004,,15.93,,GBR,United Kingdom,E,Estimated value,0,Units,2,Two
DATAFLOW,OECD.CFE.EDS:DSD_REG_DEMO@DF_POP_BROAD(2.4),Population by broad age groups - Regions,I,A,Annual,CTRY,Country,SWE,Sweden,_Z,Not applicable,POP,Population,Y_GE65,65 years or over,_T,Total,PT_POP,Percentage of population,2005,,17.25,,SWE,Sweden,A,Normal value,0,Units,2,Two
DATAFLOW,OECD.CFE.EDS:DSD_REG_DEMO@DF_POP_BROAD(2.4),Population by broad age groups - Regions,I,A,Annual,CTRY,Country,NOR,Norway,_Z,Not applicable,POP,Population,Y_GE65,65 years or over,_T,Total,PT_POP,Percentage of population,2005,,14.71,,NOR,Norway,A,Normal value,0,Units,2,Two
DATAFLOW,OECD.CFE.EDS:DSD_REG_DEMO@DF_POP_BROAD(2.4),Population by broad age groups - Regions,I,A,Annual,CTRY,Country,BEL,Belgium,_Z,Not applicable,POP,Population,Y_GE65,65 years or over,_T,Total,PT_POP,Percentage of population,2005,,17.23,,BEL,Belgium,A,Normal value,0,Units,2,Two
DATAFLOW,OECD.CFE.EDS:DSD_REG_DEMO@DF_POP_BROAD(2.4),Population by broad age groups - Regions,I,A,Annual,CTRY,Country,JPN,Japan,_Z,Not applicable,POP,Population,Y_GE65,65 years or over,_T,Total,PT_POP,Percentage of population,2005,,20.09,,JPN,Japan,A,Normal value,0,Units,2,Two
DATAFLOW,OECD.CFE.EDS:DSD_REG_DEMO@DF_POP_BROAD(2.4),Population by broad age groups - Regions,I,A,Annual,CTRY,Country,SVN,Slovenia,_Z,Not applicable,POP,Population,Y_GE65,65 years or over,_T,Total,PT_POP,Percentage of population,2005,,15.34,,SVN,Slovenia,A,Normal value,0,Units,2,Two
DATAFLOW,OECD.CFE.EDS:DSD_REG_DEMO@DF_POP_BROAD(2.4),Population by broad age groups - Regions,I,A,Annual,CTRY,Country,GRC,Greece,_Z,Not applicable,POP,Population,Y_GE65,65 years or over,_T,Total,PT_POP,Percentage of population,2005,,18.28,,GRC,Greece,A,Normal value,0,Units,2,Two
DATAFLOW,OECD.CFE.EDS:DSD_REG_DEMO@DF_POP_BROAD(2.4),Population by broad age groups - Regions,I,A,Annual,CTRY,Country,CHE,Switzerland,_Z,Not applicable,POP,Population,Y_GE65,65 years or over,_T,Total,PT_POP,Percentage of population,2005,,15.84,,CHE,Switzerland,A,Normal value,0,Units,2,Two
DATAFLOW,OECD.CFE.EDS:DSD_REG_DEMO@DF_POP_BROAD(2.4),Population by broad age groups - Regions,I,A,Annual,CTRY,Country,PRT,Portugal,_Z,Not applicable,POP,Population,Y_GE65,65 years or over,_T,Total,PT_POP,Percentage of population,2005,,17.18,,PRT,Portugal,A,Normal value,0,Units,2,Two
DATAFLOW,OECD.CFE.EDS:DSD_REG_DEMO@DF_POP_BROAD(2.4),Population by broad age groups - Regions,I,A,Annual,CTRY,Country,DEU,Germany,_Z,Not applicable,POP,Population,Y_GE65,65 years or over,_T,Total,PT_POP,Percentage of population,2005,,18.63,,DEU,Germany,A,Normal value,0,Units,2,Two
DATAFLOW,OECD.CFE.EDS:DSD_REG_DEMO@DF_POP_BROAD(2.4),Population by broad age groups - Regions,I,A,Annual,CTRY,Country,ITA,Italy,_Z,Not applicable,POP,Population,Y_GE65,65 years or over,_T,Total,PT_POP,Percentage of population,2005,,19.5,,ITA,Italy,A,Normal value,0,Units,2,Two
DATAFLOW,OECD.CFE.EDS:DSD_REG_DEMO@DF_POP_BROAD(2.4),Population by broad age groups - Regions,I,A,Annual,CTRY,Country,CAN,Canada,_Z,Not applicable,POP,Population,Y_GE65,65 years or over,_T,Total,PT_POP,Percentage of population,2005,,13.07,,CAN,Canada,A,Normal value,0,Units,2,Two
DATAFLOW,OECD.CFE.EDS:DSD_REG_DEMO@DF_POP_BROAD(2.4),Population by broad age groups - Regions,I,A,Annual,CTRY,Country,KOR,Korea,_Z,Not applicable,POP,Population,Y_GE65,65 years or over,_T,Total,PT_POP,Percentage of population,2005,,8.97,,KOR,Korea,A,Normal value,0,Units,2,Two
DATAFLOW,OECD.CFE.EDS:DSD_REG_DEMO@DF_POP_BROAD(2.4),Population by broad age groups - Regions,I,A,Annual,CTRY,Country,IRL,Ireland,_Z,Not applicable,POP,Population,Y_GE65,65 years or over,_T,Total,PT_POP,Percentage of population,2005,,11.1,,IRL,Ireland,A,Normal value,0,Units,2,Two
DATAFLOW,OECD.CFE.EDS:DSD_REG_DEMO@DF_POP_BROAD(2.4),Population by broad age groups - Regions,I,A,Annual,CTRY,Country,ISR,Israel,_Z,Not applicable,POP,Population,Y_GE65,65 years or over,_T,Total,PT_POP,Percentage of population,2005,,9.92,,ISR,Israel,A,Normal value,0,Units,2,Two
DATAFLOW,OECD.CFE.EDS:DSD_REG_DEMO@DF_POP_BROAD(2.4),Population by broad age groups - Regions,I,A,Annual,CTRY,Country,LUX,Luxembourg,_Z,Not applicable,POP,Population,Y_GE65,65 years or over,_T,Total,PT_POP,Percentage of population,2005,,14.08,,LUX,Luxembourg,A,Normal value,0,Units,2,Two
DATAFLOW,OECD.CFE.EDS:DSD_REG_DEMO@DF_POP_BROAD(2.4),Population by broad age groups - Regions,I,A,Annual,CTRY,Country,NLD,Netherlands,_Z,Not applicable,POP,Population,Y_GE65,65 years or over,_T,Total,PT_POP,Percentage of population,2005,,14.04,,NLD,Netherlands,A,Normal value,0,Units,2,Two
DATAFLOW,OECD.CFE.EDS:DSD_REG_DEMO@DF_POP_BROAD(2.4),Population by broad age groups - Regions,I,A,Annual,CTRY,Country,GBR,United Kingdom,_Z,Not applicable,POP,Population,Y_GE65,65 years or over,_T,Total,PT_POP,Percentage of population,2005,,15.92,,GBR,United Kingdom,A,Normal value,0,Units,2,Two
DATAFLOW,OECD.CFE.EDS:DSD_REG_DEMO@DF_POP_BROAD(2.4),Population by broad age groups - Regions,I,A,Annual,CTRY,Country,DNK,Denmark,_Z,Not applicable,POP,Population,Y_GE65,65 years or over,_T,Total,PT_POP,Percentage of population,2005,,15.01,,DNK,Denmark,A,Normal value,0,Units,2,Two
DATAFLOW,OECD.CFE.EDS:DSD_REG_DEMO@DF_POP_BROAD(2.4),Population by broad age groups - Regions,I,A,Annual,CTRY,Country,COL,Colombia,_Z,Not applicable,POP,Population,Y_GE65,65 years or over,_T,Total,PT_POP,Percentage of population,2005,,6.2,,COL,Colombia,A,Normal value,0,Units,2,Two
DATAFLOW,OECD.CFE.EDS:DSD_REG_DEMO@DF_POP_BROAD(2.4),Population by broad age groups - Regions,I,A,Annual,CTRY,Country,CZE,Czechia,_Z,Not applicable,POP,Population,Y_GE65,65 years or over,_T,Total,PT_POP,Percentage of population,2005,,14.06,,CZE,Czechia,A,Normal value,0,Units,2,Two
DATAFLOW,OECD.CFE.EDS:DSD_REG_DEMO@DF_POP_BROAD(2.4),Population by broad age groups - Regions,I,A,Annual,CTRY,Country,CHL,Chile,_Z,Not applicable,POP,Population,Y_GE65,65 years or over,_T,Total,PT_POP,Percentage of population,2005,,8.44,,CHL,Chile,A,Normal value,0,Units,2,Two
DATAFLOW,OECD.CFE.EDS:DSD_REG_DEMO@DF_POP_BROAD(2.4),Population by broad age groups - Regions,I,A,Annual,CTRY,Country,FRA,France,_Z,Not applicable,POP,Population,Y_GE65,65 years or over,_T,Total,PT_POP,Percentage of population,2005,,16.31,,FRA,France,A,Normal value,0,Units,2,Two
DATAFLOW,OECD.CFE.EDS:DSD_REG_DEMO@DF_POP_BROAD(2.4),Population by broad age groups - Regions,I,A,Annual,CTRY,Country,TUR,Turkey,_Z,Not applicable,POP,Population,Y_GE65,65 years or over,_T,Total,PT_POP,Percentage of population,2005,,6.7,,TUR,Türkiye,A,Normal value,0,Units,2,Two
DATAFLOW,OECD.CFE.EDS:DSD_REG_DEMO@DF_POP_BROAD(2.4),Population by broad age groups - Regions,I,A,Annual,CTRY,Country,HUN,Hungary,_Z,Not applicable,POP,Population,Y_GE65,65 years or over,_T,Total,PT_POP,Percentage of population,2005,,15.62,,HUN,Hungary,A,Normal value,0,Units,2,Two
DATAFLOW,OECD.CFE.EDS:DSD_REG_DEMO@DF_POP_BROAD(2.4),Population by broad age groups - Regions,I,A,Annual,CTRY,Country,AUS,Australia,_Z,Not applicable,POP,Population,Y_GE65,65 years or over,_T,Total,PT_POP,Percentage of population,2005,,12.94,,AUS,Australia,A,Normal value,0,Units,2,Two
DATAFLOW,OECD.CFE.EDS:DSD_REG_DEMO@DF_POP_BROAD(2.4),Population by broad age groups - Regions,I,A,Annual,CTRY,Country,EST,Estonia,_Z,Not applicable,POP,Population,Y_GE65,65 years or over,_T,Total,PT_POP,Percentage of population,2005,,16.57,,EST,Estonia,A,Normal value,0,Units,2,Two
DATAFLOW,OECD.CFE.EDS:DSD_REG_DEMO@DF_POP_BROAD(2.4),Population by broad age groups - Regions,I,A,Annual,CTRY,Country,CRI,Costa Rica,_Z,Not applicable,POP,Population,Y_GE65,65 years or over,_T,Total,PT_POP,Percentage of population,2005,,5.8,,CRI,Costa Rica,A,Normal value,0,Units,2,Two
DATAFLOW,OECD.CFE.EDS:DSD_REG_DEMO@DF_POP_BROAD(2.4),Population by broad age groups - Regions,I,A,Annual,CTRY,Country,ISL,Iceland,_Z,Not applicable,POP,Population,Y_GE65,65 years or over,_T,Total,PT_POP,Percentage of population,2005,,11.78,,ISL,Iceland,A,Normal value,0,Units,2,Two
DATAFLOW,OECD.CFE.EDS:DSD_REG_DEMO@DF_POP_BROAD(2.4),Population by broad age groups - Regions,I,A,Annual,CTRY,Country,AUT,Austria,_Z,Not applicable,POP,Population,Y_GE65,65 years or over,_T,Total,PT_POP,Percentage of population,2005,,15.95,,AUT,Austria,A,Normal value,0,Units,2,Two
DATAFLOW,OECD.CFE.EDS:DSD_REG_DEMO@DF_POP_BROAD(2.4),Population by broad age groups - Regions,I,A,Annual,CTRY,Country,FIN,Finland,_Z,Not applicable,POP,Population,Y_GE65,65 years or over,_T,Total,PT_POP,Percentage of population,2005,,15.87,,FIN,Finland,A,Normal value,0,Units,2,Two
DATAFLOW,OECD.CFE.EDS:DSD_REG_DEMO@DF_POP_BROAD(2.4),Population by broad age groups - Regions,I,A,Annual,CTRY,Country,MEX,Mexico,_Z,Not applicable,POP,Population,Y_GE65,65 years or over,_T,Total,PT_POP,Percentage of population,2005,,5.75,,MEX,Mexico,A,Normal value,0,Units,2,Two
DATAFLOW,OECD.CFE.EDS:DSD_REG_DEMO@DF_POP_BROAD(2.4),Population by broad age groups - Regions,I,A,Annual,CTRY,Country,POL,Poland,_Z,Not applicable,POP,Population,Y_GE65,65 years or over,_T,Total,PT_POP,Percentage of population,2005,,13.15,,POL,Poland,A,Normal value,0,Units,2,Two
DATAFLOW,OECD.CFE.EDS:DSD_REG_DEMO@DF_POP_BROAD(2.4),Population by broad age groups - Regions,I,A,Annual,CTRY,Country,USA,United States,_Z,Not applicable,POP,Population,Y_GE65,65 years or over,_T,Total,PT_POP,Percentage of population,2005,,12.4,,USA,United States,A,Normal value,0,Units,2,Two
DATAFLOW,OECD.CFE.EDS:DSD_REG_DEMO@DF_POP_BROAD(2.4),Population by broad age groups - Regions,I,A,Annual,CTRY,Country,SVK,Slovak Republic,_Z,Not applicable,POP,Population,Y_GE65,65 years or over,_T,Total,PT_POP,Percentage of population,2005,,11.68,,SVK,Slovak Republic,A,Normal value,0,Units,2,Two
DATAFLOW,OECD.CFE.EDS:DSD_REG_DEMO@DF_POP_BROAD(2.4),Population by broad age groups - Regions,I,A,Annual,CTRY,Country,LTU,Lithuania,_Z,Not applicable,POP,Population,Y_GE65,65 years or over,_T,Total,PT_POP,Percentage of population,2005,,15.83,,LTU,Lithuania,A,Normal value,0,Units,2,Two
DATAFLOW,OECD.CFE.EDS:DSD_REG_DEMO@DF_POP_BROAD(2.4),Population by broad age groups - Regions,I,A,Annual,CTRY,Country,LVA,Latvia,_Z,Not applicable,POP,Population,Y_GE65,65 years or over,_T,Total,PT_POP,Percentage of population,2005,,16.64,,LVA,Latvia,A,Normal value,0,Units,2,Two
DATAFLOW,OECD.CFE.EDS:DSD_REG_DEMO@DF_POP_BROAD(2.4),Population by broad age groups - Regions,I,A,Annual,CTRY,Country,ESP,Spain,_Z,Not applicable,POP,Population,Y_GE65,65 years or over,_T,Total,PT_POP,Percentage of population,2005,,16.56,,ESP,Spain,A,Normal value,0,Units,2,Two
DATAFLOW,OECD.CFE.EDS:DSD_REG_DEMO@DF_POP_BROAD(2.4),Population by broad age groups - Regions,I,A,Annual,CTRY,Country,NZL,New Zealand,_Z,Not applicable,POP,Population,Y_GE65,65 years or over,_T,Total,PT_POP,Percentage of population,2005,,12.01,,NZL,New Zealand,O,Missing value,0,Units,2,Two
DATAFLOW,OECD.CFE.EDS:DSD_REG_DEMO@DF_POP_BROAD(2.4),Population by broad age groups - Regions,I,A,Annual,CTRY,Country,ESP,Spain,_Z,Not applicable,POP,Population,Y_GE65,65 years or over,_T,Total,PT_POP,Percentage of population,2006,,16.64,,ESP,Spain,A,Normal value,0,Units,2,Two
DATAFLOW,OECD.CFE.EDS:DSD_REG_DEMO@DF_POP_BROAD(2.4),Population by broad age groups - Regions,I,A,Annual,CTRY,Country,LVA,Latvia,_Z,Not applicable,POP,Population,Y_GE65,65 years or over,_T,Total,PT_POP,Percentage of population,2006,,17,,LVA,Latvia,A,Normal value,0,Units,2,Two
DATAFLOW,OECD.CFE.EDS:DSD_REG_DEMO@DF_POP_BROAD(2.4),Population by broad age groups - Regions,I,A,Annual,CTRY,Country,LTU,Lithuania,_Z,Not applicable,POP,Population,Y_GE65,65 years or over,_T,Total,PT_POP,Percentage of population,2006,,16.29,,LTU,Lithuania,A,Normal value,0,Units,2,Two
DATAFLOW,OECD.CFE.EDS:DSD_REG_DEMO@DF_POP_BROAD(2.4),Population by broad age groups - Regions,I,A,Annual,CTRY,Country,SVK,Slovak Republic,_Z,Not applicable,POP,Population,Y_GE65,65 years or over,_T,Total,PT_POP,Percentage of population,2006,,11.82,,SVK,Slovak Republic,A,Normal value,0,Units,2,Two
DATAFLOW,OECD.CFE.EDS:DSD_REG_DEMO@DF_POP_BROAD(2.4),Population by broad age groups - Regions,I,A,Annual,CTRY,Country,USA,United States,_Z,Not applicable,POP,Population,Y_GE65,65 years or over,_T,Total,PT_POP,Percentage of population,2006,,12.46,,USA,United States,A,Normal value,0,Units,2,Two
DATAFLOW,OECD.CFE.EDS:DSD_REG_DEMO@DF_POP_BROAD(2.4),Population by broad age groups - Regions,I,A,Annual,CTRY,Country,POL,Poland,_Z,Not applicable,POP,Population,Y_GE65,65 years or over,_T,Total,PT_POP,Percentage of population,2006,,13.3,,POL,Poland,A,Normal value,0,Units,2,Two
DATAFLOW,OECD.CFE.EDS:DSD_REG_DEMO@DF_POP_BROAD(2.4),Population by broad age groups - Regions,I,A,Annual,CTRY,Country,MEX,Mexico,_Z,Not applicable,POP,Population,Y_GE65,65 years or over,_T,Total,PT_POP,Percentage of population,2006,,5.84,,MEX,Mexico,A,Normal value,0,Units,2,Two
DATAFLOW,OECD.CFE.EDS:DSD_REG_DEMO@DF_POP_BROAD(2.4),Population by broad age groups - Regions,I,A,Annual,CTRY,Country,FIN,Finland,_Z,Not applicable,POP,Population,Y_GE65,65 years or over,_T,Total,PT_POP,Percentage of population,2006,,16.01,,FIN,Finland,A,Normal value,0,Units,2,Two
DATAFLOW,OECD.CFE.EDS:DSD_REG_DEMO@DF_POP_BROAD(2.4),Population by broad age groups - Regions,I,A,Annual,CTRY,Country,AUT,Austria,_Z,Not applicable,POP,Population,Y_GE65,65 years or over,_T,Total,PT_POP,Percentage of population,2006,,16.45,,AUT,Austria,A,Normal value,0,Units,2,Two
DATAFLOW,OECD.CFE.EDS:DSD_REG_DEMO@DF_POP_BROAD(2.4),Population by broad age groups - Regions,I,A,Annual,CTRY,Country,ISL,Iceland,_Z,Not applicable,POP,Population,Y_GE65,65 years or over,_T,Total,PT_POP,Percentage of population,2006,,11.68,,ISL,Iceland,A,Normal value,0,Units,2,Two
DATAFLOW,OECD.CFE.EDS:DSD_REG_DEMO@DF_POP_BROAD(2.4),Population by broad age groups - Regions,I,A,Annual,CTRY,Country,CRI,Costa Rica,_Z,Not applicable,POP,Population,Y_GE65,65 years or over,_T,Total,PT_POP,Percentage of population,2006,,5.92,,CRI,Costa Rica,A,Normal value,0,Units,2,Two
DATAFLOW,OECD.CFE.EDS:DSD_REG_DEMO@DF_POP_BROAD(2.4),Population by broad age groups - Regions,I,A,Annual,CTRY,Country,EST,Estonia,_Z,Not applicable,POP,Population,Y_GE65,65 years or over,_T,Total,PT_POP,Percentage of population,2006,,16.87,,EST,Estonia,A,Normal value,0,Units,2,Two
DATAFLOW,OECD.CFE.EDS:DSD_REG_DEMO@DF_POP_BROAD(2.4),Population by broad age groups - Regions,I,A,Annual,CTRY,Country,AUS,Australia,_Z,Not applicable,POP,Population,Y_GE65,65 years or over,_T,Total,PT_POP,Percentage of population,2006,,13.03,,AUS,Australia,A,Normal value,0,Units,2,Two
DATAFLOW,OECD.CFE.EDS:DSD_REG_DEMO@DF_POP_BROAD(2.4),Population by broad age groups - Regions,I,A,Annual,CTRY,Country,HUN,Hungary,_Z,Not applicable,POP,Population,Y_GE65,65 years or over,_T,Total,PT_POP,Percentage of population,2006,,15.79,,HUN,Hungary,A,Normal value,0,Units,2,Two
DATAFLOW,OECD.CFE.EDS:DSD_REG_DEMO@DF_POP_BROAD(2.4),Population by broad age groups - Regions,I,A,Annual,CTRY,Country,TUR,Turkey,_Z,Not applicable,POP,Population,Y_GE65,65 years or over,_T,Total,PT_POP,Percentage of population,2006,,6.75,,TUR,Türkiye,A,Normal value,0,Units,2,Two
DATAFLOW,OECD.CFE.EDS:DSD_REG_DEMO@DF_POP_BROAD(2.4),Population by broad age groups - Regions,I,A,Annual,CTRY,Country,FRA,France,_Z,Not applicable,POP,Population,Y_GE65,65 years or over,_T,Total,PT_POP,Percentage of population,2006,,16.36,,FRA,France,A,Normal value,0,Units,2,Two
DATAFLOW,OECD.CFE.EDS:DSD_REG_DEMO@DF_POP_BROAD(2.4),Population by broad age groups - Regions,I,A,Annual,CTRY,Country,CHL,Chile,_Z,Not applicable,POP,Population,Y_GE65,65 years or over,_T,Total,PT_POP,Percentage of population,2006,,8.62,,CHL,Chile,A,Normal value,0,Units,2,Two
DATAFLOW,OECD.CFE.EDS:DSD_REG_DEMO@DF_POP_BROAD(2.4),Population by broad age groups - Regions,I,A,Annual,CTRY,Country,CZE,Czechia,_Z,Not applicable,POP,Population,Y_GE65,65 years or over,_T,Total,PT_POP,Percentage of population,2006,,14.24,,CZE,Czechia,A,Normal value,0,Units,2,Two
DATAFLOW,OECD.CFE.EDS:DSD_REG_DEMO@DF_POP_BROAD(2.4),Population by broad age groups - Regions,I,A,Annual,CTRY,Country,COL,Colombia,_Z,Not applicable,POP,Population,Y_GE65,65 years or over,_T,Total,PT_POP,Percentage of population,2006,,6.34,,COL,Colombia,A,Normal value,0,Units,2,Two
DATAFLOW,OECD.CFE.EDS:DSD_REG_DEMO@DF_POP_BROAD(2.4),Population by broad age groups - Regions,I,A,Annual,CTRY,Country,DNK,Denmark,_Z,Not applicable,POP,Population,Y_GE65,65 years or over,_T,Total,PT_POP,Percentage of population,2006,,15.16,,DNK,Denmark,A,Normal value,0,Units,2,Two
DATAFLOW,OECD.CFE.EDS:DSD_REG_DEMO@DF_POP_BROAD(2.4),Population by broad age groups - Regions,I,A,Annual,CTRY,Country,GBR,United Kingdom,_Z,Not applicable,POP,Population,Y_GE65,65 years or over,_T,Total,PT_POP,Percentage of population,2006,,15.87,,GBR,United Kingdom,A,Normal value,0,Units,2,Two
DATAFLOW,OECD.CFE.EDS:DSD_REG_DEMO@DF_POP_BROAD(2.4),Population by broad age groups - Regions,I,A,Annual,CTRY,Country,NLD,Netherlands,_Z,Not applicable,POP,Population,Y_GE65,65 years or over,_T,Total,PT_POP,Percentage of population,2006,,14.27,,NLD,Netherlands,A,Normal value,0,Units,2,Two
DATAFLOW,OECD.CFE.EDS:DSD_REG_DEMO@DF_POP_BROAD(2.4),Population by broad age groups - Regions,I,A,Annual,CTRY,Country,LUX,Luxembourg,_Z,Not applicable,POP,Population,Y_GE65,65 years or over,_T,Total,PT_POP,Percentage of population,2006,,14.07,,LUX,Luxembourg,A,Normal value,0,Units,2,Two
DATAFLOW,OECD.CFE.EDS:DSD_REG_DEMO@DF_POP_BROAD(2.4),Population by broad age groups - Regions,I,A,Annual,CTRY,Country,ISR,Israel,_Z,Not applicable,POP,Population,Y_GE65,65 years or over,_T,Total,PT_POP,Percentage of population,2006,,9.89,,ISR,Israel,A,Normal value,0,Units,2,Two
DATAFLOW,OECD.CFE.EDS:DSD_REG_DEMO@DF_POP_BROAD(2.4),Population by broad age groups - Regions,I,A,Annual,CTRY,Country,IRL,Ireland,_Z,Not applicable,POP,Population,Y_GE65,65 years or over,_T,Total,PT_POP,Percentage of population,2006,,10.97,,IRL,Ireland,A,Normal value,0,Units,2,Two
DATAFLOW,OECD.CFE.EDS:DSD_REG_DEMO@DF_POP_BROAD(2.4),Population by broad age groups - Regions,I,A,Annual,CTRY,Country,KOR,Korea,_Z,Not applicable,POP,Population,Y_GE65,65 years or over,_T,Total,PT_POP,Percentage of population,2006,,9.34,,KOR,Korea,A,Normal value,0,Units,2,Two
DATAFLOW,OECD.CFE.EDS:DSD_REG_DEMO@DF_POP_BROAD(2.4),Population by broad age groups - Regions,I,A,Annual,CTRY,Country,CAN,Canada,_Z,Not applicable,POP,Population,Y_GE65,65 years or over,_T,Total,PT_POP,Percentage of population,2006,,13.26,,CAN,Canada,A,Normal value,0,Units,2,Two
DATAFLOW,OECD.CFE.EDS:DSD_REG_DEMO@DF_POP_BROAD(2.4),Population by broad age groups - Regions,I,A,Annual,CTRY,Country,ITA,Italy,_Z,Not applicable,POP,Population,Y_GE65,65 years or over,_T,Total,PT_POP,Percentage of population,2006,,19.83,,ITA,Italy,A,Normal value,0,Units,2,Two
DATAFLOW,OECD.CFE.EDS:DSD_REG_DEMO@DF_POP_BROAD(2.4),Population by broad age groups - Regions,I,A,Annual,CTRY,Country,DEU,Germany,_Z,Not applicable,POP,Population,Y_GE65,65 years or over,_T,Total,PT_POP,Percentage of population,2006,,19.25,,DEU,Germany,A,Normal value,0,Units,2,Two
DATAFLOW,OECD.CFE.EDS:DSD_REG_DEMO@DF_POP_BROAD(2.4),Population by broad age groups - Regions,I,A,Annual,CTRY,Country,PRT,Portugal,_Z,Not applicable,POP,Population,Y_GE65,65 years or over,_T,Total,PT_POP,Percentage of population,2006,,17.36,,PRT,Portugal,A,Normal value,0,Units,2,Two
DATAFLOW,OECD.CFE.EDS:DSD_REG_DEMO@DF_POP_BROAD(2.4),Population by broad age groups - Regions,I,A,Annual,CTRY,Country,CHE,Switzerland,_Z,Not applicable,POP,Population,Y_GE65,65 years or over,_T,Total,PT_POP,Percentage of population,2006,,15.99,,CHE,Switzerland,A,Normal value,0,Units,2,Two
DATAFLOW,OECD.CFE.EDS:DSD_REG_DEMO@DF_POP_BROAD(2.4),Population by broad age groups - Regions,I,A,Annual,CTRY,Country,GRC,Greece,_Z,Not applicable,POP,Population,Y_GE65,65 years or over,_T,Total,PT_POP,Percentage of population,2006,,18.45,,GRC,Greece,A,Normal value,0,Units,2,Two
DATAFLOW,OECD.CFE.EDS:DSD_REG_DEMO@DF_POP_BROAD(2.4),Population by broad age groups - Regions,I,A,Annual,CTRY,Country,SVN,Slovenia,_Z,Not applicable,POP,Population,Y_GE65,65 years or over,_T,Total,PT_POP,Percentage of population,2006,,15.62,,SVN,Slovenia,A,Normal value,0,Units,2,Two
DATAFLOW,OECD.CFE.EDS:DSD_REG_DEMO@DF_POP_BROAD(2.4),Population by broad age groups - Regions,I,A,Annual,CTRY,Country,NZL,New Zealand,_Z,Not applicable,POP,Population,Y_GE65,65 years or over,_T,Total,PT_POP,Percentage of population,2006,,12.23,,NZL,New Zealand,A,Normal value,0,Units,2,Two
DATAFLOW,OECD.CFE.EDS:DSD_REG_DEMO@DF_POP_BROAD(2.4),Population by broad age groups - Regions,I,A,Annual,CTRY,Country,JPN,Japan,_Z,Not applicable,POP,Population,Y_GE65,65 years or over,_T,Total,PT_POP,Percentage of population,2006,,20.82,,JPN,Japan,A,Normal value,0,Units,2,Two
DATAFLOW,OECD.CFE.EDS:DSD_REG_DEMO@DF_POP_BROAD(2.4),Population by broad age groups - Regions,I,A,Annual,CTRY,Country,BEL,Belgium,_Z,Not applicable,POP,Population,Y_GE65,65 years or over,_T,Total,PT_POP,Percentage of population,2006,,17.21,,BEL,Belgium,A,Normal value,0,Units,2,Two
DATAFLOW,OECD.CFE.EDS:DSD_REG_DEMO@DF_POP_BROAD(2.4),Population by broad age groups - Regions,I,A,Annual,CTRY,Country,NOR,Norway,_Z,Not applicable,POP,Population,Y_GE65,65 years or over,_T,Total,PT_POP,Percentage of population,2006,,14.71,,NOR,Norway,A,Normal value,0,Units,2,Two
DATAFLOW,OECD.CFE.EDS:DSD_REG_DEMO@DF_POP_BROAD(2.4),Population by broad age groups - Regions,I,A,Annual,CTRY,Country,SWE,Sweden,_Z,Not applicable,POP,Population,Y_GE65,65 years or over,_T,Total,PT_POP,Percentage of population,2006,,17.3,,SWE,Sweden,A,Normal value,0,Units,2,Two
DATAFLOW,OECD.CFE.EDS:DSD_REG_DEMO@DF_POP_BROAD(2.4),Population by broad age groups - Regions,I,A,Annual,CTRY,Country,SWE,Sweden,_Z,Not applicable,POP,Population,Y_GE65,65 years or over,_T,Total,PT_POP,Percentage of population,2007,,17.35,,SWE,Sweden,A,Normal value,0,Units,2,Two
DATAFLOW,OECD.CFE.EDS:DSD_REG_DEMO@DF_POP_BROAD(2.4),Population by broad age groups - Regions,I,A,Annual,CTRY,Country,NOR,Norway,_Z,Not applicable,POP,Population,Y_GE65,65 years or over,_T,Total,PT_POP,Percentage of population,2007,,14.65,,NOR,Norway,A,Normal value,0,Units,2,Two
DATAFLOW,OECD.CFE.EDS:DSD_REG_DEMO@DF_POP_BROAD(2.4),Population by broad age groups - Regions,I,A,Annual,CTRY,Country,BEL,Belgium,_Z,Not applicable,POP,Population,Y_GE65,65 years or over,_T,Total,PT_POP,Percentage of population,2007,,17.1,,BEL,Belgium,A,Normal value,0,Units,2,Two
DATAFLOW,OECD.CFE.EDS:DSD_REG_DEMO@DF_POP_BROAD(2.4),Population by broad age groups - Regions,I,A,Annual,CTRY,Country,JPN,Japan,_Z,Not applicable,POP,Population,Y_GE65,65 years or over,_T,Total,PT_POP,Percentage of population,2007,,21.5,,JPN,Japan,A,Normal value,0,Units,2,Two
DATAFLOW,OECD.CFE.EDS:DSD_REG_DEMO@DF_POP_BROAD(2.4),Population by broad age groups - Regions,I,A,Annual,CTRY,Country,NZL,New Zealand,_Z,Not applicable,POP,Population,Y_GE65,65 years or over,_T,Total,PT_POP,Percentage of population,2007,,12.44,,NZL,New Zealand,A,Normal value,0,Units,2,Two
DATAFLOW,OECD.CFE.EDS:DSD_REG_DEMO@DF_POP_BROAD(2.4),Population by broad age groups - Regions,I,A,Annual,CTRY,Country,SVN,Slovenia,_Z,Not applicable,POP,Population,Y_GE65,65 years or over,_T,Total,PT_POP,Percentage of population,2007,,15.9,,SVN,Slovenia,A,Normal value,0,Units,2,Two
DATAFLOW,OECD.CFE.EDS:DSD_REG_DEMO@DF_POP_BROAD(2.4),Population by broad age groups - Regions,I,A,Annual,CTRY,Country,GRC,Greece,_Z,Not applicable,POP,Population,Y_GE65,65 years or over,_T,Total,PT_POP,Percentage of population,2007,,18.59,,GRC,Greece,A,Normal value,0,Units,2,Two
DATAFLOW,OECD.CFE.EDS:DSD_REG_DEMO@DF_POP_BROAD(2.4),Population by broad age groups - Regions,I,A,Annual,CTRY,Country,CHE,Switzerland,_Z,Not applicable,POP,Population,Y_GE65,65 years or over,_T,Total,PT_POP,Percentage of population,2007,,16.2,,CHE,Switzerland,A,Normal value,0,Units,2,Two
DATAFLOW,OECD.CFE.EDS:DSD_REG_DEMO@DF_POP_BROAD(2.4),Population by broad age groups - Regions,I,A,Annual,CTRY,Country,PRT,Portugal,_Z,Not applicable,POP,Population,Y_GE65,65 years or over,_T,Total,PT_POP,Percentage of population,2007,,17.54,,PRT,Portugal,A,Normal value,0,Units,2,Two
DATAFLOW,OECD.CFE.EDS:DSD_REG_DEMO@DF_POP_BROAD(2.4),Population by broad age groups - Regions,I,A,Annual,CTRY,Country,DEU,Germany,_Z,Not applicable,POP,Population,Y_GE65,65 years or over,_T,Total,PT_POP,Percentage of population,2007,,19.8,,DEU,Germany,A,Normal value,0,Units,2,Two
DATAFLOW,OECD.CFE.EDS:DSD_REG_DEMO@DF_POP_BROAD(2.4),Population by broad age groups - Regions,I,A,Annual,CTRY,Country,ITA,Italy,_Z,Not applicable,POP,Population,Y_GE65,65 years or over,_T,Total,PT_POP,Percentage of population,2007,,20.06,,ITA,Italy,A,Normal value,0,Units,2,Two
DATAFLOW,OECD.CFE.EDS:DSD_REG_DEMO@DF_POP_BROAD(2.4),Population by broad age groups - Regions,I,A,Annual,CTRY,Country,CAN,Canada,_Z,Not applicable,POP,Population,Y_GE65,65 years or over,_T,Total,PT_POP,Percentage of population,2007,,13.44,,CAN,Canada,A,Normal value,0,Units,2,Two
DATAFLOW,OECD.CFE.EDS:DSD_REG_DEMO@DF_POP_BROAD(2.4),Population by broad age groups - Regions,I,A,Annual,CTRY,Country,KOR,Korea,_Z,Not applicable,POP,Population,Y_GE65,65 years or over,_T,Total,PT_POP,Percentage of population,2007,,9.78,,KOR,Korea,A,Normal value,0,Units,2,Two
DATAFLOW,OECD.CFE.EDS:DSD_REG_DEMO@DF_POP_BROAD(2.4),Population by broad age groups - Regions,I,A,Annual,CTRY,Country,IRL,Ireland,_Z,Not applicable,POP,Population,Y_GE65,65 years or over,_T,Total,PT_POP,Percentage of population,2007,,10.8,,IRL,Ireland,A,Normal value,0,Units,2,Two
DATAFLOW,OECD.CFE.EDS:DSD_REG_DEMO@DF_POP_BROAD(2.4),Population by broad age groups - Regions,I,A,Annual,CTRY,Country,ISR,Israel,_Z,Not applicable,POP,Population,Y_GE65,65 years or over,_T,Total,PT_POP,Percentage of population,2007,,9.82,,ISR,Israel,A,Normal value,0,Units,2,Two
DATAFLOW,OECD.CFE.EDS:DSD_REG_DEMO@DF_POP_BROAD(2.4),Population by broad age groups - Regions,I,A,Annual,CTRY,Country,LUX,Luxembourg,_Z,Not applicable,POP,Population,Y_GE65,65 years or over,_T,Total,PT_POP,Percentage of population,2007,,14.03,,LUX,Luxembourg,A,Normal value,0,Units,2,Two
DATAFLOW,OECD.CFE.EDS:DSD_REG_DEMO@DF_POP_BROAD(2.4),Population by broad age groups - Regions,I,A,Annual,CTRY,Country,NLD,Netherlands,_Z,Not applicable,POP,Population,Y_GE65,65 years or over,_T,Total,PT_POP,Percentage of population,2007,,14.48,,NLD,Netherlands,A,Normal value,0,Units,2,Two
DATAFLOW,OECD.CFE.EDS:DSD_REG_DEMO@DF_POP_BROAD(2.4),Population by broad age groups - Regions,I,A,Annual,CTRY,Country,GBR,United Kingdom,_Z,Not applicable,POP,Population,Y_GE65,65 years or over,_T,Total,PT_POP,Percentage of population,2007,,15.89,,GBR,United Kingdom,A,Normal value,0,Units,2,Two
DATAFLOW,OECD.CFE.EDS:DSD_REG_DEMO@DF_POP_BROAD(2.4),Population by broad age groups - Regions,I,A,Annual,CTRY,Country,DNK,Denmark,_Z,Not applicable,POP,Population,Y_GE65,65 years or over,_T,Total,PT_POP,Percentage of population,2007,,15.32,,DNK,Denmark,A,Normal value,0,Units,2,Two
DATAFLOW,OECD.CFE.EDS:DSD_REG_DEMO@DF_POP_BROAD(2.4),Population by broad age groups - Regions,I,A,Annual,CTRY,Country,COL,Colombia,_Z,Not applicable,POP,Population,Y_GE65,65 years or over,_T,Total,PT_POP,Percentage of population,2007,,6.49,,COL,Colombia,A,Normal value,0,Units,2,Two
DATAFLOW,OECD.CFE.EDS:DSD_REG_DEMO@DF_POP_BROAD(2.4),Population by broad age groups - Regions,I,A,Annual,CTRY,Country,CZE,Czechia,_Z,Not applicable,POP,Population,Y_GE65,65 years or over,_T,Total,PT_POP,Percentage of population,2007,,14.45,,CZE,Czechia,A,Normal value,0,Units,2,Two
DATAFLOW,OECD.CFE.EDS:DSD_REG_DEMO@DF_POP_BROAD(2.4),Population by broad age groups - Regions,I,A,Annual,CTRY,Country,CHL,Chile,_Z,Not applicable,POP,Population,Y_GE65,65 years or over,_T,Total,PT_POP,Percentage of population,2007,,8.8,,CHL,Chile,A,Normal value,0,Units,2,Two
DATAFLOW,OECD.CFE.EDS:DSD_REG_DEMO@DF_POP_BROAD(2.4),Population by broad age groups - Regions,I,A,Annual,CTRY,Country,FRA,France,_Z,Not applicable,POP,Population,Y_GE65,65 years or over,_T,Total,PT_POP,Percentage of population,2007,,16.32,,FRA,France,A,Normal value,0,Units,2,Two
DATAFLOW,OECD.CFE.EDS:DSD_REG_DEMO@DF_POP_BROAD(2.4),Population by broad age groups - Regions,I,A,Annual,CTRY,Country,TUR,Turkey,_Z,Not applicable,POP,Population,Y_GE65,65 years or over,_T,Total,PT_POP,Percentage of population,2007,,6.81,,TUR,Türkiye,A,Normal value,0,Units,2,Two
DATAFLOW,OECD.CFE.EDS:DSD_REG_DEMO@DF_POP_BROAD(2.4),Population by broad age groups - Regions,I,A,Annual,CTRY,Country,HUN,Hungary,_Z,Not applicable,POP,Population,Y_GE65,65 years or over,_T,Total,PT_POP,Percentage of population,2007,,15.95,,HUN,Hungary,A,Normal value,0,Units,2,Two
DATAFLOW,OECD.CFE.EDS:DSD_REG_DEMO@DF_POP_BROAD(2.4),Population by broad age groups - Regions,I,A,Annual,CTRY,Country,AUS,Australia,_Z,Not applicable,POP,Population,Y_GE65,65 years or over,_T,Total,PT_POP,Percentage of population,2007,,13.14,,AUS,Australia,A,Normal value,0,Units,2,Two
DATAFLOW,OECD.CFE.EDS:DSD_REG_DEMO@DF_POP_BROAD(2.4),Population by broad age groups - Regions,I,A,Annual,CTRY,Country,EST,Estonia,_Z,Not applicable,POP,Population,Y_GE65,65 years or over,_T,Total,PT_POP,Percentage of population,2007,,17.28,,EST,Estonia,A,Normal value,0,Units,2,Two
DATAFLOW,OECD.CFE.EDS:DSD_REG_DEMO@DF_POP_BROAD(2.4),Population by broad age groups - Regions,I,A,Annual,CTRY,Country,CRI,Costa Rica,_Z,Not applicable,POP,Population,Y_GE65,65 years or over,_T,Total,PT_POP,Percentage of population,2007,,6.04,,CRI,Costa Rica,A,Normal value,0,Units,2,Two
DATAFLOW,OECD.CFE.EDS:DSD_REG_DEMO@DF_POP_BROAD(2.4),Population by broad age groups - Regions,I,A,Annual,CTRY,Country,ISL,Iceland,_Z,Not applicable,POP,Population,Y_GE65,65 years or over,_T,Total,PT_POP,Percentage of population,2007,,11.58,,ISL,Iceland,A,Normal value,0,Units,2,Two
DATAFLOW,OECD.CFE.EDS:DSD_REG_DEMO@DF_POP_BROAD(2.4),Population by broad age groups - Regions,I,A,Annual,CTRY,Country,AUT,Austria,_Z,Not applicable,POP,Population,Y_GE65,65 years or over,_T,Total,PT_POP,Percentage of population,2007,,16.89,,AUT,Austria,A,Normal value,0,Units,2,Two
DATAFLOW,OECD.CFE.EDS:DSD_REG_DEMO@DF_POP_BROAD(2.4),Population by broad age groups - Regions,I,A,Annual,CTRY,Country,FIN,Finland,_Z,Not applicable,POP,Population,Y_GE65,65 years or over,_T,Total,PT_POP,Percentage of population,2007,,16.46,,FIN,Finland,A,Normal value,0,Units,2,Two
DATAFLOW,OECD.CFE.EDS:DSD_REG_DEMO@DF_POP_BROAD(2.4),Population by broad age groups - Regions,I,A,Annual,CTRY,Country,MEX,Mexico,_Z,Not applicable,POP,Population,Y_GE65,65 years or over,_T,Total,PT_POP,Percentage of population,2007,,5.93,,MEX,Mexico,A,Normal value,0,Units,2,Two
DATAFLOW,OECD.CFE.EDS:DSD_REG_DEMO@DF_POP_BROAD(2.4),Population by broad age groups - Regions,I,A,Annual,CTRY,Country,POL,Poland,_Z,Not applicable,POP,Population,Y_GE65,65 years or over,_T,Total,PT_POP,Percentage of population,2007,,13.42,,POL,Poland,A,Normal value,0,Units,2,Two
DATAFLOW,OECD.CFE.EDS:DSD_REG_DEMO@DF_POP_BROAD(2.4),Population by broad age groups - Regions,I,A,Annual,CTRY,Country,USA,United States,_Z,Not applicable,POP,Population,Y_GE65,65 years or over,_T,Total,PT_POP,Percentage of population,2007,,12.56,,USA,United States,A,Normal value,0,Units,2,Two
DATAFLOW,OECD.CFE.EDS:DSD_REG_DEMO@DF_POP_BROAD(2.4),Population by broad age groups - Regions,I,A,Annual,CTRY,Country,SVK,Slovak Republic,_Z,Not applicable,POP,Population,Y_GE65,65 years or over,_T,Total,PT_POP,Percentage of population,2007,,11.96,,SVK,Slovak Republic,A,Normal value,0,Units,2,Two
DATAFLOW,OECD.CFE.EDS:DSD_REG_DEMO@DF_POP_BROAD(2.4),Population by broad age groups - Regions,I,A,Annual,CTRY,Country,LTU,Lithuania,_Z,Not applicable,POP,Population,Y_GE65,65 years or over,_T,Total,PT_POP,Percentage of population,2007,,16.65,,LTU,Lithuania,A,Normal value,0,Units,2,Two
DATAFLOW,OECD.CFE.EDS:DSD_REG_DEMO@DF_POP_BROAD(2.4),Population by broad age groups - Regions,I,A,Annual,CTRY,Country,LVA,Latvia,_Z,Not applicable,POP,Population,Y_GE65,65 years or over,_T,Total,PT_POP,Percentage of population,2007,,17.39,,LVA,Latvia,A,Normal value,0,Units,2,Two
DATAFLOW,OECD.CFE.EDS:DSD_REG_DEMO@DF_POP_BROAD(2.4),Population by broad age groups - Regions,I,A,Annual,CTRY,Country,ESP,Spain,_Z,Not applicable,POP,Population,Y_GE65,65 years or over,_T,Total,PT_POP,Percentage of population,2007,,16.54,,ESP,Spain,A,Normal value,0,Units,2,Two
DATAFLOW,OECD.CFE.EDS:DSD_REG_DEMO@DF_POP_BROAD(2.4),Population by broad age groups - Regions,I,A,Annual,CTRY,Country,ESP,Spain,_Z,Not applicable,POP,Population,Y_GE65,65 years or over,_T,Total,PT_POP,Percentage of population,2008,,16.44,,ESP,Spain,A,Normal value,0,Units,2,Two
DATAFLOW,OECD.CFE.EDS:DSD_REG_DEMO@DF_POP_BROAD(2.4),Population by broad age groups - Regions,I,A,Annual,CTRY,Country,LVA,Latvia,_Z,Not applicable,POP,Population,Y_GE65,65 years or over,_T,Total,PT_POP,Percentage of population,2008,,17.6,,LVA,Latvia,A,Normal value,0,Units,2,Two
DATAFLOW,OECD.CFE.EDS:DSD_REG_DEMO@DF_POP_BROAD(2.4),Population by broad age groups - Regions,I,A,Annual,CTRY,Country,LTU,Lithuania,_Z,Not applicable,POP,Population,Y_GE65,65 years or over,_T,Total,PT_POP,Percentage of population,2008,,16.99,,LTU,Lithuania,A,Normal value,0,Units,2,Two
DATAFLOW,OECD.CFE.EDS:DSD_REG_DEMO@DF_POP_BROAD(2.4),Population by broad age groups - Regions,I,A,Annual,CTRY,Country,SVK,Slovak Republic,_Z,Not applicable,POP,Population,Y_GE65,65 years or over,_T,Total,PT_POP,Percentage of population,2008,,12.1,,SVK,Slovak Republic,A,Normal value,0,Units,2,Two
DATAFLOW,OECD.CFE.EDS:DSD_REG_DEMO@DF_POP_BROAD(2.4),Population by broad age groups - Regions,I,A,Annual,CTRY,Country,USA,United States,_Z,Not applicable,POP,Population,Y_GE65,65 years or over,_T,Total,PT_POP,Percentage of population,2008,,12.75,,USA,United States,A,Normal value,0,Units,2,Two
DATAFLOW,OECD.CFE.EDS:DSD_REG_DEMO@DF_POP_BROAD(2.4),Population by broad age groups - Regions,I,A,Annual,CTRY,Country,POL,Poland,_Z,Not applicable,POP,Population,Y_GE65,65 years or over,_T,Total,PT_POP,Percentage of population,2008,,13.46,,POL,Poland,A,Normal value,0,Units,2,Two
DATAFLOW,OECD.CFE.EDS:DSD_REG_DEMO@DF_POP_BROAD(2.4),Population by broad age groups - Regions,I,A,Annual,CTRY,Country,MEX,Mexico,_Z,Not applicable,POP,Population,Y_GE65,65 years or over,_T,Total,PT_POP,Percentage of population,2008,,6.02,,MEX,Mexico,A,Normal value,0,Units,2,Two
DATAFLOW,OECD.CFE.EDS:DSD_REG_DEMO@DF_POP_BROAD(2.4),Population by broad age groups - Regions,I,A,Annual,CTRY,Country,FIN,Finland,_Z,Not applicable,POP,Population,Y_GE65,65 years or over,_T,Total,PT_POP,Percentage of population,2008,,16.51,,FIN,Finland,A,Normal value,0,Units,2,Two
DATAFLOW,OECD.CFE.EDS:DSD_REG_DEMO@DF_POP_BROAD(2.4),Population by broad age groups - Regions,I,A,Annual,CTRY,Country,AUT,Austria,_Z,Not applicable,POP,Population,Y_GE65,65 years or over,_T,Total,PT_POP,Percentage of population,2008,,17.14,,AUT,Austria,A,Normal value,0,Units,2,Two
DATAFLOW,OECD.CFE.EDS:DSD_REG_DEMO@DF_POP_BROAD(2.4),Population by broad age groups - Regions,I,A,Annual,CTRY,Country,ISL,Iceland,_Z,Not applicable,POP,Population,Y_GE65,65 years or over,_T,Total,PT_POP,Percentage of population,2008,,11.54,,ISL,Iceland,A,Normal value,0,Units,2,Two
DATAFLOW,OECD.CFE.EDS:DSD_REG_DEMO@DF_POP_BROAD(2.4),Population by broad age groups - Regions,I,A,Annual,CTRY,Country,CRI,Costa Rica,_Z,Not applicable,POP,Population,Y_GE65,65 years or over,_T,Total,PT_POP,Percentage of population,2008,,6.16,,CRI,Costa Rica,A,Normal value,0,Units,2,Two
DATAFLOW,OECD.CFE.EDS:DSD_REG_DEMO@DF_POP_BROAD(2.4),Population by broad age groups - Regions,I,A,Annual,CTRY,Country,EST,Estonia,_Z,Not applicable,POP,Population,Y_GE65,65 years or over,_T,Total,PT_POP,Percentage of population,2008,,17.46,,EST,Estonia,A,Normal value,0,Units,2,Two
DATAFLOW,OECD.CFE.EDS:DSD_REG_DEMO@DF_POP_BROAD(2.4),Population by broad age groups - Regions,I,A,Annual,CTRY,Country,AUS,Australia,_Z,Not applicable,POP,Population,Y_GE65,65 years or over,_T,Total,PT_POP,Percentage of population,2008,,13.2,,AUS,Australia,A,Normal value,0,Units,2,Two
DATAFLOW,OECD.CFE.EDS:DSD_REG_DEMO@DF_POP_BROAD(2.4),Population by broad age groups - Regions,I,A,Annual,CTRY,Country,HUN,Hungary,_Z,Not applicable,POP,Population,Y_GE65,65 years or over,_T,Total,PT_POP,Percentage of population,2008,,16.17,,HUN,Hungary,A,Normal value,0,Units,2,Two
DATAFLOW,OECD.CFE.EDS:DSD_REG_DEMO@DF_POP_BROAD(2.4),Population by broad age groups - Regions,I,A,Annual,CTRY,Country,TUR,Turkey,_Z,Not applicable,POP,Population,Y_GE65,65 years or over,_T,Total,PT_POP,Percentage of population,2008,,7.08,,TUR,Türkiye,A,Normal value,0,Units,2,Two
DATAFLOW,OECD.CFE.EDS:DSD_REG_DEMO@DF_POP_BROAD(2.4),Population by broad age groups - Regions,I,A,Annual,CTRY,Country,FRA,France,_Z,Not applicable,POP,Population,Y_GE65,65 years or over,_T,Total,PT_POP,Percentage of population,2008,,16.39,,FRA,France,A,Normal value,0,Units,2,Two
DATAFLOW,OECD.CFE.EDS:DSD_REG_DEMO@DF_POP_BROAD(2.4),Population by broad age groups - Regions,I,A,Annual,CTRY,Country,CHL,Chile,_Z,Not applicable,POP,Population,Y_GE65,65 years or over,_T,Total,PT_POP,Percentage of population,2008,,8.98,,CHL,Chile,A,Normal value,0,Units,2,Two
DATAFLOW,OECD.CFE.EDS:DSD_REG_DEMO@DF_POP_BROAD(2.4),Population by broad age groups - Regions,I,A,Annual,CTRY,Country,CZE,Czechia,_Z,Not applicable,POP,Population,Y_GE65,65 years or over,_T,Total,PT_POP,Percentage of population,2008,,14.62,,CZE,Czechia,A,Normal value,0,Units,2,Two
DATAFLOW,OECD.CFE.EDS:DSD_REG_DEMO@DF_POP_BROAD(2.4),Population by broad age groups - Regions,I,A,Annual,CTRY,Country,COL,Colombia,_Z,Not applicable,POP,Population,Y_GE65,65 years or over,_T,Total,PT_POP,Percentage of population,2008,,6.65,,COL,Colombia,A,Normal value,0,Units,2,Two
DATAFLOW,OECD.CFE.EDS:DSD_REG_DEMO@DF_POP_BROAD(2.4),Population by broad age groups - Regions,I,A,Annual,CTRY,Country,DNK,Denmark,_Z,Not applicable,POP,Population,Y_GE65,65 years or over,_T,Total,PT_POP,Percentage of population,2008,,15.58,,DNK,Denmark,A,Normal value,0,Units,2,Two
DATAFLOW,OECD.CFE.EDS:DSD_REG_DEMO@DF_POP_BROAD(2.4),Population by broad age groups - Regions,I,A,Annual,CTRY,Country,GBR,United Kingdom,_Z,Not applicable,POP,Population,Y_GE65,65 years or over,_T,Total,PT_POP,Percentage of population,2008,,16,,GBR,United Kingdom,A,Normal value,0,Units,2,Two
DATAFLOW,OECD.CFE.EDS:DSD_REG_DEMO@DF_POP_BROAD(2.4),Population by broad age groups - Regions,I,A,Annual,CTRY,Country,NLD,Netherlands,_Z,Not applicable,POP,Population,Y_GE65,65 years or over,_T,Total,PT_POP,Percentage of population,2008,,14.72,,NLD,Netherlands,A,Normal value,0,Units,2,Two
DATAFLOW,OECD.CFE.EDS:DSD_REG_DEMO@DF_POP_BROAD(2.4),Population by broad age groups - Regions,I,A,Annual,CTRY,Country,LUX,Luxembourg,_Z,Not applicable,POP,Population,Y_GE65,65 years or over,_T,Total,PT_POP,Percentage of population,2008,,13.99,,LUX,Luxembourg,A,Normal value,0,Units,2,Two
DATAFLOW,OECD.CFE.EDS:DSD_REG_DEMO@DF_POP_BROAD(2.4),Population by broad age groups - Regions,I,A,Annual,CTRY,Country,ISR,Israel,_Z,Not applicable,POP,Population,Y_GE65,65 years or over,_T,Total,PT_POP,Percentage of population,2008,,9.79,,ISR,Israel,A,Normal value,0,Units,2,Two
DATAFLOW,OECD.CFE.EDS:DSD_REG_DEMO@DF_POP_BROAD(2.4),Population by broad age groups - Regions,I,A,Annual,CTRY,Country,IRL,Ireland,_Z,Not applicable,POP,Population,Y_GE65,65 years or over,_T,Total,PT_POP,Percentage of population,2008,,10.78,,IRL,Ireland,A,Normal value,0,Units,2,Two
DATAFLOW,OECD.CFE.EDS:DSD_REG_DEMO@DF_POP_BROAD(2.4),Population by broad age groups - Regions,I,A,Annual,CTRY,Country,KOR,Korea,_Z,Not applicable,POP,Population,Y_GE65,65 years or over,_T,Total,PT_POP,Percentage of population,2008,,10.17,,KOR,Korea,A,Normal value,0,Units,2,Two
DATAFLOW,OECD.CFE.EDS:DSD_REG_DEMO@DF_POP_BROAD(2.4),Population by broad age groups - Regions,I,A,Annual,CTRY,Country,CAN,Canada,_Z,Not applicable,POP,Population,Y_GE65,65 years or over,_T,Total,PT_POP,Percentage of population,2008,,13.66,,CAN,Canada,A,Normal value,0,Units,2,Two
DATAFLOW,OECD.CFE.EDS:DSD_REG_DEMO@DF_POP_BROAD(2.4),Population by broad age groups - Regions,I,A,Annual,CTRY,Country,ITA,Italy,_Z,Not applicable,POP,Population,Y_GE65,65 years or over,_T,Total,PT_POP,Percentage of population,2008,,20.15,,ITA,Italy,A,Normal value,0,Units,2,Two
DATAFLOW,OECD.CFE.EDS:DSD_REG_DEMO@DF_POP_BROAD(2.4),Population by broad age groups - Regions,I,A,Annual,CTRY,Country,DEU,Germany,_Z,Not applicable,POP,Population,Y_GE65,65 years or over,_T,Total,PT_POP,Percentage of population,2008,,20.09,,DEU,Germany,A,Normal value,0,Units,2,Two
DATAFLOW,OECD.CFE.EDS:DSD_REG_DEMO@DF_POP_BROAD(2.4),Population by broad age groups - Regions,I,A,Annual,CTRY,Country,PRT,Portugal,_Z,Not applicable,POP,Population,Y_GE65,65 years or over,_T,Total,PT_POP,Percentage of population,2008,,17.72,,PRT,Portugal,A,Normal value,0,Units,2,Two
DATAFLOW,OECD.CFE.EDS:DSD_REG_DEMO@DF_POP_BROAD(2.4),Population by broad age groups - Regions,I,A,Annual,CTRY,Country,CHE,Switzerland,_Z,Not applicable,POP,Population,Y_GE65,65 years or over,_T,Total,PT_POP,Percentage of population,2008,,16.4,,CHE,Switzerland,A,Normal value,0,Units,2,Two
DATAFLOW,OECD.CFE.EDS:DSD_REG_DEMO@DF_POP_BROAD(2.4),Population by broad age groups - Regions,I,A,Annual,CTRY,Country,GRC,Greece,_Z,Not applicable,POP,Population,Y_GE65,65 years or over,_T,Total,PT_POP,Percentage of population,2008,,18.66,,GRC,Greece,A,Normal value,0,Units,2,Two
DATAFLOW,OECD.CFE.EDS:DSD_REG_DEMO@DF_POP_BROAD(2.4),Population by broad age groups - Regions,I,A,Annual,CTRY,Country,SVN,Slovenia,_Z,Not applicable,POP,Population,Y_GE65,65 years or over,_T,Total,PT_POP,Percentage of population,2008,,16.26,,SVN,Slovenia,A,Normal value,0,Units,2,Two
DATAFLOW,OECD.CFE.EDS:DSD_REG_DEMO@DF_POP_BROAD(2.4),Population by broad age groups - Regions,I,A,Annual,CTRY,Country,NZL,New Zealand,_Z,Not applicable,POP,Population,Y_GE65,65 years or over,_T,Total,PT_POP,Percentage of population,2008,,12.56,,NZL,New Zealand,A,Normal value,0,Units,2,Two
DATAFLOW,OECD.CFE.EDS:DSD_REG_DEMO@DF_POP_BROAD(2.4),Population by broad age groups - Regions,I,A,Annual,CTRY,Country,JPN,Japan,_Z,Not applicable,POP,Population,Y_GE65,65 years or over,_T,Total,PT_POP,Percentage of population,2008,,22.1,,JPN,Japan,A,Normal value,0,Units,2,Two
DATAFLOW,OECD.CFE.EDS:DSD_REG_DEMO@DF_POP_BROAD(2.4),Population by broad age groups - Regions,I,A,Annual,CTRY,Country,BEL,Belgium,_Z,Not applicable,POP,Population,Y_GE65,65 years or over,_T,Total,PT_POP,Percentage of population,2008,,17.06,,BEL,Belgium,A,Normal value,0,Units,2,Two
DATAFLOW,OECD.CFE.EDS:DSD_REG_DEMO@DF_POP_BROAD(2.4),Population by broad age groups - Regions,I,A,Annual,CTRY,Country,NOR,Norway,_Z,Not applicable,POP,Population,Y_GE65,65 years or over,_T,Total,PT_POP,Percentage of population,2008,,14.64,,NOR,Norway,A,Normal value,0,Units,2,Two
DATAFLOW,OECD.CFE.EDS:DSD_REG_DEMO@DF_POP_BROAD(2.4),Population by broad age groups - Regions,I,A,Annual,CTRY,Country,SWE,Sweden,_Z,Not applicable,POP,Population,Y_GE65,65 years or over,_T,Total,PT_POP,Percentage of population,2008,,17.52,,SWE,Sweden,A,Normal value,0,Units,2,Two
DATAFLOW,OECD.CFE.EDS:DSD_REG_DEMO@DF_POP_BROAD(2.4),Population by broad age groups - Regions,I,A,Annual,CTRY,Country,SWE,Sweden,_Z,Not applicable,POP,Population,Y_GE65,65 years or over,_T,Total,PT_POP,Percentage of population,2009,,17.77,,SWE,Sweden,A,Normal value,0,Units,2,Two
DATAFLOW,OECD.CFE.EDS:DSD_REG_DEMO@DF_POP_BROAD(2.4),Population by broad age groups - Regions,I,A,Annual,CTRY,Country,NOR,Norway,_Z,Not applicable,POP,Population,Y_GE65,65 years or over,_T,Total,PT_POP,Percentage of population,2009,,14.69,,NOR,Norway,A,Normal value,0,Units,2,Two
DATAFLOW,OECD.CFE.EDS:DSD_REG_DEMO@DF_POP_BROAD(2.4),Population by broad age groups - Regions,I,A,Annual,CTRY,Country,BEL,Belgium,_Z,Not applicable,POP,Population,Y_GE65,65 years or over,_T,Total,PT_POP,Percentage of population,2009,,17.08,,BEL,Belgium,A,Normal value,0,Units,2,Two
DATAFLOW,OECD.CFE.EDS:DSD_REG_DEMO@DF_POP_BROAD(2.4),Population by broad age groups - Regions,I,A,Annual,CTRY,Country,JPN,Japan,_Z,Not applicable,POP,Population,Y_GE65,65 years or over,_T,Total,PT_POP,Percentage of population,2009,,22.75,,JPN,Japan,A,Normal value,0,Units,2,Two
DATAFLOW,OECD.CFE.EDS:DSD_REG_DEMO@DF_POP_BROAD(2.4),Population by broad age groups - Regions,I,A,Annual,CTRY,Country,NZL,New Zealand,_Z,Not applicable,POP,Population,Y_GE65,65 years or over,_T,Total,PT_POP,Percentage of population,2009,,12.74,,NZL,New Zealand,A,Normal value,0,Units,2,Two
DATAFLOW,OECD.CFE.EDS:DSD_REG_DEMO@DF_POP_BROAD(2.4),Population by broad age groups - Regions,I,A,Annual,CTRY,Country,SVN,Slovenia,_Z,Not applicable,POP,Population,Y_GE65,65 years or over,_T,Total,PT_POP,Percentage of population,2009,,16.44,,SVN,Slovenia,A,Normal value,0,Units,2,Two
DATAFLOW,OECD.CFE.EDS:DSD_REG_DEMO@DF_POP_BROAD(2.4),Population by broad age groups - Regions,I,A,Annual,CTRY,Country,GRC,Greece,_Z,Not applicable,POP,Population,Y_GE65,65 years or over,_T,Total,PT_POP,Percentage of population,2009,,18.77,,GRC,Greece,A,Normal value,0,Units,2,Two
DATAFLOW,OECD.CFE.EDS:DSD_REG_DEMO@DF_POP_BROAD(2.4),Population by broad age groups - Regions,I,A,Annual,CTRY,Country,CHE,Switzerland,_Z,Not applicable,POP,Population,Y_GE65,65 years or over,_T,Total,PT_POP,Percentage of population,2009,,16.57,,CHE,Switzerland,A,Normal value,0,Units,2,Two
DATAFLOW,OECD.CFE.EDS:DSD_REG_DEMO@DF_POP_BROAD(2.4),Population by broad age groups - Regions,I,A,Annual,CTRY,Country,PRT,Portugal,_Z,Not applicable,POP,Population,Y_GE65,65 years or over,_T,Total,PT_POP,Percentage of population,2009,,17.97,,PRT,Portugal,A,Normal value,0,Units,2,Two
DATAFLOW,OECD.CFE.EDS:DSD_REG_DEMO@DF_POP_BROAD(2.4),Population by broad age groups - Regions,I,A,Annual,CTRY,Country,DEU,Germany,_Z,Not applicable,POP,Population,Y_GE65,65 years or over,_T,Total,PT_POP,Percentage of population,2009,,20.4,,DEU,Germany,A,Normal value,0,Units,2,Two
DATAFLOW,OECD.CFE.EDS:DSD_REG_DEMO@DF_POP_BROAD(2.4),Population by broad age groups - Regions,I,A,Annual,CTRY,Country,ITA,Italy,_Z,Not applicable,POP,Population,Y_GE65,65 years or over,_T,Total,PT_POP,Percentage of population,2009,,20.25,,ITA,Italy,A,Normal value,0,Units,2,Two
DATAFLOW,OECD.CFE.EDS:DSD_REG_DEMO@DF_POP_BROAD(2.4),Population by broad age groups - Regions,I,A,Annual,CTRY,Country,CAN,Canada,_Z,Not applicable,POP,Population,Y_GE65,65 years or over,_T,Total,PT_POP,Percentage of population,2009,,13.88,,CAN,Canada,A,Normal value,0,Units,2,Two
DATAFLOW,OECD.CFE.EDS:DSD_REG_DEMO@DF_POP_BROAD(2.4),Population by broad age groups - Regions,I,A,Annual,CTRY,Country,KOR,Korea,_Z,Not applicable,POP,Population,Y_GE65,65 years or over,_T,Total,PT_POP,Percentage of population,2009,,10.5,,KOR,Korea,A,Normal value,0,Units,2,Two
DATAFLOW,OECD.CFE.EDS:DSD_REG_DEMO@DF_POP_BROAD(2.4),Population by broad age groups - Regions,I,A,Annual,CTRY,Country,IRL,Ireland,_Z,Not applicable,POP,Population,Y_GE65,65 years or over,_T,Total,PT_POP,Percentage of population,2009,,10.94,,IRL,Ireland,A,Normal value,0,Units,2,Two
DATAFLOW,OECD.CFE.EDS:DSD_REG_DEMO@DF_POP_BROAD(2.4),Population by broad age groups - Regions,I,A,Annual,CTRY,Country,ISR,Israel,_Z,Not applicable,POP,Population,Y_GE65,65 years or over,_T,Total,PT_POP,Percentage of population,2009,,9.81,,ISR,Israel,A,Normal value,0,Units,2,Two
DATAFLOW,OECD.CFE.EDS:DSD_REG_DEMO@DF_POP_BROAD(2.4),Population by broad age groups - Regions,I,A,Annual,CTRY,Country,LUX,Luxembourg,_Z,Not applicable,POP,Population,Y_GE65,65 years or over,_T,Total,PT_POP,Percentage of population,2009,,13.96,,LUX,Luxembourg,A,Normal value,0,Units,2,Two
DATAFLOW,OECD.CFE.EDS:DSD_REG_DEMO@DF_POP_BROAD(2.4),Population by broad age groups - Regions,I,A,Annual,CTRY,Country,NLD,Netherlands,_Z,Not applicable,POP,Population,Y_GE65,65 years or over,_T,Total,PT_POP,Percentage of population,2009,,14.99,,NLD,Netherlands,A,Normal value,0,Units,2,Two
DATAFLOW,OECD.CFE.EDS:DSD_REG_DEMO@DF_POP_BROAD(2.4),Population by broad age groups - Regions,I,A,Annual,CTRY,Country,DNK,Denmark,_Z,Not applicable,POP,Population,Y_GE65,65 years or over,_T,Total,PT_POP,Percentage of population,2009,,15.89,,DNK,Denmark,A,Normal value,0,Units,2,Two
DATAFLOW,OECD.CFE.EDS:DSD_REG_DEMO@DF_POP_BROAD(2.4),Population by broad age groups - Regions,I,A,Annual,CTRY,Country,COL,Colombia,_Z,Not applicable,POP,Population,Y_GE65,65 years or over,_T,Total,PT_POP,Percentage of population,2009,,6.82,,COL,Colombia,A,Normal value,0,Units,2,Two
DATAFLOW,OECD.CFE.EDS:DSD_REG_DEMO@DF_POP_BROAD(2.4),Population by broad age groups - Regions,I,A,Annual,CTRY,Country,CZE,Czechia,_Z,Not applicable,POP,Population,Y_GE65,65 years or over,_T,Total,PT_POP,Percentage of population,2009,,14.93,,CZE,Czechia,A,Normal value,0,Units,2,Two
DATAFLOW,OECD.CFE.EDS:DSD_REG_DEMO@DF_POP_BROAD(2.4),Population by broad age groups - Regions,I,A,Annual,CTRY,Country,CHL,Chile,_Z,Not applicable,POP,Population,Y_GE65,65 years or over,_T,Total,PT_POP,Percentage of population,2009,,9.17,,CHL,Chile,A,Normal value,0,Units,2,Two
DATAFLOW,OECD.CFE.EDS:DSD_REG_DEMO@DF_POP_BROAD(2.4),Population by broad age groups - Regions,I,A,Annual,CTRY,Country,FRA,France,_Z,Not applicable,POP,Population,Y_GE65,65 years or over,_T,Total,PT_POP,Percentage of population,2009,,16.5,,FRA,France,A,Normal value,0,Units,2,Two
DATAFLOW,OECD.CFE.EDS:DSD_REG_DEMO@DF_POP_BROAD(2.4),Population by broad age groups - Regions,I,A,Annual,CTRY,Country,TUR,Turkey,_Z,Not applicable,POP,Population,Y_GE65,65 years or over,_T,Total,PT_POP,Percentage of population,2009,,6.84,,TUR,Türkiye,A,Normal value,0,Units,2,Two
DATAFLOW,OECD.CFE.EDS:DSD_REG_DEMO@DF_POP_BROAD(2.4),Population by broad age groups - Regions,I,A,Annual,CTRY,Country,HUN,Hungary,_Z,Not applicable,POP,Population,Y_GE65,65 years or over,_T,Total,PT_POP,Percentage of population,2009,,16.35,,HUN,Hungary,A,Normal value,0,Units,2,Two
DATAFLOW,OECD.CFE.EDS:DSD_REG_DEMO@DF_POP_BROAD(2.4),Population by broad age groups - Regions,I,A,Annual,CTRY,Country,AUS,Australia,_Z,Not applicable,POP,Population,Y_GE65,65 years or over,_T,Total,PT_POP,Percentage of population,2009,,13.33,,AUS,Australia,A,Normal value,0,Units,2,Two
DATAFLOW,OECD.CFE.EDS:DSD_REG_DEMO@DF_POP_BROAD(2.4),Population by broad age groups - Regions,I,A,Annual,CTRY,Country,EST,Estonia,_Z,Not applicable,POP,Population,Y_GE65,65 years or over,_T,Total,PT_POP,Percentage of population,2009,,17.43,,EST,Estonia,A,Normal value,0,Units,2,Two
DATAFLOW,OECD.CFE.EDS:DSD_REG_DEMO@DF_POP_BROAD(2.4),Population by broad age groups - Regions,I,A,Annual,CTRY,Country,CRI,Costa Rica,_Z,Not applicable,POP,Population,Y_GE65,65 years or over,_T,Total,PT_POP,Percentage of population,2009,,6.3,,CRI,Costa Rica,A,Normal value,0,Units,2,Two
DATAFLOW,OECD.CFE.EDS:DSD_REG_DEMO@DF_POP_BROAD(2.4),Population by broad age groups - Regions,I,A,Annual,CTRY,Country,ISL,Iceland,_Z,Not applicable,POP,Population,Y_GE65,65 years or over,_T,Total,PT_POP,Percentage of population,2009,,11.64,,ISL,Iceland,A,Normal value,0,Units,2,Two
DATAFLOW,OECD.CFE.EDS:DSD_REG_DEMO@DF_POP_BROAD(2.4),Population by broad age groups - Regions,I,A,Annual,CTRY,Country,AUT,Austria,_Z,Not applicable,POP,Population,Y_GE65,65 years or over,_T,Total,PT_POP,Percentage of population,2009,,17.39,,AUT,Austria,A,Normal value,0,Units,2,Two
DATAFLOW,OECD.CFE.EDS:DSD_REG_DEMO@DF_POP_BROAD(2.4),Population by broad age groups - Regions,I,A,Annual,CTRY,Country,FIN,Finland,_Z,Not applicable,POP,Population,Y_GE65,65 years or over,_T,Total,PT_POP,Percentage of population,2009,,16.75,,FIN,Finland,A,Normal value,0,Units,2,Two
DATAFLOW,OECD.CFE.EDS:DSD_REG_DEMO@DF_POP_BROAD(2.4),Population by broad age groups - Regions,I,A,Annual,CTRY,Country,MEX,Mexico,_Z,Not applicable,POP,Population,Y_GE65,65 years or over,_T,Total,PT_POP,Percentage of population,2009,,6.11,,MEX,Mexico,A,Normal value,0,Units,2,Two
DATAFLOW,OECD.CFE.EDS:DSD_REG_DEMO@DF_POP_BROAD(2.4),Population by broad age groups - Regions,I,A,Annual,CTRY,Country,POL,Poland,_Z,Not applicable,POP,Population,Y_GE65,65 years or over,_T,Total,PT_POP,Percentage of population,2009,,13.49,,POL,Poland,A,Normal value,0,Units,2,Two
DATAFLOW,OECD.CFE.EDS:DSD_REG_DEMO@DF_POP_BROAD(2.4),Population by broad age groups - Regions,I,A,Annual,CTRY,Country,USA,United States,_Z,Not applicable,POP,Population,Y_GE65,65 years or over,_T,Total,PT_POP,Percentage of population,2009,,12.92,,USA,United States,A,Normal value,0,Units,2,Two
DATAFLOW,OECD.CFE.EDS:DSD_REG_DEMO@DF_POP_BROAD(2.4),Population by broad age groups - Regions,I,A,Annual,CTRY,Country,SVK,Slovak Republic,_Z,Not applicable,POP,Population,Y_GE65,65 years or over,_T,Total,PT_POP,Percentage of population,2009,,12.24,,SVK,Slovak Republic,A,Normal value,0,Units,2,Two
DATAFLOW,OECD.CFE.EDS:DSD_REG_DEMO@DF_POP_BROAD(2.4),Population by broad age groups - Regions,I,A,Annual,CTRY,Country,LTU,Lithuania,_Z,Not applicable,POP,Population,Y_GE65,65 years or over,_T,Total,PT_POP,Percentage of population,2009,,17.2,,LTU,Lithuania,A,Normal value,0,Units,2,Two
DATAFLOW,OECD.CFE.EDS:DSD_REG_DEMO@DF_POP_BROAD(2.4),Population by broad age groups - Regions,I,A,Annual,CTRY,Country,LVA,Latvia,_Z,Not applicable,POP,Population,Y_GE65,65 years or over,_T,Total,PT_POP,Percentage of population,2009,,17.82,,LVA,Latvia,A,Normal value,0,Units,2,Two
DATAFLOW,OECD.CFE.EDS:DSD_REG_DEMO@DF_POP_BROAD(2.4),Population by broad age groups - Regions,I,A,Annual,CTRY,Country,ESP,Spain,_Z,Not applicable,POP,Population,Y_GE65,65 years or over,_T,Total,PT_POP,Percentage of population,2009,,16.56,,ESP,Spain,A,Normal value,0,Units,2,Two
DATAFLOW,OECD.CFE.EDS:DSD_REG_DEMO@DF_POP_BROAD(2.4),Population by broad age groups - Regions,I,A,Annual,CTRY,Country,GBR,United Kingdom,_Z,Not applicable,POP,Population,Y_GE65,65 years or over,_T,Total,PT_POP,Percentage of population,2009,,16.18,,GBR,United Kingdom,E,Estimated value,0,Units,2,Two
DATAFLOW,OECD.CFE.EDS:DSD_REG_DEMO@DF_POP_BROAD(2.4),Population by broad age groups - Regions,I,A,Annual,CTRY,Country,ESP,Spain,_Z,Not applicable,POP,Population,Y_GE65,65 years or over,_T,Total,PT_POP,Percentage of population,2010,,16.8,,ESP,Spain,A,Normal value,0,Units,2,Two
DATAFLOW,OECD.CFE.EDS:DSD_REG_DEMO@DF_POP_BROAD(2.4),Population by broad age groups - Regions,I,A,Annual,CTRY,Country,LVA,Latvia,_Z,Not applicable,POP,Population,Y_GE65,65 years or over,_T,Total,PT_POP,Percentage of population,2010,,18.12,,LVA,Latvia,A,Normal value,0,Units,2,Two
DATAFLOW,OECD.CFE.EDS:DSD_REG_DEMO@DF_POP_BROAD(2.4),Population by broad age groups - Regions,I,A,Annual,CTRY,Country,LTU,Lithuania,_Z,Not applicable,POP,Population,Y_GE65,65 years or over,_T,Total,PT_POP,Percentage of population,2010,,17.34,,LTU,Lithuania,A,Normal value,0,Units,2,Two
DATAFLOW,OECD.CFE.EDS:DSD_REG_DEMO@DF_POP_BROAD(2.4),Population by broad age groups - Regions,I,A,Annual,CTRY,Country,SVK,Slovak Republic,_Z,Not applicable,POP,Population,Y_GE65,65 years or over,_T,Total,PT_POP,Percentage of population,2010,,12.44,,SVK,Slovak Republic,A,Normal value,0,Units,2,Two
DATAFLOW,OECD.CFE.EDS:DSD_REG_DEMO@DF_POP_BROAD(2.4),Population by broad age groups - Regions,I,A,Annual,CTRY,Country,USA,United States,_Z,Not applicable,POP,Population,Y_GE65,65 years or over,_T,Total,PT_POP,Percentage of population,2010,,13.09,,USA,United States,A,Normal value,0,Units,2,Two
DATAFLOW,OECD.CFE.EDS:DSD_REG_DEMO@DF_POP_BROAD(2.4),Population by broad age groups - Regions,I,A,Annual,CTRY,Country,POL,Poland,_Z,Not applicable,POP,Population,Y_GE65,65 years or over,_T,Total,PT_POP,Percentage of population,2010,,13.57,,POL,Poland,A,Normal value,0,Units,2,Two
DATAFLOW,OECD.CFE.EDS:DSD_REG_DEMO@DF_POP_BROAD(2.4),Population by broad age groups - Regions,I,A,Annual,CTRY,Country,MEX,Mexico,_Z,Not applicable,POP,Population,Y_GE65,65 years or over,_T,Total,PT_POP,Percentage of population,2010,,6.2,,MEX,Mexico,A,Normal value,0,Units,2,Two
DATAFLOW,OECD.CFE.EDS:DSD_REG_DEMO@DF_POP_BROAD(2.4),Population by broad age groups - Regions,I,A,Annual,CTRY,Country,FIN,Finland,_Z,Not applicable,POP,Population,Y_GE65,65 years or over,_T,Total,PT_POP,Percentage of population,2010,,17.01,,FIN,Finland,A,Normal value,0,Units,2,Two
DATAFLOW,OECD.CFE.EDS:DSD_REG_DEMO@DF_POP_BROAD(2.4),Population by broad age groups - Regions,I,A,Annual,CTRY,Country,AUT,Austria,_Z,Not applicable,POP,Population,Y_GE65,65 years or over,_T,Total,PT_POP,Percentage of population,2010,,17.64,,AUT,Austria,A,Normal value,0,Units,2,Two
DATAFLOW,OECD.CFE.EDS:DSD_REG_DEMO@DF_POP_BROAD(2.4),Population by broad age groups - Regions,I,A,Annual,CTRY,Country,ISL,Iceland,_Z,Not applicable,POP,Population,Y_GE65,65 years or over,_T,Total,PT_POP,Percentage of population,2010,,11.99,,ISL,Iceland,A,Normal value,0,Units,2,Two
DATAFLOW,OECD.CFE.EDS:DSD_REG_DEMO@DF_POP_BROAD(2.4),Population by broad age groups - Regions,I,A,Annual,CTRY,Country,CRI,Costa Rica,_Z,Not applicable,POP,Population,Y_GE65,65 years or over,_T,Total,PT_POP,Percentage of population,2010,,6.46,,CRI,Costa Rica,A,Normal value,0,Units,2,Two
DATAFLOW,OECD.CFE.EDS:DSD_REG_DEMO@DF_POP_BROAD(2.4),Population by broad age groups - Regions,I,A,Annual,CTRY,Country,EST,Estonia,_Z,Not applicable,POP,Population,Y_GE65,65 years or over,_T,Total,PT_POP,Percentage of population,2010,,17.43,,EST,Estonia,A,Normal value,0,Units,2,Two
DATAFLOW,OECD.CFE.EDS:DSD_REG_DEMO@DF_POP_BROAD(2.4),Population by broad age groups - Regions,I,A,Annual,CTRY,Country,AUS,Australia,_Z,Not applicable,POP,Population,Y_GE65,65 years or over,_T,Total,PT_POP,Percentage of population,2010,,13.56,,AUS,Australia,A,Normal value,0,Units,2,Two
DATAFLOW,OECD.CFE.EDS:DSD_REG_DEMO@DF_POP_BROAD(2.4),Population by broad age groups - Regions,I,A,Annual,CTRY,Country,HUN,Hungary,_Z,Not applicable,POP,Population,Y_GE65,65 years or over,_T,Total,PT_POP,Percentage of population,2010,,16.61,,HUN,Hungary,A,Normal value,0,Units,2,Two
DATAFLOW,OECD.CFE.EDS:DSD_REG_DEMO@DF_POP_BROAD(2.4),Population by broad age groups - Regions,I,A,Annual,CTRY,Country,TUR,Turkey,_Z,Not applicable,POP,Population,Y_GE65,65 years or over,_T,Total,PT_POP,Percentage of population,2010,,7.01,,TUR,Türkiye,A,Normal value,0,Units,2,Two
DATAFLOW,OECD.CFE.EDS:DSD_REG_DEMO@DF_POP_BROAD(2.4),Population by broad age groups - Regions,I,A,Annual,CTRY,Country,FRA,France,_Z,Not applicable,POP,Population,Y_GE65,65 years or over,_T,Total,PT_POP,Percentage of population,2010,,16.61,,FRA,France,A,Normal value,0,Units,2,Two
DATAFLOW,OECD.CFE.EDS:DSD_REG_DEMO@DF_POP_BROAD(2.4),Population by broad age groups - Regions,I,A,Annual,CTRY,Country,CHL,Chile,_Z,Not applicable,POP,Population,Y_GE65,65 years or over,_T,Total,PT_POP,Percentage of population,2010,,9.37,,CHL,Chile,A,Normal value,0,Units,2,Two
DATAFLOW,OECD.CFE.EDS:DSD_REG_DEMO@DF_POP_BROAD(2.4),Population by broad age groups - Regions,I,A,Annual,CTRY,Country,CZE,Czechia,_Z,Not applicable,POP,Population,Y_GE65,65 years or over,_T,Total,PT_POP,Percentage of population,2010,,15.29,,CZE,Czechia,A,Normal value,0,Units,2,Two
DATAFLOW,OECD.CFE.EDS:DSD_REG_DEMO@DF_POP_BROAD(2.4),Population by broad age groups - Regions,I,A,Annual,CTRY,Country,COL,Colombia,_Z,Not applicable,POP,Population,Y_GE65,65 years or over,_T,Total,PT_POP,Percentage of population,2010,,7,,COL,Colombia,A,Normal value,0,Units,2,Two
DATAFLOW,OECD.CFE.EDS:DSD_REG_DEMO@DF_POP_BROAD(2.4),Population by broad age groups - Regions,I,A,Annual,CTRY,Country,DNK,Denmark,_Z,Not applicable,POP,Population,Y_GE65,65 years or over,_T,Total,PT_POP,Percentage of population,2010,,16.31,,DNK,Denmark,A,Normal value,0,Units,2,Two
DATAFLOW,OECD.CFE.EDS:DSD_REG_DEMO@DF_POP_BROAD(2.4),Population by broad age groups - Regions,I,A,Annual,CTRY,Country,NLD,Netherlands,_Z,Not applicable,POP,Population,Y_GE65,65 years or over,_T,Total,PT_POP,Percentage of population,2010,,15.31,,NLD,Netherlands,A,Normal value,0,Units,2,Two
DATAFLOW,OECD.CFE.EDS:DSD_REG_DEMO@DF_POP_BROAD(2.4),Population by broad age groups - Regions,I,A,Annual,CTRY,Country,LUX,Luxembourg,_Z,Not applicable,POP,Population,Y_GE65,65 years or over,_T,Total,PT_POP,Percentage of population,2010,,13.95,,LUX,Luxembourg,A,Normal value,0,Units,2,Two
DATAFLOW,OECD.CFE.EDS:DSD_REG_DEMO@DF_POP_BROAD(2.4),Population by broad age groups - Regions,I,A,Annual,CTRY,Country,ISR,Israel,_Z,Not applicable,POP,Population,Y_GE65,65 years or over,_T,Total,PT_POP,Percentage of population,2010,,9.87,,ISR,Israel,A,Normal value,0,Units,2,Two
DATAFLOW,OECD.CFE.EDS:DSD_REG_DEMO@DF_POP_BROAD(2.4),Population by broad age groups - Regions,I,A,Annual,CTRY,Country,IRL,Ireland,_Z,Not applicable,POP,Population,Y_GE65,65 years or over,_T,Total,PT_POP,Percentage of population,2010,,11.22,,IRL,Ireland,A,Normal value,0,Units,2,Two
DATAFLOW,OECD.CFE.EDS:DSD_REG_DEMO@DF_POP_BROAD(2.4),Population by broad age groups - Regions,I,A,Annual,CTRY,Country,KOR,Korea,_Z,Not applicable,POP,Population,Y_GE65,65 years or over,_T,Total,PT_POP,Percentage of population,2010,,10.83,,KOR,Korea,A,Normal value,0,Units,2,Two
DATAFLOW,OECD.CFE.EDS:DSD_REG_DEMO@DF_POP_BROAD(2.4),Population by broad age groups - Regions,I,A,Annual,CTRY,Country,CAN,Canada,_Z,Not applicable,POP,Population,Y_GE65,65 years or over,_T,Total,PT_POP,Percentage of population,2010,,14.13,,CAN,Canada,A,Normal value,0,Units,2,Two
DATAFLOW,OECD.CFE.EDS:DSD_REG_DEMO@DF_POP_BROAD(2.4),Population by broad age groups - Regions,I,A,Annual,CTRY,Country,ITA,Italy,_Z,Not applicable,POP,Population,Y_GE65,65 years or over,_T,Total,PT_POP,Percentage of population,2010,,20.36,,ITA,Italy,A,Normal value,0,Units,2,Two
DATAFLOW,OECD.CFE.EDS:DSD_REG_DEMO@DF_POP_BROAD(2.4),Population by broad age groups - Regions,I,A,Annual,CTRY,Country,DEU,Germany,_Z,Not applicable,POP,Population,Y_GE65,65 years or over,_T,Total,PT_POP,Percentage of population,2010,,20.66,,DEU,Germany,A,Normal value,0,Units,2,Two
DATAFLOW,OECD.CFE.EDS:DSD_REG_DEMO@DF_POP_BROAD(2.4),Population by broad age groups - Regions,I,A,Annual,CTRY,Country,PRT,Portugal,_Z,Not applicable,POP,Population,Y_GE65,65 years or over,_T,Total,PT_POP,Percentage of population,2010,,18.26,,PRT,Portugal,A,Normal value,0,Units,2,Two
DATAFLOW,OECD.CFE.EDS:DSD_REG_DEMO@DF_POP_BROAD(2.4),Population by broad age groups - Regions,I,A,Annual,CTRY,Country,CHE,Switzerland,_Z,Not applicable,POP,Population,Y_GE65,65 years or over,_T,Total,PT_POP,Percentage of population,2010,,16.81,,CHE,Switzerland,A,Normal value,0,Units,2,Two
DATAFLOW,OECD.CFE.EDS:DSD_REG_DEMO@DF_POP_BROAD(2.4),Population by broad age groups - Regions,I,A,Annual,CTRY,Country,GRC,Greece,_Z,Not applicable,POP,Population,Y_GE65,65 years or over,_T,Total,PT_POP,Percentage of population,2010,,18.98,,GRC,Greece,A,Normal value,0,Units,2,Two
DATAFLOW,OECD.CFE.EDS:DSD_REG_DEMO@DF_POP_BROAD(2.4),Population by broad age groups - Regions,I,A,Annual,CTRY,Country,SVN,Slovenia,_Z,Not applicable,POP,Population,Y_GE65,65 years or over,_T,Total,PT_POP,Percentage of population,2010,,16.53,,SVN,Slovenia,A,Normal value,0,Units,2,Two
DATAFLOW,OECD.CFE.EDS:DSD_REG_DEMO@DF_POP_BROAD(2.4),Population by broad age groups - Regions,I,A,Annual,CTRY,Country,NZL,New Zealand,_Z,Not applicable,POP,Population,Y_GE65,65 years or over,_T,Total,PT_POP,Percentage of population,2010,,12.95,,NZL,New Zealand,A,Normal value,0,Units,2,Two
DATAFLOW,OECD.CFE.EDS:DSD_REG_DEMO@DF_POP_BROAD(2.4),Population by broad age groups - Regions,I,A,Annual,CTRY,Country,JPN,Japan,_Z,Not applicable,POP,Population,Y_GE65,65 years or over,_T,Total,PT_POP,Percentage of population,2010,,22.84,,JPN,Japan,A,Normal value,0,Units,2,Two
DATAFLOW,OECD.CFE.EDS:DSD_REG_DEMO@DF_POP_BROAD(2.4),Population by broad age groups - Regions,I,A,Annual,CTRY,Country,BEL,Belgium,_Z,Not applicable,POP,Population,Y_GE65,65 years or over,_T,Total,PT_POP,Percentage of population,2010,,17.16,,BEL,Belgium,A,Normal value,0,Units,2,Two
DATAFLOW,OECD.CFE.EDS:DSD_REG_DEMO@DF_POP_BROAD(2.4),Population by broad age groups - Regions,I,A,Annual,CTRY,Country,NOR,Norway,_Z,Not applicable,POP,Population,Y_GE65,65 years or over,_T,Total,PT_POP,Percentage of population,2010,,14.88,,NOR,Norway,A,Normal value,0,Units,2,Two
DATAFLOW,OECD.CFE.EDS:DSD_REG_DEMO@DF_POP_BROAD(2.4),Population by broad age groups - Regions,I,A,Annual,CTRY,Country,SWE,Sweden,_Z,Not applicable,POP,Population,Y_GE65,65 years or over,_T,Total,PT_POP,Percentage of population,2010,,18.1,,SWE,Sweden,A,Normal value,0,Units,2,Two
DATAFLOW,OECD.CFE.EDS:DSD_REG_DEMO@DF_POP_BROAD(2.4),Population by broad age groups - Regions,I,A,Annual,CTRY,Country,GBR,United Kingdom,_Z,Not applicable,POP,Population,Y_GE65,65 years or over,_T,Total,PT_POP,Percentage of population,2010,,16.35,,GBR,United Kingdom,E,Estimated value,0,Units,2,Two
DATAFLOW,OECD.CFE.EDS:DSD_REG_DEMO@DF_POP_BROAD(2.4),Population by broad age groups - Regions,I,A,Annual,CTRY,Country,SWE,Sweden,_Z,Not applicable,POP,Population,Y_GE65,65 years or over,_T,Total,PT_POP,Percentage of population,2011,,18.45,,SWE,Sweden,A,Normal value,0,Units,2,Two
DATAFLOW,OECD.CFE.EDS:DSD_REG_DEMO@DF_POP_BROAD(2.4),Population by broad age groups - Regions,I,A,Annual,CTRY,Country,NOR,Norway,_Z,Not applicable,POP,Population,Y_GE65,65 years or over,_T,Total,PT_POP,Percentage of population,2011,,15.09,,NOR,Norway,A,Normal value,0,Units,2,Two
DATAFLOW,OECD.CFE.EDS:DSD_REG_DEMO@DF_POP_BROAD(2.4),Population by broad age groups - Regions,I,A,Annual,CTRY,Country,BEL,Belgium,_Z,Not applicable,POP,Population,Y_GE65,65 years or over,_T,Total,PT_POP,Percentage of population,2011,,17.12,,BEL,Belgium,A,Normal value,0,Units,2,Two
DATAFLOW,OECD.CFE.EDS:DSD_REG_DEMO@DF_POP_BROAD(2.4),Population by broad age groups - Regions,I,A,Annual,CTRY,Country,JPN,Japan,_Z,Not applicable,POP,Population,Y_GE65,65 years or over,_T,Total,PT_POP,Percentage of population,2011,,23.28,,JPN,Japan,A,Normal value,0,Units,2,Two
DATAFLOW,OECD.CFE.EDS:DSD_REG_DEMO@DF_POP_BROAD(2.4),Population by broad age groups - Regions,I,A,Annual,CTRY,Country,NZL,New Zealand,_Z,Not applicable,POP,Population,Y_GE65,65 years or over,_T,Total,PT_POP,Percentage of population,2011,,13.23,,NZL,New Zealand,A,Normal value,0,Units,2,Two
DATAFLOW,OECD.CFE.EDS:DSD_REG_DEMO@DF_POP_BROAD(2.4),Population by broad age groups - Regions,I,A,Annual,CTRY,Country,SVN,Slovenia,_Z,Not applicable,POP,Population,Y_GE65,65 years or over,_T,Total,PT_POP,Percentage of population,2011,,16.53,,SVN,Slovenia,A,Normal value,0,Units,2,Two
DATAFLOW,OECD.CFE.EDS:DSD_REG_DEMO@DF_POP_BROAD(2.4),Population by broad age groups - Regions,I,A,Annual,CTRY,Country,GRC,Greece,_Z,Not applicable,POP,Population,Y_GE65,65 years or over,_T,Total,PT_POP,Percentage of population,2011,,19.29,,GRC,Greece,A,Normal value,0,Units,2,Two
DATAFLOW,OECD.CFE.EDS:DSD_REG_DEMO@DF_POP_BROAD(2.4),Population by broad age groups - Regions,I,A,Annual,CTRY,Country,CHE,Switzerland,_Z,Not applicable,POP,Population,Y_GE65,65 years or over,_T,Total,PT_POP,Percentage of population,2011,,16.9,,CHE,Switzerland,A,Normal value,0,Units,2,Two
DATAFLOW,OECD.CFE.EDS:DSD_REG_DEMO@DF_POP_BROAD(2.4),Population by broad age groups - Regions,I,A,Annual,CTRY,Country,PRT,Portugal,_Z,Not applicable,POP,Population,Y_GE65,65 years or over,_T,Total,PT_POP,Percentage of population,2011,,18.69,,PRT,Portugal,A,Normal value,0,Units,2,Two
DATAFLOW,OECD.CFE.EDS:DSD_REG_DEMO@DF_POP_BROAD(2.4),Population by broad age groups - Regions,I,A,Annual,CTRY,Country,DEU,Germany,_Z,Not applicable,POP,Population,Y_GE65,65 years or over,_T,Total,PT_POP,Percentage of population,2011,,20.66,,DEU,Germany,A,Normal value,0,Units,2,Two
DATAFLOW,OECD.CFE.EDS:DSD_REG_DEMO@DF_POP_BROAD(2.4),Population by broad age groups - Regions,I,A,Annual,CTRY,Country,ITA,Italy,_Z,Not applicable,POP,Population,Y_GE65,65 years or over,_T,Total,PT_POP,Percentage of population,2011,,20.44,,ITA,Italy,A,Normal value,0,Units,2,Two
DATAFLOW,OECD.CFE.EDS:DSD_REG_DEMO@DF_POP_BROAD(2.4),Population by broad age groups - Regions,I,A,Annual,CTRY,Country,CAN,Canada,_Z,Not applicable,POP,Population,Y_GE65,65 years or over,_T,Total,PT_POP,Percentage of population,2011,,14.43,,CAN,Canada,A,Normal value,0,Units,2,Two
DATAFLOW,OECD.CFE.EDS:DSD_REG_DEMO@DF_POP_BROAD(2.4),Population by broad age groups - Regions,I,A,Annual,CTRY,Country,KOR,Korea,_Z,Not applicable,POP,Population,Y_GE65,65 years or over,_T,Total,PT_POP,Percentage of population,2011,,10.87,,KOR,Korea,A,Normal value,0,Units,2,Two
DATAFLOW,OECD.CFE.EDS:DSD_REG_DEMO@DF_POP_BROAD(2.4),Population by broad age groups - Regions,I,A,Annual,CTRY,Country,IRL,Ireland,_Z,Not applicable,POP,Population,Y_GE65,65 years or over,_T,Total,PT_POP,Percentage of population,2011,,11.53,,IRL,Ireland,A,Normal value,0,Units,2,Two
DATAFLOW,OECD.CFE.EDS:DSD_REG_DEMO@DF_POP_BROAD(2.4),Population by broad age groups - Regions,I,A,Annual,CTRY,Country,ISR,Israel,_Z,Not applicable,POP,Population,Y_GE65,65 years or over,_T,Total,PT_POP,Percentage of population,2011,,10.09,,ISR,Israel,A,Normal value,0,Units,2,Two
DATAFLOW,OECD.CFE.EDS:DSD_REG_DEMO@DF_POP_BROAD(2.4),Population by broad age groups - Regions,I,A,Annual,CTRY,Country,LUX,Luxembourg,_Z,Not applicable,POP,Population,Y_GE65,65 years or over,_T,Total,PT_POP,Percentage of population,2011,,13.89,,LUX,Luxembourg,A,Normal value,0,Units,2,Two
DATAFLOW,OECD.CFE.EDS:DSD_REG_DEMO@DF_POP_BROAD(2.4),Population by broad age groups - Regions,I,A,Annual,CTRY,Country,NLD,Netherlands,_Z,Not applicable,POP,Population,Y_GE65,65 years or over,_T,Total,PT_POP,Percentage of population,2011,,15.58,,NLD,Netherlands,A,Normal value,0,Units,2,Two
DATAFLOW,OECD.CFE.EDS:DSD_REG_DEMO@DF_POP_BROAD(2.4),Population by broad age groups - Regions,I,A,Annual,CTRY,Country,GBR,United Kingdom,_Z,Not applicable,POP,Population,Y_GE65,65 years or over,_T,Total,PT_POP,Percentage of population,2011,,16.53,,GBR,United Kingdom,A,Normal value,0,Units,2,Two
DATAFLOW,OECD.CFE.EDS:DSD_REG_DEMO@DF_POP_BROAD(2.4),Population by broad age groups - Regions,I,A,Annual,CTRY,Country,DNK,Denmark,_Z,Not applicable,POP,Population,Y_GE65,65 years or over,_T,Total,PT_POP,Percentage of population,2011,,16.79,,DNK,Denmark,A,Normal value,0,Units,2,Two
DATAFLOW,OECD.CFE.EDS:DSD_REG_DEMO@DF_POP_BROAD(2.4),Population by broad age groups - Regions,I,A,Annual,CTRY,Country,COL,Colombia,_Z,Not applicable,POP,Population,Y_GE65,65 years or over,_T,Total,PT_POP,Percentage of population,2011,,7.19,,COL,Colombia,A,Normal value,0,Units,2,Two
DATAFLOW,OECD.CFE.EDS:DSD_REG_DEMO@DF_POP_BROAD(2.4),Population by broad age groups - Regions,I,A,Annual,CTRY,Country,CZE,Czechia,_Z,Not applicable,POP,Population,Y_GE65,65 years or over,_T,Total,PT_POP,Percentage of population,2011,,15.61,,CZE,Czechia,A,Normal value,0,Units,2,Two
DATAFLOW,OECD.CFE.EDS:DSD_REG_DEMO@DF_POP_BROAD(2.4),Population by broad age groups - Regions,I,A,Annual,CTRY,Country,CHL,Chile,_Z,Not applicable,POP,Population,Y_GE65,65 years or over,_T,Total,PT_POP,Percentage of population,2011,,9.59,,CHL,Chile,A,Normal value,0,Units,2,Two
DATAFLOW,OECD.CFE.EDS:DSD_REG_DEMO@DF_POP_BROAD(2.4),Population by broad age groups - Regions,I,A,Annual,CTRY,Country,FRA,France,_Z,Not applicable,POP,Population,Y_GE65,65 years or over,_T,Total,PT_POP,Percentage of population,2011,,16.74,,FRA,France,A,Normal value,0,Units,2,Two
DATAFLOW,OECD.CFE.EDS:DSD_REG_DEMO@DF_POP_BROAD(2.4),Population by broad age groups - Regions,I,A,Annual,CTRY,Country,TUR,Turkey,_Z,Not applicable,POP,Population,Y_GE65,65 years or over,_T,Total,PT_POP,Percentage of population,2011,,7.23,,TUR,Türkiye,A,Normal value,0,Units,2,Two
DATAFLOW,OECD.CFE.EDS:DSD_REG_DEMO@DF_POP_BROAD(2.4),Population by broad age groups - Regions,I,A,Annual,CTRY,Country,HUN,Hungary,_Z,Not applicable,POP,Population,Y_GE65,65 years or over,_T,Total,PT_POP,Percentage of population,2011,,16.74,,HUN,Hungary,A,Normal value,0,Units,2,Two
DATAFLOW,OECD.CFE.EDS:DSD_REG_DEMO@DF_POP_BROAD(2.4),Population by broad age groups - Regions,I,A,Annual,CTRY,Country,AUS,Australia,_Z,Not applicable,POP,Population,Y_GE65,65 years or over,_T,Total,PT_POP,Percentage of population,2011,,13.82,,AUS,Australia,A,Normal value,0,Units,2,Two
DATAFLOW,OECD.CFE.EDS:DSD_REG_DEMO@DF_POP_BROAD(2.4),Population by broad age groups - Regions,I,A,Annual,CTRY,Country,EST,Estonia,_Z,Not applicable,POP,Population,Y_GE65,65 years or over,_T,Total,PT_POP,Percentage of population,2011,,17.45,,EST,Estonia,A,Normal value,0,Units,2,Two
DATAFLOW,OECD.CFE.EDS:DSD_REG_DEMO@DF_POP_BROAD(2.4),Population by broad age groups - Regions,I,A,Annual,CTRY,Country,CRI,Costa Rica,_Z,Not applicable,POP,Population,Y_GE65,65 years or over,_T,Total,PT_POP,Percentage of population,2011,,6.63,,CRI,Costa Rica,A,Normal value,0,Units,2,Two
DATAFLOW,OECD.CFE.EDS:DSD_REG_DEMO@DF_POP_BROAD(2.4),Population by broad age groups - Regions,I,A,Annual,CTRY,Country,ISL,Iceland,_Z,Not applicable,POP,Population,Y_GE65,65 years or over,_T,Total,PT_POP,Percentage of population,2011,,12.3,,ISL,Iceland,A,Normal value,0,Units,2,Two
DATAFLOW,OECD.CFE.EDS:DSD_REG_DEMO@DF_POP_BROAD(2.4),Population by broad age groups - Regions,I,A,Annual,CTRY,Country,AUT,Austria,_Z,Not applicable,POP,Population,Y_GE65,65 years or over,_T,Total,PT_POP,Percentage of population,2011,,17.64,,AUT,Austria,A,Normal value,0,Units,2,Two
DATAFLOW,OECD.CFE.EDS:DSD_REG_DEMO@DF_POP_BROAD(2.4),Population by broad age groups - Regions,I,A,Annual,CTRY,Country,FIN,Finland,_Z,Not applicable,POP,Population,Y_GE65,65 years or over,_T,Total,PT_POP,Percentage of population,2011,,17.51,,FIN,Finland,A,Normal value,0,Units,2,Two
DATAFLOW,OECD.CFE.EDS:DSD_REG_DEMO@DF_POP_BROAD(2.4),Population by broad age groups - Regions,I,A,Annual,CTRY,Country,MEX,Mexico,_Z,Not applicable,POP,Population,Y_GE65,65 years or over,_T,Total,PT_POP,Percentage of population,2011,,6.29,,MEX,Mexico,A,Normal value,0,Units,2,Two
DATAFLOW,OECD.CFE.EDS:DSD_REG_DEMO@DF_POP_BROAD(2.4),Population by broad age groups - Regions,I,A,Annual,CTRY,Country,POL,Poland,_Z,Not applicable,POP,Population,Y_GE65,65 years or over,_T,Total,PT_POP,Percentage of population,2011,,13.61,,POL,Poland,A,Normal value,0,Units,2,Two
DATAFLOW,OECD.CFE.EDS:DSD_REG_DEMO@DF_POP_BROAD(2.4),Population by broad age groups - Regions,I,A,Annual,CTRY,Country,USA,United States,_Z,Not applicable,POP,Population,Y_GE65,65 years or over,_T,Total,PT_POP,Percentage of population,2011,,13.27,,USA,United States,A,Normal value,0,Units,2,Two
DATAFLOW,OECD.CFE.EDS:DSD_REG_DEMO@DF_POP_BROAD(2.4),Population by broad age groups - Regions,I,A,Annual,CTRY,Country,SVK,Slovak Republic,_Z,Not applicable,POP,Population,Y_GE65,65 years or over,_T,Total,PT_POP,Percentage of population,2011,,12.58,,SVK,Slovak Republic,A,Normal value,0,Units,2,Two
DATAFLOW,OECD.CFE.EDS:DSD_REG_DEMO@DF_POP_BROAD(2.4),Population by broad age groups - Regions,I,A,Annual,CTRY,Country,LTU,Lithuania,_Z,Not applicable,POP,Population,Y_GE65,65 years or over,_T,Total,PT_POP,Percentage of population,2011,,17.86,,LTU,Lithuania,A,Normal value,0,Units,2,Two
DATAFLOW,OECD.CFE.EDS:DSD_REG_DEMO@DF_POP_BROAD(2.4),Population by broad age groups - Regions,I,A,Annual,CTRY,Country,LVA,Latvia,_Z,Not applicable,POP,Population,Y_GE65,65 years or over,_T,Total,PT_POP,Percentage of population,2011,,18.37,,LVA,Latvia,A,Normal value,0,Units,2,Two
DATAFLOW,OECD.CFE.EDS:DSD_REG_DEMO@DF_POP_BROAD(2.4),Population by broad age groups - Regions,I,A,Annual,CTRY,Country,ESP,Spain,_Z,Not applicable,POP,Population,Y_GE65,65 years or over,_T,Total,PT_POP,Percentage of population,2011,,17.11,,ESP,Spain,A,Normal value,0,Units,2,Two
DATAFLOW,OECD.CFE.EDS:DSD_REG_DEMO@DF_POP_BROAD(2.4),Population by broad age groups - Regions,I,A,Annual,CTRY,Country,ESP,Spain,_Z,Not applicable,POP,Population,Y_GE65,65 years or over,_T,Total,PT_POP,Percentage of population,2012,,17.36,,ESP,Spain,A,Normal value,0,Units,2,Two
DATAFLOW,OECD.CFE.EDS:DSD_REG_DEMO@DF_POP_BROAD(2.4),Population by broad age groups - Regions,I,A,Annual,CTRY,Country,LVA,Latvia,_Z,Not applicable,POP,Population,Y_GE65,65 years or over,_T,Total,PT_POP,Percentage of population,2012,,18.56,,LVA,Latvia,A,Normal value,0,Units,2,Two
DATAFLOW,OECD.CFE.EDS:DSD_REG_DEMO@DF_POP_BROAD(2.4),Population by broad age groups - Regions,I,A,Annual,CTRY,Country,LTU,Lithuania,_Z,Not applicable,POP,Population,Y_GE65,65 years or over,_T,Total,PT_POP,Percentage of population,2012,,18.09,,LTU,Lithuania,A,Normal value,0,Units,2,Two
DATAFLOW,OECD.CFE.EDS:DSD_REG_DEMO@DF_POP_BROAD(2.4),Population by broad age groups - Regions,I,A,Annual,CTRY,Country,SVK,Slovak Republic,_Z,Not applicable,POP,Population,Y_GE65,65 years or over,_T,Total,PT_POP,Percentage of population,2012,,12.78,,SVK,Slovak Republic,A,Normal value,0,Units,2,Two
DATAFLOW,OECD.CFE.EDS:DSD_REG_DEMO@DF_POP_BROAD(2.4),Population by broad age groups - Regions,I,A,Annual,CTRY,Country,USA,United States,_Z,Not applicable,POP,Population,Y_GE65,65 years or over,_T,Total,PT_POP,Percentage of population,2012,,13.75,,USA,United States,A,Normal value,0,Units,2,Two
DATAFLOW,OECD.CFE.EDS:DSD_REG_DEMO@DF_POP_BROAD(2.4),Population by broad age groups - Regions,I,A,Annual,CTRY,Country,POL,Poland,_Z,Not applicable,POP,Population,Y_GE65,65 years or over,_T,Total,PT_POP,Percentage of population,2012,,13.96,,POL,Poland,A,Normal value,0,Units,2,Two
DATAFLOW,OECD.CFE.EDS:DSD_REG_DEMO@DF_POP_BROAD(2.4),Population by broad age groups - Regions,I,A,Annual,CTRY,Country,MEX,Mexico,_Z,Not applicable,POP,Population,Y_GE65,65 years or over,_T,Total,PT_POP,Percentage of population,2012,,6.4,,MEX,Mexico,A,Normal value,0,Units,2,Two
DATAFLOW,OECD.CFE.EDS:DSD_REG_DEMO@DF_POP_BROAD(2.4),Population by broad age groups - Regions,I,A,Annual,CTRY,Country,FIN,Finland,_Z,Not applicable,POP,Population,Y_GE65,65 years or over,_T,Total,PT_POP,Percentage of population,2012,,18.14,,FIN,Finland,A,Normal value,0,Units,2,Two
DATAFLOW,OECD.CFE.EDS:DSD_REG_DEMO@DF_POP_BROAD(2.4),Population by broad age groups - Regions,I,A,Annual,CTRY,Country,AUT,Austria,_Z,Not applicable,POP,Population,Y_GE65,65 years or over,_T,Total,PT_POP,Percentage of population,2012,,17.8,,AUT,Austria,A,Normal value,0,Units,2,Two
DATAFLOW,OECD.CFE.EDS:DSD_REG_DEMO@DF_POP_BROAD(2.4),Population by broad age groups - Regions,I,A,Annual,CTRY,Country,ISL,Iceland,_Z,Not applicable,POP,Population,Y_GE65,65 years or over,_T,Total,PT_POP,Percentage of population,2012,,12.62,,ISL,Iceland,A,Normal value,0,Units,2,Two
DATAFLOW,OECD.CFE.EDS:DSD_REG_DEMO@DF_POP_BROAD(2.4),Population by broad age groups - Regions,I,A,Annual,CTRY,Country,CRI,Costa Rica,_Z,Not applicable,POP,Population,Y_GE65,65 years or over,_T,Total,PT_POP,Percentage of population,2012,,6.79,,CRI,Costa Rica,A,Normal value,0,Units,2,Two
DATAFLOW,OECD.CFE.EDS:DSD_REG_DEMO@DF_POP_BROAD(2.4),Population by broad age groups - Regions,I,A,Annual,CTRY,Country,EST,Estonia,_Z,Not applicable,POP,Population,Y_GE65,65 years or over,_T,Total,PT_POP,Percentage of population,2012,,17.7,,EST,Estonia,A,Normal value,0,Units,2,Two
DATAFLOW,OECD.CFE.EDS:DSD_REG_DEMO@DF_POP_BROAD(2.4),Population by broad age groups - Regions,I,A,Annual,CTRY,Country,AUS,Australia,_Z,Not applicable,POP,Population,Y_GE65,65 years or over,_T,Total,PT_POP,Percentage of population,2012,,14.14,,AUS,Australia,A,Normal value,0,Units,2,Two
DATAFLOW,OECD.CFE.EDS:DSD_REG_DEMO@DF_POP_BROAD(2.4),Population by broad age groups - Regions,I,A,Annual,CTRY,Country,HUN,Hungary,_Z,Not applicable,POP,Population,Y_GE65,65 years or over,_T,Total,PT_POP,Percentage of population,2012,,16.87,,HUN,Hungary,A,Normal value,0,Units,2,Two
DATAFLOW,OECD.CFE.EDS:DSD_REG_DEMO@DF_POP_BROAD(2.4),Population by broad age groups - Regions,I,A,Annual,CTRY,Country,TUR,Turkey,_Z,Not applicable,POP,Population,Y_GE65,65 years or over,_T,Total,PT_POP,Percentage of population,2012,,7.35,,TUR,Türkiye,A,Normal value,0,Units,2,Two
DATAFLOW,OECD.CFE.EDS:DSD_REG_DEMO@DF_POP_BROAD(2.4),Population by broad age groups - Regions,I,A,Annual,CTRY,Country,FRA,France,_Z,Not applicable,POP,Population,Y_GE65,65 years or over,_T,Total,PT_POP,Percentage of population,2012,,17.14,,FRA,France,A,Normal value,0,Units,2,Two
DATAFLOW,OECD.CFE.EDS:DSD_REG_DEMO@DF_POP_BROAD(2.4),Population by broad age groups - Regions,I,A,Annual,CTRY,Country,CHL,Chile,_Z,Not applicable,POP,Population,Y_GE65,65 years or over,_T,Total,PT_POP,Percentage of population,2012,,9.82,,CHL,Chile,A,Normal value,0,Units,2,Two
DATAFLOW,OECD.CFE.EDS:DSD_REG_DEMO@DF_POP_BROAD(2.4),Population by broad age groups - Regions,I,A,Annual,CTRY,Country,CZE,Czechia,_Z,Not applicable,POP,Population,Y_GE65,65 years or over,_T,Total,PT_POP,Percentage of population,2012,,16.2,,CZE,Czechia,A,Normal value,0,Units,2,Two
DATAFLOW,OECD.CFE.EDS:DSD_REG_DEMO@DF_POP_BROAD(2.4),Population by broad age groups - Regions,I,A,Annual,CTRY,Country,COL,Colombia,_Z,Not applicable,POP,Population,Y_GE65,65 years or over,_T,Total,PT_POP,Percentage of population,2012,,7.4,,COL,Colombia,A,Normal value,0,Units,2,Two
DATAFLOW,OECD.CFE.EDS:DSD_REG_DEMO@DF_POP_BROAD(2.4),Population by broad age groups - Regions,I,A,Annual,CTRY,Country,DNK,Denmark,_Z,Not applicable,POP,Population,Y_GE65,65 years or over,_T,Total,PT_POP,Percentage of population,2012,,17.35,,DNK,Denmark,A,Normal value,0,Units,2,Two
DATAFLOW,OECD.CFE.EDS:DSD_REG_DEMO@DF_POP_BROAD(2.4),Population by broad age groups - Regions,I,A,Annual,CTRY,Country,NLD,Netherlands,_Z,Not applicable,POP,Population,Y_GE65,65 years or over,_T,Total,PT_POP,Percentage of population,2012,,16.24,,NLD,Netherlands,A,Normal value,0,Units,2,Two
DATAFLOW,OECD.CFE.EDS:DSD_REG_DEMO@DF_POP_BROAD(2.4),Population by broad age groups - Regions,I,A,Annual,CTRY,Country,LUX,Luxembourg,_Z,Not applicable,POP,Population,Y_GE65,65 years or over,_T,Total,PT_POP,Percentage of population,2012,,13.96,,LUX,Luxembourg,A,Normal value,0,Units,2,Two
DATAFLOW,OECD.CFE.EDS:DSD_REG_DEMO@DF_POP_BROAD(2.4),Population by broad age groups - Regions,I,A,Annual,CTRY,Country,ISR,Israel,_Z,Not applicable,POP,Population,Y_GE65,65 years or over,_T,Total,PT_POP,Percentage of population,2012,,10.29,,ISR,Israel,A,Normal value,0,Units,2,Two
DATAFLOW,OECD.CFE.EDS:DSD_REG_DEMO@DF_POP_BROAD(2.4),Population by broad age groups - Regions,I,A,Annual,CTRY,Country,IRL,Ireland,_Z,Not applicable,POP,Population,Y_GE65,65 years or over,_T,Total,PT_POP,Percentage of population,2012,,11.89,,IRL,Ireland,A,Normal value,0,Units,2,Two
DATAFLOW,OECD.CFE.EDS:DSD_REG_DEMO@DF_POP_BROAD(2.4),Population by broad age groups - Regions,I,A,Annual,CTRY,Country,KOR,Korea,_Z,Not applicable,POP,Population,Y_GE65,65 years or over,_T,Total,PT_POP,Percentage of population,2012,,11.32,,KOR,Korea,A,Normal value,0,Units,2,Two
DATAFLOW,OECD.CFE.EDS:DSD_REG_DEMO@DF_POP_BROAD(2.4),Population by broad age groups - Regions,I,A,Annual,CTRY,Country,CAN,Canada,_Z,Not applicable,POP,Population,Y_GE65,65 years or over,_T,Total,PT_POP,Percentage of population,2012,,14.85,,CAN,Canada,A,Normal value,0,Units,2,Two
DATAFLOW,OECD.CFE.EDS:DSD_REG_DEMO@DF_POP_BROAD(2.4),Population by broad age groups - Regions,I,A,Annual,CTRY,Country,ITA,Italy,_Z,Not applicable,POP,Population,Y_GE65,65 years or over,_T,Total,PT_POP,Percentage of population,2012,,20.83,,ITA,Italy,A,Normal value,0,Units,2,Two
DATAFLOW,OECD.CFE.EDS:DSD_REG_DEMO@DF_POP_BROAD(2.4),Population by broad age groups - Regions,I,A,Annual,CTRY,Country,DEU,Germany,_Z,Not applicable,POP,Population,Y_GE65,65 years or over,_T,Total,PT_POP,Percentage of population,2012,,20.67,,DEU,Germany,A,Normal value,0,Units,2,Two
DATAFLOW,OECD.CFE.EDS:DSD_REG_DEMO@DF_POP_BROAD(2.4),Population by broad age groups - Regions,I,A,Annual,CTRY,Country,PRT,Portugal,_Z,Not applicable,POP,Population,Y_GE65,65 years or over,_T,Total,PT_POP,Percentage of population,2012,,19.17,,PRT,Portugal,A,Normal value,0,Units,2,Two
DATAFLOW,OECD.CFE.EDS:DSD_REG_DEMO@DF_POP_BROAD(2.4),Population by broad age groups - Regions,I,A,Annual,CTRY,Country,CHE,Switzerland,_Z,Not applicable,POP,Population,Y_GE65,65 years or over,_T,Total,PT_POP,Percentage of population,2012,,17.16,,CHE,Switzerland,A,Normal value,0,Units,2,Two
DATAFLOW,OECD.CFE.EDS:DSD_REG_DEMO@DF_POP_BROAD(2.4),Population by broad age groups - Regions,I,A,Annual,CTRY,Country,GRC,Greece,_Z,Not applicable,POP,Population,Y_GE65,65 years or over,_T,Total,PT_POP,Percentage of population,2012,,19.67,,GRC,Greece,A,Normal value,0,Units,2,Two
DATAFLOW,OECD.CFE.EDS:DSD_REG_DEMO@DF_POP_BROAD(2.4),Population by broad age groups - Regions,I,A,Annual,CTRY,Country,SVN,Slovenia,_Z,Not applicable,POP,Population,Y_GE65,65 years or over,_T,Total,PT_POP,Percentage of population,2012,,16.78,,SVN,Slovenia,A,Normal value,0,Units,2,Two
DATAFLOW,OECD.CFE.EDS:DSD_REG_DEMO@DF_POP_BROAD(2.4),Population by broad age groups - Regions,I,A,Annual,CTRY,Country,NZL,New Zealand,_Z,Not applicable,POP,Population,Y_GE65,65 years or over,_T,Total,PT_POP,Percentage of population,2012,,13.68,,NZL,New Zealand,A,Normal value,0,Units,2,Two
DATAFLOW,OECD.CFE.EDS:DSD_REG_DEMO@DF_POP_BROAD(2.4),Population by broad age groups - Regions,I,A,Annual,CTRY,Country,JPN,Japan,_Z,Not applicable,POP,Population,Y_GE65,65 years or over,_T,Total,PT_POP,Percentage of population,2012,,24.15,,JPN,Japan,A,Normal value,0,Units,2,Two
DATAFLOW,OECD.CFE.EDS:DSD_REG_DEMO@DF_POP_BROAD(2.4),Population by broad age groups - Regions,I,A,Annual,CTRY,Country,BEL,Belgium,_Z,Not applicable,POP,Population,Y_GE65,65 years or over,_T,Total,PT_POP,Percentage of population,2012,,17.38,,BEL,Belgium,A,Normal value,0,Units,2,Two
DATAFLOW,OECD.CFE.EDS:DSD_REG_DEMO@DF_POP_BROAD(2.4),Population by broad age groups - Regions,I,A,Annual,CTRY,Country,NOR,Norway,_Z,Not applicable,POP,Population,Y_GE65,65 years or over,_T,Total,PT_POP,Percentage of population,2012,,15.4,,NOR,Norway,A,Normal value,0,Units,2,Two
DATAFLOW,OECD.CFE.EDS:DSD_REG_DEMO@DF_POP_BROAD(2.4),Population by broad age groups - Regions,I,A,Annual,CTRY,Country,SWE,Sweden,_Z,Not applicable,POP,Population,Y_GE65,65 years or over,_T,Total,PT_POP,Percentage of population,2012,,18.82,,SWE,Sweden,A,Normal value,0,Units,2,Two
DATAFLOW,OECD.CFE.EDS:DSD_REG_DEMO@DF_POP_BROAD(2.4),Population by broad age groups - Regions,I,A,Annual,CTRY,Country,GBR,United Kingdom,_Z,Not applicable,POP,Population,Y_GE65,65 years or over,_T,Total,PT_POP,Percentage of population,2012,,17.02,,GBR,United Kingdom,E,Estimated value,0,Units,2,Two
DATAFLOW,OECD.CFE.EDS:DSD_REG_DEMO@DF_POP_BROAD(2.4),Population by broad age groups - Regions,I,A,Annual,CTRY,Country,SWE,Sweden,_Z,Not applicable,POP,Population,Y_GE65,65 years or over,_T,Total,PT_POP,Percentage of population,2013,,19.13,,SWE,Sweden,A,Normal value,0,Units,2,Two
DATAFLOW,OECD.CFE.EDS:DSD_REG_DEMO@DF_POP_BROAD(2.4),Population by broad age groups - Regions,I,A,Annual,CTRY,Country,NOR,Norway,_Z,Not applicable,POP,Population,Y_GE65,65 years or over,_T,Total,PT_POP,Percentage of population,2013,,15.65,,NOR,Norway,A,Normal value,0,Units,2,Two
DATAFLOW,OECD.CFE.EDS:DSD_REG_DEMO@DF_POP_BROAD(2.4),Population by broad age groups - Regions,I,A,Annual,CTRY,Country,BEL,Belgium,_Z,Not applicable,POP,Population,Y_GE65,65 years or over,_T,Total,PT_POP,Percentage of population,2013,,17.59,,BEL,Belgium,A,Normal value,0,Units,2,Two
DATAFLOW,OECD.CFE.EDS:DSD_REG_DEMO@DF_POP_BROAD(2.4),Population by broad age groups - Regions,I,A,Annual,CTRY,Country,JPN,Japan,_Z,Not applicable,POP,Population,Y_GE65,65 years or over,_T,Total,PT_POP,Percentage of population,2013,,25.06,,JPN,Japan,A,Normal value,0,Units,2,Two
DATAFLOW,OECD.CFE.EDS:DSD_REG_DEMO@DF_POP_BROAD(2.4),Population by broad age groups - Regions,I,A,Annual,CTRY,Country,NZL,New Zealand,_Z,Not applicable,POP,Population,Y_GE65,65 years or over,_T,Total,PT_POP,Percentage of population,2013,,14.09,,NZL,New Zealand,A,Normal value,0,Units,2,Two
DATAFLOW,OECD.CFE.EDS:DSD_REG_DEMO@DF_POP_BROAD(2.4),Population by broad age groups - Regions,I,A,Annual,CTRY,Country,SVN,Slovenia,_Z,Not applicable,POP,Population,Y_GE65,65 years or over,_T,Total,PT_POP,Percentage of population,2013,,17.1,,SVN,Slovenia,A,Normal value,0,Units,2,Two
DATAFLOW,OECD.CFE.EDS:DSD_REG_DEMO@DF_POP_BROAD(2.4),Population by broad age groups - Regions,I,A,Annual,CTRY,Country,GRC,Greece,_Z,Not applicable,POP,Population,Y_GE65,65 years or over,_T,Total,PT_POP,Percentage of population,2013,,20.06,,GRC,Greece,A,Normal value,0,Units,2,Two
DATAFLOW,OECD.CFE.EDS:DSD_REG_DEMO@DF_POP_BROAD(2.4),Population by broad age groups - Regions,I,A,Annual,CTRY,Country,CHE,Switzerland,_Z,Not applicable,POP,Population,Y_GE65,65 years or over,_T,Total,PT_POP,Percentage of population,2013,,17.4,,CHE,Switzerland,A,Normal value,0,Units,2,Two
DATAFLOW,OECD.CFE.EDS:DSD_REG_DEMO@DF_POP_BROAD(2.4),Population by broad age groups - Regions,I,A,Annual,CTRY,Country,PRT,Portugal,_Z,Not applicable,POP,Population,Y_GE65,65 years or over,_T,Total,PT_POP,Percentage of population,2013,,19.51,,PRT,Portugal,A,Normal value,0,Units,2,Two
DATAFLOW,OECD.CFE.EDS:DSD_REG_DEMO@DF_POP_BROAD(2.4),Population by broad age groups - Regions,I,A,Annual,CTRY,Country,DEU,Germany,_Z,Not applicable,POP,Population,Y_GE65,65 years or over,_T,Total,PT_POP,Percentage of population,2013,,20.76,,DEU,Germany,A,Normal value,0,Units,2,Two
DATAFLOW,OECD.CFE.EDS:DSD_REG_DEMO@DF_POP_BROAD(2.4),Population by broad age groups - Regions,I,A,Annual,CTRY,Country,ITA,Italy,_Z,Not applicable,POP,Population,Y_GE65,65 years or over,_T,Total,PT_POP,Percentage of population,2013,,21.14,,ITA,Italy,A,Normal value,0,Units,2,Two
DATAFLOW,OECD.CFE.EDS:DSD_REG_DEMO@DF_POP_BROAD(2.4),Population by broad age groups - Regions,I,A,Annual,CTRY,Country,CAN,Canada,_Z,Not applicable,POP,Population,Y_GE65,65 years or over,_T,Total,PT_POP,Percentage of population,2013,,15.26,,CAN,Canada,A,Normal value,0,Units,2,Two
DATAFLOW,OECD.CFE.EDS:DSD_REG_DEMO@DF_POP_BROAD(2.4),Population by broad age groups - Regions,I,A,Annual,CTRY,Country,KOR,Korea,_Z,Not applicable,POP,Population,Y_GE65,65 years or over,_T,Total,PT_POP,Percentage of population,2013,,11.78,,KOR,Korea,A,Normal value,0,Units,2,Two
DATAFLOW,OECD.CFE.EDS:DSD_REG_DEMO@DF_POP_BROAD(2.4),Population by broad age groups - Regions,I,A,Annual,CTRY,Country,IRL,Ireland,_Z,Not applicable,POP,Population,Y_GE65,65 years or over,_T,Total,PT_POP,Percentage of population,2013,,12.24,,IRL,Ireland,A,Normal value,0,Units,2,Two
DATAFLOW,OECD.CFE.EDS:DSD_REG_DEMO@DF_POP_BROAD(2.4),Population by broad age groups - Regions,I,A,Annual,CTRY,Country,ISR,Israel,_Z,Not applicable,POP,Population,Y_GE65,65 years or over,_T,Total,PT_POP,Percentage of population,2013,,10.56,,ISR,Israel,A,Normal value,0,Units,2,Two
DATAFLOW,OECD.CFE.EDS:DSD_REG_DEMO@DF_POP_BROAD(2.4),Population by broad age groups - Regions,I,A,Annual,CTRY,Country,LUX,Luxembourg,_Z,Not applicable,POP,Population,Y_GE65,65 years or over,_T,Total,PT_POP,Percentage of population,2013,,13.98,,LUX,Luxembourg,A,Normal value,0,Units,2,Two
DATAFLOW,OECD.CFE.EDS:DSD_REG_DEMO@DF_POP_BROAD(2.4),Population by broad age groups - Regions,I,A,Annual,CTRY,Country,NLD,Netherlands,_Z,Not applicable,POP,Population,Y_GE65,65 years or over,_T,Total,PT_POP,Percentage of population,2013,,16.83,,NLD,Netherlands,A,Normal value,0,Units,2,Two
DATAFLOW,OECD.CFE.EDS:DSD_REG_DEMO@DF_POP_BROAD(2.4),Population by broad age groups - Regions,I,A,Annual,CTRY,Country,DNK,Denmark,_Z,Not applicable,POP,Population,Y_GE65,65 years or over,_T,Total,PT_POP,Percentage of population,2013,,17.85,,DNK,Denmark,A,Normal value,0,Units,2,Two
DATAFLOW,OECD.CFE.EDS:DSD_REG_DEMO@DF_POP_BROAD(2.4),Population by broad age groups - Regions,I,A,Annual,CTRY,Country,COL,Colombia,_Z,Not applicable,POP,Population,Y_GE65,65 years or over,_T,Total,PT_POP,Percentage of population,2013,,7.61,,COL,Colombia,A,Normal value,0,Units,2,Two
DATAFLOW,OECD.CFE.EDS:DSD_REG_DEMO@DF_POP_BROAD(2.4),Population by broad age groups - Regions,I,A,Annual,CTRY,Country,CZE,Czechia,_Z,Not applicable,POP,Population,Y_GE65,65 years or over,_T,Total,PT_POP,Percentage of population,2013,,16.81,,CZE,Czechia,A,Normal value,0,Units,2,Two
DATAFLOW,OECD.CFE.EDS:DSD_REG_DEMO@DF_POP_BROAD(2.4),Population by broad age groups - Regions,I,A,Annual,CTRY,Country,CHL,Chile,_Z,Not applicable,POP,Population,Y_GE65,65 years or over,_T,Total,PT_POP,Percentage of population,2013,,10.07,,CHL,Chile,A,Normal value,0,Units,2,Two
DATAFLOW,OECD.CFE.EDS:DSD_REG_DEMO@DF_POP_BROAD(2.4),Population by broad age groups - Regions,I,A,Annual,CTRY,Country,FRA,France,_Z,Not applicable,POP,Population,Y_GE65,65 years or over,_T,Total,PT_POP,Percentage of population,2013,,17.57,,FRA,France,A,Normal value,0,Units,2,Two
DATAFLOW,OECD.CFE.EDS:DSD_REG_DEMO@DF_POP_BROAD(2.4),Population by broad age groups - Regions,I,A,Annual,CTRY,Country,TUR,Turkey,_Z,Not applicable,POP,Population,Y_GE65,65 years or over,_T,Total,PT_POP,Percentage of population,2013,,7.51,,TUR,Türkiye,A,Normal value,0,Units,2,Two
DATAFLOW,OECD.CFE.EDS:DSD_REG_DEMO@DF_POP_BROAD(2.4),Population by broad age groups - Regions,I,A,Annual,CTRY,Country,HUN,Hungary,_Z,Not applicable,POP,Population,Y_GE65,65 years or over,_T,Total,PT_POP,Percentage of population,2013,,17.15,,HUN,Hungary,A,Normal value,0,Units,2,Two
DATAFLOW,OECD.CFE.EDS:DSD_REG_DEMO@DF_POP_BROAD(2.4),Population by broad age groups - Regions,I,A,Annual,CTRY,Country,AUS,Australia,_Z,Not applicable,POP,Population,Y_GE65,65 years or over,_T,Total,PT_POP,Percentage of population,2013,,14.4,,AUS,Australia,A,Normal value,0,Units,2,Two
DATAFLOW,OECD.CFE.EDS:DSD_REG_DEMO@DF_POP_BROAD(2.4),Population by broad age groups - Regions,I,A,Annual,CTRY,Country,EST,Estonia,_Z,Not applicable,POP,Population,Y_GE65,65 years or over,_T,Total,PT_POP,Percentage of population,2013,,18.03,,EST,Estonia,A,Normal value,0,Units,2,Two
DATAFLOW,OECD.CFE.EDS:DSD_REG_DEMO@DF_POP_BROAD(2.4),Population by broad age groups - Regions,I,A,Annual,CTRY,Country,CRI,Costa Rica,_Z,Not applicable,POP,Population,Y_GE65,65 years or over,_T,Total,PT_POP,Percentage of population,2013,,6.96,,CRI,Costa Rica,A,Normal value,0,Units,2,Two
DATAFLOW,OECD.CFE.EDS:DSD_REG_DEMO@DF_POP_BROAD(2.4),Population by broad age groups - Regions,I,A,Annual,CTRY,Country,ISL,Iceland,_Z,Not applicable,POP,Population,Y_GE65,65 years or over,_T,Total,PT_POP,Percentage of population,2013,,12.95,,ISL,Iceland,A,Normal value,0,Units,2,Two
DATAFLOW,OECD.CFE.EDS:DSD_REG_DEMO@DF_POP_BROAD(2.4),Population by broad age groups - Regions,I,A,Annual,CTRY,Country,AUT,Austria,_Z,Not applicable,POP,Population,Y_GE65,65 years or over,_T,Total,PT_POP,Percentage of population,2013,,18.07,,AUT,Austria,A,Normal value,0,Units,2,Two
DATAFLOW,OECD.CFE.EDS:DSD_REG_DEMO@DF_POP_BROAD(2.4),Population by broad age groups - Regions,I,A,Annual,CTRY,Country,FIN,Finland,_Z,Not applicable,POP,Population,Y_GE65,65 years or over,_T,Total,PT_POP,Percentage of population,2013,,18.76,,FIN,Finland,A,Normal value,0,Units,2,Two
DATAFLOW,OECD.CFE.EDS:DSD_REG_DEMO@DF_POP_BROAD(2.4),Population by broad age groups - Regions,I,A,Annual,CTRY,Country,MEX,Mexico,_Z,Not applicable,POP,Population,Y_GE65,65 years or over,_T,Total,PT_POP,Percentage of population,2013,,6.52,,MEX,Mexico,A,Normal value,0,Units,2,Two
DATAFLOW,OECD.CFE.EDS:DSD_REG_DEMO@DF_POP_BROAD(2.4),Population by broad age groups - Regions,I,A,Annual,CTRY,Country,POL,Poland,_Z,Not applicable,POP,Population,Y_GE65,65 years or over,_T,Total,PT_POP,Percentage of population,2013,,14.39,,POL,Poland,A,Normal value,0,Units,2,Two
DATAFLOW,OECD.CFE.EDS:DSD_REG_DEMO@DF_POP_BROAD(2.4),Population by broad age groups - Regions,I,A,Annual,CTRY,Country,USA,United States,_Z,Not applicable,POP,Population,Y_GE65,65 years or over,_T,Total,PT_POP,Percentage of population,2013,,14.13,,USA,United States,A,Normal value,0,Units,2,Two
DATAFLOW,OECD.CFE.EDS:DSD_REG_DEMO@DF_POP_BROAD(2.4),Population by broad age groups - Regions,I,A,Annual,CTRY,Country,SVK,Slovak Republic,_Z,Not applicable,POP,Population,Y_GE65,65 years or over,_T,Total,PT_POP,Percentage of population,2013,,13.13,,SVK,Slovak Republic,A,Normal value,0,Units,2,Two
DATAFLOW,OECD.CFE.EDS:DSD_REG_DEMO@DF_POP_BROAD(2.4),Population by broad age groups - Regions,I,A,Annual,CTRY,Country,LTU,Lithuania,_Z,Not applicable,POP,Population,Y_GE65,65 years or over,_T,Total,PT_POP,Percentage of population,2013,,18.22,,LTU,Lithuania,A,Normal value,0,Units,2,Two
DATAFLOW,OECD.CFE.EDS:DSD_REG_DEMO@DF_POP_BROAD(2.4),Population by broad age groups - Regions,I,A,Annual,CTRY,Country,LVA,Latvia,_Z,Not applicable,POP,Population,Y_GE65,65 years or over,_T,Total,PT_POP,Percentage of population,2013,,18.77,,LVA,Latvia,A,Normal value,0,Units,2,Two
DATAFLOW,OECD.CFE.EDS:DSD_REG_DEMO@DF_POP_BROAD(2.4),Population by broad age groups - Regions,I,A,Annual,CTRY,Country,ESP,Spain,_Z,Not applicable,POP,Population,Y_GE65,65 years or over,_T,Total,PT_POP,Percentage of population,2013,,17.67,,ESP,Spain,A,Normal value,0,Units,2,Two
DATAFLOW,OECD.CFE.EDS:DSD_REG_DEMO@DF_POP_BROAD(2.4),Population by broad age groups - Regions,I,A,Annual,CTRY,Country,GBR,United Kingdom,_Z,Not applicable,POP,Population,Y_GE65,65 years or over,_T,Total,PT_POP,Percentage of population,2013,,17.36,,GBR,United Kingdom,E,Estimated value,0,Units,2,Two
DATAFLOW,OECD.CFE.EDS:DSD_REG_DEMO@DF_POP_BROAD(2.4),Population by broad age groups - Regions,I,A,Annual,CTRY,Country,ESP,Spain,_Z,Not applicable,POP,Population,Y_GE65,65 years or over,_T,Total,PT_POP,Percentage of population,2014,,18.11,,ESP,Spain,A,Normal value,0,Units,2,Two
DATAFLOW,OECD.CFE.EDS:DSD_REG_DEMO@DF_POP_BROAD(2.4),Population by broad age groups - Regions,I,A,Annual,CTRY,Country,LVA,Latvia,_Z,Not applicable,POP,Population,Y_GE65,65 years or over,_T,Total,PT_POP,Percentage of population,2014,,19.07,,LVA,Latvia,A,Normal value,0,Units,2,Two
DATAFLOW,OECD.CFE.EDS:DSD_REG_DEMO@DF_POP_BROAD(2.4),Population by broad age groups - Regions,I,A,Annual,CTRY,Country,LTU,Lithuania,_Z,Not applicable,POP,Population,Y_GE65,65 years or over,_T,Total,PT_POP,Percentage of population,2014,,18.39,,LTU,Lithuania,A,Normal value,0,Units,2,Two
DATAFLOW,OECD.CFE.EDS:DSD_REG_DEMO@DF_POP_BROAD(2.4),Population by broad age groups - Regions,I,A,Annual,CTRY,Country,SVK,Slovak Republic,_Z,Not applicable,POP,Population,Y_GE65,65 years or over,_T,Total,PT_POP,Percentage of population,2014,,13.54,,SVK,Slovak Republic,A,Normal value,0,Units,2,Two
DATAFLOW,OECD.CFE.EDS:DSD_REG_DEMO@DF_POP_BROAD(2.4),Population by broad age groups - Regions,I,A,Annual,CTRY,Country,USA,United States,_Z,Not applicable,POP,Population,Y_GE65,65 years or over,_T,Total,PT_POP,Percentage of population,2014,,14.51,,USA,United States,A,Normal value,0,Units,2,Two
DATAFLOW,OECD.CFE.EDS:DSD_REG_DEMO@DF_POP_BROAD(2.4),Population by broad age groups - Regions,I,A,Annual,CTRY,Country,POL,Poland,_Z,Not applicable,POP,Population,Y_GE65,65 years or over,_T,Total,PT_POP,Percentage of population,2014,,14.89,,POL,Poland,A,Normal value,0,Units,2,Two
DATAFLOW,OECD.CFE.EDS:DSD_REG_DEMO@DF_POP_BROAD(2.4),Population by broad age groups - Regions,I,A,Annual,CTRY,Country,MEX,Mexico,_Z,Not applicable,POP,Population,Y_GE65,65 years or over,_T,Total,PT_POP,Percentage of population,2014,,6.64,,MEX,Mexico,A,Normal value,0,Units,2,Two
DATAFLOW,OECD.CFE.EDS:DSD_REG_DEMO@DF_POP_BROAD(2.4),Population by broad age groups - Regions,I,A,Annual,CTRY,Country,FIN,Finland,_Z,Not applicable,POP,Population,Y_GE65,65 years or over,_T,Total,PT_POP,Percentage of population,2014,,19.38,,FIN,Finland,A,Normal value,0,Units,2,Two
DATAFLOW,OECD.CFE.EDS:DSD_REG_DEMO@DF_POP_BROAD(2.4),Population by broad age groups - Regions,I,A,Annual,CTRY,Country,AUT,Austria,_Z,Not applicable,POP,Population,Y_GE65,65 years or over,_T,Total,PT_POP,Percentage of population,2014,,18.3,,AUT,Austria,A,Normal value,0,Units,2,Two
DATAFLOW,OECD.CFE.EDS:DSD_REG_DEMO@DF_POP_BROAD(2.4),Population by broad age groups - Regions,I,A,Annual,CTRY,Country,ISL,Iceland,_Z,Not applicable,POP,Population,Y_GE65,65 years or over,_T,Total,PT_POP,Percentage of population,2014,,13.22,,ISL,Iceland,A,Normal value,0,Units,2,Two
DATAFLOW,OECD.CFE.EDS:DSD_REG_DEMO@DF_POP_BROAD(2.4),Population by broad age groups - Regions,I,A,Annual,CTRY,Country,CRI,Costa Rica,_Z,Not applicable,POP,Population,Y_GE65,65 years or over,_T,Total,PT_POP,Percentage of population,2014,,7.15,,CRI,Costa Rica,A,Normal value,0,Units,2,Two
DATAFLOW,OECD.CFE.EDS:DSD_REG_DEMO@DF_POP_BROAD(2.4),Population by broad age groups - Regions,I,A,Annual,CTRY,Country,EST,Estonia,_Z,Not applicable,POP,Population,Y_GE65,65 years or over,_T,Total,PT_POP,Percentage of population,2014,,18.38,,EST,Estonia,A,Normal value,0,Units,2,Two
DATAFLOW,OECD.CFE.EDS:DSD_REG_DEMO@DF_POP_BROAD(2.4),Population by broad age groups - Regions,I,A,Annual,CTRY,Country,AUS,Australia,_Z,Not applicable,POP,Population,Y_GE65,65 years or over,_T,Total,PT_POP,Percentage of population,2014,,14.66,,AUS,Australia,A,Normal value,0,Units,2,Two
DATAFLOW,OECD.CFE.EDS:DSD_REG_DEMO@DF_POP_BROAD(2.4),Population by broad age groups - Regions,I,A,Annual,CTRY,Country,HUN,Hungary,_Z,Not applicable,POP,Population,Y_GE65,65 years or over,_T,Total,PT_POP,Percentage of population,2014,,17.5,,HUN,Hungary,A,Normal value,0,Units,2,Two
DATAFLOW,OECD.CFE.EDS:DSD_REG_DEMO@DF_POP_BROAD(2.4),Population by broad age groups - Regions,I,A,Annual,CTRY,Country,TUR,Turkey,_Z,Not applicable,POP,Population,Y_GE65,65 years or over,_T,Total,PT_POP,Percentage of population,2014,,7.68,,TUR,Türkiye,A,Normal value,0,Units,2,Two
DATAFLOW,OECD.CFE.EDS:DSD_REG_DEMO@DF_POP_BROAD(2.4),Population by broad age groups - Regions,I,A,Annual,CTRY,Country,FRA,France,_Z,Not applicable,POP,Population,Y_GE65,65 years or over,_T,Total,PT_POP,Percentage of population,2014,,17.96,,FRA,France,A,Normal value,0,Units,2,Two
DATAFLOW,OECD.CFE.EDS:DSD_REG_DEMO@DF_POP_BROAD(2.4),Population by broad age groups - Regions,I,A,Annual,CTRY,Country,CHL,Chile,_Z,Not applicable,POP,Population,Y_GE65,65 years or over,_T,Total,PT_POP,Percentage of population,2014,,10.33,,CHL,Chile,A,Normal value,0,Units,2,Two
DATAFLOW,OECD.CFE.EDS:DSD_REG_DEMO@DF_POP_BROAD(2.4),Population by broad age groups - Regions,I,A,Annual,CTRY,Country,CZE,Czechia,_Z,Not applicable,POP,Population,Y_GE65,65 years or over,_T,Total,PT_POP,Percentage of population,2014,,17.37,,CZE,Czechia,A,Normal value,0,Units,2,Two
DATAFLOW,OECD.CFE.EDS:DSD_REG_DEMO@DF_POP_BROAD(2.4),Population by broad age groups - Regions,I,A,Annual,CTRY,Country,COL,Colombia,_Z,Not applicable,POP,Population,Y_GE65,65 years or over,_T,Total,PT_POP,Percentage of population,2014,,7.84,,COL,Colombia,A,Normal value,0,Units,2,Two
DATAFLOW,OECD.CFE.EDS:DSD_REG_DEMO@DF_POP_BROAD(2.4),Population by broad age groups - Regions,I,A,Annual,CTRY,Country,DNK,Denmark,_Z,Not applicable,POP,Population,Y_GE65,65 years or over,_T,Total,PT_POP,Percentage of population,2014,,18.25,,DNK,Denmark,A,Normal value,0,Units,2,Two
DATAFLOW,OECD.CFE.EDS:DSD_REG_DEMO@DF_POP_BROAD(2.4),Population by broad age groups - Regions,I,A,Annual,CTRY,Country,GBR,United Kingdom,_Z,Not applicable,POP,Population,Y_GE65,65 years or over,_T,Total,PT_POP,Percentage of population,2014,,17.65,,GBR,United Kingdom,A,Normal value,0,Units,2,Two
DATAFLOW,OECD.CFE.EDS:DSD_REG_DEMO@DF_POP_BROAD(2.4),Population by broad age groups - Regions,I,A,Annual,CTRY,Country,NLD,Netherlands,_Z,Not applicable,POP,Population,Y_GE65,65 years or over,_T,Total,PT_POP,Percentage of population,2014,,17.34,,NLD,Netherlands,A,Normal value,0,Units,2,Two
DATAFLOW,OECD.CFE.EDS:DSD_REG_DEMO@DF_POP_BROAD(2.4),Population by broad age groups - Regions,I,A,Annual,CTRY,Country,LUX,Luxembourg,_Z,Not applicable,POP,Population,Y_GE65,65 years or over,_T,Total,PT_POP,Percentage of population,2014,,14.08,,LUX,Luxembourg,A,Normal value,0,Units,2,Two
DATAFLOW,OECD.CFE.EDS:DSD_REG_DEMO@DF_POP_BROAD(2.4),Population by broad age groups - Regions,I,A,Annual,CTRY,Country,ISR,Israel,_Z,Not applicable,POP,Population,Y_GE65,65 years or over,_T,Total,PT_POP,Percentage of population,2014,,10.75,,ISR,Israel,A,Normal value,0,Units,2,Two
DATAFLOW,OECD.CFE.EDS:DSD_REG_DEMO@DF_POP_BROAD(2.4),Population by broad age groups - Regions,I,A,Annual,CTRY,Country,IRL,Ireland,_Z,Not applicable,POP,Population,Y_GE65,65 years or over,_T,Total,PT_POP,Percentage of population,2014,,12.6,,IRL,Ireland,A,Normal value,0,Units,2,Two
DATAFLOW,OECD.CFE.EDS:DSD_REG_DEMO@DF_POP_BROAD(2.4),Population by broad age groups - Regions,I,A,Annual,CTRY,Country,KOR,Korea,_Z,Not applicable,POP,Population,Y_GE65,65 years or over,_T,Total,PT_POP,Percentage of population,2014,,12.23,,KOR,Korea,A,Normal value,0,Units,2,Two
DATAFLOW,OECD.CFE.EDS:DSD_REG_DEMO@DF_POP_BROAD(2.4),Population by broad age groups - Regions,I,A,Annual,CTRY,Country,CAN,Canada,_Z,Not applicable,POP,Population,Y_GE65,65 years or over,_T,Total,PT_POP,Percentage of population,2014,,15.64,,CAN,Canada,A,Normal value,0,Units,2,Two
DATAFLOW,OECD.CFE.EDS:DSD_REG_DEMO@DF_POP_BROAD(2.4),Population by broad age groups - Regions,I,A,Annual,CTRY,Country,ITA,Italy,_Z,Not applicable,POP,Population,Y_GE65,65 years or over,_T,Total,PT_POP,Percentage of population,2014,,21.51,,ITA,Italy,A,Normal value,0,Units,2,Two
DATAFLOW,OECD.CFE.EDS:DSD_REG_DEMO@DF_POP_BROAD(2.4),Population by broad age groups - Regions,I,A,Annual,CTRY,Country,DEU,Germany,_Z,Not applicable,POP,Population,Y_GE65,65 years or over,_T,Total,PT_POP,Percentage of population,2014,,20.87,,DEU,Germany,A,Normal value,0,Units,2,Two
DATAFLOW,OECD.CFE.EDS:DSD_REG_DEMO@DF_POP_BROAD(2.4),Population by broad age groups - Regions,I,A,Annual,CTRY,Country,PRT,Portugal,_Z,Not applicable,POP,Population,Y_GE65,65 years or over,_T,Total,PT_POP,Percentage of population,2014,,19.99,,PRT,Portugal,A,Normal value,0,Units,2,Two
DATAFLOW,OECD.CFE.EDS:DSD_REG_DEMO@DF_POP_BROAD(2.4),Population by broad age groups - Regions,I,A,Annual,CTRY,Country,CHE,Switzerland,_Z,Not applicable,POP,Population,Y_GE65,65 years or over,_T,Total,PT_POP,Percentage of population,2014,,17.6,,CHE,Switzerland,A,Normal value,0,Units,2,Two
DATAFLOW,OECD.CFE.EDS:DSD_REG_DEMO@DF_POP_BROAD(2.4),Population by broad age groups - Regions,I,A,Annual,CTRY,Country,GRC,Greece,_Z,Not applicable,POP,Population,Y_GE65,65 years or over,_T,Total,PT_POP,Percentage of population,2014,,20.49,,GRC,Greece,A,Normal value,0,Units,2,Two
DATAFLOW,OECD.CFE.EDS:DSD_REG_DEMO@DF_POP_BROAD(2.4),Population by broad age groups - Regions,I,A,Annual,CTRY,Country,SVN,Slovenia,_Z,Not applicable,POP,Population,Y_GE65,65 years or over,_T,Total,PT_POP,Percentage of population,2014,,17.47,,SVN,Slovenia,A,Normal value,0,Units,2,Two
DATAFLOW,OECD.CFE.EDS:DSD_REG_DEMO@DF_POP_BROAD(2.4),Population by broad age groups - Regions,I,A,Annual,CTRY,Country,NZL,New Zealand,_Z,Not applicable,POP,Population,Y_GE65,65 years or over,_T,Total,PT_POP,Percentage of population,2014,,14.42,,NZL,New Zealand,A,Normal value,0,Units,2,Two
DATAFLOW,OECD.CFE.EDS:DSD_REG_DEMO@DF_POP_BROAD(2.4),Population by broad age groups - Regions,I,A,Annual,CTRY,Country,JPN,Japan,_Z,Not applicable,POP,Population,Y_GE65,65 years or over,_T,Total,PT_POP,Percentage of population,2014,,25.97,,JPN,Japan,A,Normal value,0,Units,2,Two
DATAFLOW,OECD.CFE.EDS:DSD_REG_DEMO@DF_POP_BROAD(2.4),Population by broad age groups - Regions,I,A,Annual,CTRY,Country,BEL,Belgium,_Z,Not applicable,POP,Population,Y_GE65,65 years or over,_T,Total,PT_POP,Percentage of population,2014,,17.84,,BEL,Belgium,A,Normal value,0,Units,2,Two
DATAFLOW,OECD.CFE.EDS:DSD_REG_DEMO@DF_POP_BROAD(2.4),Population by broad age groups - Regions,I,A,Annual,CTRY,Country,NOR,Norway,_Z,Not applicable,POP,Population,Y_GE65,65 years or over,_T,Total,PT_POP,Percentage of population,2014,,15.9,,NOR,Norway,A,Normal value,0,Units,2,Two
DATAFLOW,OECD.CFE.EDS:DSD_REG_DEMO@DF_POP_BROAD(2.4),Population by broad age groups - Regions,I,A,Annual,CTRY,Country,SWE,Sweden,_Z,Not applicable,POP,Population,Y_GE65,65 years or over,_T,Total,PT_POP,Percentage of population,2014,,19.41,,SWE,Sweden,A,Normal value,0,Units,2,Two
DATAFLOW,OECD.CFE.EDS:DSD_REG_DEMO@DF_POP_BROAD(2.4),Population by broad age groups - Regions,I,A,Annual,CTRY,Country,SWE,Sweden,_Z,Not applicable,POP,Population,Y_GE65,65 years or over,_T,Total,PT_POP,Percentage of population,2015,,19.62,,SWE,Sweden,A,Normal value,0,Units,2,Two
DATAFLOW,OECD.CFE.EDS:DSD_REG_DEMO@DF_POP_BROAD(2.4),Population by broad age groups - Regions,I,A,Annual,CTRY,Country,NOR,Norway,_Z,Not applicable,POP,Population,Y_GE65,65 years or over,_T,Total,PT_POP,Percentage of population,2015,,16.15,,NOR,Norway,A,Normal value,0,Units,2,Two
DATAFLOW,OECD.CFE.EDS:DSD_REG_DEMO@DF_POP_BROAD(2.4),Population by broad age groups - Regions,I,A,Annual,CTRY,Country,BEL,Belgium,_Z,Not applicable,POP,Population,Y_GE65,65 years or over,_T,Total,PT_POP,Percentage of population,2015,,18.07,,BEL,Belgium,A,Normal value,0,Units,2,Two
DATAFLOW,OECD.CFE.EDS:DSD_REG_DEMO@DF_POP_BROAD(2.4),Population by broad age groups - Regions,I,A,Annual,CTRY,Country,JPN,Japan,_Z,Not applicable,POP,Population,Y_GE65,65 years or over,_T,Total,PT_POP,Percentage of population,2015,,26.29,,JPN,Japan,A,Normal value,0,Units,2,Two
DATAFLOW,OECD.CFE.EDS:DSD_REG_DEMO@DF_POP_BROAD(2.4),Population by broad age groups - Regions,I,A,Annual,CTRY,Country,NZL,New Zealand,_Z,Not applicable,POP,Population,Y_GE65,65 years or over,_T,Total,PT_POP,Percentage of population,2015,,14.67,,NZL,New Zealand,A,Normal value,0,Units,2,Two
DATAFLOW,OECD.CFE.EDS:DSD_REG_DEMO@DF_POP_BROAD(2.4),Population by broad age groups - Regions,I,A,Annual,CTRY,Country,SVN,Slovenia,_Z,Not applicable,POP,Population,Y_GE65,65 years or over,_T,Total,PT_POP,Percentage of population,2015,,17.91,,SVN,Slovenia,A,Normal value,0,Units,2,Two
DATAFLOW,OECD.CFE.EDS:DSD_REG_DEMO@DF_POP_BROAD(2.4),Population by broad age groups - Regions,I,A,Annual,CTRY,Country,GRC,Greece,_Z,Not applicable,POP,Population,Y_GE65,65 years or over,_T,Total,PT_POP,Percentage of population,2015,,20.9,,GRC,Greece,A,Normal value,0,Units,2,Two
DATAFLOW,OECD.CFE.EDS:DSD_REG_DEMO@DF_POP_BROAD(2.4),Population by broad age groups - Regions,I,A,Annual,CTRY,Country,CHE,Switzerland,_Z,Not applicable,POP,Population,Y_GE65,65 years or over,_T,Total,PT_POP,Percentage of population,2015,,17.79,,CHE,Switzerland,A,Normal value,0,Units,2,Two
DATAFLOW,OECD.CFE.EDS:DSD_REG_DEMO@DF_POP_BROAD(2.4),Population by broad age groups - Regions,I,A,Annual,CTRY,Country,PRT,Portugal,_Z,Not applicable,POP,Population,Y_GE65,65 years or over,_T,Total,PT_POP,Percentage of population,2015,,20.45,,PRT,Portugal,A,Normal value,0,Units,2,Two
DATAFLOW,OECD.CFE.EDS:DSD_REG_DEMO@DF_POP_BROAD(2.4),Population by broad age groups - Regions,I,A,Annual,CTRY,Country,DEU,Germany,_Z,Not applicable,POP,Population,Y_GE65,65 years or over,_T,Total,PT_POP,Percentage of population,2015,,21.05,,DEU,Germany,A,Normal value,0,Units,2,Two
DATAFLOW,OECD.CFE.EDS:DSD_REG_DEMO@DF_POP_BROAD(2.4),Population by broad age groups - Regions,I,A,Annual,CTRY,Country,ITA,Italy,_Z,Not applicable,POP,Population,Y_GE65,65 years or over,_T,Total,PT_POP,Percentage of population,2015,,21.86,,ITA,Italy,A,Normal value,0,Units,2,Two
DATAFLOW,OECD.CFE.EDS:DSD_REG_DEMO@DF_POP_BROAD(2.4),Population by broad age groups - Regions,I,A,Annual,CTRY,Country,CAN,Canada,_Z,Not applicable,POP,Population,Y_GE65,65 years or over,_T,Total,PT_POP,Percentage of population,2015,,16.03,,CAN,Canada,A,Normal value,0,Units,2,Two
DATAFLOW,OECD.CFE.EDS:DSD_REG_DEMO@DF_POP_BROAD(2.4),Population by broad age groups - Regions,I,A,Annual,CTRY,Country,KOR,Korea,_Z,Not applicable,POP,Population,Y_GE65,65 years or over,_T,Total,PT_POP,Percentage of population,2015,,12.69,,KOR,Korea,A,Normal value,0,Units,2,Two
DATAFLOW,OECD.CFE.EDS:DSD_REG_DEMO@DF_POP_BROAD(2.4),Population by broad age groups - Regions,I,A,Annual,CTRY,Country,IRL,Ireland,_Z,Not applicable,POP,Population,Y_GE65,65 years or over,_T,Total,PT_POP,Percentage of population,2015,,12.93,,IRL,Ireland,A,Normal value,0,Units,2,Two
DATAFLOW,OECD.CFE.EDS:DSD_REG_DEMO@DF_POP_BROAD(2.4),Population by broad age groups - Regions,I,A,Annual,CTRY,Country,ISR,Israel,_Z,Not applicable,POP,Population,Y_GE65,65 years or over,_T,Total,PT_POP,Percentage of population,2015,,10.97,,ISR,Israel,A,Normal value,0,Units,2,Two
DATAFLOW,OECD.CFE.EDS:DSD_REG_DEMO@DF_POP_BROAD(2.4),Population by broad age groups - Regions,I,A,Annual,CTRY,Country,LUX,Luxembourg,_Z,Not applicable,POP,Population,Y_GE65,65 years or over,_T,Total,PT_POP,Percentage of population,2015,,14.18,,LUX,Luxembourg,A,Normal value,0,Units,2,Two
DATAFLOW,OECD.CFE.EDS:DSD_REG_DEMO@DF_POP_BROAD(2.4),Population by broad age groups - Regions,I,A,Annual,CTRY,Country,NLD,Netherlands,_Z,Not applicable,POP,Population,Y_GE65,65 years or over,_T,Total,PT_POP,Percentage of population,2015,,17.8,,NLD,Netherlands,A,Normal value,0,Units,2,Two
DATAFLOW,OECD.CFE.EDS:DSD_REG_DEMO@DF_POP_BROAD(2.4),Population by broad age groups - Regions,I,A,Annual,CTRY,Country,GBR,United Kingdom,_Z,Not applicable,POP,Population,Y_GE65,65 years or over,_T,Total,PT_POP,Percentage of population,2015,,17.84,,GBR,United Kingdom,A,Normal value,0,Units,2,Two
DATAFLOW,OECD.CFE.EDS:DSD_REG_DEMO@DF_POP_BROAD(2.4),Population by broad age groups - Regions,I,A,Annual,CTRY,Country,DNK,Denmark,_Z,Not applicable,POP,Population,Y_GE65,65 years or over,_T,Total,PT_POP,Percentage of population,2015,,18.57,,DNK,Denmark,A,Normal value,0,Units,2,Two
DATAFLOW,OECD.CFE.EDS:DSD_REG_DEMO@DF_POP_BROAD(2.4),Population by broad age groups - Regions,I,A,Annual,CTRY,Country,COL,Colombia,_Z,Not applicable,POP,Population,Y_GE65,65 years or over,_T,Total,PT_POP,Percentage of population,2015,,8.08,,COL,Colombia,A,Normal value,0,Units,2,Two
DATAFLOW,OECD.CFE.EDS:DSD_REG_DEMO@DF_POP_BROAD(2.4),Population by broad age groups - Regions,I,A,Annual,CTRY,Country,CZE,Czechia,_Z,Not applicable,POP,Population,Y_GE65,65 years or over,_T,Total,PT_POP,Percentage of population,2015,,17.84,,CZE,Czechia,A,Normal value,0,Units,2,Two
DATAFLOW,OECD.CFE.EDS:DSD_REG_DEMO@DF_POP_BROAD(2.4),Population by broad age groups - Regions,I,A,Annual,CTRY,Country,CHL,Chile,_Z,Not applicable,POP,Population,Y_GE65,65 years or over,_T,Total,PT_POP,Percentage of population,2015,,10.61,,CHL,Chile,A,Normal value,0,Units,2,Two
DATAFLOW,OECD.CFE.EDS:DSD_REG_DEMO@DF_POP_BROAD(2.4),Population by broad age groups - Regions,I,A,Annual,CTRY,Country,FRA,France,_Z,Not applicable,POP,Population,Y_GE65,65 years or over,_T,Total,PT_POP,Percentage of population,2015,,18.41,,FRA,France,A,Normal value,0,Units,2,Two
DATAFLOW,OECD.CFE.EDS:DSD_REG_DEMO@DF_POP_BROAD(2.4),Population by broad age groups - Regions,I,A,Annual,CTRY,Country,TUR,Turkey,_Z,Not applicable,POP,Population,Y_GE65,65 years or over,_T,Total,PT_POP,Percentage of population,2015,,7.97,,TUR,Türkiye,A,Normal value,0,Units,2,Two
DATAFLOW,OECD.CFE.EDS:DSD_REG_DEMO@DF_POP_BROAD(2.4),Population by broad age groups - Regions,I,A,Annual,CTRY,Country,HUN,Hungary,_Z,Not applicable,POP,Population,Y_GE65,65 years or over,_T,Total,PT_POP,Percentage of population,2015,,17.84,,HUN,Hungary,A,Normal value,0,Units,2,Two
DATAFLOW,OECD.CFE.EDS:DSD_REG_DEMO@DF_POP_BROAD(2.4),Population by broad age groups - Regions,I,A,Annual,CTRY,Country,AUS,Australia,_Z,Not applicable,POP,Population,Y_GE65,65 years or over,_T,Total,PT_POP,Percentage of population,2015,,14.92,,AUS,Australia,A,Normal value,0,Units,2,Two
DATAFLOW,OECD.CFE.EDS:DSD_REG_DEMO@DF_POP_BROAD(2.4),Population by broad age groups - Regions,I,A,Annual,CTRY,Country,CRI,Costa Rica,_Z,Not applicable,POP,Population,Y_GE65,65 years or over,_T,Total,PT_POP,Percentage of population,2015,,7.36,,CRI,Costa Rica,A,Normal value,0,Units,2,Two
DATAFLOW,OECD.CFE.EDS:DSD_REG_DEMO@DF_POP_BROAD(2.4),Population by broad age groups - Regions,I,A,Annual,CTRY,Country,ISL,Iceland,_Z,Not applicable,POP,Population,Y_GE65,65 years or over,_T,Total,PT_POP,Percentage of population,2015,,13.53,,ISL,Iceland,A,Normal value,0,Units,2,Two
DATAFLOW,OECD.CFE.EDS:DSD_REG_DEMO@DF_POP_BROAD(2.4),Population by broad age groups - Regions,I,A,Annual,CTRY,Country,AUT,Austria,_Z,Not applicable,POP,Population,Y_GE65,65 years or over,_T,Total,PT_POP,Percentage of population,2015,,18.45,,AUT,Austria,A,Normal value,0,Units,2,Two
DATAFLOW,OECD.CFE.EDS:DSD_REG_DEMO@DF_POP_BROAD(2.4),Population by broad age groups - Regions,I,A,Annual,CTRY,Country,FIN,Finland,_Z,Not applicable,POP,Population,Y_GE65,65 years or over,_T,Total,PT_POP,Percentage of population,2015,,19.95,,FIN,Finland,A,Normal value,0,Units,2,Two
DATAFLOW,OECD.CFE.EDS:DSD_REG_DEMO@DF_POP_BROAD(2.4),Population by broad age groups - Regions,I,A,Annual,CTRY,Country,MEX,Mexico,_Z,Not applicable,POP,Population,Y_GE65,65 years or over,_T,Total,PT_POP,Percentage of population,2015,,6.78,,MEX,Mexico,A,Normal value,0,Units,2,Two
DATAFLOW,OECD.CFE.EDS:DSD_REG_DEMO@DF_POP_BROAD(2.4),Population by broad age groups - Regions,I,A,Annual,CTRY,Country,POL,Poland,_Z,Not applicable,POP,Population,Y_GE65,65 years or over,_T,Total,PT_POP,Percentage of population,2015,,15.42,,POL,Poland,A,Normal value,0,Units,2,Two
DATAFLOW,OECD.CFE.EDS:DSD_REG_DEMO@DF_POP_BROAD(2.4),Population by broad age groups - Regions,I,A,Annual,CTRY,Country,USA,United States,_Z,Not applicable,POP,Population,Y_GE65,65 years or over,_T,Total,PT_POP,Percentage of population,2015,,14.87,,USA,United States,A,Normal value,0,Units,2,Two
DATAFLOW,OECD.CFE.EDS:DSD_REG_DEMO@DF_POP_BROAD(2.4),Population by broad age groups - Regions,I,A,Annual,CTRY,Country,SVK,Slovak Republic,_Z,Not applicable,POP,Population,Y_GE65,65 years or over,_T,Total,PT_POP,Percentage of population,2015,,13.96,,SVK,Slovak Republic,A,Normal value,0,Units,2,Two
DATAFLOW,OECD.CFE.EDS:DSD_REG_DEMO@DF_POP_BROAD(2.4),Population by broad age groups - Regions,I,A,Annual,CTRY,Country,LTU,Lithuania,_Z,Not applicable,POP,Population,Y_GE65,65 years or over,_T,Total,PT_POP,Percentage of population,2015,,18.66,,LTU,Lithuania,A,Normal value,0,Units,2,Two
DATAFLOW,OECD.CFE.EDS:DSD_REG_DEMO@DF_POP_BROAD(2.4),Population by broad age groups - Regions,I,A,Annual,CTRY,Country,LVA,Latvia,_Z,Not applicable,POP,Population,Y_GE65,65 years or over,_T,Total,PT_POP,Percentage of population,2015,,19.39,,LVA,Latvia,A,Normal value,0,Units,2,Two
DATAFLOW,OECD.CFE.EDS:DSD_REG_DEMO@DF_POP_BROAD(2.4),Population by broad age groups - Regions,I,A,Annual,CTRY,Country,ESP,Spain,_Z,Not applicable,POP,Population,Y_GE65,65 years or over,_T,Total,PT_POP,Percentage of population,2015,,18.45,,ESP,Spain,A,Normal value,0,Units,2,Two
DATAFLOW,OECD.CFE.EDS:DSD_REG_DEMO@DF_POP_BROAD(2.4),Population by broad age groups - Regions,I,A,Annual,CTRY,Country,EST,Estonia,_Z,Not applicable,POP,Population,Y_GE65,65 years or over,_T,Total,PT_POP,Percentage of population,2015,,18.76,,EST,Estonia,B,Time series break,0,Units,2,Two
DATAFLOW,OECD.CFE.EDS:DSD_REG_DEMO@DF_POP_BROAD(2.4),Population by broad age groups - Regions,I,A,Annual,CTRY,Country,ESP,Spain,_Z,Not applicable,POP,Population,Y_GE65,65 years or over,_T,Total,PT_POP,Percentage of population,2016,,18.67,,ESP,Spain,A,Normal value,0,Units,2,Two
DATAFLOW,OECD.CFE.EDS:DSD_REG_DEMO@DF_POP_BROAD(2.4),Population by broad age groups - Regions,I,A,Annual,CTRY,Country,LVA,Latvia,_Z,Not applicable,POP,Population,Y_GE65,65 years or over,_T,Total,PT_POP,Percentage of population,2016,,19.63,,LVA,Latvia,A,Normal value,0,Units,2,Two
DATAFLOW,OECD.CFE.EDS:DSD_REG_DEMO@DF_POP_BROAD(2.4),Population by broad age groups - Regions,I,A,Annual,CTRY,Country,LTU,Lithuania,_Z,Not applicable,POP,Population,Y_GE65,65 years or over,_T,Total,PT_POP,Percentage of population,2016,,18.92,,LTU,Lithuania,A,Normal value,0,Units,2,Two
DATAFLOW,OECD.CFE.EDS:DSD_REG_DEMO@DF_POP_BROAD(2.4),Population by broad age groups - Regions,I,A,Annual,CTRY,Country,SVK,Slovak Republic,_Z,Not applicable,POP,Population,Y_GE65,65 years or over,_T,Total,PT_POP,Percentage of population,2016,,14.45,,SVK,Slovak Republic,A,Normal value,0,Units,2,Two
DATAFLOW,OECD.CFE.EDS:DSD_REG_DEMO@DF_POP_BROAD(2.4),Population by broad age groups - Regions,I,A,Annual,CTRY,Country,USA,United States,_Z,Not applicable,POP,Population,Y_GE65,65 years or over,_T,Total,PT_POP,Percentage of population,2016,,15.24,,USA,United States,A,Normal value,0,Units,2,Two
DATAFLOW,OECD.CFE.EDS:DSD_REG_DEMO@DF_POP_BROAD(2.4),Population by broad age groups - Regions,I,A,Annual,CTRY,Country,POL,Poland,_Z,Not applicable,POP,Population,Y_GE65,65 years or over,_T,Total,PT_POP,Percentage of population,2016,,15.96,,POL,Poland,A,Normal value,0,Units,2,Two
DATAFLOW,OECD.CFE.EDS:DSD_REG_DEMO@DF_POP_BROAD(2.4),Population by broad age groups - Regions,I,A,Annual,CTRY,Country,MEX,Mexico,_Z,Not applicable,POP,Population,Y_GE65,65 years or over,_T,Total,PT_POP,Percentage of population,2016,,6.94,,MEX,Mexico,A,Normal value,0,Units,2,Two
DATAFLOW,OECD.CFE.EDS:DSD_REG_DEMO@DF_POP_BROAD(2.4),Population by broad age groups - Regions,I,A,Annual,CTRY,Country,FIN,Finland,_Z,Not applicable,POP,Population,Y_GE65,65 years or over,_T,Total,PT_POP,Percentage of population,2016,,20.47,,FIN,Finland,A,Normal value,0,Units,2,Two
DATAFLOW,OECD.CFE.EDS:DSD_REG_DEMO@DF_POP_BROAD(2.4),Population by broad age groups - Regions,I,A,Annual,CTRY,Country,AUT,Austria,_Z,Not applicable,POP,Population,Y_GE65,65 years or over,_T,Total,PT_POP,Percentage of population,2016,,18.45,,AUT,Austria,A,Normal value,0,Units,2,Two
DATAFLOW,OECD.CFE.EDS:DSD_REG_DEMO@DF_POP_BROAD(2.4),Population by broad age groups - Regions,I,A,Annual,CTRY,Country,ISL,Iceland,_Z,Not applicable,POP,Population,Y_GE65,65 years or over,_T,Total,PT_POP,Percentage of population,2016,,13.86,,ISL,Iceland,A,Normal value,0,Units,2,Two
DATAFLOW,OECD.CFE.EDS:DSD_REG_DEMO@DF_POP_BROAD(2.4),Population by broad age groups - Regions,I,A,Annual,CTRY,Country,CRI,Costa Rica,_Z,Not applicable,POP,Population,Y_GE65,65 years or over,_T,Total,PT_POP,Percentage of population,2016,,7.6,,CRI,Costa Rica,A,Normal value,0,Units,2,Two
DATAFLOW,OECD.CFE.EDS:DSD_REG_DEMO@DF_POP_BROAD(2.4),Population by broad age groups - Regions,I,A,Annual,CTRY,Country,EST,Estonia,_Z,Not applicable,POP,Population,Y_GE65,65 years or over,_T,Total,PT_POP,Percentage of population,2016,,19.02,,EST,Estonia,A,Normal value,0,Units,2,Two
DATAFLOW,OECD.CFE.EDS:DSD_REG_DEMO@DF_POP_BROAD(2.4),Population by broad age groups - Regions,I,A,Annual,CTRY,Country,AUS,Australia,_Z,Not applicable,POP,Population,Y_GE65,65 years or over,_T,Total,PT_POP,Percentage of population,2016,,15.18,,AUS,Australia,A,Normal value,0,Units,2,Two
DATAFLOW,OECD.CFE.EDS:DSD_REG_DEMO@DF_POP_BROAD(2.4),Population by broad age groups - Regions,I,A,Annual,CTRY,Country,HUN,Hungary,_Z,Not applicable,POP,Population,Y_GE65,65 years or over,_T,Total,PT_POP,Percentage of population,2016,,18.19,,HUN,Hungary,A,Normal value,0,Units,2,Two
DATAFLOW,OECD.CFE.EDS:DSD_REG_DEMO@DF_POP_BROAD(2.4),Population by broad age groups - Regions,I,A,Annual,CTRY,Country,TUR,Turkey,_Z,Not applicable,POP,Population,Y_GE65,65 years or over,_T,Total,PT_POP,Percentage of population,2016,,8.25,,TUR,Türkiye,A,Normal value,0,Units,2,Two
DATAFLOW,OECD.CFE.EDS:DSD_REG_DEMO@DF_POP_BROAD(2.4),Population by broad age groups - Regions,I,A,Annual,CTRY,Country,FRA,France,_Z,Not applicable,POP,Population,Y_GE65,65 years or over,_T,Total,PT_POP,Percentage of population,2016,,18.86,,FRA,France,A,Normal value,0,Units,2,Two
DATAFLOW,OECD.CFE.EDS:DSD_REG_DEMO@DF_POP_BROAD(2.4),Population by broad age groups - Regions,I,A,Annual,CTRY,Country,CHL,Chile,_Z,Not applicable,POP,Population,Y_GE65,65 years or over,_T,Total,PT_POP,Percentage of population,2016,,10.93,,CHL,Chile,A,Normal value,0,Units,2,Two
DATAFLOW,OECD.CFE.EDS:DSD_REG_DEMO@DF_POP_BROAD(2.4),Population by broad age groups - Regions,I,A,Annual,CTRY,Country,CZE,Czechia,_Z,Not applicable,POP,Population,Y_GE65,65 years or over,_T,Total,PT_POP,Percentage of population,2016,,18.31,,CZE,Czechia,A,Normal value,0,Units,2,Two
DATAFLOW,OECD.CFE.EDS:DSD_REG_DEMO@DF_POP_BROAD(2.4),Population by broad age groups - Regions,I,A,Annual,CTRY,Country,COL,Colombia,_Z,Not applicable,POP,Population,Y_GE65,65 years or over,_T,Total,PT_POP,Percentage of population,2016,,8.32,,COL,Colombia,A,Normal value,0,Units,2,Two
DATAFLOW,OECD.CFE.EDS:DSD_REG_DEMO@DF_POP_BROAD(2.4),Population by broad age groups - Regions,I,A,Annual,CTRY,Country,DNK,Denmark,_Z,Not applicable,POP,Population,Y_GE65,65 years or over,_T,Total,PT_POP,Percentage of population,2016,,18.83,,DNK,Denmark,A,Normal value,0,Units,2,Two
DATAFLOW,OECD.CFE.EDS:DSD_REG_DEMO@DF_POP_BROAD(2.4),Population by broad age groups - Regions,I,A,Annual,CTRY,Country,NLD,Netherlands,_Z,Not applicable,POP,Population,Y_GE65,65 years or over,_T,Total,PT_POP,Percentage of population,2016,,18.17,,NLD,Netherlands,A,Normal value,0,Units,2,Two
DATAFLOW,OECD.CFE.EDS:DSD_REG_DEMO@DF_POP_BROAD(2.4),Population by broad age groups - Regions,I,A,Annual,CTRY,Country,LUX,Luxembourg,_Z,Not applicable,POP,Population,Y_GE65,65 years or over,_T,Total,PT_POP,Percentage of population,2016,,14.22,,LUX,Luxembourg,A,Normal value,0,Units,2,Two
DATAFLOW,OECD.CFE.EDS:DSD_REG_DEMO@DF_POP_BROAD(2.4),Population by broad age groups - Regions,I,A,Annual,CTRY,Country,ISR,Israel,_Z,Not applicable,POP,Population,Y_GE65,65 years or over,_T,Total,PT_POP,Percentage of population,2016,,11.22,,ISR,Israel,A,Normal value,0,Units,2,Two
DATAFLOW,OECD.CFE.EDS:DSD_REG_DEMO@DF_POP_BROAD(2.4),Population by broad age groups - Regions,I,A,Annual,CTRY,Country,IRL,Ireland,_Z,Not applicable,POP,Population,Y_GE65,65 years or over,_T,Total,PT_POP,Percentage of population,2016,,13.21,,IRL,Ireland,A,Normal value,0,Units,2,Two
DATAFLOW,OECD.CFE.EDS:DSD_REG_DEMO@DF_POP_BROAD(2.4),Population by broad age groups - Regions,I,A,Annual,CTRY,Country,KOR,Korea,_Z,Not applicable,POP,Population,Y_GE65,65 years or over,_T,Total,PT_POP,Percentage of population,2016,,13.07,,KOR,Korea,A,Normal value,0,Units,2,Two
DATAFLOW,OECD.CFE.EDS:DSD_REG_DEMO@DF_POP_BROAD(2.4),Population by broad age groups - Regions,I,A,Annual,CTRY,Country,CAN,Canada,_Z,Not applicable,POP,Population,Y_GE65,65 years or over,_T,Total,PT_POP,Percentage of population,2016,,16.39,,CAN,Canada,A,Normal value,0,Units,2,Two
DATAFLOW,OECD.CFE.EDS:DSD_REG_DEMO@DF_POP_BROAD(2.4),Population by broad age groups - Regions,I,A,Annual,CTRY,Country,ITA,Italy,_Z,Not applicable,POP,Population,Y_GE65,65 years or over,_T,Total,PT_POP,Percentage of population,2016,,22.14,,ITA,Italy,A,Normal value,0,Units,2,Two
DATAFLOW,OECD.CFE.EDS:DSD_REG_DEMO@DF_POP_BROAD(2.4),Population by broad age groups - Regions,I,A,Annual,CTRY,Country,DEU,Germany,_Z,Not applicable,POP,Population,Y_GE65,65 years or over,_T,Total,PT_POP,Percentage of population,2016,,21.05,,DEU,Germany,A,Normal value,0,Units,2,Two
DATAFLOW,OECD.CFE.EDS:DSD_REG_DEMO@DF_POP_BROAD(2.4),Population by broad age groups - Regions,I,A,Annual,CTRY,Country,PRT,Portugal,_Z,Not applicable,POP,Population,Y_GE65,65 years or over,_T,Total,PT_POP,Percentage of population,2016,,20.88,,PRT,Portugal,A,Normal value,0,Units,2,Two
DATAFLOW,OECD.CFE.EDS:DSD_REG_DEMO@DF_POP_BROAD(2.4),Population by broad age groups - Regions,I,A,Annual,CTRY,Country,CHE,Switzerland,_Z,Not applicable,POP,Population,Y_GE65,65 years or over,_T,Total,PT_POP,Percentage of population,2016,,17.95,,CHE,Switzerland,A,Normal value,0,Units,2,Two
DATAFLOW,OECD.CFE.EDS:DSD_REG_DEMO@DF_POP_BROAD(2.4),Population by broad age groups - Regions,I,A,Annual,CTRY,Country,GRC,Greece,_Z,Not applicable,POP,Population,Y_GE65,65 years or over,_T,Total,PT_POP,Percentage of population,2016,,21.26,,GRC,Greece,A,Normal value,0,Units,2,Two
DATAFLOW,OECD.CFE.EDS:DSD_REG_DEMO@DF_POP_BROAD(2.4),Population by broad age groups - Regions,I,A,Annual,CTRY,Country,SVN,Slovenia,_Z,Not applicable,POP,Population,Y_GE65,65 years or over,_T,Total,PT_POP,Percentage of population,2016,,18.41,,SVN,Slovenia,A,Normal value,0,Units,2,Two
DATAFLOW,OECD.CFE.EDS:DSD_REG_DEMO@DF_POP_BROAD(2.4),Population by broad age groups - Regions,I,A,Annual,CTRY,Country,NZL,New Zealand,_Z,Not applicable,POP,Population,Y_GE65,65 years or over,_T,Total,PT_POP,Percentage of population,2016,,14.88,,NZL,New Zealand,A,Normal value,0,Units,2,Two
DATAFLOW,OECD.CFE.EDS:DSD_REG_DEMO@DF_POP_BROAD(2.4),Population by broad age groups - Regions,I,A,Annual,CTRY,Country,JPN,Japan,_Z,Not applicable,POP,Population,Y_GE65,65 years or over,_T,Total,PT_POP,Percentage of population,2016,,27.2,,JPN,Japan,A,Normal value,0,Units,2,Two
DATAFLOW,OECD.CFE.EDS:DSD_REG_DEMO@DF_POP_BROAD(2.4),Population by broad age groups - Regions,I,A,Annual,CTRY,Country,BEL,Belgium,_Z,Not applicable,POP,Population,Y_GE65,65 years or over,_T,Total,PT_POP,Percentage of population,2016,,18.24,,BEL,Belgium,A,Normal value,0,Units,2,Two
DATAFLOW,OECD.CFE.EDS:DSD_REG_DEMO@DF_POP_BROAD(2.4),Population by broad age groups - Regions,I,A,Annual,CTRY,Country,NOR,Norway,_Z,Not applicable,POP,Population,Y_GE65,65 years or over,_T,Total,PT_POP,Percentage of population,2016,,16.4,,NOR,Norway,A,Normal value,0,Units,2,Two
DATAFLOW,OECD.CFE.EDS:DSD_REG_DEMO@DF_POP_BROAD(2.4),Population by broad age groups - Regions,I,A,Annual,CTRY,Country,SWE,Sweden,_Z,Not applicable,POP,Population,Y_GE65,65 years or over,_T,Total,PT_POP,Percentage of population,2016,,19.77,,SWE,Sweden,A,Normal value,0,Units,2,Two
DATAFLOW,OECD.CFE.EDS:DSD_REG_DEMO@DF_POP_BROAD(2.4),Population by broad age groups - Regions,I,A,Annual,CTRY,Country,GBR,United Kingdom,_Z,Not applicable,POP,Population,Y_GE65,65 years or over,_T,Total,PT_POP,Percentage of population,2016,,18.01,,GBR,United Kingdom,E,Estimated value,0,Units,2,Two
DATAFLOW,OECD.CFE.EDS:DSD_REG_DEMO@DF_POP_BROAD(2.4),Population by broad age groups - Regions,I,A,Annual,CTRY,Country,SWE,Sweden,_Z,Not applicable,POP,Population,Y_GE65,65 years or over,_T,Total,PT_POP,Percentage of population,2017,,19.78,,SWE,Sweden,A,Normal value,0,Units,2,Two
DATAFLOW,OECD.CFE.EDS:DSD_REG_DEMO@DF_POP_BROAD(2.4),Population by broad age groups - Regions,I,A,Annual,CTRY,Country,NOR,Norway,_Z,Not applicable,POP,Population,Y_GE65,65 years or over,_T,Total,PT_POP,Percentage of population,2017,,16.64,,NOR,Norway,A,Normal value,0,Units,2,Two
DATAFLOW,OECD.CFE.EDS:DSD_REG_DEMO@DF_POP_BROAD(2.4),Population by broad age groups - Regions,I,A,Annual,CTRY,Country,BEL,Belgium,_Z,Not applicable,POP,Population,Y_GE65,65 years or over,_T,Total,PT_POP,Percentage of population,2017,,18.46,,BEL,Belgium,A,Normal value,0,Units,2,Two
DATAFLOW,OECD.CFE.EDS:DSD_REG_DEMO@DF_POP_BROAD(2.4),Population by broad age groups - Regions,I,A,Annual,CTRY,Country,JPN,Japan,_Z,Not applicable,POP,Population,Y_GE65,65 years or over,_T,Total,PT_POP,Percentage of population,2017,,27.65,,JPN,Japan,A,Normal value,0,Units,2,Two
DATAFLOW,OECD.CFE.EDS:DSD_REG_DEMO@DF_POP_BROAD(2.4),Population by broad age groups - Regions,I,A,Annual,CTRY,Country,NZL,New Zealand,_Z,Not applicable,POP,Population,Y_GE65,65 years or over,_T,Total,PT_POP,Percentage of population,2017,,15.08,,NZL,New Zealand,A,Normal value,0,Units,2,Two
DATAFLOW,OECD.CFE.EDS:DSD_REG_DEMO@DF_POP_BROAD(2.4),Population by broad age groups - Regions,I,A,Annual,CTRY,Country,SVN,Slovenia,_Z,Not applicable,POP,Population,Y_GE65,65 years or over,_T,Total,PT_POP,Percentage of population,2017,,18.9,,SVN,Slovenia,A,Normal value,0,Units,2,Two
DATAFLOW,OECD.CFE.EDS:DSD_REG_DEMO@DF_POP_BROAD(2.4),Population by broad age groups - Regions,I,A,Annual,CTRY,Country,GRC,Greece,_Z,Not applicable,POP,Population,Y_GE65,65 years or over,_T,Total,PT_POP,Percentage of population,2017,,21.54,,GRC,Greece,A,Normal value,0,Units,2,Two
DATAFLOW,OECD.CFE.EDS:DSD_REG_DEMO@DF_POP_BROAD(2.4),Population by broad age groups - Regions,I,A,Annual,CTRY,Country,CHE,Switzerland,_Z,Not applicable,POP,Population,Y_GE65,65 years or over,_T,Total,PT_POP,Percentage of population,2017,,18.09,,CHE,Switzerland,A,Normal value,0,Units,2,Two
DATAFLOW,OECD.CFE.EDS:DSD_REG_DEMO@DF_POP_BROAD(2.4),Population by broad age groups - Regions,I,A,Annual,CTRY,Country,PRT,Portugal,_Z,Not applicable,POP,Population,Y_GE65,65 years or over,_T,Total,PT_POP,Percentage of population,2017,,21.33,,PRT,Portugal,A,Normal value,0,Units,2,Two
DATAFLOW,OECD.CFE.EDS:DSD_REG_DEMO@DF_POP_BROAD(2.4),Population by broad age groups - Regions,I,A,Annual,CTRY,Country,DEU,Germany,_Z,Not applicable,POP,Population,Y_GE65,65 years or over,_T,Total,PT_POP,Percentage of population,2017,,21.22,,DEU,Germany,A,Normal value,0,Units,2,Two
DATAFLOW,OECD.CFE.EDS:DSD_REG_DEMO@DF_POP_BROAD(2.4),Population by broad age groups - Regions,I,A,Annual,CTRY,Country,ITA,Italy,_Z,Not applicable,POP,Population,Y_GE65,65 years or over,_T,Total,PT_POP,Percentage of population,2017,,22.41,,ITA,Italy,A,Normal value,0,Units,2,Two
DATAFLOW,OECD.CFE.EDS:DSD_REG_DEMO@DF_POP_BROAD(2.4),Population by broad age groups - Regions,I,A,Annual,CTRY,Country,CAN,Canada,_Z,Not applicable,POP,Population,Y_GE65,65 years or over,_T,Total,PT_POP,Percentage of population,2017,,16.76,,CAN,Canada,A,Normal value,0,Units,2,Two
DATAFLOW,OECD.CFE.EDS:DSD_REG_DEMO@DF_POP_BROAD(2.4),Population by broad age groups - Regions,I,A,Annual,CTRY,Country,KOR,Korea,_Z,Not applicable,POP,Population,Y_GE65,65 years or over,_T,Total,PT_POP,Percentage of population,2017,,13.65,,KOR,Korea,A,Normal value,0,Units,2,Two
DATAFLOW,OECD.CFE.EDS:DSD_REG_DEMO@DF_POP_BROAD(2.4),Population by broad age groups - Regions,I,A,Annual,CTRY,Country,IRL,Ireland,_Z,Not applicable,POP,Population,Y_GE65,65 years or over,_T,Total,PT_POP,Percentage of population,2017,,13.5,,IRL,Ireland,A,Normal value,0,Units,2,Two
DATAFLOW,OECD.CFE.EDS:DSD_REG_DEMO@DF_POP_BROAD(2.4),Population by broad age groups - Regions,I,A,Annual,CTRY,Country,ISR,Israel,_Z,Not applicable,POP,Population,Y_GE65,65 years or over,_T,Total,PT_POP,Percentage of population,2017,,11.46,,ISR,Israel,A,Normal value,0,Units,2,Two
DATAFLOW,OECD.CFE.EDS:DSD_REG_DEMO@DF_POP_BROAD(2.4),Population by broad age groups - Regions,I,A,Annual,CTRY,Country,NLD,Netherlands,_Z,Not applicable,POP,Population,Y_GE65,65 years or over,_T,Total,PT_POP,Percentage of population,2017,,18.5,,NLD,Netherlands,A,Normal value,0,Units,2,Two
DATAFLOW,OECD.CFE.EDS:DSD_REG_DEMO@DF_POP_BROAD(2.4),Population by broad age groups - Regions,I,A,Annual,CTRY,Country,GBR,United Kingdom,_Z,Not applicable,POP,Population,Y_GE65,65 years or over,_T,Total,PT_POP,Percentage of population,2017,,18.17,,GBR,United Kingdom,A,Normal value,0,Units,2,Two
DATAFLOW,OECD.CFE.EDS:DSD_REG_DEMO@DF_POP_BROAD(2.4),Population by broad age groups - Regions,I,A,Annual,CTRY,Country,DNK,Denmark,_Z,Not applicable,POP,Population,Y_GE65,65 years or over,_T,Total,PT_POP,Percentage of population,2017,,19.05,,DNK,Denmark,A,Normal value,0,Units,2,Two
DATAFLOW,OECD.CFE.EDS:DSD_REG_DEMO@DF_POP_BROAD(2.4),Population by broad age groups - Regions,I,A,Annual,CTRY,Country,COL,Colombia,_Z,Not applicable,POP,Population,Y_GE65,65 years or over,_T,Total,PT_POP,Percentage of population,2017,,8.56,,COL,Colombia,A,Normal value,0,Units,2,Two
DATAFLOW,OECD.CFE.EDS:DSD_REG_DEMO@DF_POP_BROAD(2.4),Population by broad age groups - Regions,I,A,Annual,CTRY,Country,CZE,Czechia,_Z,Not applicable,POP,Population,Y_GE65,65 years or over,_T,Total,PT_POP,Percentage of population,2017,,18.8,,CZE,Czechia,A,Normal value,0,Units,2,Two
DATAFLOW,OECD.CFE.EDS:DSD_REG_DEMO@DF_POP_BROAD(2.4),Population by broad age groups - Regions,I,A,Annual,CTRY,Country,CHL,Chile,_Z,Not applicable,POP,Population,Y_GE65,65 years or over,_T,Total,PT_POP,Percentage of population,2017,,11.24,,CHL,Chile,A,Normal value,0,Units,2,Two
DATAFLOW,OECD.CFE.EDS:DSD_REG_DEMO@DF_POP_BROAD(2.4),Population by broad age groups - Regions,I,A,Annual,CTRY,Country,FRA,France,_Z,Not applicable,POP,Population,Y_GE65,65 years or over,_T,Total,PT_POP,Percentage of population,2017,,19.29,,FRA,France,A,Normal value,0,Units,2,Two
DATAFLOW,OECD.CFE.EDS:DSD_REG_DEMO@DF_POP_BROAD(2.4),Population by broad age groups - Regions,I,A,Annual,CTRY,Country,TUR,Turkey,_Z,Not applicable,POP,Population,Y_GE65,65 years or over,_T,Total,PT_POP,Percentage of population,2017,,8.33,,TUR,Türkiye,A,Normal value,0,Units,2,Two
DATAFLOW,OECD.CFE.EDS:DSD_REG_DEMO@DF_POP_BROAD(2.4),Population by broad age groups - Regions,I,A,Annual,CTRY,Country,HUN,Hungary,_Z,Not applicable,POP,Population,Y_GE65,65 years or over,_T,Total,PT_POP,Percentage of population,2017,,18.57,,HUN,Hungary,A,Normal value,0,Units,2,Two
DATAFLOW,OECD.CFE.EDS:DSD_REG_DEMO@DF_POP_BROAD(2.4),Population by broad age groups - Regions,I,A,Annual,CTRY,Country,AUS,Australia,_Z,Not applicable,POP,Population,Y_GE65,65 years or over,_T,Total,PT_POP,Percentage of population,2017,,15.4,,AUS,Australia,A,Normal value,0,Units,2,Two
DATAFLOW,OECD.CFE.EDS:DSD_REG_DEMO@DF_POP_BROAD(2.4),Population by broad age groups - Regions,I,A,Annual,CTRY,Country,EST,Estonia,_Z,Not applicable,POP,Population,Y_GE65,65 years or over,_T,Total,PT_POP,Percentage of population,2017,,19.34,,EST,Estonia,A,Normal value,0,Units,2,Two
DATAFLOW,OECD.CFE.EDS:DSD_REG_DEMO@DF_POP_BROAD(2.4),Population by broad age groups - Regions,I,A,Annual,CTRY,Country,CRI,Costa Rica,_Z,Not applicable,POP,Population,Y_GE65,65 years or over,_T,Total,PT_POP,Percentage of population,2017,,7.88,,CRI,Costa Rica,A,Normal value,0,Units,2,Two
DATAFLOW,OECD.CFE.EDS:DSD_REG_DEMO@DF_POP_BROAD(2.4),Population by broad age groups - Regions,I,A,Annual,CTRY,Country,ISL,Iceland,_Z,Not applicable,POP,Population,Y_GE65,65 years or over,_T,Total,PT_POP,Percentage of population,2017,,14.02,,ISL,Iceland,A,Normal value,0,Units,2,Two
DATAFLOW,OECD.CFE.EDS:DSD_REG_DEMO@DF_POP_BROAD(2.4),Population by broad age groups - Regions,I,A,Annual,CTRY,Country,AUT,Austria,_Z,Not applicable,POP,Population,Y_GE65,65 years or over,_T,Total,PT_POP,Percentage of population,2017,,18.53,,AUT,Austria,A,Normal value,0,Units,2,Two
DATAFLOW,OECD.CFE.EDS:DSD_REG_DEMO@DF_POP_BROAD(2.4),Population by broad age groups - Regions,I,A,Annual,CTRY,Country,FIN,Finland,_Z,Not applicable,POP,Population,Y_GE65,65 years or over,_T,Total,PT_POP,Percentage of population,2017,,20.9,,FIN,Finland,A,Normal value,0,Units,2,Two
DATAFLOW,OECD.CFE.EDS:DSD_REG_DEMO@DF_POP_BROAD(2.4),Population by broad age groups - Regions,I,A,Annual,CTRY,Country,MEX,Mexico,_Z,Not applicable,POP,Population,Y_GE65,65 years or over,_T,Total,PT_POP,Percentage of population,2017,,7.11,,MEX,Mexico,A,Normal value,0,Units,2,Two
DATAFLOW,OECD.CFE.EDS:DSD_REG_DEMO@DF_POP_BROAD(2.4),Population by broad age groups - Regions,I,A,Annual,CTRY,Country,POL,Poland,_Z,Not applicable,POP,Population,Y_GE65,65 years or over,_T,Total,PT_POP,Percentage of population,2017,,16.55,,POL,Poland,A,Normal value,0,Units,2,Two
DATAFLOW,OECD.CFE.EDS:DSD_REG_DEMO@DF_POP_BROAD(2.4),Population by broad age groups - Regions,I,A,Annual,CTRY,Country,USA,United States,_Z,Not applicable,POP,Population,Y_GE65,65 years or over,_T,Total,PT_POP,Percentage of population,2017,,15.63,,USA,United States,A,Normal value,0,Units,2,Two
DATAFLOW,OECD.CFE.EDS:DSD_REG_DEMO@DF_POP_BROAD(2.4),Population by broad age groups - Regions,I,A,Annual,CTRY,Country,SVK,Slovak Republic,_Z,Not applicable,POP,Population,Y_GE65,65 years or over,_T,Total,PT_POP,Percentage of population,2017,,14.99,,SVK,Slovak Republic,A,Normal value,0,Units,2,Two
DATAFLOW,OECD.CFE.EDS:DSD_REG_DEMO@DF_POP_BROAD(2.4),Population by broad age groups - Regions,I,A,Annual,CTRY,Country,LTU,Lithuania,_Z,Not applicable,POP,Population,Y_GE65,65 years or over,_T,Total,PT_POP,Percentage of population,2017,,19.22,,LTU,Lithuania,A,Normal value,0,Units,2,Two
DATAFLOW,OECD.CFE.EDS:DSD_REG_DEMO@DF_POP_BROAD(2.4),Population by broad age groups - Regions,I,A,Annual,CTRY,Country,LVA,Latvia,_Z,Not applicable,POP,Population,Y_GE65,65 years or over,_T,Total,PT_POP,Percentage of population,2017,,19.89,,LVA,Latvia,A,Normal value,0,Units,2,Two
DATAFLOW,OECD.CFE.EDS:DSD_REG_DEMO@DF_POP_BROAD(2.4),Population by broad age groups - Regions,I,A,Annual,CTRY,Country,ESP,Spain,_Z,Not applicable,POP,Population,Y_GE65,65 years or over,_T,Total,PT_POP,Percentage of population,2017,,18.89,,ESP,Spain,A,Normal value,0,Units,2,Two
DATAFLOW,OECD.CFE.EDS:DSD_REG_DEMO@DF_POP_BROAD(2.4),Population by broad age groups - Regions,I,A,Annual,CTRY,Country,LUX,Luxembourg,_Z,Not applicable,POP,Population,Y_GE65,65 years or over,_T,Total,PT_POP,Percentage of population,2017,,14.24,,LUX,Luxembourg,B,Time series break,0,Units,2,Two
DATAFLOW,OECD.CFE.EDS:DSD_REG_DEMO@DF_POP_BROAD(2.4),Population by broad age groups - Regions,I,A,Annual,CTRY,Country,ESP,Spain,_Z,Not applicable,POP,Population,Y_GE65,65 years or over,_T,Total,PT_POP,Percentage of population,2018,,19.12,,ESP,Spain,A,Normal value,0,Units,2,Two
DATAFLOW,OECD.CFE.EDS:DSD_REG_DEMO@DF_POP_BROAD(2.4),Population by broad age groups - Regions,I,A,Annual,CTRY,Country,LVA,Latvia,_Z,Not applicable,POP,Population,Y_GE65,65 years or over,_T,Total,PT_POP,Percentage of population,2018,,20.1,,LVA,Latvia,A,Normal value,0,Units,2,Two
DATAFLOW,OECD.CFE.EDS:DSD_REG_DEMO@DF_POP_BROAD(2.4),Population by broad age groups - Regions,I,A,Annual,CTRY,Country,LTU,Lithuania,_Z,Not applicable,POP,Population,Y_GE65,65 years or over,_T,Total,PT_POP,Percentage of population,2018,,19.51,,LTU,Lithuania,A,Normal value,0,Units,2,Two
DATAFLOW,OECD.CFE.EDS:DSD_REG_DEMO@DF_POP_BROAD(2.4),Population by broad age groups - Regions,I,A,Annual,CTRY,Country,SVK,Slovak Republic,_Z,Not applicable,POP,Population,Y_GE65,65 years or over,_T,Total,PT_POP,Percentage of population,2018,,15.52,,SVK,Slovak Republic,A,Normal value,0,Units,2,Two
DATAFLOW,OECD.CFE.EDS:DSD_REG_DEMO@DF_POP_BROAD(2.4),Population by broad age groups - Regions,I,A,Annual,CTRY,Country,USA,United States,_Z,Not applicable,POP,Population,Y_GE65,65 years or over,_T,Total,PT_POP,Percentage of population,2018,,16.05,,USA,United States,A,Normal value,0,Units,2,Two
DATAFLOW,OECD.CFE.EDS:DSD_REG_DEMO@DF_POP_BROAD(2.4),Population by broad age groups - Regions,I,A,Annual,CTRY,Country,POL,Poland,_Z,Not applicable,POP,Population,Y_GE65,65 years or over,_T,Total,PT_POP,Percentage of population,2018,,17.11,,POL,Poland,A,Normal value,0,Units,2,Two
DATAFLOW,OECD.CFE.EDS:DSD_REG_DEMO@DF_POP_BROAD(2.4),Population by broad age groups - Regions,I,A,Annual,CTRY,Country,MEX,Mexico,_Z,Not applicable,POP,Population,Y_GE65,65 years or over,_T,Total,PT_POP,Percentage of population,2018,,7.42,,MEX,Mexico,A,Normal value,0,Units,2,Two
DATAFLOW,OECD.CFE.EDS:DSD_REG_DEMO@DF_POP_BROAD(2.4),Population by broad age groups - Regions,I,A,Annual,CTRY,Country,FIN,Finland,_Z,Not applicable,POP,Population,Y_GE65,65 years or over,_T,Total,PT_POP,Percentage of population,2018,,21.39,,FIN,Finland,A,Normal value,0,Units,2,Two
DATAFLOW,OECD.CFE.EDS:DSD_REG_DEMO@DF_POP_BROAD(2.4),Population by broad age groups - Regions,I,A,Annual,CTRY,Country,AUT,Austria,_Z,Not applicable,POP,Population,Y_GE65,65 years or over,_T,Total,PT_POP,Percentage of population,2018,,18.67,,AUT,Austria,A,Normal value,0,Units,2,Two
DATAFLOW,OECD.CFE.EDS:DSD_REG_DEMO@DF_POP_BROAD(2.4),Population by broad age groups - Regions,I,A,Annual,CTRY,Country,ISL,Iceland,_Z,Not applicable,POP,Population,Y_GE65,65 years or over,_T,Total,PT_POP,Percentage of population,2018,,14.06,,ISL,Iceland,A,Normal value,0,Units,2,Two
DATAFLOW,OECD.CFE.EDS:DSD_REG_DEMO@DF_POP_BROAD(2.4),Population by broad age groups - Regions,I,A,Annual,CTRY,Country,CRI,Costa Rica,_Z,Not applicable,POP,Population,Y_GE65,65 years or over,_T,Total,PT_POP,Percentage of population,2018,,8.18,,CRI,Costa Rica,A,Normal value,0,Units,2,Two
DATAFLOW,OECD.CFE.EDS:DSD_REG_DEMO@DF_POP_BROAD(2.4),Population by broad age groups - Regions,I,A,Annual,CTRY,Country,EST,Estonia,_Z,Not applicable,POP,Population,Y_GE65,65 years or over,_T,Total,PT_POP,Percentage of population,2018,,19.59,,EST,Estonia,A,Normal value,0,Units,2,Two
DATAFLOW,OECD.CFE.EDS:DSD_REG_DEMO@DF_POP_BROAD(2.4),Population by broad age groups - Regions,I,A,Annual,CTRY,Country,AUS,Australia,_Z,Not applicable,POP,Population,Y_GE65,65 years or over,_T,Total,PT_POP,Percentage of population,2018,,15.65,,AUS,Australia,A,Normal value,0,Units,2,Two
DATAFLOW,OECD.CFE.EDS:DSD_REG_DEMO@DF_POP_BROAD(2.4),Population by broad age groups - Regions,I,A,Annual,CTRY,Country,HUN,Hungary,_Z,Not applicable,POP,Population,Y_GE65,65 years or over,_T,Total,PT_POP,Percentage of population,2018,,18.84,,HUN,Hungary,A,Normal value,0,Units,2,Two
DATAFLOW,OECD.CFE.EDS:DSD_REG_DEMO@DF_POP_BROAD(2.4),Population by broad age groups - Regions,I,A,Annual,CTRY,Country,TUR,Turkey,_Z,Not applicable,POP,Population,Y_GE65,65 years or over,_T,Total,PT_POP,Percentage of population,2018,,8.53,,TUR,Türkiye,A,Normal value,0,Units,2,Two
DATAFLOW,OECD.CFE.EDS:DSD_REG_DEMO@DF_POP_BROAD(2.4),Population by broad age groups - Regions,I,A,Annual,CTRY,Country,FRA,France,_Z,Not applicable,POP,Population,Y_GE65,65 years or over,_T,Total,PT_POP,Percentage of population,2018,,19.65,,FRA,France,A,Normal value,0,Units,2,Two
DATAFLOW,OECD.CFE.EDS:DSD_REG_DEMO@DF_POP_BROAD(2.4),Population by broad age groups - Regions,I,A,Annual,CTRY,Country,CHL,Chile,_Z,Not applicable,POP,Population,Y_GE65,65 years or over,_T,Total,PT_POP,Percentage of population,2018,,11.55,,CHL,Chile,A,Normal value,0,Units,2,Two
DATAFLOW,OECD.CFE.EDS:DSD_REG_DEMO@DF_POP_BROAD(2.4),Population by broad age groups - Regions,I,A,Annual,CTRY,Country,CZE,Czechia,_Z,Not applicable,POP,Population,Y_GE65,65 years or over,_T,Total,PT_POP,Percentage of population,2018,,19.23,,CZE,Czechia,A,Normal value,0,Units,2,Two
DATAFLOW,OECD.CFE.EDS:DSD_REG_DEMO@DF_POP_BROAD(2.4),Population by broad age groups - Regions,I,A,Annual,CTRY,Country,COL,Colombia,_Z,Not applicable,POP,Population,Y_GE65,65 years or over,_T,Total,PT_POP,Percentage of population,2018,,8.8,,COL,Colombia,A,Normal value,0,Units,2,Two
DATAFLOW,OECD.CFE.EDS:DSD_REG_DEMO@DF_POP_BROAD(2.4),Population by broad age groups - Regions,I,A,Annual,CTRY,Country,DNK,Denmark,_Z,Not applicable,POP,Population,Y_GE65,65 years or over,_T,Total,PT_POP,Percentage of population,2018,,19.31,,DNK,Denmark,A,Normal value,0,Units,2,Two
DATAFLOW,OECD.CFE.EDS:DSD_REG_DEMO@DF_POP_BROAD(2.4),Population by broad age groups - Regions,I,A,Annual,CTRY,Country,GBR,United Kingdom,_Z,Not applicable,POP,Population,Y_GE65,65 years or over,_T,Total,PT_POP,Percentage of population,2018,,18.35,,GBR,United Kingdom,A,Normal value,0,Units,2,Two
DATAFLOW,OECD.CFE.EDS:DSD_REG_DEMO@DF_POP_BROAD(2.4),Population by broad age groups - Regions,I,A,Annual,CTRY,Country,NLD,Netherlands,_Z,Not applicable,POP,Population,Y_GE65,65 years or over,_T,Total,PT_POP,Percentage of population,2018,,18.85,,NLD,Netherlands,A,Normal value,0,Units,2,Two
DATAFLOW,OECD.CFE.EDS:DSD_REG_DEMO@DF_POP_BROAD(2.4),Population by broad age groups - Regions,I,A,Annual,CTRY,Country,LUX,Luxembourg,_Z,Not applicable,POP,Population,Y_GE65,65 years or over,_T,Total,PT_POP,Percentage of population,2018,,14.32,,LUX,Luxembourg,A,Normal value,0,Units,2,Two
DATAFLOW,OECD.CFE.EDS:DSD_REG_DEMO@DF_POP_BROAD(2.4),Population by broad age groups - Regions,I,A,Annual,CTRY,Country,ISR,Israel,_Z,Not applicable,POP,Population,Y_GE65,65 years or over,_T,Total,PT_POP,Percentage of population,2018,,11.68,,ISR,Israel,A,Normal value,0,Units,2,Two
DATAFLOW,OECD.CFE.EDS:DSD_REG_DEMO@DF_POP_BROAD(2.4),Population by broad age groups - Regions,I,A,Annual,CTRY,Country,IRL,Ireland,_Z,Not applicable,POP,Population,Y_GE65,65 years or over,_T,Total,PT_POP,Percentage of population,2018,,13.82,,IRL,Ireland,A,Normal value,0,Units,2,Two
DATAFLOW,OECD.CFE.EDS:DSD_REG_DEMO@DF_POP_BROAD(2.4),Population by broad age groups - Regions,I,A,Annual,CTRY,Country,KOR,Korea,_Z,Not applicable,POP,Population,Y_GE65,65 years or over,_T,Total,PT_POP,Percentage of population,2018,,14.21,,KOR,Korea,A,Normal value,0,Units,2,Two
DATAFLOW,OECD.CFE.EDS:DSD_REG_DEMO@DF_POP_BROAD(2.4),Population by broad age groups - Regions,I,A,Annual,CTRY,Country,CAN,Canada,_Z,Not applicable,POP,Population,Y_GE65,65 years or over,_T,Total,PT_POP,Percentage of population,2018,,17.09,,CAN,Canada,A,Normal value,0,Units,2,Two
DATAFLOW,OECD.CFE.EDS:DSD_REG_DEMO@DF_POP_BROAD(2.4),Population by broad age groups - Regions,I,A,Annual,CTRY,Country,ITA,Italy,_Z,Not applicable,POP,Population,Y_GE65,65 years or over,_T,Total,PT_POP,Percentage of population,2018,,22.63,,ITA,Italy,A,Normal value,0,Units,2,Two
DATAFLOW,OECD.CFE.EDS:DSD_REG_DEMO@DF_POP_BROAD(2.4),Population by broad age groups - Regions,I,A,Annual,CTRY,Country,DEU,Germany,_Z,Not applicable,POP,Population,Y_GE65,65 years or over,_T,Total,PT_POP,Percentage of population,2018,,21.39,,DEU,Germany,A,Normal value,0,Units,2,Two
DATAFLOW,OECD.CFE.EDS:DSD_REG_DEMO@DF_POP_BROAD(2.4),Population by broad age groups - Regions,I,A,Annual,CTRY,Country,PRT,Portugal,_Z,Not applicable,POP,Population,Y_GE65,65 years or over,_T,Total,PT_POP,Percentage of population,2018,,21.79,,PRT,Portugal,A,Normal value,0,Units,2,Two
DATAFLOW,OECD.CFE.EDS:DSD_REG_DEMO@DF_POP_BROAD(2.4),Population by broad age groups - Regions,I,A,Annual,CTRY,Country,CHE,Switzerland,_Z,Not applicable,POP,Population,Y_GE65,65 years or over,_T,Total,PT_POP,Percentage of population,2018,,18.27,,CHE,Switzerland,A,Normal value,0,Units,2,Two
DATAFLOW,OECD.CFE.EDS:DSD_REG_DEMO@DF_POP_BROAD(2.4),Population by broad age groups - Regions,I,A,Annual,CTRY,Country,GRC,Greece,_Z,Not applicable,POP,Population,Y_GE65,65 years or over,_T,Total,PT_POP,Percentage of population,2018,,21.79,,GRC,Greece,A,Normal value,0,Units,2,Two
DATAFLOW,OECD.CFE.EDS:DSD_REG_DEMO@DF_POP_BROAD(2.4),Population by broad age groups - Regions,I,A,Annual,CTRY,Country,SVN,Slovenia,_Z,Not applicable,POP,Population,Y_GE65,65 years or over,_T,Total,PT_POP,Percentage of population,2018,,19.41,,SVN,Slovenia,A,Normal value,0,Units,2,Two
DATAFLOW,OECD.CFE.EDS:DSD_REG_DEMO@DF_POP_BROAD(2.4),Population by broad age groups - Regions,I,A,Annual,CTRY,Country,NZL,New Zealand,_Z,Not applicable,POP,Population,Y_GE65,65 years or over,_T,Total,PT_POP,Percentage of population,2018,,15,,NZL,New Zealand,A,Normal value,0,Units,2,Two
DATAFLOW,OECD.CFE.EDS:DSD_REG_DEMO@DF_POP_BROAD(2.4),Population by broad age groups - Regions,I,A,Annual,CTRY,Country,JPN,Japan,_Z,Not applicable,POP,Population,Y_GE65,65 years or over,_T,Total,PT_POP,Percentage of population,2018,,27.99,,JPN,Japan,A,Normal value,0,Units,2,Two
DATAFLOW,OECD.CFE.EDS:DSD_REG_DEMO@DF_POP_BROAD(2.4),Population by broad age groups - Regions,I,A,Annual,CTRY,Country,BEL,Belgium,_Z,Not applicable,POP,Population,Y_GE65,65 years or over,_T,Total,PT_POP,Percentage of population,2018,,18.69,,BEL,Belgium,A,Normal value,0,Units,2,Two
DATAFLOW,OECD.CFE.EDS:DSD_REG_DEMO@DF_POP_BROAD(2.4),Population by broad age groups - Regions,I,A,Annual,CTRY,Country,NOR,Norway,_Z,Not applicable,POP,Population,Y_GE65,65 years or over,_T,Total,PT_POP,Percentage of population,2018,,16.93,,NOR,Norway,A,Normal value,0,Units,2,Two
DATAFLOW,OECD.CFE.EDS:DSD_REG_DEMO@DF_POP_BROAD(2.4),Population by broad age groups - Regions,I,A,Annual,CTRY,Country,SWE,Sweden,_Z,Not applicable,POP,Population,Y_GE65,65 years or over,_T,Total,PT_POP,Percentage of population,2018,,19.82,,SWE,Sweden,A,Normal value,0,Units,2,Two
DATAFLOW,OECD.CFE.EDS:DSD_REG_DEMO@DF_POP_BROAD(2.4),Population by broad age groups - Regions,I,A,Annual,CTRY,Country,SWE,Sweden,_Z,Not applicable,POP,Population,Y_GE65,65 years or over,_T,Total,PT_POP,Percentage of population,2019,,19.9,,SWE,Sweden,A,Normal value,0,Units,2,Two
DATAFLOW,OECD.CFE.EDS:DSD_REG_DEMO@DF_POP_BROAD(2.4),Population by broad age groups - Regions,I,A,Annual,CTRY,Country,NOR,Norway,_Z,Not applicable,POP,Population,Y_GE65,65 years or over,_T,Total,PT_POP,Percentage of population,2019,,17.24,,NOR,Norway,A,Normal value,0,Units,2,Two
DATAFLOW,OECD.CFE.EDS:DSD_REG_DEMO@DF_POP_BROAD(2.4),Population by broad age groups - Regions,I,A,Annual,CTRY,Country,BEL,Belgium,_Z,Not applicable,POP,Population,Y_GE65,65 years or over,_T,Total,PT_POP,Percentage of population,2019,,18.9,,BEL,Belgium,A,Normal value,0,Units,2,Two
DATAFLOW,OECD.CFE.EDS:DSD_REG_DEMO@DF_POP_BROAD(2.4),Population by broad age groups - Regions,I,A,Annual,CTRY,Country,JPN,Japan,_Z,Not applicable,POP,Population,Y_GE65,65 years or over,_T,Total,PT_POP,Percentage of population,2019,,28.26,,JPN,Japan,A,Normal value,0,Units,2,Two
DATAFLOW,OECD.CFE.EDS:DSD_REG_DEMO@DF_POP_BROAD(2.4),Population by broad age groups - Regions,I,A,Annual,CTRY,Country,NZL,New Zealand,_Z,Not applicable,POP,Population,Y_GE65,65 years or over,_T,Total,PT_POP,Percentage of population,2019,,15.29,,NZL,New Zealand,A,Normal value,0,Units,2,Two
DATAFLOW,OECD.CFE.EDS:DSD_REG_DEMO@DF_POP_BROAD(2.4),Population by broad age groups - Regions,I,A,Annual,CTRY,Country,SVN,Slovenia,_Z,Not applicable,POP,Population,Y_GE65,65 years or over,_T,Total,PT_POP,Percentage of population,2019,,19.85,,SVN,Slovenia,A,Normal value,0,Units,2,Two
DATAFLOW,OECD.CFE.EDS:DSD_REG_DEMO@DF_POP_BROAD(2.4),Population by broad age groups - Regions,I,A,Annual,CTRY,Country,GRC,Greece,_Z,Not applicable,POP,Population,Y_GE65,65 years or over,_T,Total,PT_POP,Percentage of population,2019,,22.04,,GRC,Greece,A,Normal value,0,Units,2,Two
DATAFLOW,OECD.CFE.EDS:DSD_REG_DEMO@DF_POP_BROAD(2.4),Population by broad age groups - Regions,I,A,Annual,CTRY,Country,CHE,Switzerland,_Z,Not applicable,POP,Population,Y_GE65,65 years or over,_T,Total,PT_POP,Percentage of population,2019,,18.46,,CHE,Switzerland,A,Normal value,0,Units,2,Two
DATAFLOW,OECD.CFE.EDS:DSD_REG_DEMO@DF_POP_BROAD(2.4),Population by broad age groups - Regions,I,A,Annual,CTRY,Country,PRT,Portugal,_Z,Not applicable,POP,Population,Y_GE65,65 years or over,_T,Total,PT_POP,Percentage of population,2019,,22.22,,PRT,Portugal,A,Normal value,0,Units,2,Two
DATAFLOW,OECD.CFE.EDS:DSD_REG_DEMO@DF_POP_BROAD(2.4),Population by broad age groups - Regions,I,A,Annual,CTRY,Country,DEU,Germany,_Z,Not applicable,POP,Population,Y_GE65,65 years or over,_T,Total,PT_POP,Percentage of population,2019,,21.54,,DEU,Germany,A,Normal value,0,Units,2,Two
DATAFLOW,OECD.CFE.EDS:DSD_REG_DEMO@DF_POP_BROAD(2.4),Population by broad age groups - Regions,I,A,Annual,CTRY,Country,ITA,Italy,_Z,Not applicable,POP,Population,Y_GE65,65 years or over,_T,Total,PT_POP,Percentage of population,2019,,22.89,,ITA,Italy,A,Normal value,0,Units,2,Two
DATAFLOW,OECD.CFE.EDS:DSD_REG_DEMO@DF_POP_BROAD(2.4),Population by broad age groups - Regions,I,A,Annual,CTRY,Country,CAN,Canada,_Z,Not applicable,POP,Population,Y_GE65,65 years or over,_T,Total,PT_POP,Percentage of population,2019,,17.47,,CAN,Canada,A,Normal value,0,Units,2,Two
DATAFLOW,OECD.CFE.EDS:DSD_REG_DEMO@DF_POP_BROAD(2.4),Population by broad age groups - Regions,I,A,Annual,CTRY,Country,KOR,Korea,_Z,Not applicable,POP,Population,Y_GE65,65 years or over,_T,Total,PT_POP,Percentage of population,2019,,14.83,,KOR,Korea,A,Normal value,0,Units,2,Two
DATAFLOW,OECD.CFE.EDS:DSD_REG_DEMO@DF_POP_BROAD(2.4),Population by broad age groups - Regions,I,A,Annual,CTRY,Country,IRL,Ireland,_Z,Not applicable,POP,Population,Y_GE65,65 years or over,_T,Total,PT_POP,Percentage of population,2019,,14.08,,IRL,Ireland,A,Normal value,0,Units,2,Two
DATAFLOW,OECD.CFE.EDS:DSD_REG_DEMO@DF_POP_BROAD(2.4),Population by broad age groups - Regions,I,A,Annual,CTRY,Country,ISR,Israel,_Z,Not applicable,POP,Population,Y_GE65,65 years or over,_T,Total,PT_POP,Percentage of population,2019,,11.87,,ISR,Israel,A,Normal value,0,Units,2,Two
DATAFLOW,OECD.CFE.EDS:DSD_REG_DEMO@DF_POP_BROAD(2.4),Population by broad age groups - Regions,I,A,Annual,CTRY,Country,LUX,Luxembourg,_Z,Not applicable,POP,Population,Y_GE65,65 years or over,_T,Total,PT_POP,Percentage of population,2019,,14.39,,LUX,Luxembourg,A,Normal value,0,Units,2,Two
DATAFLOW,OECD.CFE.EDS:DSD_REG_DEMO@DF_POP_BROAD(2.4),Population by broad age groups - Regions,I,A,Annual,CTRY,Country,NLD,Netherlands,_Z,Not applicable,POP,Population,Y_GE65,65 years or over,_T,Total,PT_POP,Percentage of population,2019,,19.18,,NLD,Netherlands,A,Normal value,0,Units,2,Two
DATAFLOW,OECD.CFE.EDS:DSD_REG_DEMO@DF_POP_BROAD(2.4),Population by broad age groups - Regions,I,A,Annual,CTRY,Country,GBR,United Kingdom,_Z,Not applicable,POP,Population,Y_GE65,65 years or over,_T,Total,PT_POP,Percentage of population,2019,,18.57,,GBR,United Kingdom,A,Normal value,0,Units,2,Two
DATAFLOW,OECD.CFE.EDS:DSD_REG_DEMO@DF_POP_BROAD(2.4),Population by broad age groups - Regions,I,A,Annual,CTRY,Country,DNK,Denmark,_Z,Not applicable,POP,Population,Y_GE65,65 years or over,_T,Total,PT_POP,Percentage of population,2019,,19.57,,DNK,Denmark,A,Normal value,0,Units,2,Two
DATAFLOW,OECD.CFE.EDS:DSD_REG_DEMO@DF_POP_BROAD(2.4),Population by broad age groups - Regions,I,A,Annual,CTRY,Country,COL,Colombia,_Z,Not applicable,POP,Population,Y_GE65,65 years or over,_T,Total,PT_POP,Percentage of population,2019,,9.01,,COL,Colombia,A,Normal value,0,Units,2,Two
DATAFLOW,OECD.CFE.EDS:DSD_REG_DEMO@DF_POP_BROAD(2.4),Population by broad age groups - Regions,I,A,Annual,CTRY,Country,CZE,Czechia,_Z,Not applicable,POP,Population,Y_GE65,65 years or over,_T,Total,PT_POP,Percentage of population,2019,,19.59,,CZE,Czechia,A,Normal value,0,Units,2,Two
DATAFLOW,OECD.CFE.EDS:DSD_REG_DEMO@DF_POP_BROAD(2.4),Population by broad age groups - Regions,I,A,Annual,CTRY,Country,CHL,Chile,_Z,Not applicable,POP,Population,Y_GE65,65 years or over,_T,Total,PT_POP,Percentage of population,2019,,11.83,,CHL,Chile,A,Normal value,0,Units,2,Two
DATAFLOW,OECD.CFE.EDS:DSD_REG_DEMO@DF_POP_BROAD(2.4),Population by broad age groups - Regions,I,A,Annual,CTRY,Country,FRA,France,_Z,Not applicable,POP,Population,Y_GE65,65 years or over,_T,Total,PT_POP,Percentage of population,2019,,20.01,,FRA,France,A,Normal value,0,Units,2,Two
DATAFLOW,OECD.CFE.EDS:DSD_REG_DEMO@DF_POP_BROAD(2.4),Population by broad age groups - Regions,I,A,Annual,CTRY,Country,TUR,Turkey,_Z,Not applicable,POP,Population,Y_GE65,65 years or over,_T,Total,PT_POP,Percentage of population,2019,,8.76,,TUR,Türkiye,A,Normal value,0,Units,2,Two
DATAFLOW,OECD.CFE.EDS:DSD_REG_DEMO@DF_POP_BROAD(2.4),Population by broad age groups - Regions,I,A,Annual,CTRY,Country,HUN,Hungary,_Z,Not applicable,POP,Population,Y_GE65,65 years or over,_T,Total,PT_POP,Percentage of population,2019,,19.23,,HUN,Hungary,A,Normal value,0,Units,2,Two
DATAFLOW,OECD.CFE.EDS:DSD_REG_DEMO@DF_POP_BROAD(2.4),Population by broad age groups - Regions,I,A,Annual,CTRY,Country,AUS,Australia,_Z,Not applicable,POP,Population,Y_GE65,65 years or over,_T,Total,PT_POP,Percentage of population,2019,,15.91,,AUS,Australia,A,Normal value,0,Units,2,Two
DATAFLOW,OECD.CFE.EDS:DSD_REG_DEMO@DF_POP_BROAD(2.4),Population by broad age groups - Regions,I,A,Annual,CTRY,Country,EST,Estonia,_Z,Not applicable,POP,Population,Y_GE65,65 years or over,_T,Total,PT_POP,Percentage of population,2019,,19.76,,EST,Estonia,A,Normal value,0,Units,2,Two
DATAFLOW,OECD.CFE.EDS:DSD_REG_DEMO@DF_POP_BROAD(2.4),Population by broad age groups - Regions,I,A,Annual,CTRY,Country,CRI,Costa Rica,_Z,Not applicable,POP,Population,Y_GE65,65 years or over,_T,Total,PT_POP,Percentage of population,2019,,8.51,,CRI,Costa Rica,A,Normal value,0,Units,2,Two
DATAFLOW,OECD.CFE.EDS:DSD_REG_DEMO@DF_POP_BROAD(2.4),Population by broad age groups - Regions,I,A,Annual,CTRY,Country,ISL,Iceland,_Z,Not applicable,POP,Population,Y_GE65,65 years or over,_T,Total,PT_POP,Percentage of population,2019,,14.21,,ISL,Iceland,A,Normal value,0,Units,2,Two
DATAFLOW,OECD.CFE.EDS:DSD_REG_DEMO@DF_POP_BROAD(2.4),Population by broad age groups - Regions,I,A,Annual,CTRY,Country,AUT,Austria,_Z,Not applicable,POP,Population,Y_GE65,65 years or over,_T,Total,PT_POP,Percentage of population,2019,,18.84,,AUT,Austria,A,Normal value,0,Units,2,Two
DATAFLOW,OECD.CFE.EDS:DSD_REG_DEMO@DF_POP_BROAD(2.4),Population by broad age groups - Regions,I,A,Annual,CTRY,Country,FIN,Finland,_Z,Not applicable,POP,Population,Y_GE65,65 years or over,_T,Total,PT_POP,Percentage of population,2019,,21.83,,FIN,Finland,A,Normal value,0,Units,2,Two
DATAFLOW,OECD.CFE.EDS:DSD_REG_DEMO@DF_POP_BROAD(2.4),Population by broad age groups - Regions,I,A,Annual,CTRY,Country,MEX,Mexico,_Z,Not applicable,POP,Population,Y_GE65,65 years or over,_T,Total,PT_POP,Percentage of population,2019,,7.74,,MEX,Mexico,A,Normal value,0,Units,2,Two
DATAFLOW,OECD.CFE.EDS:DSD_REG_DEMO@DF_POP_BROAD(2.4),Population by broad age groups - Regions,I,A,Annual,CTRY,Country,POL,Poland,_Z,Not applicable,POP,Population,Y_GE65,65 years or over,_T,Total,PT_POP,Percentage of population,2019,,17.66,,POL,Poland,A,Normal value,0,Units,2,Two
DATAFLOW,OECD.CFE.EDS:DSD_REG_DEMO@DF_POP_BROAD(2.4),Population by broad age groups - Regions,I,A,Annual,CTRY,Country,USA,United States,_Z,Not applicable,POP,Population,Y_GE65,65 years or over,_T,Total,PT_POP,Percentage of population,2019,,15.47,,USA,United States,A,Normal value,0,Units,2,Two
DATAFLOW,OECD.CFE.EDS:DSD_REG_DEMO@DF_POP_BROAD(2.4),Population by broad age groups - Regions,I,A,Annual,CTRY,Country,SVK,Slovak Republic,_Z,Not applicable,POP,Population,Y_GE65,65 years or over,_T,Total,PT_POP,Percentage of population,2019,,16.04,,SVK,Slovak Republic,A,Normal value,0,Units,2,Two
DATAFLOW,OECD.CFE.EDS:DSD_REG_DEMO@DF_POP_BROAD(2.4),Population by broad age groups - Regions,I,A,Annual,CTRY,Country,LTU,Lithuania,_Z,Not applicable,POP,Population,Y_GE65,65 years or over,_T,Total,PT_POP,Percentage of population,2019,,19.64,,LTU,Lithuania,A,Normal value,0,Units,2,Two
DATAFLOW,OECD.CFE.EDS:DSD_REG_DEMO@DF_POP_BROAD(2.4),Population by broad age groups - Regions,I,A,Annual,CTRY,Country,LVA,Latvia,_Z,Not applicable,POP,Population,Y_GE65,65 years or over,_T,Total,PT_POP,Percentage of population,2019,,20.26,,LVA,Latvia,A,Normal value,0,Units,2,Two
DATAFLOW,OECD.CFE.EDS:DSD_REG_DEMO@DF_POP_BROAD(2.4),Population by broad age groups - Regions,I,A,Annual,CTRY,Country,ESP,Spain,_Z,Not applicable,POP,Population,Y_GE65,65 years or over,_T,Total,PT_POP,Percentage of population,2019,,19.3,,ESP,Spain,A,Normal value,0,Units,2,Two
DATAFLOW,OECD.CFE.EDS:DSD_REG_DEMO@DF_POP_BROAD(2.4),Population by broad age groups - Regions,I,A,Annual,CTRY,Country,ESP,Spain,_Z,Not applicable,POP,Population,Y_GE65,65 years or over,_T,Total,PT_POP,Percentage of population,2020,,19.47,,ESP,Spain,A,Normal value,0,Units,2,Two
DATAFLOW,OECD.CFE.EDS:DSD_REG_DEMO@DF_POP_BROAD(2.4),Population by broad age groups - Regions,I,A,Annual,CTRY,Country,LVA,Latvia,_Z,Not applicable,POP,Population,Y_GE65,65 years or over,_T,Total,PT_POP,Percentage of population,2020,,20.52,,LVA,Latvia,A,Normal value,0,Units,2,Two
DATAFLOW,OECD.CFE.EDS:DSD_REG_DEMO@DF_POP_BROAD(2.4),Population by broad age groups - Regions,I,A,Annual,CTRY,Country,LTU,Lithuania,_Z,Not applicable,POP,Population,Y_GE65,65 years or over,_T,Total,PT_POP,Percentage of population,2020,,19.8,,LTU,Lithuania,A,Normal value,0,Units,2,Two
DATAFLOW,OECD.CFE.EDS:DSD_REG_DEMO@DF_POP_BROAD(2.4),Population by broad age groups - Regions,I,A,Annual,CTRY,Country,SVK,Slovak Republic,_Z,Not applicable,POP,Population,Y_GE65,65 years or over,_T,Total,PT_POP,Percentage of population,2020,,16.58,,SVK,Slovak Republic,A,Normal value,0,Units,2,Two
DATAFLOW,OECD.CFE.EDS:DSD_REG_DEMO@DF_POP_BROAD(2.4),Population by broad age groups - Regions,I,A,Annual,CTRY,Country,USA,United States,_Z,Not applicable,POP,Population,Y_GE65,65 years or over,_T,Total,PT_POP,Percentage of population,2020,,16.42,,USA,United States,A,Normal value,0,Units,2,Two
DATAFLOW,OECD.CFE.EDS:DSD_REG_DEMO@DF_POP_BROAD(2.4),Population by broad age groups - Regions,I,A,Annual,CTRY,Country,POL,Poland,_Z,Not applicable,POP,Population,Y_GE65,65 years or over,_T,Total,PT_POP,Percentage of population,2020,,18.22,,POL,Poland,A,Normal value,0,Units,2,Two
DATAFLOW,OECD.CFE.EDS:DSD_REG_DEMO@DF_POP_BROAD(2.4),Population by broad age groups - Regions,I,A,Annual,CTRY,Country,MEX,Mexico,_Z,Not applicable,POP,Population,Y_GE65,65 years or over,_T,Total,PT_POP,Percentage of population,2020,,8.08,,MEX,Mexico,A,Normal value,0,Units,2,Two
DATAFLOW,OECD.CFE.EDS:DSD_REG_DEMO@DF_POP_BROAD(2.4),Population by broad age groups - Regions,I,A,Annual,CTRY,Country,FIN,Finland,_Z,Not applicable,POP,Population,Y_GE65,65 years or over,_T,Total,PT_POP,Percentage of population,2020,,22.28,,FIN,Finland,A,Normal value,0,Units,2,Two
DATAFLOW,OECD.CFE.EDS:DSD_REG_DEMO@DF_POP_BROAD(2.4),Population by broad age groups - Regions,I,A,Annual,CTRY,Country,AUT,Austria,_Z,Not applicable,POP,Population,Y_GE65,65 years or over,_T,Total,PT_POP,Percentage of population,2020,,19.03,,AUT,Austria,A,Normal value,0,Units,2,Two
DATAFLOW,OECD.CFE.EDS:DSD_REG_DEMO@DF_POP_BROAD(2.4),Population by broad age groups - Regions,I,A,Annual,CTRY,Country,ISL,Iceland,_Z,Not applicable,POP,Population,Y_GE65,65 years or over,_T,Total,PT_POP,Percentage of population,2020,,14.41,,ISL,Iceland,A,Normal value,0,Units,2,Two
DATAFLOW,OECD.CFE.EDS:DSD_REG_DEMO@DF_POP_BROAD(2.4),Population by broad age groups - Regions,I,A,Annual,CTRY,Country,CRI,Costa Rica,_Z,Not applicable,POP,Population,Y_GE65,65 years or over,_T,Total,PT_POP,Percentage of population,2020,,8.86,,CRI,Costa Rica,A,Normal value,0,Units,2,Two
DATAFLOW,OECD.CFE.EDS:DSD_REG_DEMO@DF_POP_BROAD(2.4),Population by broad age groups - Regions,I,A,Annual,CTRY,Country,EST,Estonia,_Z,Not applicable,POP,Population,Y_GE65,65 years or over,_T,Total,PT_POP,Percentage of population,2020,,20.04,,EST,Estonia,A,Normal value,0,Units,2,Two
DATAFLOW,OECD.CFE.EDS:DSD_REG_DEMO@DF_POP_BROAD(2.4),Population by broad age groups - Regions,I,A,Annual,CTRY,Country,AUS,Australia,_Z,Not applicable,POP,Population,Y_GE65,65 years or over,_T,Total,PT_POP,Percentage of population,2020,,16.32,,AUS,Australia,A,Normal value,0,Units,2,Two
DATAFLOW,OECD.CFE.EDS:DSD_REG_DEMO@DF_POP_BROAD(2.4),Population by broad age groups - Regions,I,A,Annual,CTRY,Country,HUN,Hungary,_Z,Not applicable,POP,Population,Y_GE65,65 years or over,_T,Total,PT_POP,Percentage of population,2020,,19.77,,HUN,Hungary,A,Normal value,0,Units,2,Two
DATAFLOW,OECD.CFE.EDS:DSD_REG_DEMO@DF_POP_BROAD(2.4),Population by broad age groups - Regions,I,A,Annual,CTRY,Country,TUR,Turkey,_Z,Not applicable,POP,Population,Y_GE65,65 years or over,_T,Total,PT_POP,Percentage of population,2020,,9.08,,TUR,Türkiye,A,Normal value,0,Units,2,Two
DATAFLOW,OECD.CFE.EDS:DSD_REG_DEMO@DF_POP_BROAD(2.4),Population by broad age groups - Regions,I,A,Annual,CTRY,Country,FRA,France,_Z,Not applicable,POP,Population,Y_GE65,65 years or over,_T,Total,PT_POP,Percentage of population,2020,,20.37,,FRA,France,A,Normal value,0,Units,2,Two
DATAFLOW,OECD.CFE.EDS:DSD_REG_DEMO@DF_POP_BROAD(2.4),Population by broad age groups - Regions,I,A,Annual,CTRY,Country,CHL,Chile,_Z,Not applicable,POP,Population,Y_GE65,65 years or over,_T,Total,PT_POP,Percentage of population,2020,,12.12,,CHL,Chile,A,Normal value,0,Units,2,Two
DATAFLOW,OECD.CFE.EDS:DSD_REG_DEMO@DF_POP_BROAD(2.4),Population by broad age groups - Regions,I,A,Annual,CTRY,Country,CZE,Czechia,_Z,Not applicable,POP,Population,Y_GE65,65 years or over,_T,Total,PT_POP,Percentage of population,2020,,19.93,,CZE,Czechia,A,Normal value,0,Units,2,Two
DATAFLOW,OECD.CFE.EDS:DSD_REG_DEMO@DF_POP_BROAD(2.4),Population by broad age groups - Regions,I,A,Annual,CTRY,Country,COL,Colombia,_Z,Not applicable,POP,Population,Y_GE65,65 years or over,_T,Total,PT_POP,Percentage of population,2020,,9.25,,COL,Colombia,A,Normal value,0,Units,2,Two
DATAFLOW,OECD.CFE.EDS:DSD_REG_DEMO@DF_POP_BROAD(2.4),Population by broad age groups - Regions,I,A,Annual,CTRY,Country,DNK,Denmark,_Z,Not applicable,POP,Population,Y_GE65,65 years or over,_T,Total,PT_POP,Percentage of population,2020,,19.85,,DNK,Denmark,A,Normal value,0,Units,2,Two
DATAFLOW,OECD.CFE.EDS:DSD_REG_DEMO@DF_POP_BROAD(2.4),Population by broad age groups - Regions,I,A,Annual,CTRY,Country,NLD,Netherlands,_Z,Not applicable,POP,Population,Y_GE65,65 years or over,_T,Total,PT_POP,Percentage of population,2020,,19.49,,NLD,Netherlands,A,Normal value,0,Units,2,Two
DATAFLOW,OECD.CFE.EDS:DSD_REG_DEMO@DF_POP_BROAD(2.4),Population by broad age groups - Regions,I,A,Annual,CTRY,Country,LUX,Luxembourg,_Z,Not applicable,POP,Population,Y_GE65,65 years or over,_T,Total,PT_POP,Percentage of population,2020,,14.5,,LUX,Luxembourg,A,Normal value,0,Units,2,Two
DATAFLOW,OECD.CFE.EDS:DSD_REG_DEMO@DF_POP_BROAD(2.4),Population by broad age groups - Regions,I,A,Annual,CTRY,Country,ISR,Israel,_Z,Not applicable,POP,Population,Y_GE65,65 years or over,_T,Total,PT_POP,Percentage of population,2020,,12.05,,ISR,Israel,A,Normal value,0,Units,2,Two
DATAFLOW,OECD.CFE.EDS:DSD_REG_DEMO@DF_POP_BROAD(2.4),Population by broad age groups - Regions,I,A,Annual,CTRY,Country,IRL,Ireland,_Z,Not applicable,POP,Population,Y_GE65,65 years or over,_T,Total,PT_POP,Percentage of population,2020,,14.39,,IRL,Ireland,A,Normal value,0,Units,2,Two
DATAFLOW,OECD.CFE.EDS:DSD_REG_DEMO@DF_POP_BROAD(2.4),Population by broad age groups - Regions,I,A,Annual,CTRY,Country,KOR,Korea,_Z,Not applicable,POP,Population,Y_GE65,65 years or over,_T,Total,PT_POP,Percentage of population,2020,,16.39,,KOR,Korea,A,Normal value,0,Units,2,Two
DATAFLOW,OECD.CFE.EDS:DSD_REG_DEMO@DF_POP_BROAD(2.4),Population by broad age groups - Regions,I,A,Annual,CTRY,Country,CAN,Canada,_Z,Not applicable,POP,Population,Y_GE65,65 years or over,_T,Total,PT_POP,Percentage of population,2020,,17.91,,CAN,Canada,A,Normal value,0,Units,2,Two
DATAFLOW,OECD.CFE.EDS:DSD_REG_DEMO@DF_POP_BROAD(2.4),Population by broad age groups - Regions,I,A,Annual,CTRY,Country,ITA,Italy,_Z,Not applicable,POP,Population,Y_GE65,65 years or over,_T,Total,PT_POP,Percentage of population,2020,,23.24,,ITA,Italy,A,Normal value,0,Units,2,Two
DATAFLOW,OECD.CFE.EDS:DSD_REG_DEMO@DF_POP_BROAD(2.4),Population by broad age groups - Regions,I,A,Annual,CTRY,Country,DEU,Germany,_Z,Not applicable,POP,Population,Y_GE65,65 years or over,_T,Total,PT_POP,Percentage of population,2020,,21.75,,DEU,Germany,A,Normal value,0,Units,2,Two
DATAFLOW,OECD.CFE.EDS:DSD_REG_DEMO@DF_POP_BROAD(2.4),Population by broad age groups - Regions,I,A,Annual,CTRY,Country,PRT,Portugal,_Z,Not applicable,POP,Population,Y_GE65,65 years or over,_T,Total,PT_POP,Percentage of population,2020,,22.73,,PRT,Portugal,A,Normal value,0,Units,2,Two
DATAFLOW,OECD.CFE.EDS:DSD_REG_DEMO@DF_POP_BROAD(2.4),Population by broad age groups - Regions,I,A,Annual,CTRY,Country,CHE,Switzerland,_Z,Not applicable,POP,Population,Y_GE65,65 years or over,_T,Total,PT_POP,Percentage of population,2020,,18.66,,CHE,Switzerland,A,Normal value,0,Units,2,Two
DATAFLOW,OECD.CFE.EDS:DSD_REG_DEMO@DF_POP_BROAD(2.4),Population by broad age groups - Regions,I,A,Annual,CTRY,Country,GRC,Greece,_Z,Not applicable,POP,Population,Y_GE65,65 years or over,_T,Total,PT_POP,Percentage of population,2020,,22.26,,GRC,Greece,A,Normal value,0,Units,2,Two
DATAFLOW,OECD.CFE.EDS:DSD_REG_DEMO@DF_POP_BROAD(2.4),Population by broad age groups - Regions,I,A,Annual,CTRY,Country,SVN,Slovenia,_Z,Not applicable,POP,Population,Y_GE65,65 years or over,_T,Total,PT_POP,Percentage of population,2020,,20.23,,SVN,Slovenia,A,Normal value,0,Units,2,Two
DATAFLOW,OECD.CFE.EDS:DSD_REG_DEMO@DF_POP_BROAD(2.4),Population by broad age groups - Regions,I,A,Annual,CTRY,Country,NZL,New Zealand,_Z,Not applicable,POP,Population,Y_GE65,65 years or over,_T,Total,PT_POP,Percentage of population,2020,,15.61,,NZL,New Zealand,A,Normal value,0,Units,2,Two
DATAFLOW,OECD.CFE.EDS:DSD_REG_DEMO@DF_POP_BROAD(2.4),Population by broad age groups - Regions,I,A,Annual,CTRY,Country,JPN,Japan,_Z,Not applicable,POP,Population,Y_GE65,65 years or over,_T,Total,PT_POP,Percentage of population,2020,,28.56,,JPN,Japan,A,Normal value,0,Units,2,Two
DATAFLOW,OECD.CFE.EDS:DSD_REG_DEMO@DF_POP_BROAD(2.4),Population by broad age groups - Regions,I,A,Annual,CTRY,Country,BEL,Belgium,_Z,Not applicable,POP,Population,Y_GE65,65 years or over,_T,Total,PT_POP,Percentage of population,2020,,19.13,,BEL,Belgium,A,Normal value,0,Units,2,Two
DATAFLOW,OECD.CFE.EDS:DSD_REG_DEMO@DF_POP_BROAD(2.4),Population by broad age groups - Regions,I,A,Annual,CTRY,Country,NOR,Norway,_Z,Not applicable,POP,Population,Y_GE65,65 years or over,_T,Total,PT_POP,Percentage of population,2020,,17.55,,NOR,Norway,A,Normal value,0,Units,2,Two
DATAFLOW,OECD.CFE.EDS:DSD_REG_DEMO@DF_POP_BROAD(2.4),Population by broad age groups - Regions,I,A,Annual,CTRY,Country,SWE,Sweden,_Z,Not applicable,POP,Population,Y_GE65,65 years or over,_T,Total,PT_POP,Percentage of population,2020,,20,,SWE,Sweden,A,Normal value,0,Units,2,Two
DATAFLOW,OECD.CFE.EDS:DSD_REG_DEMO@DF_POP_BROAD(2.4),Population by broad age groups - Regions,I,A,Annual,CTRY,Country,GBR,United Kingdom,_Z,Not applicable,POP,Population,Y_GE65,65 years or over,_T,Total,PT_POP,Percentage of population,2020,,18.74,,GBR,United Kingdom,E,Estimated value,0,Units,2,Two
DATAFLOW,OECD.CFE.EDS:DSD_REG_DEMO@DF_POP_BROAD(2.4),Population by broad age groups - Regions,I,A,Annual,CTRY,Country,SWE,Sweden,_Z,Not applicable,POP,Population,Y_GE65,65 years or over,_T,Total,PT_POP,Percentage of population,2021,,20.12,,SWE,Sweden,A,Normal value,0,Units,2,Two
DATAFLOW,OECD.CFE.EDS:DSD_REG_DEMO@DF_POP_BROAD(2.4),Population by broad age groups - Regions,I,A,Annual,CTRY,Country,NOR,Norway,_Z,Not applicable,POP,Population,Y_GE65,65 years or over,_T,Total,PT_POP,Percentage of population,2021,,17.91,,NOR,Norway,A,Normal value,0,Units,2,Two
DATAFLOW,OECD.CFE.EDS:DSD_REG_DEMO@DF_POP_BROAD(2.4),Population by broad age groups - Regions,I,A,Annual,CTRY,Country,BEL,Belgium,_Z,Not applicable,POP,Population,Y_GE65,65 years or over,_T,Total,PT_POP,Percentage of population,2021,,19.29,,BEL,Belgium,A,Normal value,0,Units,2,Two
DATAFLOW,OECD.CFE.EDS:DSD_REG_DEMO@DF_POP_BROAD(2.4),Population by broad age groups - Regions,I,A,Annual,CTRY,Country,JPN,Japan,_Z,Not applicable,POP,Population,Y_GE65,65 years or over,_T,Total,PT_POP,Percentage of population,2021,,28.86,,JPN,Japan,A,Normal value,0,Units,2,Two
DATAFLOW,OECD.CFE.EDS:DSD_REG_DEMO@DF_POP_BROAD(2.4),Population by broad age groups - Regions,I,A,Annual,CTRY,Country,NZL,New Zealand,_Z,Not applicable,POP,Population,Y_GE65,65 years or over,_T,Total,PT_POP,Percentage of population,2021,,16.08,,NZL,New Zealand,A,Normal value,0,Units,2,Two
DATAFLOW,OECD.CFE.EDS:DSD_REG_DEMO@DF_POP_BROAD(2.4),Population by broad age groups - Regions,I,A,Annual,CTRY,Country,SVN,Slovenia,_Z,Not applicable,POP,Population,Y_GE65,65 years or over,_T,Total,PT_POP,Percentage of population,2021,,20.66,,SVN,Slovenia,A,Normal value,0,Units,2,Two
DATAFLOW,OECD.CFE.EDS:DSD_REG_DEMO@DF_POP_BROAD(2.4),Population by broad age groups - Regions,I,A,Annual,CTRY,Country,GRC,Greece,_Z,Not applicable,POP,Population,Y_GE65,65 years or over,_T,Total,PT_POP,Percentage of population,2021,,22.55,,GRC,Greece,A,Normal value,0,Units,2,Two
DATAFLOW,OECD.CFE.EDS:DSD_REG_DEMO@DF_POP_BROAD(2.4),Population by broad age groups - Regions,I,A,Annual,CTRY,Country,CHE,Switzerland,_Z,Not applicable,POP,Population,Y_GE65,65 years or over,_T,Total,PT_POP,Percentage of population,2021,,18.8,,CHE,Switzerland,A,Normal value,0,Units,2,Two
DATAFLOW,OECD.CFE.EDS:DSD_REG_DEMO@DF_POP_BROAD(2.4),Population by broad age groups - Regions,I,A,Annual,CTRY,Country,PRT,Portugal,_Z,Not applicable,POP,Population,Y_GE65,65 years or over,_T,Total,PT_POP,Percentage of population,2021,,23.21,,PRT,Portugal,A,Normal value,0,Units,2,Two
DATAFLOW,OECD.CFE.EDS:DSD_REG_DEMO@DF_POP_BROAD(2.4),Population by broad age groups - Regions,I,A,Annual,CTRY,Country,DEU,Germany,_Z,Not applicable,POP,Population,Y_GE65,65 years or over,_T,Total,PT_POP,Percentage of population,2021,,21.97,,DEU,Germany,A,Normal value,0,Units,2,Two
DATAFLOW,OECD.CFE.EDS:DSD_REG_DEMO@DF_POP_BROAD(2.4),Population by broad age groups - Regions,I,A,Annual,CTRY,Country,ITA,Italy,_Z,Not applicable,POP,Population,Y_GE65,65 years or over,_T,Total,PT_POP,Percentage of population,2021,,23.54,,ITA,Italy,A,Normal value,0,Units,2,Two
DATAFLOW,OECD.CFE.EDS:DSD_REG_DEMO@DF_POP_BROAD(2.4),Population by broad age groups - Regions,I,A,Annual,CTRY,Country,CAN,Canada,_Z,Not applicable,POP,Population,Y_GE65,65 years or over,_T,Total,PT_POP,Percentage of population,2021,,18.43,,CAN,Canada,A,Normal value,0,Units,2,Two
DATAFLOW,OECD.CFE.EDS:DSD_REG_DEMO@DF_POP_BROAD(2.4),Population by broad age groups - Regions,I,A,Annual,CTRY,Country,KOR,Korea,_Z,Not applicable,POP,Population,Y_GE65,65 years or over,_T,Total,PT_POP,Percentage of population,2021,,17.14,,KOR,Korea,A,Normal value,0,Units,2,Two
DATAFLOW,OECD.CFE.EDS:DSD_REG_DEMO@DF_POP_BROAD(2.4),Population by broad age groups - Regions,I,A,Annual,CTRY,Country,IRL,Ireland,_Z,Not applicable,POP,Population,Y_GE65,65 years or over,_T,Total,PT_POP,Percentage of population,2021,,14.69,,IRL,Ireland,A,Normal value,0,Units,2,Two
DATAFLOW,OECD.CFE.EDS:DSD_REG_DEMO@DF_POP_BROAD(2.4),Population by broad age groups - Regions,I,A,Annual,CTRY,Country,ISR,Israel,_Z,Not applicable,POP,Population,Y_GE65,65 years or over,_T,Total,PT_POP,Percentage of population,2021,,12.22,,ISR,Israel,A,Normal value,0,Units,2,Two
DATAFLOW,OECD.CFE.EDS:DSD_REG_DEMO@DF_POP_BROAD(2.4),Population by broad age groups - Regions,I,A,Annual,CTRY,Country,LUX,Luxembourg,_Z,Not applicable,POP,Population,Y_GE65,65 years or over,_T,Total,PT_POP,Percentage of population,2021,,14.61,,LUX,Luxembourg,A,Normal value,0,Units,2,Two
DATAFLOW,OECD.CFE.EDS:DSD_REG_DEMO@DF_POP_BROAD(2.4),Population by broad age groups - Regions,I,A,Annual,CTRY,Country,NLD,Netherlands,_Z,Not applicable,POP,Population,Y_GE65,65 years or over,_T,Total,PT_POP,Percentage of population,2021,,19.79,,NLD,Netherlands,A,Normal value,0,Units,2,Two
DATAFLOW,OECD.CFE.EDS:DSD_REG_DEMO@DF_POP_BROAD(2.4),Population by broad age groups - Regions,I,A,Annual,CTRY,Country,GBR,United Kingdom,_Z,Not applicable,POP,Population,Y_GE65,65 years or over,_T,Total,PT_POP,Percentage of population,2021,,18.72,,GBR,United Kingdom,A,Normal value,0,Units,2,Two
DATAFLOW,OECD.CFE.EDS:DSD_REG_DEMO@DF_POP_BROAD(2.4),Population by broad age groups - Regions,I,A,Annual,CTRY,Country,DNK,Denmark,_Z,Not applicable,POP,Population,Y_GE65,65 years or over,_T,Total,PT_POP,Percentage of population,2021,,20.14,,DNK,Denmark,A,Normal value,0,Units,2,Two
DATAFLOW,OECD.CFE.EDS:DSD_REG_DEMO@DF_POP_BROAD(2.4),Population by broad age groups - Regions,I,A,Annual,CTRY,Country,COL,Colombia,_Z,Not applicable,POP,Population,Y_GE65,65 years or over,_T,Total,PT_POP,Percentage of population,2021,,9.54,,COL,Colombia,A,Normal value,0,Units,2,Two
DATAFLOW,OECD.CFE.EDS:DSD_REG_DEMO@DF_POP_BROAD(2.4),Population by broad age groups - Regions,I,A,Annual,CTRY,Country,CHL,Chile,_Z,Not applicable,POP,Population,Y_GE65,65 years or over,_T,Total,PT_POP,Percentage of population,2021,,12.49,,CHL,Chile,A,Normal value,0,Units,2,Two
DATAFLOW,OECD.CFE.EDS:DSD_REG_DEMO@DF_POP_BROAD(2.4),Population by broad age groups - Regions,I,A,Annual,CTRY,Country,FRA,France,_Z,Not applicable,POP,Population,Y_GE65,65 years or over,_T,Total,PT_POP,Percentage of population,2021,,20.63,,FRA,France,A,Normal value,0,Units,2,Two
DATAFLOW,OECD.CFE.EDS:DSD_REG_DEMO@DF_POP_BROAD(2.4),Population by broad age groups - Regions,I,A,Annual,CTRY,Country,TUR,Turkey,_Z,Not applicable,POP,Population,Y_GE65,65 years or over,_T,Total,PT_POP,Percentage of population,2021,,9.51,,TUR,Türkiye,A,Normal value,0,Units,2,Two
DATAFLOW,OECD.CFE.EDS:DSD_REG_DEMO@DF_POP_BROAD(2.4),Population by broad age groups - Regions,I,A,Annual,CTRY,Country,HUN,Hungary,_Z,Not applicable,POP,Population,Y_GE65,65 years or over,_T,Total,PT_POP,Percentage of population,2021,,20.2,,HUN,Hungary,A,Normal value,0,Units,2,Two
DATAFLOW,OECD.CFE.EDS:DSD_REG_DEMO@DF_POP_BROAD(2.4),Population by broad age groups - Regions,I,A,Annual,CTRY,Country,AUS,Australia,_Z,Not applicable,POP,Population,Y_GE65,65 years or over,_T,Total,PT_POP,Percentage of population,2021,,16.79,,AUS,Australia,A,Normal value,0,Units,2,Two
DATAFLOW,OECD.CFE.EDS:DSD_REG_DEMO@DF_POP_BROAD(2.4),Population by broad age groups - Regions,I,A,Annual,CTRY,Country,EST,Estonia,_Z,Not applicable,POP,Population,Y_GE65,65 years or over,_T,Total,PT_POP,Percentage of population,2021,,20.35,,EST,Estonia,A,Normal value,0,Units,2,Two
DATAFLOW,OECD.CFE.EDS:DSD_REG_DEMO@DF_POP_BROAD(2.4),Population by broad age groups - Regions,I,A,Annual,CTRY,Country,CRI,Costa Rica,_Z,Not applicable,POP,Population,Y_GE65,65 years or over,_T,Total,PT_POP,Percentage of population,2021,,9.23,,CRI,Costa Rica,A,Normal value,0,Units,2,Two
DATAFLOW,OECD.CFE.EDS:DSD_REG_DEMO@DF_POP_BROAD(2.4),Population by broad age groups - Regions,I,A,Annual,CTRY,Country,ISL,Iceland,_Z,Not applicable,POP,Population,Y_GE65,65 years or over,_T,Total,PT_POP,Percentage of population,2021,,14.74,,ISL,Iceland,A,Normal value,0,Units,2,Two
DATAFLOW,OECD.CFE.EDS:DSD_REG_DEMO@DF_POP_BROAD(2.4),Population by broad age groups - Regions,I,A,Annual,CTRY,Country,AUT,Austria,_Z,Not applicable,POP,Population,Y_GE65,65 years or over,_T,Total,PT_POP,Percentage of population,2021,,19.21,,AUT,Austria,A,Normal value,0,Units,2,Two
DATAFLOW,OECD.CFE.EDS:DSD_REG_DEMO@DF_POP_BROAD(2.4),Population by broad age groups - Regions,I,A,Annual,CTRY,Country,FIN,Finland,_Z,Not applicable,POP,Population,Y_GE65,65 years or over,_T,Total,PT_POP,Percentage of population,2021,,22.7,,FIN,Finland,A,Normal value,0,Units,2,Two
DATAFLOW,OECD.CFE.EDS:DSD_REG_DEMO@DF_POP_BROAD(2.4),Population by broad age groups - Regions,I,A,Annual,CTRY,Country,MEX,Mexico,_Z,Not applicable,POP,Population,Y_GE65,65 years or over,_T,Total,PT_POP,Percentage of population,2021,,8.34,,MEX,Mexico,A,Normal value,0,Units,2,Two
DATAFLOW,OECD.CFE.EDS:DSD_REG_DEMO@DF_POP_BROAD(2.4),Population by broad age groups - Regions,I,A,Annual,CTRY,Country,USA,United States,_Z,Not applicable,POP,Population,Y_GE65,65 years or over,_T,Total,PT_POP,Percentage of population,2021,,16.82,,USA,United States,A,Normal value,0,Units,2,Two
DATAFLOW,OECD.CFE.EDS:DSD_REG_DEMO@DF_POP_BROAD(2.4),Population by broad age groups - Regions,I,A,Annual,CTRY,Country,SVK,Slovak Republic,_Z,Not applicable,POP,Population,Y_GE65,65 years or over,_T,Total,PT_POP,Percentage of population,2021,,17.07,,SVK,Slovak Republic,A,Normal value,0,Units,2,Two
DATAFLOW,OECD.CFE.EDS:DSD_REG_DEMO@DF_POP_BROAD(2.4),Population by broad age groups - Regions,I,A,Annual,CTRY,Country,LTU,Lithuania,_Z,Not applicable,POP,Population,Y_GE65,65 years or over,_T,Total,PT_POP,Percentage of population,2021,,19.92,,LTU,Lithuania,A,Normal value,0,Units,2,Two
DATAFLOW,OECD.CFE.EDS:DSD_REG_DEMO@DF_POP_BROAD(2.4),Population by broad age groups - Regions,I,A,Annual,CTRY,Country,LVA,Latvia,_Z,Not applicable,POP,Population,Y_GE65,65 years or over,_T,Total,PT_POP,Percentage of population,2021,,20.8,,LVA,Latvia,A,Normal value,0,Units,2,Two
DATAFLOW,OECD.CFE.EDS:DSD_REG_DEMO@DF_POP_BROAD(2.4),Population by broad age groups - Regions,I,A,Annual,CTRY,Country,ESP,Spain,_Z,Not applicable,POP,Population,Y_GE65,65 years or over,_T,Total,PT_POP,Percentage of population,2021,,19.64,,ESP,Spain,A,Normal value,0,Units,2,Two
DATAFLOW,OECD.CFE.EDS:DSD_REG_DEMO@DF_POP_BROAD(2.4),Population by broad age groups - Regions,I,A,Annual,CTRY,Country,CZE,Czechia,_Z,Not applicable,POP,Population,Y_GE65,65 years or over,_T,Total,PT_POP,Percentage of population,2021,,20.5,,CZE,Czechia,B,Time series break,0,Units,2,Two
DATAFLOW,OECD.CFE.EDS:DSD_REG_DEMO@DF_POP_BROAD(2.4),Population by broad age groups - Regions,I,A,Annual,CTRY,Country,POL,Poland,_Z,Not applicable,POP,Population,Y_GE65,65 years or over,_T,Total,PT_POP,Percentage of population,2021,,18.94,,POL,Poland,E,Estimated value,0,Units,2,Two
DATAFLOW,OECD.CFE.EDS:DSD_REG_DEMO@DF_POP_BROAD(2.4),Population by broad age groups - Regions,I,A,Annual,CTRY,Country,ESP,Spain,_Z,Not applicable,POP,Population,Y_GE65,65 years or over,_T,Total,PT_POP,Percentage of population,2022,,19.97,,ESP,Spain,A,Normal value,0,Units,2,Two
DATAFLOW,OECD.CFE.EDS:DSD_REG_DEMO@DF_POP_BROAD(2.4),Population by broad age groups - Regions,I,A,Annual,CTRY,Country,LVA,Latvia,_Z,Not applicable,POP,Population,Y_GE65,65 years or over,_T,Total,PT_POP,Percentage of population,2022,,20.88,,LVA,Latvia,A,Normal value,0,Units,2,Two
DATAFLOW,OECD.CFE.EDS:DSD_REG_DEMO@DF_POP_BROAD(2.4),Population by broad age groups - Regions,I,A,Annual,CTRY,Country,LTU,Lithuania,_Z,Not applicable,POP,Population,Y_GE65,65 years or over,_T,Total,PT_POP,Percentage of population,2022,,19.98,,LTU,Lithuania,A,Normal value,0,Units,2,Two
DATAFLOW,OECD.CFE.EDS:DSD_REG_DEMO@DF_POP_BROAD(2.4),Population by broad age groups - Regions,I,A,Annual,CTRY,Country,SVK,Slovak Republic,_Z,Not applicable,POP,Population,Y_GE65,65 years or over,_T,Total,PT_POP,Percentage of population,2022,,17.39,,SVK,Slovak Republic,A,Normal value,0,Units,2,Two
DATAFLOW,OECD.CFE.EDS:DSD_REG_DEMO@DF_POP_BROAD(2.4),Population by broad age groups - Regions,I,A,Annual,CTRY,Country,MEX,Mexico,_Z,Not applicable,POP,Population,Y_GE65,65 years or over,_T,Total,PT_POP,Percentage of population,2022,,8.61,,MEX,Mexico,A,Normal value,0,Units,2,Two
DATAFLOW,OECD.CFE.EDS:DSD_REG_DEMO@DF_POP_BROAD(2.4),Population by broad age groups - Regions,I,A,Annual,CTRY,Country,FIN,Finland,_Z,Not applicable,POP,Population,Y_GE65,65 years or over,_T,Total,PT_POP,Percentage of population,2022,,23.05,,FIN,Finland,A,Normal value,0,Units,2,Two
DATAFLOW,OECD.CFE.EDS:DSD_REG_DEMO@DF_POP_BROAD(2.4),Population by broad age groups - Regions,I,A,Annual,CTRY,Country,AUT,Austria,_Z,Not applicable,POP,Population,Y_GE65,65 years or over,_T,Total,PT_POP,Percentage of population,2022,,19.44,,AUT,Austria,A,Normal value,0,Units,2,Two
DATAFLOW,OECD.CFE.EDS:DSD_REG_DEMO@DF_POP_BROAD(2.4),Population by broad age groups - Regions,I,A,Annual,CTRY,Country,ISL,Iceland,_Z,Not applicable,POP,Population,Y_GE65,65 years or over,_T,Total,PT_POP,Percentage of population,2022,,14.98,,ISL,Iceland,A,Normal value,0,Units,2,Two
DATAFLOW,OECD.CFE.EDS:DSD_REG_DEMO@DF_POP_BROAD(2.4),Population by broad age groups - Regions,I,A,Annual,CTRY,Country,CRI,Costa Rica,_Z,Not applicable,POP,Population,Y_GE65,65 years or over,_T,Total,PT_POP,Percentage of population,2022,,9.61,,CRI,Costa Rica,A,Normal value,0,Units,2,Two
DATAFLOW,OECD.CFE.EDS:DSD_REG_DEMO@DF_POP_BROAD(2.4),Population by broad age groups - Regions,I,A,Annual,CTRY,Country,EST,Estonia,_Z,Not applicable,POP,Population,Y_GE65,65 years or over,_T,Total,PT_POP,Percentage of population,2022,,20.43,,EST,Estonia,A,Normal value,0,Units,2,Two
DATAFLOW,OECD.CFE.EDS:DSD_REG_DEMO@DF_POP_BROAD(2.4),Population by broad age groups - Regions,I,A,Annual,CTRY,Country,AUS,Australia,_Z,Not applicable,POP,Population,Y_GE65,65 years or over,_T,Total,PT_POP,Percentage of population,2022,,17.05,,AUS,Australia,A,Normal value,0,Units,2,Two
DATAFLOW,OECD.CFE.EDS:DSD_REG_DEMO@DF_POP_BROAD(2.4),Population by broad age groups - Regions,I,A,Annual,CTRY,Country,HUN,Hungary,_Z,Not applicable,POP,Population,Y_GE65,65 years or over,_T,Total,PT_POP,Percentage of population,2022,,20.43,,HUN,Hungary,A,Normal value,0,Units,2,Two
DATAFLOW,OECD.CFE.EDS:DSD_REG_DEMO@DF_POP_BROAD(2.4),Population by broad age groups - Regions,I,A,Annual,CTRY,Country,TUR,Turkey,_Z,Not applicable,POP,Population,Y_GE65,65 years or over,_T,Total,PT_POP,Percentage of population,2022,,9.74,,TUR,Türkiye,A,Normal value,0,Units,2,Two
DATAFLOW,OECD.CFE.EDS:DSD_REG_DEMO@DF_POP_BROAD(2.4),Population by broad age groups - Regions,I,A,Annual,CTRY,Country,FRA,France,_Z,Not applicable,POP,Population,Y_GE65,65 years or over,_T,Total,PT_POP,Percentage of population,2022,,20.87,,FRA,France,A,Normal value,0,Units,2,Two
DATAFLOW,OECD.CFE.EDS:DSD_REG_DEMO@DF_POP_BROAD(2.4),Population by broad age groups - Regions,I,A,Annual,CTRY,Country,CHL,Chile,_Z,Not applicable,POP,Population,Y_GE65,65 years or over,_T,Total,PT_POP,Percentage of population,2022,,12.91,,CHL,Chile,A,Normal value,0,Units,2,Two
DATAFLOW,OECD.CFE.EDS:DSD_REG_DEMO@DF_POP_BROAD(2.4),Population by broad age groups - Regions,I,A,Annual,CTRY,Country,CZE,Czechia,_Z,Not applicable,POP,Population,Y_GE65,65 years or over,_T,Total,PT_POP,Percentage of population,2022,,20.63,,CZE,Czechia,A,Normal value,0,Units,2,Two
DATAFLOW,OECD.CFE.EDS:DSD_REG_DEMO@DF_POP_BROAD(2.4),Population by broad age groups - Regions,I,A,Annual,CTRY,Country,COL,Colombia,_Z,Not applicable,POP,Population,Y_GE65,65 years or over,_T,Total,PT_POP,Percentage of population,2022,,9.87,,COL,Colombia,A,Normal value,0,Units,2,Two
DATAFLOW,OECD.CFE.EDS:DSD_REG_DEMO@DF_POP_BROAD(2.4),Population by broad age groups - Regions,I,A,Annual,CTRY,Country,DNK,Denmark,_Z,Not applicable,POP,Population,Y_GE65,65 years or over,_T,Total,PT_POP,Percentage of population,2022,,20.35,,DNK,Denmark,A,Normal value,0,Units,2,Two
DATAFLOW,OECD.CFE.EDS:DSD_REG_DEMO@DF_POP_BROAD(2.4),Population by broad age groups - Regions,I,A,Annual,CTRY,Country,NLD,Netherlands,_Z,Not applicable,POP,Population,Y_GE65,65 years or over,_T,Total,PT_POP,Percentage of population,2022,,20.04,,NLD,Netherlands,A,Normal value,0,Units,2,Two
DATAFLOW,OECD.CFE.EDS:DSD_REG_DEMO@DF_POP_BROAD(2.4),Population by broad age groups - Regions,I,A,Annual,CTRY,Country,LUX,Luxembourg,_Z,Not applicable,POP,Population,Y_GE65,65 years or over,_T,Total,PT_POP,Percentage of population,2022,,14.75,,LUX,Luxembourg,A,Normal value,0,Units,2,Two
DATAFLOW,OECD.CFE.EDS:DSD_REG_DEMO@DF_POP_BROAD(2.4),Population by broad age groups - Regions,I,A,Annual,CTRY,Country,ISR,Israel,_Z,Not applicable,POP,Population,Y_GE65,65 years or over,_T,Total,PT_POP,Percentage of population,2022,,12.37,,ISR,Israel,A,Normal value,0,Units,2,Two
DATAFLOW,OECD.CFE.EDS:DSD_REG_DEMO@DF_POP_BROAD(2.4),Population by broad age groups - Regions,I,A,Annual,CTRY,Country,IRL,Ireland,_Z,Not applicable,POP,Population,Y_GE65,65 years or over,_T,Total,PT_POP,Percentage of population,2022,,15,,IRL,Ireland,A,Normal value,0,Units,2,Two
DATAFLOW,OECD.CFE.EDS:DSD_REG_DEMO@DF_POP_BROAD(2.4),Population by broad age groups - Regions,I,A,Annual,CTRY,Country,KOR,Korea,_Z,Not applicable,POP,Population,Y_GE65,65 years or over,_T,Total,PT_POP,Percentage of population,2022,,18.02,,KOR,Korea,A,Normal value,0,Units,2,Two
DATAFLOW,OECD.CFE.EDS:DSD_REG_DEMO@DF_POP_BROAD(2.4),Population by broad age groups - Regions,I,A,Annual,CTRY,Country,CAN,Canada,_Z,Not applicable,POP,Population,Y_GE65,65 years or over,_T,Total,PT_POP,Percentage of population,2022,,18.74,,CAN,Canada,A,Normal value,0,Units,2,Two
DATAFLOW,OECD.CFE.EDS:DSD_REG_DEMO@DF_POP_BROAD(2.4),Population by broad age groups - Regions,I,A,Annual,CTRY,Country,ITA,Italy,_Z,Not applicable,POP,Population,Y_GE65,65 years or over,_T,Total,PT_POP,Percentage of population,2022,,23.8,,ITA,Italy,A,Normal value,0,Units,2,Two
DATAFLOW,OECD.CFE.EDS:DSD_REG_DEMO@DF_POP_BROAD(2.4),Population by broad age groups - Regions,I,A,Annual,CTRY,Country,DEU,Germany,_Z,Not applicable,POP,Population,Y_GE65,65 years or over,_T,Total,PT_POP,Percentage of population,2022,,22.15,,DEU,Germany,A,Normal value,0,Units,2,Two
DATAFLOW,OECD.CFE.EDS:DSD_REG_DEMO@DF_POP_BROAD(2.4),Population by broad age groups - Regions,I,A,Annual,CTRY,Country,PRT,Portugal,_Z,Not applicable,POP,Population,Y_GE65,65 years or over,_T,Total,PT_POP,Percentage of population,2022,,23.62,,PRT,Portugal,A,Normal value,0,Units,2,Two
DATAFLOW,OECD.CFE.EDS:DSD_REG_DEMO@DF_POP_BROAD(2.4),Population by broad age groups - Regions,I,A,Annual,CTRY,Country,CHE,Switzerland,_Z,Not applicable,POP,Population,Y_GE65,65 years or over,_T,Total,PT_POP,Percentage of population,2022,,19.01,,CHE,Switzerland,A,Normal value,0,Units,2,Two
DATAFLOW,OECD.CFE.EDS:DSD_REG_DEMO@DF_POP_BROAD(2.4),Population by broad age groups - Regions,I,A,Annual,CTRY,Country,SVN,Slovenia,_Z,Not applicable,POP,Population,Y_GE65,65 years or over,_T,Total,PT_POP,Percentage of population,2022,,21.11,,SVN,Slovenia,A,Normal value,0,Units,2,Two
DATAFLOW,OECD.CFE.EDS:DSD_REG_DEMO@DF_POP_BROAD(2.4),Population by broad age groups - Regions,I,A,Annual,CTRY,Country,NZL,New Zealand,_Z,Not applicable,POP,Population,Y_GE65,65 years or over,_T,Total,PT_POP,Percentage of population,2022,,16.52,,NZL,New Zealand,A,Normal value,0,Units,2,Two
DATAFLOW,OECD.CFE.EDS:DSD_REG_DEMO@DF_POP_BROAD(2.4),Population by broad age groups - Regions,I,A,Annual,CTRY,Country,JPN,Japan,_Z,Not applicable,POP,Population,Y_GE65,65 years or over,_T,Total,PT_POP,Percentage of population,2022,,29,,JPN,Japan,A,Normal value,0,Units,2,Two
DATAFLOW,OECD.CFE.EDS:DSD_REG_DEMO@DF_POP_BROAD(2.4),Population by broad age groups - Regions,I,A,Annual,CTRY,Country,BEL,Belgium,_Z,Not applicable,POP,Population,Y_GE65,65 years or over,_T,Total,PT_POP,Percentage of population,2022,,19.53,,BEL,Belgium,A,Normal value,0,Units,2,Two
DATAFLOW,OECD.CFE.EDS:DSD_REG_DEMO@DF_POP_BROAD(2.4),Population by broad age groups - Regions,I,A,Annual,CTRY,Country,NOR,Norway,_Z,Not applicable,POP,Population,Y_GE65,65 years or over,_T,Total,PT_POP,Percentage of population,2022,,18.24,,NOR,Norway,A,Normal value,0,Units,2,Two
DATAFLOW,OECD.CFE.EDS:DSD_REG_DEMO@DF_POP_BROAD(2.4),Population by broad age groups - Regions,I,A,Annual,CTRY,Country,SWE,Sweden,_Z,Not applicable,POP,Population,Y_GE65,65 years or over,_T,Total,PT_POP,Percentage of population,2022,,20.27,,SWE,Sweden,A,Normal value,0,Units,2,Two
DATAFLOW,OECD.CFE.EDS:DSD_REG_DEMO@DF_POP_BROAD(2.4),Population by broad age groups - Regions,I,A,Annual,CTRY,Country,GRC,Greece,_Z,Not applicable,POP,Population,Y_GE65,65 years or over,_T,Total,PT_POP,Percentage of population,2022,,22.77,,GRC,Greece,B,Time series break,0,Units,2,Two
DATAFLOW,OECD.CFE.EDS:DSD_REG_DEMO@DF_POP_BROAD(2.4),Population by broad age groups - Regions,I,A,Annual,CTRY,Country,GBR,United Kingdom,_Z,Not applicable,POP,Population,Y_GE65,65 years or over,_T,Total,PT_POP,Percentage of population,2022,,18.84,,GBR,United Kingdom,E,Estimated value,0,Units,2,Two
DATAFLOW,OECD.CFE.EDS:DSD_REG_DEMO@DF_POP_BROAD(2.4),Population by broad age groups - Regions,I,A,Annual,CTRY,Country,POL,Poland,_Z,Not applicable,POP,Population,Y_GE65,65 years or over,_T,Total,PT_POP,Percentage of population,2022,,19.35,,POL,Poland,E,Estimated value,0,Units,2,Two
DATAFLOW,OECD.CFE.EDS:DSD_REG_DEMO@DF_POP_BROAD(2.4),Population by broad age groups - Regions,I,A,Annual,CTRY,Country,SWE,Sweden,_Z,Not applicable,POP,Population,Y_GE65,65 years or over,_T,Total,PT_POP,Percentage of population,2023,,20.41,,SWE,Sweden,A,Normal value,0,Units,2,Two
DATAFLOW,OECD.CFE.EDS:DSD_REG_DEMO@DF_POP_BROAD(2.4),Population by broad age groups - Regions,I,A,Annual,CTRY,Country,NOR,Norway,_Z,Not applicable,POP,Population,Y_GE65,65 years or over,_T,Total,PT_POP,Percentage of population,2023,,18.43,,NOR,Norway,A,Normal value,0,Units,2,Two
DATAFLOW,OECD.CFE.EDS:DSD_REG_DEMO@DF_POP_BROAD(2.4),Population by broad age groups - Regions,I,A,Annual,CTRY,Country,BEL,Belgium,_Z,Not applicable,POP,Population,Y_GE65,65 years or over,_T,Total,PT_POP,Percentage of population,2023,,19.68,,BEL,Belgium,A,Normal value,0,Units,2,Two
DATAFLOW,OECD.CFE.EDS:DSD_REG_DEMO@DF_POP_BROAD(2.4),Population by broad age groups - Regions,I,A,Annual,CTRY,Country,JPN,Japan,_Z,Not applicable,POP,Population,Y_GE65,65 years or over,_T,Total,PT_POP,Percentage of population,2023,,29.13,,JPN,Japan,A,Normal value,0,Units,2,Two
DATAFLOW,OECD.CFE.EDS:DSD_REG_DEMO@DF_POP_BROAD(2.4),Population by broad age groups - Regions,I,A,Annual,CTRY,Country,NZL,New Zealand,_Z,Not applicable,POP,Population,Y_GE65,65 years or over,_T,Total,PT_POP,Percentage of population,2023,,16.61,,NZL,New Zealand,A,Normal value,0,Units,2,Two
DATAFLOW,OECD.CFE.EDS:DSD_REG_DEMO@DF_POP_BROAD(2.4),Population by broad age groups - Regions,I,A,Annual,CTRY,Country,SVN,Slovenia,_Z,Not applicable,POP,Population,Y_GE65,65 years or over,_T,Total,PT_POP,Percentage of population,2023,,21.43,,SVN,Slovenia,A,Normal value,0,Units,2,Two
DATAFLOW,OECD.CFE.EDS:DSD_REG_DEMO@DF_POP_BROAD(2.4),Population by broad age groups - Regions,I,A,Annual,CTRY,Country,GRC,Greece,_Z,Not applicable,POP,Population,Y_GE65,65 years or over,_T,Total,PT_POP,Percentage of population,2023,,23.02,,GRC,Greece,A,Normal value,0,Units,2,Two
DATAFLOW,OECD.CFE.EDS:DSD_REG_DEMO@DF_POP_BROAD(2.4),Population by broad age groups - Regions,I,A,Annual,CTRY,Country,CHE,Switzerland,_Z,Not applicable,POP,Population,Y_GE65,65 years or over,_T,Total,PT_POP,Percentage of population,2023,,19.19,,CHE,Switzerland,A,Normal value,0,Units,2,Two
DATAFLOW,OECD.CFE.EDS:DSD_REG_DEMO@DF_POP_BROAD(2.4),Population by broad age groups - Regions,I,A,Annual,CTRY,Country,PRT,Portugal,_Z,Not applicable,POP,Population,Y_GE65,65 years or over,_T,Total,PT_POP,Percentage of population,2023,,23.88,,PRT,Portugal,A,Normal value,0,Units,2,Two
DATAFLOW,OECD.CFE.EDS:DSD_REG_DEMO@DF_POP_BROAD(2.4),Population by broad age groups - Regions,I,A,Annual,CTRY,Country,ITA,Italy,_Z,Not applicable,POP,Population,Y_GE65,65 years or over,_T,Total,PT_POP,Percentage of population,2023,,24.04,,ITA,Italy,A,Normal value,0,Units,2,Two
DATAFLOW,OECD.CFE.EDS:DSD_REG_DEMO@DF_POP_BROAD(2.4),Population by broad age groups - Regions,I,A,Annual,CTRY,Country,CAN,Canada,_Z,Not applicable,POP,Population,Y_GE65,65 years or over,_T,Total,PT_POP,Percentage of population,2023,,18.85,,CAN,Canada,A,Normal value,0,Units,2,Two
DATAFLOW,OECD.CFE.EDS:DSD_REG_DEMO@DF_POP_BROAD(2.4),Population by broad age groups - Regions,I,A,Annual,CTRY,Country,KOR,Korea,_Z,Not applicable,POP,Population,Y_GE65,65 years or over,_T,Total,PT_POP,Percentage of population,2023,,18.96,,KOR,Korea,A,Normal value,0,Units,2,Two
DATAFLOW,OECD.CFE.EDS:DSD_REG_DEMO@DF_POP_BROAD(2.4),Population by broad age groups - Regions,I,A,Annual,CTRY,Country,IRL,Ireland,_Z,Not applicable,POP,Population,Y_GE65,65 years or over,_T,Total,PT_POP,Percentage of population,2023,,15.19,,IRL,Ireland,A,Normal value,0,Units,2,Two
DATAFLOW,OECD.CFE.EDS:DSD_REG_DEMO@DF_POP_BROAD(2.4),Population by broad age groups - Regions,I,A,Annual,CTRY,Country,ISR,Israel,_Z,Not applicable,POP,Population,Y_GE65,65 years or over,_T,Total,PT_POP,Percentage of population,2023,,12.82,,ISR,Israel,A,Normal value,0,Units,2,Two
DATAFLOW,OECD.CFE.EDS:DSD_REG_DEMO@DF_POP_BROAD(2.4),Population by broad age groups - Regions,I,A,Annual,CTRY,Country,LUX,Luxembourg,_Z,Not applicable,POP,Population,Y_GE65,65 years or over,_T,Total,PT_POP,Percentage of population,2023,,14.86,,LUX,Luxembourg,A,Normal value,0,Units,2,Two
DATAFLOW,OECD.CFE.EDS:DSD_REG_DEMO@DF_POP_BROAD(2.4),Population by broad age groups - Regions,I,A,Annual,CTRY,Country,NLD,Netherlands,_Z,Not applicable,POP,Population,Y_GE65,65 years or over,_T,Total,PT_POP,Percentage of population,2023,,20.22,,NLD,Netherlands,A,Normal value,0,Units,2,Two
DATAFLOW,OECD.CFE.EDS:DSD_REG_DEMO@DF_POP_BROAD(2.4),Population by broad age groups - Regions,I,A,Annual,CTRY,Country,DNK,Denmark,_Z,Not applicable,POP,Population,Y_GE65,65 years or over,_T,Total,PT_POP,Percentage of population,2023,,20.45,,DNK,Denmark,A,Normal value,0,Units,2,Two
DATAFLOW,OECD.CFE.EDS:DSD_REG_DEMO@DF_POP_BROAD(2.4),Population by broad age groups - Regions,I,A,Annual,CTRY,Country,COL,Colombia,_Z,Not applicable,POP,Population,Y_GE65,65 years or over,_T,Total,PT_POP,Percentage of population,2023,,10.22,,COL,Colombia,A,Normal value,0,Units,2,Two
DATAFLOW,OECD.CFE.EDS:DSD_REG_DEMO@DF_POP_BROAD(2.4),Population by broad age groups - Regions,I,A,Annual,CTRY,Country,CZE,Czechia,_Z,Not applicable,POP,Population,Y_GE65,65 years or over,_T,Total,PT_POP,Percentage of population,2023,,20.39,,CZE,Czechia,A,Normal value,0,Units,2,Two
DATAFLOW,OECD.CFE.EDS:DSD_REG_DEMO@DF_POP_BROAD(2.4),Population by broad age groups - Regions,I,A,Annual,CTRY,Country,CHL,Chile,_Z,Not applicable,POP,Population,Y_GE65,65 years or over,_T,Total,PT_POP,Percentage of population,2023,,13.35,,CHL,Chile,A,Normal value,0,Units,2,Two
DATAFLOW,OECD.CFE.EDS:DSD_REG_DEMO@DF_POP_BROAD(2.4),Population by broad age groups - Regions,I,A,Annual,CTRY,Country,TUR,Turkey,_Z,Not applicable,POP,Population,Y_GE65,65 years or over,_T,Total,PT_POP,Percentage of population,2023,,9.91,,TUR,Türkiye,A,Normal value,0,Units,2,Two
DATAFLOW,OECD.CFE.EDS:DSD_REG_DEMO@DF_POP_BROAD(2.4),Population by broad age groups - Regions,I,A,Annual,CTRY,Country,HUN,Hungary,_Z,Not applicable,POP,Population,Y_GE65,65 years or over,_T,Total,PT_POP,Percentage of population,2023,,20.54,,HUN,Hungary,A,Normal value,0,Units,2,Two
DATAFLOW,OECD.CFE.EDS:DSD_REG_DEMO@DF_POP_BROAD(2.4),Population by broad age groups - Regions,I,A,Annual,CTRY,Country,AUS,Australia,_Z,Not applicable,POP,Population,Y_GE65,65 years or over,_T,Total,PT_POP,Percentage of population,2023,,17.1,,AUS,Australia,A,Normal value,0,Units,2,Two
DATAFLOW,OECD.CFE.EDS:DSD_REG_DEMO@DF_POP_BROAD(2.4),Population by broad age groups - Regions,I,A,Annual,CTRY,Country,EST,Estonia,_Z,Not applicable,POP,Population,Y_GE65,65 years or over,_T,Total,PT_POP,Percentage of population,2023,,20.24,,EST,Estonia,A,Normal value,0,Units,2,Two
DATAFLOW,OECD.CFE.EDS:DSD_REG_DEMO@DF_POP_BROAD(2.4),Population by broad age groups - Regions,I,A,Annual,CTRY,Country,CRI,Costa Rica,_Z,Not applicable,POP,Population,Y_GE65,65 years or over,_T,Total,PT_POP,Percentage of population,2023,,10,,CRI,Costa Rica,A,Normal value,0,Units,2,Two
DATAFLOW,OECD.CFE.EDS:DSD_REG_DEMO@DF_POP_BROAD(2.4),Population by broad age groups - Regions,I,A,Annual,CTRY,Country,ISL,Iceland,_Z,Not applicable,POP,Population,Y_GE65,65 years or over,_T,Total,PT_POP,Percentage of population,2023,,15.03,,ISL,Iceland,A,Normal value,0,Units,2,Two
DATAFLOW,OECD.CFE.EDS:DSD_REG_DEMO@DF_POP_BROAD(2.4),Population by broad age groups - Regions,I,A,Annual,CTRY,Country,AUT,Austria,_Z,Not applicable,POP,Population,Y_GE65,65 years or over,_T,Total,PT_POP,Percentage of population,2023,,19.56,,AUT,Austria,A,Normal value,0,Units,2,Two
DATAFLOW,OECD.CFE.EDS:DSD_REG_DEMO@DF_POP_BROAD(2.4),Population by broad age groups - Regions,I,A,Annual,CTRY,Country,FIN,Finland,_Z,Not applicable,POP,Population,Y_GE65,65 years or over,_T,Total,PT_POP,Percentage of population,2023,,23.27,,FIN,Finland,A,Normal value,0,Units,2,Two
DATAFLOW,OECD.CFE.EDS:DSD_REG_DEMO@DF_POP_BROAD(2.4),Population by broad age groups - Regions,I,A,Annual,CTRY,Country,SVK,Slovak Republic,_Z,Not applicable,POP,Population,Y_GE65,65 years or over,_T,Total,PT_POP,Percentage of population,2023,,17.85,,SVK,Slovak Republic,A,Normal value,0,Units,2,Two
DATAFLOW,OECD.CFE.EDS:DSD_REG_DEMO@DF_POP_BROAD(2.4),Population by broad age groups - Regions,I,A,Annual,CTRY,Country,LTU,Lithuania,_Z,Not applicable,POP,Population,Y_GE65,65 years or over,_T,Total,PT_POP,Percentage of population,2023,,20.01,,LTU,Lithuania,A,Normal value,0,Units,2,Two
DATAFLOW,OECD.CFE.EDS:DSD_REG_DEMO@DF_POP_BROAD(2.4),Population by broad age groups - Regions,I,A,Annual,CTRY,Country,LVA,Latvia,_Z,Not applicable,POP,Population,Y_GE65,65 years or over,_T,Total,PT_POP,Percentage of population,2023,,20.97,,LVA,Latvia,A,Normal value,0,Units,2,Two
DATAFLOW,OECD.CFE.EDS:DSD_REG_DEMO@DF_POP_BROAD(2.4),Population by broad age groups - Regions,I,A,Annual,CTRY,Country,ESP,Spain,_Z,Not applicable,POP,Population,Y_GE65,65 years or over,_T,Total,PT_POP,Percentage of population,2023,,20.15,,ESP,Spain,A,Normal value,0,Units,2,Two
DATAFLOW,OECD.CFE.EDS:DSD_REG_DEMO@DF_POP_BROAD(2.4),Population by broad age groups - Regions,I,A,Annual,CTRY,Country,FRA,France,_Z,Not applicable,POP,Population,Y_GE65,65 years or over,_T,Total,PT_POP,Percentage of population,2023,,21.13,,FRA,France,P,Provisional value,0,Units,2,Two
DATAFLOW,OECD.CFE.EDS:DSD_REG_DEMO@DF_POP_BROAD(2.4),Population by broad age groups - Regions,I,A,Annual,CTRY,Country,POL,Poland,_Z,Not applicable,POP,Population,Y_GE65,65 years or over,_T,Total,PT_POP,Percentage of population,2023,,19.89,,POL,Poland,E,Estimated value,0,Units,2,Two
DATAFLOW,OECD.CFE.EDS:DSD_REG_DEMO@DF_POP_BROAD(2.4),Population by broad age groups - Regions,I,A,Annual,CTRY,Country,DEU,Germany,_Z,Not applicable,POP,Population,Y_GE65,65 years or over,_T,Total,PT_POP,Percentage of population,2023,,22.25,,DEU,Germany,B,Time series break,0,Units,2,Two
DATAFLOW,OECD.CFE.EDS:DSD_REG_DEMO@DF_POP_BROAD(2.4),Population by broad age groups - Regions,I,A,Annual,CTRY,Country,ESP,Spain,_Z,Not applicable,POP,Population,Y_GE65,65 years or over,_T,Total,PT_POP,Percentage of population,2024,,20.42,,ESP,Spain,A,Normal value,0,Units,2,Two
DATAFLOW,OECD.CFE.EDS:DSD_REG_DEMO@DF_POP_BROAD(2.4),Population by broad age groups - Regions,I,A,Annual,CTRY,Country,LVA,Latvia,_Z,Not applicable,POP,Population,Y_GE65,65 years or over,_T,Total,PT_POP,Percentage of population,2024,,21.34,,LVA,Latvia,A,Normal value,0,Units,2,Two
DATAFLOW,OECD.CFE.EDS:DSD_REG_DEMO@DF_POP_BROAD(2.4),Population by broad age groups - Regions,I,A,Annual,CTRY,Country,LTU,Lithuania,_Z,Not applicable,POP,Population,Y_GE65,65 years or over,_T,Total,PT_POP,Percentage of population,2024,,20.34,,LTU,Lithuania,A,Normal value,0,Units,2,Two
DATAFLOW,OECD.CFE.EDS:DSD_REG_DEMO@DF_POP_BROAD(2.4),Population by broad age groups - Regions,I,A,Annual,CTRY,Country,SVK,Slovak Republic,_Z,Not applicable,POP,Population,Y_GE65,65 years or over,_T,Total,PT_POP,Percentage of population,2024,,18.35,,SVK,Slovak Republic,A,Normal value,0,Units,2,Two
DATAFLOW,OECD.CFE.EDS:DSD_REG_DEMO@DF_POP_BROAD(2.4),Population by broad age groups - Regions,I,A,Annual,CTRY,Country,FIN,Finland,_Z,Not applicable,POP,Population,Y_GE65,65 years or over,_T,Total,PT_POP,Percentage of population,2024,,23.37,,FIN,Finland,A,Normal value,0,Units,2,Two
DATAFLOW,OECD.CFE.EDS:DSD_REG_DEMO@DF_POP_BROAD(2.4),Population by broad age groups - Regions,I,A,Annual,CTRY,Country,AUT,Austria,_Z,Not applicable,POP,Population,Y_GE65,65 years or over,_T,Total,PT_POP,Percentage of population,2024,,19.84,,AUT,Austria,A,Normal value,0,Units,2,Two
DATAFLOW,OECD.CFE.EDS:DSD_REG_DEMO@DF_POP_BROAD(2.4),Population by broad age groups - Regions,I,A,Annual,CTRY,Country,ISL,Iceland,_Z,Not applicable,POP,Population,Y_GE65,65 years or over,_T,Total,PT_POP,Percentage of population,2024,,15.58,,ISL,Iceland,A,Normal value,0,Units,2,Two
DATAFLOW,OECD.CFE.EDS:DSD_REG_DEMO@DF_POP_BROAD(2.4),Population by broad age groups - Regions,I,A,Annual,CTRY,Country,EST,Estonia,_Z,Not applicable,POP,Population,Y_GE65,65 years or over,_T,Total,PT_POP,Percentage of population,2024,,20.47,,EST,Estonia,A,Normal value,0,Units,2,Two
DATAFLOW,OECD.CFE.EDS:DSD_REG_DEMO@DF_POP_BROAD(2.4),Population by broad age groups - Regions,I,A,Annual,CTRY,Country,HUN,Hungary,_Z,Not applicable,POP,Population,Y_GE65,65 years or over,_T,Total,PT_POP,Percentage of population,2024,,20.69,,HUN,Hungary,A,Normal value,0,Units,2,Two
DATAFLOW,OECD.CFE.EDS:DSD_REG_DEMO@DF_POP_BROAD(2.4),Population by broad age groups - Regions,I,A,Annual,CTRY,Country,TUR,Turkey,_Z,Not applicable,POP,Population,Y_GE65,65 years or over,_T,Total,PT_POP,Percentage of population,2024,,10.22,,TUR,Türkiye,A,Normal value,0,Units,2,Two
DATAFLOW,OECD.CFE.EDS:DSD_REG_DEMO@DF_POP_BROAD(2.4),Population by broad age groups - Regions,I,A,Annual,CTRY,Country,CZE,Czechia,_Z,Not applicable,POP,Population,Y_GE65,65 years or over,_T,Total,PT_POP,Percentage of population,2024,,20.52,,CZE,Czechia,A,Normal value,0,Units,2,Two
DATAFLOW,OECD.CFE.EDS:DSD_REG_DEMO@DF_POP_BROAD(2.4),Population by broad age groups - Regions,I,A,Annual,CTRY,Country,DNK,Denmark,_Z,Not applicable,POP,Population,Y_GE65,65 years or over,_T,Total,PT_POP,Percentage of population,2024,,20.66,,DNK,Denmark,A,Normal value,0,Units,2,Two
DATAFLOW,OECD.CFE.EDS:DSD_REG_DEMO@DF_POP_BROAD(2.4),Population by broad age groups - Regions,I,A,Annual,CTRY,Country,NLD,Netherlands,_Z,Not applicable,POP,Population,Y_GE65,65 years or over,_T,Total,PT_POP,Percentage of population,2024,,20.49,,NLD,Netherlands,A,Normal value,0,Units,2,Two
DATAFLOW,OECD.CFE.EDS:DSD_REG_DEMO@DF_POP_BROAD(2.4),Population by broad age groups - Regions,I,A,Annual,CTRY,Country,LUX,Luxembourg,_Z,Not applicable,POP,Population,Y_GE65,65 years or over,_T,Total,PT_POP,Percentage of population,2024,,15.03,,LUX,Luxembourg,A,Normal value,0,Units,2,Two
DATAFLOW,OECD.CFE.EDS:DSD_REG_DEMO@DF_POP_BROAD(2.4),Population by broad age groups - Regions,I,A,Annual,CTRY,Country,ISR,Israel,_Z,Not applicable,POP,Population,Y_GE65,65 years or over,_T,Total,PT_POP,Percentage of population,2024,,13.27,,ISR,Israel,A,Normal value,0,Units,2,Two
DATAFLOW,OECD.CFE.EDS:DSD_REG_DEMO@DF_POP_BROAD(2.4),Population by broad age groups - Regions,I,A,Annual,CTRY,Country,IRL,Ireland,_Z,Not applicable,POP,Population,Y_GE65,65 years or over,_T,Total,PT_POP,Percentage of population,2024,,15.46,,IRL,Ireland,A,Normal value,0,Units,2,Two
DATAFLOW,OECD.CFE.EDS:DSD_REG_DEMO@DF_POP_BROAD(2.4),Population by broad age groups - Regions,I,A,Annual,CTRY,Country,CAN,Canada,_Z,Not applicable,POP,Population,Y_GE65,65 years or over,_T,Total,PT_POP,Percentage of population,2024,,18.94,,CAN,Canada,A,Normal value,0,Units,2,Two
DATAFLOW,OECD.CFE.EDS:DSD_REG_DEMO@DF_POP_BROAD(2.4),Population by broad age groups - Regions,I,A,Annual,CTRY,Country,ITA,Italy,_Z,Not applicable,POP,Population,Y_GE65,65 years or over,_T,Total,PT_POP,Percentage of population,2024,,24.35,,ITA,Italy,A,Normal value,0,Units,2,Two
DATAFLOW,OECD.CFE.EDS:DSD_REG_DEMO@DF_POP_BROAD(2.4),Population by broad age groups - Regions,I,A,Annual,CTRY,Country,DEU,Germany,_Z,Not applicable,POP,Population,Y_GE65,65 years or over,_T,Total,PT_POP,Percentage of population,2024,,22.42,,DEU,Germany,A,Normal value,0,Units,2,Two
DATAFLOW,OECD.CFE.EDS:DSD_REG_DEMO@DF_POP_BROAD(2.4),Population by broad age groups - Regions,I,A,Annual,CTRY,Country,PRT,Portugal,_Z,Not applicable,POP,Population,Y_GE65,65 years or over,_T,Total,PT_POP,Percentage of population,2024,,24.1,,PRT,Portugal,A,Normal value,0,Units,2,Two
DATAFLOW,OECD.CFE.EDS:DSD_REG_DEMO@DF_POP_BROAD(2.4),Population by broad age groups - Regions,I,A,Annual,CTRY,Country,CHE,Switzerland,_Z,Not applicable,POP,Population,Y_GE65,65 years or over,_T,Total,PT_POP,Percentage of population,2024,,19.31,,CHE,Switzerland,A,Normal value,0,Units,2,Two
DATAFLOW,OECD.CFE.EDS:DSD_REG_DEMO@DF_POP_BROAD(2.4),Population by broad age groups - Regions,I,A,Annual,CTRY,Country,GRC,Greece,_Z,Not applicable,POP,Population,Y_GE65,65 years or over,_T,Total,PT_POP,Percentage of population,2024,,23.38,,GRC,Greece,A,Normal value,0,Units,2,Two
DATAFLOW,OECD.CFE.EDS:DSD_REG_DEMO@DF_POP_BROAD(2.4),Population by broad age groups - Regions,I,A,Annual,CTRY,Country,SVN,Slovenia,_Z,Not applicable,POP,Population,Y_GE65,65 years or over,_T,Total,PT_POP,Percentage of population,2024,,21.78,,SVN,Slovenia,A,Normal value,0,Units,2,Two
DATAFLOW,OECD.CFE.EDS:DSD_REG_DEMO@DF_POP_BROAD(2.4),Population by broad age groups - Regions,I,A,Annual,CTRY,Country,JPN,Japan,_Z,Not applicable,POP,Population,Y_GE65,65 years or over,_T,Total,PT_POP,Percentage of population,2024,,29.27,,JPN,Japan,A,Normal value,0,Units,2,Two
DATAFLOW,OECD.CFE.EDS:DSD_REG_DEMO@DF_POP_BROAD(2.4),Population by broad age groups - Regions,I,A,Annual,CTRY,Country,BEL,Belgium,_Z,Not applicable,POP,Population,Y_GE65,65 years or over,_T,Total,PT_POP,Percentage of population,2024,,19.95,,BEL,Belgium,A,Normal value,0,Units,2,Two
DATAFLOW,OECD.CFE.EDS:DSD_REG_DEMO@DF_POP_BROAD(2.4),Population by broad age groups - Regions,I,A,Annual,CTRY,Country,NOR,Norway,_Z,Not applicable,POP,Population,Y_GE65,65 years or over,_T,Total,PT_POP,Percentage of population,2024,,18.67,,NOR,Norway,A,Normal value,0,Units,2,Two
DATAFLOW,OECD.CFE.EDS:DSD_REG_DEMO@DF_POP_BROAD(2.4),Population by broad age groups - Regions,I,A,Annual,CTRY,Country,SWE,Sweden,_Z,Not applicable,POP,Population,Y_GE65,65 years or over,_T,Total,PT_POP,Percentage of population,2024,,20.61,,SWE,Sweden,A,Normal value,0,Units,2,Two
DATAFLOW,OECD.CFE.EDS:DSD_REG_DEMO@DF_POP_BROAD(2.4),Population by broad age groups - Regions,I,A,Annual,CTRY,Country,POL,Poland,_Z,Not applicable,POP,Population,Y_GE65,65 years or over,_T,Total,PT_POP,Percentage of population,2024,,20.48,,POL,Poland,E,Estimated value,0,Units,2,Two
DATAFLOW,OECD.CFE.EDS:DSD_REG_DEMO@DF_POP_BROAD(2.4),Population by broad age groups - Regions,I,A,Annual,CTRY,Country,FRA,France,_Z,Not applicable,POP,Population,Y_GE65,65 years or over,_T,Total,PT_POP,Percentage of population,2024,,21.52,,FRA,France,P,Provisional value,0,Units,2,Two
