STRUCTURE,STRUCTURE_ID,STRUCTURE_NAME,ACTION,FREQ,Frequency of observation,ADJUSTMENT,Adjustment,REF_AREA,Reference area,SECTOR,Institutional sector,COUNTERPART_SECTOR,Counterpart institutional sector,TRANSACTION,Transaction,INSTR_ASSET,Financial instruments and non-financial assets,ACTIVITY,Economic activity,EXPENDITURE,Expenditure,UNIT_MEASURE,Unit of measure,PRICE_BASE,Price base,TRANSFORMATION,Transformation,TABLE_IDENTIFIER,Table identifier,TIME_PERIOD,Time period,OBS_VALUE,Observation value,REF_YEAR_PRICE,Price reference year,BASE_PER,Base period,CONF_STATUS,Confidentiality status,DECIMALS,Decimals,OBS_STATUS,Observation status,UNIT_MULT,Unit multiplier,CURRENCY,Currency
DATAFLOW,OECD.SDD.NAD:DSD_NAMAIN1@DF_QNA_EXPENDITURE_CAPITA(1.1),Quarterly GDP per capita,I,A,Annual,Y,Calendar and seasonally adjusted,ISL,Iceland,S1,Total economy,S1,Total economy,B1GQ_POP,"Gross domestic product, per capita",_Z,Not applicable,_Z,Not applicable,_Z,Not applicable,USD_PPP_PS,"US dollars per person, PPP converted",LR,Chain linked volume (rebased),LA,Annual levels,T0102,Table 0102 - GDP identity from the expenditure side,2019,,63357.5,,2020,,,,F,Free (free for publication),1,One,P,Provisional value,0,Units,USD,US dollar
DATAFLOW,OECD.SDD.NAD:DSD_NAMAIN1@DF_QNA_EXPENDITURE_CAPITA(1.1),Quarterly GDP per capita,I,A,Annual,Y,Calendar and seasonally adjusted,AUS,Australia,S1,Total economy,S1,Total economy,B1GQ_POP,"Gross domestic product, per capita",_Z,Not applicable,_Z,Not applicable,_Z,Not applicable,USD_PPP_PS,"US dollars per person, PPP converted",LR,Chain linked volume (rebased),LA,Annual levels,T0102,Table 0102 - GDP identity from the expenditure side,2020,,54021.4,,2020,,,,F,Free (free for publication),1,One,A,Normal value,0,Units,USD,US dollar
DATAFLOW,OECD.SDD.NAD:DSD_NAMAIN1@DF_QNA_EXPENDITURE_CAPITA(1.1),Quarterly GDP per capita,I,A,Annual,Y,Calendar and seasonally adjusted,AUS,Australia,S1,Total economy,S1,Total economy,B1GQ_POP,"Gross domestic product, per capita",_Z,Not applicable,_Z,Not applicable,_Z,Not applicable,USD_PPP_PS,"US dollars per person, PPP converted",LR,Chain linked volume (rebased),LA,Annual levels,T0102,Table 0102 - GDP identity from the expenditure side,2019,,55716,,2020,,,,F,Free (free for publication),1,One,A,Normal value,0,Units,USD,US dollar
DATAFLOW,OECD.SDD.NAD:DSD_NAMAIN1@DF_QNA_EXPENDITURE_CAPITA(1.1),Quarterly GDP per capita,I,A,Annual,Y,Calendar and seasonally adjusted,ISL,Iceland,S1,Total economy,S1,Total economy,B1GQ_POP,"Gross domestic product, per capita",_Z,Not applicable,_Z,Not applicable,_Z,Not applicable,USD_PPP_PS,"US dollars per person, PPP converted",V,Current prices,LA,Annual levels,T0102,Table 0102 - GDP identity from the expenditure side,2011,,42253.3,,,,,,F,Free (free for publication),1,One,P,Provisional value,0,Units,USD,US dollar
DATAFLOW,OECD.SDD.NAD:DSD_NAMAIN1@DF_QNA_EXPENDITURE_CAPITA(1.1),Quarterly GDP per capita,I,A,Annual,Y,Calendar and seasonally adjusted,AUS,Australia,S1,Total economy,S1,Total economy,B1GQ_POP,"Gross domestic product, per capita",_Z,Not applicable,_Z,Not applicable,_Z,Not applicable,USD_PPP_PS,"US dollars per person, PPP converted",LR,Chain linked volume (rebased),LA,Annual levels,T0102,Table 0102 - GDP identity from the expenditure side,2017,,54764.6,,2020,,,,F,Free (free for publication),1,One,A,Normal value,0,Units,USD,US dollar
DATAFLOW,OECD.SDD.NAD:DSD_NAMAIN1@DF_QNA_EXPENDITURE_CAPITA(1.1),Quarterly GDP per capita,I,A,Annual,Y,Calendar and seasonally adjusted,AUS,Australia,S1,Total economy,S1,Total economy,B1GQ_POP,"Gross domestic product, per capita",_Z,Not applicable,_Z,Not applicable,_Z,Not applicable,USD_PPP_PS,"US dollars per person, PPP converted",LR,Chain linked volume (rebased),LA,Annual levels,T0102,Table 0102 - GDP identity from the expenditure side,2016,,54329.1,,2020,,,,F,Free (free for publication),1,One,A,Normal value,0,Units,USD,US dollar
DATAFLOW,OECD.SDD.NAD:DSD_NAMAIN1@DF_QNA_EXPENDITURE_CAPITA(1.1),Quarterly GDP per capita,I,A,Annual,Y,Calendar and seasonally adjusted,AUS,Australia,S1,Total economy,S1,Total economy,B1GQ_POP,"Gross domestic product, per capita",_Z,Not applicable,_Z,Not applicable,_Z,Not applicable,USD_PPP_PS,"US dollars per person, PPP converted",LR,Chain linked volume (rebased),LA,Annual levels,T0102,Table 0102 - GDP identity from the expenditure side,2015,,53750.6,,2020,,,,F,Free (free for publication),1,One,A,Normal value,0,Units,USD,US dollar
DATAFLOW,OECD.SDD.NAD:DSD_NAMAIN1@DF_QNA_EXPENDITURE_CAPITA(1.1),Quarterly GDP per capita,I,A,Annual,Y,Calendar and seasonally adjusted,AUS,Australia,S1,Total economy,S1,Total economy,B1GQ_POP,"Gross domestic product, per capita",_Z,Not applicable,_Z,Not applicable,_Z,Not applicable,USD_PPP_PS,"US dollars per person, PPP converted",LR,Chain linked volume (rebased),LA,Annual levels,T0102,Table 0102 - GDP identity from the expenditure side,2014,,53303.7,,2020,,,,F,Free (free for publication),1,One,A,Normal value,0,Units,USD,US dollar
DATAFLOW,OECD.SDD.NAD:DSD_NAMAIN1@DF_QNA_EXPENDITURE_CAPITA(1.1),Quarterly GDP per capita,I,A,Annual,Y,Calendar and seasonally adjusted,AUS,Australia,S1,Total economy,S1,Total economy,B1GQ_POP,"Gross domestic product, per capita",_Z,Not applicable,_Z,Not applicable,_Z,Not applicable,USD_PPP_PS,"US dollars per person, PPP converted",LR,Chain linked volume (rebased),LA,Annual levels,T0102,Table 0102 - GDP identity from the expenditure side,2013,,52770.9,,2020,,,,F,Free (free for publication),1,One,A,Normal value,0,Units,USD,US dollar
DATAFLOW,OECD.SDD.NAD:DSD_NAMAIN1@DF_QNA_EXPENDITURE_CAPITA(1.1),Quarterly GDP per capita,I,A,Annual,Y,Calendar and seasonally adjusted,AUS,Australia,S1,Total economy,S1,Total economy,B1GQ_POP,"Gross domestic product, per capita",_Z,Not applicable,_Z,Not applicable,_Z,Not applicable,USD_PPP_PS,"US dollars per person, PPP converted",LR,Chain linked volume (rebased),LA,Annual levels,T0102,Table 0102 - GDP identity from the expenditure side,2012,,52517.2,,2020,,,,F,Free (free for publication),1,One,A,Normal value,0,Units,USD,US dollar
DATAFLOW,OECD.SDD.NAD:DSD_NAMAIN1@DF_QNA_EXPENDITURE_CAPITA(1.1),Quarterly GDP per capita,I,A,Annual,Y,Calendar and seasonally adjusted,AUS,Australia,S1,Total economy,S1,Total economy,B1GQ_POP,"Gross domestic product, per capita",_Z,Not applicable,_Z,Not applicable,_Z,Not applicable,USD_PPP_PS,"US dollars per person, PPP converted",LR,Chain linked volume (rebased),LA,Annual levels,T0102,Table 0102 - GDP identity from the expenditure side,2011,,51376.9,,2020,,,,F,Free (free for publication),1,One,A,Normal value,0,Units,USD,US dollar
DATAFLOW,OECD.SDD.NAD:DSD_NAMAIN1@DF_QNA_EXPENDITURE_CAPITA(1.1),Quarterly GDP per capita,I,A,Annual,Y,Calendar and seasonally adjusted,BEL,Belgium,S1,Total economy,S1,Total economy,B1GQ_POP,"Gross domestic product, per capita",_Z,Not applicable,_Z,Not applicable,_Z,Not applicable,USD_PPP_PS,"US dollars per person, PPP converted",V,Current prices,LA,Annual levels,T0102,Table 0102 - GDP identity from the expenditure side,2015,,46072,,,,,,F,Free (free for publication),1,One,A,Normal value,0,Units,USD,US dollar
DATAFLOW,OECD.SDD.NAD:DSD_NAMAIN1@DF_QNA_EXPENDITURE_CAPITA(1.1),Quarterly GDP per capita,I,A,Annual,Y,Calendar and seasonally adjusted,AUS,Australia,S1,Total economy,S1,Total economy,B1GQ_POP,"Gross domestic product, per capita",_Z,Not applicable,_Z,Not applicable,_Z,Not applicable,USD_PPP_PS,"US dollars per person, PPP converted",LR,Chain linked volume (rebased),LA,Annual levels,T0102,Table 0102 - GDP identity from the expenditure side,2007,,50074.7,,2020,,,,F,Free (free for publication),1,One,A,Normal value,0,Units,USD,US dollar
DATAFLOW,OECD.SDD.NAD:DSD_NAMAIN1@DF_QNA_EXPENDITURE_CAPITA(1.1),Quarterly GDP per capita,I,A,Annual,Y,Calendar and seasonally adjusted,AUS,Australia,S1,Total economy,S1,Total economy,B1GQ_POP,"Gross domestic product, per capita",_Z,Not applicable,_Z,Not applicable,_Z,Not applicable,USD_PPP_PS,"US dollars per person, PPP converted",LR,Chain linked volume (rebased),LA,Annual levels,T0102,Table 0102 - GDP identity from the expenditure side,2006,,48846.8,,2020,,,,F,Free (free for publication),1,One,A,Normal value,0,Units,USD,US dollar
DATAFLOW,OECD.SDD.NAD:DSD_NAMAIN1@DF_QNA_EXPENDITURE_CAPITA(1.1),Quarterly GDP per capita,I,A,Annual,Y,Calendar and seasonally adjusted,AUS,Australia,S1,Total economy,S1,Total economy,B1GQ_POP,"Gross domestic product, per capita",_Z,Not applicable,_Z,Not applicable,_Z,Not applicable,USD_PPP_PS,"US dollars per person, PPP converted",LR,Chain linked volume (rebased),LA,Annual levels,T0102,Table 0102 - GDP identity from the expenditure side,2005,,48241.6,,2020,,,,F,Free (free for publication),1,One,A,Normal value,0,Units,USD,US dollar
DATAFLOW,OECD.SDD.NAD:DSD_NAMAIN1@DF_QNA_EXPENDITURE_CAPITA(1.1),Quarterly GDP per capita,I,A,Annual,Y,Calendar and seasonally adjusted,AUS,Australia,S1,Total economy,S1,Total economy,B1GQ_POP,"Gross domestic product, per capita",_Z,Not applicable,_Z,Not applicable,_Z,Not applicable,USD_PPP_PS,"US dollars per person, PPP converted",LR,Chain linked volume (rebased),LA,Annual levels,T0102,Table 0102 - GDP identity from the expenditure side,2004,,47401.4,,2020,,,,F,Free (free for publication),1,One,A,Normal value,0,Units,USD,US dollar
DATAFLOW,OECD.SDD.NAD:DSD_NAMAIN1@DF_QNA_EXPENDITURE_CAPITA(1.1),Quarterly GDP per capita,I,A,Annual,Y,Calendar and seasonally adjusted,AUS,Australia,S1,Total economy,S1,Total economy,B1GQ_POP,"Gross domestic product, per capita",_Z,Not applicable,_Z,Not applicable,_Z,Not applicable,USD_PPP_PS,"US dollars per person, PPP converted",LR,Chain linked volume (rebased),LA,Annual levels,T0102,Table 0102 - GDP identity from the expenditure side,2003,,46096.2,,2020,,,,F,Free (free for publication),1,One,A,Normal value,0,Units,USD,US dollar
DATAFLOW,OECD.SDD.NAD:DSD_NAMAIN1@DF_QNA_EXPENDITURE_CAPITA(1.1),Quarterly GDP per capita,I,A,Annual,Y,Calendar and seasonally adjusted,AUS,Australia,S1,Total economy,S1,Total economy,B1GQ_POP,"Gross domestic product, per capita",_Z,Not applicable,_Z,Not applicable,_Z,Not applicable,USD_PPP_PS,"US dollars per person, PPP converted",LR,Chain linked volume (rebased),LA,Annual levels,T0102,Table 0102 - GDP identity from the expenditure side,2002,,45214.6,,2020,,,,F,Free (free for publication),1,One,A,Normal value,0,Units,USD,US dollar
DATAFLOW,OECD.SDD.NAD:DSD_NAMAIN1@DF_QNA_EXPENDITURE_CAPITA(1.1),Quarterly GDP per capita,I,A,Annual,Y,Calendar and seasonally adjusted,AUS,Australia,S1,Total economy,S1,Total economy,B1GQ_POP,"Gross domestic product, per capita",_Z,Not applicable,_Z,Not applicable,_Z,Not applicable,USD_PPP_PS,"US dollars per person, PPP converted",LR,Chain linked volume (rebased),LA,Annual levels,T0102,Table 0102 - GDP identity from the expenditure side,2001,,43975.7,,2020,,,,F,Free (free for publication),1,One,A,Normal value,0,Units,USD,US dollar
DATAFLOW,OECD.SDD.NAD:DSD_NAMAIN1@DF_QNA_EXPENDITURE_CAPITA(1.1),Quarterly GDP per capita,I,A,Annual,Y,Calendar and seasonally adjusted,AUS,Australia,S1,Total economy,S1,Total economy,B1GQ_POP,"Gross domestic product, per capita",_Z,Not applicable,_Z,Not applicable,_Z,Not applicable,USD_PPP_PS,"US dollars per person, PPP converted",LR,Chain linked volume (rebased),LA,Annual levels,T0102,Table 0102 - GDP identity from the expenditure side,2000,,43367.3,,2020,,,,F,Free (free for publication),1,One,A,Normal value,0,Units,USD,US dollar
DATAFLOW,OECD.SDD.NAD:DSD_NAMAIN1@DF_QNA_EXPENDITURE_CAPITA(1.1),Quarterly GDP per capita,I,A,Annual,Y,Calendar and seasonally adjusted,AUS,Australia,S1,Total economy,S1,Total economy,B1GQ_POP,"Gross domestic product, per capita",_Z,Not applicable,_Z,Not applicable,_Z,Not applicable,USD_PPP_PS,"US dollars per person, PPP converted",LR,Chain linked volume (rebased),LA,Annual levels,T0102,Table 0102 - GDP identity from the expenditure side,2024,,57572.6,,2020,,,,F,Free (free for publication),1,One,A,Normal value,0,Units,USD,US dollar
DATAFLOW,OECD.SDD.NAD:DSD_NAMAIN1@DF_QNA_EXPENDITURE_CAPITA(1.1),Quarterly GDP per capita,I,A,Annual,Y,Calendar and seasonally adjusted,AUS,Australia,S1,Total economy,S1,Total economy,B1GQ_POP,"Gross domestic product, per capita",_Z,Not applicable,_Z,Not applicable,_Z,Not applicable,USD_PPP_PS,"US dollars per person, PPP converted",LR,Chain linked volume (rebased),LA,Annual levels,T0102,Table 0102 - GDP identity from the expenditure side,2023,,58049.2,,2020,,,,F,Free (free for publication),1,One,A,Normal value,0,Units,USD,US dollar
DATAFLOW,OECD.SDD.NAD:DSD_NAMAIN1@DF_QNA_EXPENDITURE_CAPITA(1.1),Quarterly GDP per capita,I,A,Annual,Y,Calendar and seasonally adjusted,AUS,Australia,S1,Total economy,S1,Total economy,B1GQ_POP,"Gross domestic product, per capita",_Z,Not applicable,_Z,Not applicable,_Z,Not applicable,USD_PPP_PS,"US dollars per person, PPP converted",LR,Chain linked volume (rebased),LA,Annual levels,T0102,Table 0102 - GDP identity from the expenditure side,2022,,58258.5,,2020,,,,F,Free (free for publication),1,One,A,Normal value,0,Units,USD,US dollar
DATAFLOW,OECD.SDD.NAD:DSD_NAMAIN1@DF_QNA_EXPENDITURE_CAPITA(1.1),Quarterly GDP per capita,I,A,Annual,Y,Calendar and seasonally adjusted,AUS,Australia,S1,Total economy,S1,Total economy,B1GQ_POP,"Gross domestic product, per capita",_Z,Not applicable,_Z,Not applicable,_Z,Not applicable,USD_PPP_PS,"US dollars per person, PPP converted",V,Current prices,LA,Annual levels,T0102,Table 0102 - GDP identity from the expenditure side,2006,,36220.1,,,,,,F,Free (free for publication),1,One,A,Normal value,0,Units,USD,US dollar
DATAFLOW,OECD.SDD.NAD:DSD_NAMAIN1@DF_QNA_EXPENDITURE_CAPITA(1.1),Quarterly GDP per capita,I,A,Annual,Y,Calendar and seasonally adjusted,AUS,Australia,S1,Total economy,S1,Total economy,B1GQ_POP,"Gross domestic product, per capita",_Z,Not applicable,_Z,Not applicable,_Z,Not applicable,USD_PPP_PS,"US dollars per person, PPP converted",V,Current prices,LA,Annual levels,T0102,Table 0102 - GDP identity from the expenditure side,2005,,34440.9,,,,,,F,Free (free for publication),1,One,A,Normal value,0,Units,USD,US dollar
DATAFLOW,OECD.SDD.NAD:DSD_NAMAIN1@DF_QNA_EXPENDITURE_CAPITA(1.1),Quarterly GDP per capita,I,A,Annual,Y,Calendar and seasonally adjusted,AUS,Australia,S1,Total economy,S1,Total economy,B1GQ_POP,"Gross domestic product, per capita",_Z,Not applicable,_Z,Not applicable,_Z,Not applicable,USD_PPP_PS,"US dollars per person, PPP converted",V,Current prices,LA,Annual levels,T0102,Table 0102 - GDP identity from the expenditure side,2004,,32904.2,,,,,,F,Free (free for publication),1,One,A,Normal value,0,Units,USD,US dollar
DATAFLOW,OECD.SDD.NAD:DSD_NAMAIN1@DF_QNA_EXPENDITURE_CAPITA(1.1),Quarterly GDP per capita,I,A,Annual,Y,Calendar and seasonally adjusted,AUS,Australia,S1,Total economy,S1,Total economy,B1GQ_POP,"Gross domestic product, per capita",_Z,Not applicable,_Z,Not applicable,_Z,Not applicable,USD_PPP_PS,"US dollars per person, PPP converted",V,Current prices,LA,Annual levels,T0102,Table 0102 - GDP identity from the expenditure side,2003,,31156.2,,,,,,F,Free (free for publication),1,One,A,Normal value,0,Units,USD,US dollar
DATAFLOW,OECD.SDD.NAD:DSD_NAMAIN1@DF_QNA_EXPENDITURE_CAPITA(1.1),Quarterly GDP per capita,I,A,Annual,Y,Calendar and seasonally adjusted,AUS,Australia,S1,Total economy,S1,Total economy,B1GQ_POP,"Gross domestic product, per capita",_Z,Not applicable,_Z,Not applicable,_Z,Not applicable,USD_PPP_PS,"US dollars per person, PPP converted",V,Current prices,LA,Annual levels,T0102,Table 0102 - GDP identity from the expenditure side,2002,,30054.6,,,,,,F,Free (free for publication),1,One,A,Normal value,0,Units,USD,US dollar
DATAFLOW,OECD.SDD.NAD:DSD_NAMAIN1@DF_QNA_EXPENDITURE_CAPITA(1.1),Quarterly GDP per capita,I,A,Annual,Y,Calendar and seasonally adjusted,USA,United States,S1,Total economy,S1,Total economy,B1GQ_POP,"Gross domestic product, per capita",_Z,Not applicable,_Z,Not applicable,_Z,Not applicable,USD_PPP_PS,"US dollars per person, PPP converted",LR,Chain linked volume (rebased),LA,Annual levels,T0102,Table 0102 - GDP identity from the expenditure side,2024,,72375.3,,2020,,,,F,Free (free for publication),1,One,A,Normal value,0,Units,USD,US dollar
DATAFLOW,OECD.SDD.NAD:DSD_NAMAIN1@DF_QNA_EXPENDITURE_CAPITA(1.1),Quarterly GDP per capita,I,A,Annual,Y,Calendar and seasonally adjusted,AUT,Austria,S1,Total economy,S1,Total economy,B1GQ_POP,"Gross domestic product, per capita",_Z,Not applicable,_Z,Not applicable,_Z,Not applicable,USD_PPP_PS,"US dollars per person, PPP converted",LR,Chain linked volume (rebased),LA,Annual levels,T0102,Table 0102 - GDP identity from the expenditure side,2003,,53342.9,,2020,,,,F,Free (free for publication),1,One,A,Normal value,0,Units,USD,US dollar
DATAFLOW,OECD.SDD.NAD:DSD_NAMAIN1@DF_QNA_EXPENDITURE_CAPITA(1.1),Quarterly GDP per capita,I,A,Annual,Y,Calendar and seasonally adjusted,AUT,Austria,S1,Total economy,S1,Total economy,B1GQ_POP,"Gross domestic product, per capita",_Z,Not applicable,_Z,Not applicable,_Z,Not applicable,USD_PPP_PS,"US dollars per person, PPP converted",V,Current prices,LA,Annual levels,T0102,Table 0102 - GDP identity from the expenditure side,2013,,47534.2,,,,,,F,Free (free for publication),1,One,A,Normal value,0,Units,USD,US dollar
DATAFLOW,OECD.SDD.NAD:DSD_NAMAIN1@DF_QNA_EXPENDITURE_CAPITA(1.1),Quarterly GDP per capita,I,A,Annual,Y,Calendar and seasonally adjusted,AUT,Austria,S1,Total economy,S1,Total economy,B1GQ_POP,"Gross domestic product, per capita",_Z,Not applicable,_Z,Not applicable,_Z,Not applicable,USD_PPP_PS,"US dollars per person, PPP converted",V,Current prices,LA,Annual levels,T0102,Table 0102 - GDP identity from the expenditure side,2012,,46176.6,,,,,,F,Free (free for publication),1,One,A,Normal value,0,Units,USD,US dollar
DATAFLOW,OECD.SDD.NAD:DSD_NAMAIN1@DF_QNA_EXPENDITURE_CAPITA(1.1),Quarterly GDP per capita,I,A,Annual,Y,Calendar and seasonally adjusted,AUT,Austria,S1,Total economy,S1,Total economy,B1GQ_POP,"Gross domestic product, per capita",_Z,Not applicable,_Z,Not applicable,_Z,Not applicable,USD_PPP_PS,"US dollars per person, PPP converted",V,Current prices,LA,Annual levels,T0102,Table 0102 - GDP identity from the expenditure side,2011,,44187.9,,,,,,F,Free (free for publication),1,One,A,Normal value,0,Units,USD,US dollar
DATAFLOW,OECD.SDD.NAD:DSD_NAMAIN1@DF_QNA_EXPENDITURE_CAPITA(1.1),Quarterly GDP per capita,I,A,Annual,Y,Calendar and seasonally adjusted,AUT,Austria,S1,Total economy,S1,Total economy,B1GQ_POP,"Gross domestic product, per capita",_Z,Not applicable,_Z,Not applicable,_Z,Not applicable,USD_PPP_PS,"US dollars per person, PPP converted",V,Current prices,LA,Annual levels,T0102,Table 0102 - GDP identity from the expenditure side,2024,,75775,,,,,,F,Free (free for publication),1,One,A,Normal value,0,Units,USD,US dollar
DATAFLOW,OECD.SDD.NAD:DSD_NAMAIN1@DF_QNA_EXPENDITURE_CAPITA(1.1),Quarterly GDP per capita,I,A,Annual,Y,Calendar and seasonally adjusted,AUT,Austria,S1,Total economy,S1,Total economy,B1GQ_POP,"Gross domestic product, per capita",_Z,Not applicable,_Z,Not applicable,_Z,Not applicable,USD_PPP_PS,"US dollars per person, PPP converted",V,Current prices,LA,Annual levels,T0102,Table 0102 - GDP identity from the expenditure side,2023,,74269.6,,,,,,F,Free (free for publication),1,One,A,Normal value,0,Units,USD,US dollar
DATAFLOW,OECD.SDD.NAD:DSD_NAMAIN1@DF_QNA_EXPENDITURE_CAPITA(1.1),Quarterly GDP per capita,I,A,Annual,Y,Calendar and seasonally adjusted,AUT,Austria,S1,Total economy,S1,Total economy,B1GQ_POP,"Gross domestic product, per capita",_Z,Not applicable,_Z,Not applicable,_Z,Not applicable,USD_PPP_PS,"US dollars per person, PPP converted",V,Current prices,LA,Annual levels,T0102,Table 0102 - GDP identity from the expenditure side,2022,,72198.7,,,,,,F,Free (free for publication),1,One,A,Normal value,0,Units,USD,US dollar
DATAFLOW,OECD.SDD.NAD:DSD_NAMAIN1@DF_QNA_EXPENDITURE_CAPITA(1.1),Quarterly GDP per capita,I,A,Annual,Y,Calendar and seasonally adjusted,AUT,Austria,S1,Total economy,S1,Total economy,B1GQ_POP,"Gross domestic product, per capita",_Z,Not applicable,_Z,Not applicable,_Z,Not applicable,USD_PPP_PS,"US dollars per person, PPP converted",V,Current prices,LA,Annual levels,T0102,Table 0102 - GDP identity from the expenditure side,2021,,62998.8,,,,,,F,Free (free for publication),1,One,A,Normal value,0,Units,USD,US dollar
DATAFLOW,OECD.SDD.NAD:DSD_NAMAIN1@DF_QNA_EXPENDITURE_CAPITA(1.1),Quarterly GDP per capita,I,A,Annual,Y,Calendar and seasonally adjusted,AUT,Austria,S1,Total economy,S1,Total economy,B1GQ_POP,"Gross domestic product, per capita",_Z,Not applicable,_Z,Not applicable,_Z,Not applicable,USD_PPP_PS,"US dollars per person, PPP converted",V,Current prices,LA,Annual levels,T0102,Table 0102 - GDP identity from the expenditure side,2020,,58522.8,,,,,,F,Free (free for publication),1,One,A,Normal value,0,Units,USD,US dollar
DATAFLOW,OECD.SDD.NAD:DSD_NAMAIN1@DF_QNA_EXPENDITURE_CAPITA(1.1),Quarterly GDP per capita,I,A,Annual,Y,Calendar and seasonally adjusted,AUT,Austria,S1,Total economy,S1,Total economy,B1GQ_POP,"Gross domestic product, per capita",_Z,Not applicable,_Z,Not applicable,_Z,Not applicable,USD_PPP_PS,"US dollars per person, PPP converted",LR,Chain linked volume (rebased),LA,Annual levels,T0102,Table 0102 - GDP identity from the expenditure side,2018,,61942.5,,2020,,,,F,Free (free for publication),1,One,A,Normal value,0,Units,USD,US dollar
DATAFLOW,OECD.SDD.NAD:DSD_NAMAIN1@DF_QNA_EXPENDITURE_CAPITA(1.1),Quarterly GDP per capita,I,A,Annual,Y,Calendar and seasonally adjusted,AUT,Austria,S1,Total economy,S1,Total economy,B1GQ_POP,"Gross domestic product, per capita",_Z,Not applicable,_Z,Not applicable,_Z,Not applicable,USD_PPP_PS,"US dollars per person, PPP converted",LR,Chain linked volume (rebased),LA,Annual levels,T0102,Table 0102 - GDP identity from the expenditure side,2017,,60733.7,,2020,,,,F,Free (free for publication),1,One,A,Normal value,0,Units,USD,US dollar
DATAFLOW,OECD.SDD.NAD:DSD_NAMAIN1@DF_QNA_EXPENDITURE_CAPITA(1.1),Quarterly GDP per capita,I,A,Annual,Y,Calendar and seasonally adjusted,AUT,Austria,S1,Total economy,S1,Total economy,B1GQ_POP,"Gross domestic product, per capita",_Z,Not applicable,_Z,Not applicable,_Z,Not applicable,USD_PPP_PS,"US dollars per person, PPP converted",LR,Chain linked volume (rebased),LA,Annual levels,T0102,Table 0102 - GDP identity from the expenditure side,2008,,59378.5,,2020,,,,F,Free (free for publication),1,One,A,Normal value,0,Units,USD,US dollar
DATAFLOW,OECD.SDD.NAD:DSD_NAMAIN1@DF_QNA_EXPENDITURE_CAPITA(1.1),Quarterly GDP per capita,I,A,Annual,Y,Calendar and seasonally adjusted,AUT,Austria,S1,Total economy,S1,Total economy,B1GQ_POP,"Gross domestic product, per capita",_Z,Not applicable,_Z,Not applicable,_Z,Not applicable,USD_PPP_PS,"US dollars per person, PPP converted",LR,Chain linked volume (rebased),LA,Annual levels,T0102,Table 0102 - GDP identity from the expenditure side,2007,,58714,,2020,,,,F,Free (free for publication),1,One,A,Normal value,0,Units,USD,US dollar
DATAFLOW,OECD.SDD.NAD:DSD_NAMAIN1@DF_QNA_EXPENDITURE_CAPITA(1.1),Quarterly GDP per capita,I,A,Annual,Y,Calendar and seasonally adjusted,AUT,Austria,S1,Total economy,S1,Total economy,B1GQ_POP,"Gross domestic product, per capita",_Z,Not applicable,_Z,Not applicable,_Z,Not applicable,USD_PPP_PS,"US dollars per person, PPP converted",LR,Chain linked volume (rebased),LA,Annual levels,T0102,Table 0102 - GDP identity from the expenditure side,2006,,56764.3,,2020,,,,F,Free (free for publication),1,One,A,Normal value,0,Units,USD,US dollar
DATAFLOW,OECD.SDD.NAD:DSD_NAMAIN1@DF_QNA_EXPENDITURE_CAPITA(1.1),Quarterly GDP per capita,I,A,Annual,Y,Calendar and seasonally adjusted,AUT,Austria,S1,Total economy,S1,Total economy,B1GQ_POP,"Gross domestic product, per capita",_Z,Not applicable,_Z,Not applicable,_Z,Not applicable,USD_PPP_PS,"US dollars per person, PPP converted",LR,Chain linked volume (rebased),LA,Annual levels,T0102,Table 0102 - GDP identity from the expenditure side,2024,,61933,,2020,,,,F,Free (free for publication),1,One,A,Normal value,0,Units,USD,US dollar
DATAFLOW,OECD.SDD.NAD:DSD_NAMAIN1@DF_QNA_EXPENDITURE_CAPITA(1.1),Quarterly GDP per capita,I,A,Annual,Y,Calendar and seasonally adjusted,AUT,Austria,S1,Total economy,S1,Total economy,B1GQ_POP,"Gross domestic product, per capita",_Z,Not applicable,_Z,Not applicable,_Z,Not applicable,USD_PPP_PS,"US dollars per person, PPP converted",LR,Chain linked volume (rebased),LA,Annual levels,T0102,Table 0102 - GDP identity from the expenditure side,2023,,62666.1,,2020,,,,F,Free (free for publication),1,One,A,Normal value,0,Units,USD,US dollar
DATAFLOW,OECD.SDD.NAD:DSD_NAMAIN1@DF_QNA_EXPENDITURE_CAPITA(1.1),Quarterly GDP per capita,I,A,Annual,Y,Calendar and seasonally adjusted,AUT,Austria,S1,Total economy,S1,Total economy,B1GQ_POP,"Gross domestic product, per capita",_Z,Not applicable,_Z,Not applicable,_Z,Not applicable,USD_PPP_PS,"US dollars per person, PPP converted",LR,Chain linked volume (rebased),LA,Annual levels,T0102,Table 0102 - GDP identity from the expenditure side,2022,,63705.9,,2020,,,,F,Free (free for publication),1,One,A,Normal value,0,Units,USD,US dollar
DATAFLOW,OECD.SDD.NAD:DSD_NAMAIN1@DF_QNA_EXPENDITURE_CAPITA(1.1),Quarterly GDP per capita,I,A,Annual,Y,Calendar and seasonally adjusted,AUT,Austria,S1,Total economy,S1,Total economy,B1GQ_POP,"Gross domestic product, per capita",_Z,Not applicable,_Z,Not applicable,_Z,Not applicable,USD_PPP_PS,"US dollars per person, PPP converted",LR,Chain linked volume (rebased),LA,Annual levels,T0102,Table 0102 - GDP identity from the expenditure side,2001,,52460.4,,2020,,,,F,Free (free for publication),1,One,A,Normal value,0,Units,USD,US dollar
DATAFLOW,OECD.SDD.NAD:DSD_NAMAIN1@DF_QNA_EXPENDITURE_CAPITA(1.1),Quarterly GDP per capita,I,A,Annual,Y,Calendar and seasonally adjusted,AUT,Austria,S1,Total economy,S1,Total economy,B1GQ_POP,"Gross domestic product, per capita",_Z,Not applicable,_Z,Not applicable,_Z,Not applicable,USD_PPP_PS,"US dollars per person, PPP converted",LR,Chain linked volume (rebased),LA,Annual levels,T0102,Table 0102 - GDP identity from the expenditure side,2021,,61166.3,,2020,,,,F,Free (free for publication),1,One,A,Normal value,0,Units,USD,US dollar
DATAFLOW,OECD.SDD.NAD:DSD_NAMAIN1@DF_QNA_EXPENDITURE_CAPITA(1.1),Quarterly GDP per capita,I,A,Annual,Y,Calendar and seasonally adjusted,AUT,Austria,S1,Total economy,S1,Total economy,B1GQ_POP,"Gross domestic product, per capita",_Z,Not applicable,_Z,Not applicable,_Z,Not applicable,USD_PPP_PS,"US dollars per person, PPP converted",LR,Chain linked volume (rebased),LA,Annual levels,T0102,Table 0102 - GDP identity from the expenditure side,2020,,58522.8,,2020,,,,F,Free (free for publication),1,One,A,Normal value,0,Units,USD,US dollar
DATAFLOW,OECD.SDD.NAD:DSD_NAMAIN1@DF_QNA_EXPENDITURE_CAPITA(1.1),Quarterly GDP per capita,I,A,Annual,Y,Calendar and seasonally adjusted,AUT,Austria,S1,Total economy,S1,Total economy,B1GQ_POP,"Gross domestic product, per capita",_Z,Not applicable,_Z,Not applicable,_Z,Not applicable,USD_PPP_PS,"US dollars per person, PPP converted",LR,Chain linked volume (rebased),LA,Annual levels,T0102,Table 0102 - GDP identity from the expenditure side,2019,,62746.1,,2020,,,,F,Free (free for publication),1,One,A,Normal value,0,Units,USD,US dollar
DATAFLOW,OECD.SDD.NAD:DSD_NAMAIN1@DF_QNA_EXPENDITURE_CAPITA(1.1),Quarterly GDP per capita,I,A,Annual,Y,Calendar and seasonally adjusted,AUT,Austria,S1,Total economy,S1,Total economy,B1GQ_POP,"Gross domestic product, per capita",_Z,Not applicable,_Z,Not applicable,_Z,Not applicable,USD_PPP_PS,"US dollars per person, PPP converted",V,Current prices,LA,Annual levels,T0102,Table 0102 - GDP identity from the expenditure side,2019,,60370.5,,,,,,F,Free (free for publication),1,One,A,Normal value,0,Units,USD,US dollar
DATAFLOW,OECD.SDD.NAD:DSD_NAMAIN1@DF_QNA_EXPENDITURE_CAPITA(1.1),Quarterly GDP per capita,I,A,Annual,Y,Calendar and seasonally adjusted,AUS,Australia,S1,Total economy,S1,Total economy,B1GQ_POP,"Gross domestic product, per capita",_Z,Not applicable,_Z,Not applicable,_Z,Not applicable,USD_PPP_PS,"US dollars per person, PPP converted",V,Current prices,LA,Annual levels,T0102,Table 0102 - GDP identity from the expenditure side,2019,,54062.6,,,,,,F,Free (free for publication),1,One,A,Normal value,0,Units,USD,US dollar
DATAFLOW,OECD.SDD.NAD:DSD_NAMAIN1@DF_QNA_EXPENDITURE_CAPITA(1.1),Quarterly GDP per capita,I,A,Annual,Y,Calendar and seasonally adjusted,AUS,Australia,S1,Total economy,S1,Total economy,B1GQ_POP,"Gross domestic product, per capita",_Z,Not applicable,_Z,Not applicable,_Z,Not applicable,USD_PPP_PS,"US dollars per person, PPP converted",V,Current prices,LA,Annual levels,T0102,Table 0102 - GDP identity from the expenditure side,2018,,51736.1,,,,,,F,Free (free for publication),1,One,A,Normal value,0,Units,USD,US dollar
DATAFLOW,OECD.SDD.NAD:DSD_NAMAIN1@DF_QNA_EXPENDITURE_CAPITA(1.1),Quarterly GDP per capita,I,A,Annual,Y,Calendar and seasonally adjusted,AUS,Australia,S1,Total economy,S1,Total economy,B1GQ_POP,"Gross domestic product, per capita",_Z,Not applicable,_Z,Not applicable,_Z,Not applicable,USD_PPP_PS,"US dollars per person, PPP converted",V,Current prices,LA,Annual levels,T0102,Table 0102 - GDP identity from the expenditure side,2017,,49675.3,,,,,,F,Free (free for publication),1,One,A,Normal value,0,Units,USD,US dollar
DATAFLOW,OECD.SDD.NAD:DSD_NAMAIN1@DF_QNA_EXPENDITURE_CAPITA(1.1),Quarterly GDP per capita,I,A,Annual,Y,Calendar and seasonally adjusted,AUS,Australia,S1,Total economy,S1,Total economy,B1GQ_POP,"Gross domestic product, per capita",_Z,Not applicable,_Z,Not applicable,_Z,Not applicable,USD_PPP_PS,"US dollars per person, PPP converted",V,Current prices,LA,Annual levels,T0102,Table 0102 - GDP identity from the expenditure side,2016,,48507.1,,,,,,F,Free (free for publication),1,One,A,Normal value,0,Units,USD,US dollar
DATAFLOW,OECD.SDD.NAD:DSD_NAMAIN1@DF_QNA_EXPENDITURE_CAPITA(1.1),Quarterly GDP per capita,I,A,Annual,Y,Calendar and seasonally adjusted,AUS,Australia,S1,Total economy,S1,Total economy,B1GQ_POP,"Gross domestic product, per capita",_Z,Not applicable,_Z,Not applicable,_Z,Not applicable,USD_PPP_PS,"US dollars per person, PPP converted",V,Current prices,LA,Annual levels,T0102,Table 0102 - GDP identity from the expenditure side,2015,,46804.3,,,,,,F,Free (free for publication),1,One,A,Normal value,0,Units,USD,US dollar
DATAFLOW,OECD.SDD.NAD:DSD_NAMAIN1@DF_QNA_EXPENDITURE_CAPITA(1.1),Quarterly GDP per capita,I,A,Annual,Y,Calendar and seasonally adjusted,AUS,Australia,S1,Total economy,S1,Total economy,B1GQ_POP,"Gross domestic product, per capita",_Z,Not applicable,_Z,Not applicable,_Z,Not applicable,USD_PPP_PS,"US dollars per person, PPP converted",V,Current prices,LA,Annual levels,T0102,Table 0102 - GDP identity from the expenditure side,2014,,47435.2,,,,,,F,Free (free for publication),1,One,A,Normal value,0,Units,USD,US dollar
DATAFLOW,OECD.SDD.NAD:DSD_NAMAIN1@DF_QNA_EXPENDITURE_CAPITA(1.1),Quarterly GDP per capita,I,A,Annual,Y,Calendar and seasonally adjusted,AUS,Australia,S1,Total economy,S1,Total economy,B1GQ_POP,"Gross domestic product, per capita",_Z,Not applicable,_Z,Not applicable,_Z,Not applicable,USD_PPP_PS,"US dollars per person, PPP converted",V,Current prices,LA,Annual levels,T0102,Table 0102 - GDP identity from the expenditure side,2013,,47018.7,,,,,,F,Free (free for publication),1,One,A,Normal value,0,Units,USD,US dollar
DATAFLOW,OECD.SDD.NAD:DSD_NAMAIN1@DF_QNA_EXPENDITURE_CAPITA(1.1),Quarterly GDP per capita,I,A,Annual,Y,Calendar and seasonally adjusted,AUS,Australia,S1,Total economy,S1,Total economy,B1GQ_POP,"Gross domestic product, per capita",_Z,Not applicable,_Z,Not applicable,_Z,Not applicable,USD_PPP_PS,"US dollars per person, PPP converted",V,Current prices,LA,Annual levels,T0102,Table 0102 - GDP identity from the expenditure side,2012,,43358.1,,,,,,F,Free (free for publication),1,One,A,Normal value,0,Units,USD,US dollar
DATAFLOW,OECD.SDD.NAD:DSD_NAMAIN1@DF_QNA_EXPENDITURE_CAPITA(1.1),Quarterly GDP per capita,I,A,Annual,Y,Calendar and seasonally adjusted,AUS,Australia,S1,Total economy,S1,Total economy,B1GQ_POP,"Gross domestic product, per capita",_Z,Not applicable,_Z,Not applicable,_Z,Not applicable,USD_PPP_PS,"US dollars per person, PPP converted",V,Current prices,LA,Annual levels,T0102,Table 0102 - GDP identity from the expenditure side,2011,,43559,,,,,,F,Free (free for publication),1,One,A,Normal value,0,Units,USD,US dollar
DATAFLOW,OECD.SDD.NAD:DSD_NAMAIN1@DF_QNA_EXPENDITURE_CAPITA(1.1),Quarterly GDP per capita,I,A,Annual,Y,Calendar and seasonally adjusted,AUS,Australia,S1,Total economy,S1,Total economy,B1GQ_POP,"Gross domestic product, per capita",_Z,Not applicable,_Z,Not applicable,_Z,Not applicable,USD_PPP_PS,"US dollars per person, PPP converted",V,Current prices,LA,Annual levels,T0102,Table 0102 - GDP identity from the expenditure side,2010,,41307.1,,,,,,F,Free (free for publication),1,One,A,Normal value,0,Units,USD,US dollar
DATAFLOW,OECD.SDD.NAD:DSD_NAMAIN1@DF_QNA_EXPENDITURE_CAPITA(1.1),Quarterly GDP per capita,I,A,Annual,Y,Calendar and seasonally adjusted,AUS,Australia,S1,Total economy,S1,Total economy,B1GQ_POP,"Gross domestic product, per capita",_Z,Not applicable,_Z,Not applicable,_Z,Not applicable,USD_PPP_PS,"US dollars per person, PPP converted",V,Current prices,LA,Annual levels,T0102,Table 0102 - GDP identity from the expenditure side,2009,,40427.8,,,,,,F,Free (free for publication),1,One,A,Normal value,0,Units,USD,US dollar
DATAFLOW,OECD.SDD.NAD:DSD_NAMAIN1@DF_QNA_EXPENDITURE_CAPITA(1.1),Quarterly GDP per capita,I,A,Annual,Y,Calendar and seasonally adjusted,AUS,Australia,S1,Total economy,S1,Total economy,B1GQ_POP,"Gross domestic product, per capita",_Z,Not applicable,_Z,Not applicable,_Z,Not applicable,USD_PPP_PS,"US dollars per person, PPP converted",V,Current prices,LA,Annual levels,T0102,Table 0102 - GDP identity from the expenditure side,2008,,39348.7,,,,,,F,Free (free for publication),1,One,A,Normal value,0,Units,USD,US dollar
DATAFLOW,OECD.SDD.NAD:DSD_NAMAIN1@DF_QNA_EXPENDITURE_CAPITA(1.1),Quarterly GDP per capita,I,A,Annual,Y,Calendar and seasonally adjusted,AUS,Australia,S1,Total economy,S1,Total economy,B1GQ_POP,"Gross domestic product, per capita",_Z,Not applicable,_Z,Not applicable,_Z,Not applicable,USD_PPP_PS,"US dollars per person, PPP converted",V,Current prices,LA,Annual levels,T0102,Table 0102 - GDP identity from the expenditure side,2007,,38133.7,,,,,,F,Free (free for publication),1,One,A,Normal value,0,Units,USD,US dollar
DATAFLOW,OECD.SDD.NAD:DSD_NAMAIN1@DF_QNA_EXPENDITURE_CAPITA(1.1),Quarterly GDP per capita,I,A,Annual,Y,Calendar and seasonally adjusted,USA,United States,S1,Total economy,S1,Total economy,B1GQ_POP,"Gross domestic product, per capita",_Z,Not applicable,_Z,Not applicable,_Z,Not applicable,USD_PPP_PS,"US dollars per person, PPP converted",V,Current prices,LA,Annual levels,T0102,Table 0102 - GDP identity from the expenditure side,2008,,48498.4,,,,,,F,Free (free for publication),1,One,A,Normal value,0,Units,USD,US dollar
DATAFLOW,OECD.SDD.NAD:DSD_NAMAIN1@DF_QNA_EXPENDITURE_CAPITA(1.1),Quarterly GDP per capita,I,A,Annual,Y,Calendar and seasonally adjusted,AUS,Australia,S1,Total economy,S1,Total economy,B1GQ_POP,"Gross domestic product, per capita",_Z,Not applicable,_Z,Not applicable,_Z,Not applicable,USD_PPP_PS,"US dollars per person, PPP converted",LR,Chain linked volume (rebased),LA,Annual levels,T0102,Table 0102 - GDP identity from the expenditure side,2008,,50303.2,,2020,,,,F,Free (free for publication),1,One,A,Normal value,0,Units,USD,US dollar
DATAFLOW,OECD.SDD.NAD:DSD_NAMAIN1@DF_QNA_EXPENDITURE_CAPITA(1.1),Quarterly GDP per capita,I,A,Annual,Y,Calendar and seasonally adjusted,CAN,Canada,S1,Total economy,S1,Total economy,B1GQ_POP,"Gross domestic product, per capita",_Z,Not applicable,_Z,Not applicable,_Z,Not applicable,USD_PPP_PS,"US dollars per person, PPP converted",LR,Chain linked volume (rebased),LA,Annual levels,T0102,Table 0102 - GDP identity from the expenditure side,2019,,51813.8,,2020,,,,F,Free (free for publication),1,One,A,Normal value,0,Units,USD,US dollar
DATAFLOW,OECD.SDD.NAD:DSD_NAMAIN1@DF_QNA_EXPENDITURE_CAPITA(1.1),Quarterly GDP per capita,I,A,Annual,Y,Calendar and seasonally adjusted,CAN,Canada,S1,Total economy,S1,Total economy,B1GQ_POP,"Gross domestic product, per capita",_Z,Not applicable,_Z,Not applicable,_Z,Not applicable,USD_PPP_PS,"US dollars per person, PPP converted",LR,Chain linked volume (rebased),LA,Annual levels,T0102,Table 0102 - GDP identity from the expenditure side,2018,,51593.4,,2020,,,,F,Free (free for publication),1,One,A,Normal value,0,Units,USD,US dollar
DATAFLOW,OECD.SDD.NAD:DSD_NAMAIN1@DF_QNA_EXPENDITURE_CAPITA(1.1),Quarterly GDP per capita,I,A,Annual,Y,Calendar and seasonally adjusted,CAN,Canada,S1,Total economy,S1,Total economy,B1GQ_POP,"Gross domestic product, per capita",_Z,Not applicable,_Z,Not applicable,_Z,Not applicable,USD_PPP_PS,"US dollars per person, PPP converted",LR,Chain linked volume (rebased),LA,Annual levels,T0102,Table 0102 - GDP identity from the expenditure side,2017,,50924.6,,2020,,,,F,Free (free for publication),1,One,A,Normal value,0,Units,USD,US dollar
DATAFLOW,OECD.SDD.NAD:DSD_NAMAIN1@DF_QNA_EXPENDITURE_CAPITA(1.1),Quarterly GDP per capita,I,A,Annual,Y,Calendar and seasonally adjusted,CAN,Canada,S1,Total economy,S1,Total economy,B1GQ_POP,"Gross domestic product, per capita",_Z,Not applicable,_Z,Not applicable,_Z,Not applicable,USD_PPP_PS,"US dollars per person, PPP converted",LR,Chain linked volume (rebased),LA,Annual levels,T0102,Table 0102 - GDP identity from the expenditure side,2016,,50030.8,,2020,,,,F,Free (free for publication),1,One,A,Normal value,0,Units,USD,US dollar
DATAFLOW,OECD.SDD.NAD:DSD_NAMAIN1@DF_QNA_EXPENDITURE_CAPITA(1.1),Quarterly GDP per capita,I,A,Annual,Y,Calendar and seasonally adjusted,CAN,Canada,S1,Total economy,S1,Total economy,B1GQ_POP,"Gross domestic product, per capita",_Z,Not applicable,_Z,Not applicable,_Z,Not applicable,USD_PPP_PS,"US dollars per person, PPP converted",LR,Chain linked volume (rebased),LA,Annual levels,T0102,Table 0102 - GDP identity from the expenditure side,2011,,48278.1,,2020,,,,F,Free (free for publication),1,One,A,Normal value,0,Units,USD,US dollar
DATAFLOW,OECD.SDD.NAD:DSD_NAMAIN1@DF_QNA_EXPENDITURE_CAPITA(1.1),Quarterly GDP per capita,I,A,Annual,Y,Calendar and seasonally adjusted,CAN,Canada,S1,Total economy,S1,Total economy,B1GQ_POP,"Gross domestic product, per capita",_Z,Not applicable,_Z,Not applicable,_Z,Not applicable,USD_PPP_PS,"US dollars per person, PPP converted",LR,Chain linked volume (rebased),LA,Annual levels,T0102,Table 0102 - GDP identity from the expenditure side,2010,,47276.9,,2020,,,,F,Free (free for publication),1,One,A,Normal value,0,Units,USD,US dollar
DATAFLOW,OECD.SDD.NAD:DSD_NAMAIN1@DF_QNA_EXPENDITURE_CAPITA(1.1),Quarterly GDP per capita,I,A,Annual,Y,Calendar and seasonally adjusted,CAN,Canada,S1,Total economy,S1,Total economy,B1GQ_POP,"Gross domestic product, per capita",_Z,Not applicable,_Z,Not applicable,_Z,Not applicable,USD_PPP_PS,"US dollars per person, PPP converted",LR,Chain linked volume (rebased),LA,Annual levels,T0102,Table 0102 - GDP identity from the expenditure side,2015,,50038.5,,2020,,,,F,Free (free for publication),1,One,A,Normal value,0,Units,USD,US dollar
DATAFLOW,OECD.SDD.NAD:DSD_NAMAIN1@DF_QNA_EXPENDITURE_CAPITA(1.1),Quarterly GDP per capita,I,A,Annual,Y,Calendar and seasonally adjusted,CAN,Canada,S1,Total economy,S1,Total economy,B1GQ_POP,"Gross domestic product, per capita",_Z,Not applicable,_Z,Not applicable,_Z,Not applicable,USD_PPP_PS,"US dollars per person, PPP converted",LR,Chain linked volume (rebased),LA,Annual levels,T0102,Table 0102 - GDP identity from the expenditure side,2024,,51863.6,,2020,,,,F,Free (free for publication),1,One,A,Normal value,0,Units,USD,US dollar
DATAFLOW,OECD.SDD.NAD:DSD_NAMAIN1@DF_QNA_EXPENDITURE_CAPITA(1.1),Quarterly GDP per capita,I,A,Annual,Y,Calendar and seasonally adjusted,CAN,Canada,S1,Total economy,S1,Total economy,B1GQ_POP,"Gross domestic product, per capita",_Z,Not applicable,_Z,Not applicable,_Z,Not applicable,USD_PPP_PS,"US dollars per person, PPP converted",LR,Chain linked volume (rebased),LA,Annual levels,T0102,Table 0102 - GDP identity from the expenditure side,2023,,52327.1,,2020,,,,F,Free (free for publication),1,One,A,Normal value,0,Units,USD,US dollar
DATAFLOW,OECD.SDD.NAD:DSD_NAMAIN1@DF_QNA_EXPENDITURE_CAPITA(1.1),Quarterly GDP per capita,I,A,Annual,Y,Calendar and seasonally adjusted,CAN,Canada,S1,Total economy,S1,Total economy,B1GQ_POP,"Gross domestic product, per capita",_Z,Not applicable,_Z,Not applicable,_Z,Not applicable,USD_PPP_PS,"US dollars per person, PPP converted",V,Current prices,LA,Annual levels,T0102,Table 0102 - GDP identity from the expenditure side,2020,,48630.2,,,,,,F,Free (free for publication),1,One,A,Normal value,0,Units,USD,US dollar
DATAFLOW,OECD.SDD.NAD:DSD_NAMAIN1@DF_QNA_EXPENDITURE_CAPITA(1.1),Quarterly GDP per capita,I,A,Annual,Y,Calendar and seasonally adjusted,BEL,Belgium,S1,Total economy,S1,Total economy,B1GQ_POP,"Gross domestic product, per capita",_Z,Not applicable,_Z,Not applicable,_Z,Not applicable,USD_PPP_PS,"US dollars per person, PPP converted",V,Current prices,LA,Annual levels,T0102,Table 0102 - GDP identity from the expenditure side,2014,,45147.6,,,,,,F,Free (free for publication),1,One,A,Normal value,0,Units,USD,US dollar
DATAFLOW,OECD.SDD.NAD:DSD_NAMAIN1@DF_QNA_EXPENDITURE_CAPITA(1.1),Quarterly GDP per capita,I,A,Annual,Y,Calendar and seasonally adjusted,BEL,Belgium,S1,Total economy,S1,Total economy,B1GQ_POP,"Gross domestic product, per capita",_Z,Not applicable,_Z,Not applicable,_Z,Not applicable,USD_PPP_PS,"US dollars per person, PPP converted",V,Current prices,LA,Annual levels,T0102,Table 0102 - GDP identity from the expenditure side,2013,,43864,,,,,,F,Free (free for publication),1,One,A,Normal value,0,Units,USD,US dollar
DATAFLOW,OECD.SDD.NAD:DSD_NAMAIN1@DF_QNA_EXPENDITURE_CAPITA(1.1),Quarterly GDP per capita,I,A,Annual,Y,Calendar and seasonally adjusted,BEL,Belgium,S1,Total economy,S1,Total economy,B1GQ_POP,"Gross domestic product, per capita",_Z,Not applicable,_Z,Not applicable,_Z,Not applicable,USD_PPP_PS,"US dollars per person, PPP converted",V,Current prices,LA,Annual levels,T0102,Table 0102 - GDP identity from the expenditure side,2012,,42483.5,,,,,,F,Free (free for publication),1,One,A,Normal value,0,Units,USD,US dollar
DATAFLOW,OECD.SDD.NAD:DSD_NAMAIN1@DF_QNA_EXPENDITURE_CAPITA(1.1),Quarterly GDP per capita,I,A,Annual,Y,Calendar and seasonally adjusted,BEL,Belgium,S1,Total economy,S1,Total economy,B1GQ_POP,"Gross domestic product, per capita",_Z,Not applicable,_Z,Not applicable,_Z,Not applicable,USD_PPP_PS,"US dollars per person, PPP converted",V,Current prices,LA,Annual levels,T0102,Table 0102 - GDP identity from the expenditure side,2011,,41244.8,,,,,,F,Free (free for publication),1,One,A,Normal value,0,Units,USD,US dollar
DATAFLOW,OECD.SDD.NAD:DSD_NAMAIN1@DF_QNA_EXPENDITURE_CAPITA(1.1),Quarterly GDP per capita,I,A,Annual,Y,Calendar and seasonally adjusted,BEL,Belgium,S1,Total economy,S1,Total economy,B1GQ_POP,"Gross domestic product, per capita",_Z,Not applicable,_Z,Not applicable,_Z,Not applicable,USD_PPP_PS,"US dollars per person, PPP converted",V,Current prices,LA,Annual levels,T0102,Table 0102 - GDP identity from the expenditure side,2010,,39840,,,,,,F,Free (free for publication),1,One,A,Normal value,0,Units,USD,US dollar
DATAFLOW,OECD.SDD.NAD:DSD_NAMAIN1@DF_QNA_EXPENDITURE_CAPITA(1.1),Quarterly GDP per capita,I,A,Annual,Y,Calendar and seasonally adjusted,BEL,Belgium,S1,Total economy,S1,Total economy,B1GQ_POP,"Gross domestic product, per capita",_Z,Not applicable,_Z,Not applicable,_Z,Not applicable,USD_PPP_PS,"US dollars per person, PPP converted",V,Current prices,LA,Annual levels,T0102,Table 0102 - GDP identity from the expenditure side,2008,,37883.3,,,,,,F,Free (free for publication),1,One,A,Normal value,0,Units,USD,US dollar
DATAFLOW,OECD.SDD.NAD:DSD_NAMAIN1@DF_QNA_EXPENDITURE_CAPITA(1.1),Quarterly GDP per capita,I,A,Annual,Y,Calendar and seasonally adjusted,BEL,Belgium,S1,Total economy,S1,Total economy,B1GQ_POP,"Gross domestic product, per capita",_Z,Not applicable,_Z,Not applicable,_Z,Not applicable,USD_PPP_PS,"US dollars per person, PPP converted",V,Current prices,LA,Annual levels,T0102,Table 0102 - GDP identity from the expenditure side,2007,,36798.1,,,,,,F,Free (free for publication),1,One,A,Normal value,0,Units,USD,US dollar
DATAFLOW,OECD.SDD.NAD:DSD_NAMAIN1@DF_QNA_EXPENDITURE_CAPITA(1.1),Quarterly GDP per capita,I,A,Annual,Y,Calendar and seasonally adjusted,BEL,Belgium,S1,Total economy,S1,Total economy,B1GQ_POP,"Gross domestic product, per capita",_Z,Not applicable,_Z,Not applicable,_Z,Not applicable,USD_PPP_PS,"US dollars per person, PPP converted",V,Current prices,LA,Annual levels,T0102,Table 0102 - GDP identity from the expenditure side,2006,,35251.5,,,,,,F,Free (free for publication),1,One,A,Normal value,0,Units,USD,US dollar
DATAFLOW,OECD.SDD.NAD:DSD_NAMAIN1@DF_QNA_EXPENDITURE_CAPITA(1.1),Quarterly GDP per capita,I,A,Annual,Y,Calendar and seasonally adjusted,BEL,Belgium,S1,Total economy,S1,Total economy,B1GQ_POP,"Gross domestic product, per capita",_Z,Not applicable,_Z,Not applicable,_Z,Not applicable,USD_PPP_PS,"US dollars per person, PPP converted",V,Current prices,LA,Annual levels,T0102,Table 0102 - GDP identity from the expenditure side,2005,,33177.9,,,,,,F,Free (free for publication),1,One,A,Normal value,0,Units,USD,US dollar
DATAFLOW,OECD.SDD.NAD:DSD_NAMAIN1@DF_QNA_EXPENDITURE_CAPITA(1.1),Quarterly GDP per capita,I,A,Annual,Y,Calendar and seasonally adjusted,BEL,Belgium,S1,Total economy,S1,Total economy,B1GQ_POP,"Gross domestic product, per capita",_Z,Not applicable,_Z,Not applicable,_Z,Not applicable,USD_PPP_PS,"US dollars per person, PPP converted",V,Current prices,LA,Annual levels,T0102,Table 0102 - GDP identity from the expenditure side,2004,,32059.7,,,,,,F,Free (free for publication),1,One,A,Normal value,0,Units,USD,US dollar
DATAFLOW,OECD.SDD.NAD:DSD_NAMAIN1@DF_QNA_EXPENDITURE_CAPITA(1.1),Quarterly GDP per capita,I,A,Annual,Y,Calendar and seasonally adjusted,BEL,Belgium,S1,Total economy,S1,Total economy,B1GQ_POP,"Gross domestic product, per capita",_Z,Not applicable,_Z,Not applicable,_Z,Not applicable,USD_PPP_PS,"US dollars per person, PPP converted",V,Current prices,LA,Annual levels,T0102,Table 0102 - GDP identity from the expenditure side,2003,,30930.7,,,,,,F,Free (free for publication),1,One,A,Normal value,0,Units,USD,US dollar
DATAFLOW,OECD.SDD.NAD:DSD_NAMAIN1@DF_QNA_EXPENDITURE_CAPITA(1.1),Quarterly GDP per capita,I,A,Annual,Y,Calendar and seasonally adjusted,BEL,Belgium,S1,Total economy,S1,Total economy,B1GQ_POP,"Gross domestic product, per capita",_Z,Not applicable,_Z,Not applicable,_Z,Not applicable,USD_PPP_PS,"US dollars per person, PPP converted",V,Current prices,LA,Annual levels,T0102,Table 0102 - GDP identity from the expenditure side,2002,,30282.3,,,,,,F,Free (free for publication),1,One,A,Normal value,0,Units,USD,US dollar
DATAFLOW,OECD.SDD.NAD:DSD_NAMAIN1@DF_QNA_EXPENDITURE_CAPITA(1.1),Quarterly GDP per capita,I,A,Annual,Y,Calendar and seasonally adjusted,BEL,Belgium,S1,Total economy,S1,Total economy,B1GQ_POP,"Gross domestic product, per capita",_Z,Not applicable,_Z,Not applicable,_Z,Not applicable,USD_PPP_PS,"US dollars per person, PPP converted",V,Current prices,LA,Annual levels,T0102,Table 0102 - GDP identity from the expenditure side,2001,,28793.4,,,,,,F,Free (free for publication),1,One,A,Normal value,0,Units,USD,US dollar
DATAFLOW,OECD.SDD.NAD:DSD_NAMAIN1@DF_QNA_EXPENDITURE_CAPITA(1.1),Quarterly GDP per capita,I,A,Annual,Y,Calendar and seasonally adjusted,BEL,Belgium,S1,Total economy,S1,Total economy,B1GQ_POP,"Gross domestic product, per capita",_Z,Not applicable,_Z,Not applicable,_Z,Not applicable,USD_PPP_PS,"US dollars per person, PPP converted",V,Current prices,LA,Annual levels,T0102,Table 0102 - GDP identity from the expenditure side,2000,,27794,,,,,,F,Free (free for publication),1,One,A,Normal value,0,Units,USD,US dollar
DATAFLOW,OECD.SDD.NAD:DSD_NAMAIN1@DF_QNA_EXPENDITURE_CAPITA(1.1),Quarterly GDP per capita,I,A,Annual,Y,Calendar and seasonally adjusted,BEL,Belgium,S1,Total economy,S1,Total economy,B1GQ_POP,"Gross domestic product, per capita",_Z,Not applicable,_Z,Not applicable,_Z,Not applicable,USD_PPP_PS,"US dollars per person, PPP converted",LR,Chain linked volume (rebased),LA,Annual levels,T0102,Table 0102 - GDP identity from the expenditure side,2013,,55072.3,,2020,,,,F,Free (free for publication),1,One,A,Normal value,0,Units,USD,US dollar
DATAFLOW,OECD.SDD.NAD:DSD_NAMAIN1@DF_QNA_EXPENDITURE_CAPITA(1.1),Quarterly GDP per capita,I,A,Annual,Y,Calendar and seasonally adjusted,BEL,Belgium,S1,Total economy,S1,Total economy,B1GQ_POP,"Gross domestic product, per capita",_Z,Not applicable,_Z,Not applicable,_Z,Not applicable,USD_PPP_PS,"US dollars per person, PPP converted",LR,Chain linked volume (rebased),LA,Annual levels,T0102,Table 0102 - GDP identity from the expenditure side,2012,,55164,,2020,,,,F,Free (free for publication),1,One,A,Normal value,0,Units,USD,US dollar
DATAFLOW,OECD.SDD.NAD:DSD_NAMAIN1@DF_QNA_EXPENDITURE_CAPITA(1.1),Quarterly GDP per capita,I,A,Annual,Y,Calendar and seasonally adjusted,BEL,Belgium,S1,Total economy,S1,Total economy,B1GQ_POP,"Gross domestic product, per capita",_Z,Not applicable,_Z,Not applicable,_Z,Not applicable,USD_PPP_PS,"US dollars per person, PPP converted",LR,Chain linked volume (rebased),LA,Annual levels,T0102,Table 0102 - GDP identity from the expenditure side,2001,,49759.3,,2020,,,,F,Free (free for publication),1,One,A,Normal value,0,Units,USD,US dollar
DATAFLOW,OECD.SDD.NAD:DSD_NAMAIN1@DF_QNA_EXPENDITURE_CAPITA(1.1),Quarterly GDP per capita,I,A,Annual,Y,Calendar and seasonally adjusted,BEL,Belgium,S1,Total economy,S1,Total economy,B1GQ_POP,"Gross domestic product, per capita",_Z,Not applicable,_Z,Not applicable,_Z,Not applicable,USD_PPP_PS,"US dollars per person, PPP converted",LR,Chain linked volume (rebased),LA,Annual levels,T0102,Table 0102 - GDP identity from the expenditure side,2000,,49387.7,,2020,,,,F,Free (free for publication),1,One,A,Normal value,0,Units,USD,US dollar
DATAFLOW,OECD.SDD.NAD:DSD_NAMAIN1@DF_QNA_EXPENDITURE_CAPITA(1.1),Quarterly GDP per capita,I,A,Annual,Y,Calendar and seasonally adjusted,BEL,Belgium,S1,Total economy,S1,Total economy,B1GQ_POP,"Gross domestic product, per capita",_Z,Not applicable,_Z,Not applicable,_Z,Not applicable,USD_PPP_PS,"US dollars per person, PPP converted",LR,Chain linked volume (rebased),LA,Annual levels,T0102,Table 0102 - GDP identity from the expenditure side,2011,,55387.6,,2020,,,,F,Free (free for publication),1,One,A,Normal value,0,Units,USD,US dollar
DATAFLOW,OECD.SDD.NAD:DSD_NAMAIN1@DF_QNA_EXPENDITURE_CAPITA(1.1),Quarterly GDP per capita,I,A,Annual,Y,Calendar and seasonally adjusted,BEL,Belgium,S1,Total economy,S1,Total economy,B1GQ_POP,"Gross domestic product, per capita",_Z,Not applicable,_Z,Not applicable,_Z,Not applicable,USD_PPP_PS,"US dollars per person, PPP converted",LR,Chain linked volume (rebased),LA,Annual levels,T0102,Table 0102 - GDP identity from the expenditure side,2010,,55049.9,,2020,,,,F,Free (free for publication),1,One,A,Normal value,0,Units,USD,US dollar
DATAFLOW,OECD.SDD.NAD:DSD_NAMAIN1@DF_QNA_EXPENDITURE_CAPITA(1.1),Quarterly GDP per capita,I,A,Annual,Y,Calendar and seasonally adjusted,BEL,Belgium,S1,Total economy,S1,Total economy,B1GQ_POP,"Gross domestic product, per capita",_Z,Not applicable,_Z,Not applicable,_Z,Not applicable,USD_PPP_PS,"US dollars per person, PPP converted",LR,Chain linked volume (rebased),LA,Annual levels,T0102,Table 0102 - GDP identity from the expenditure side,2008,,55585.8,,2020,,,,F,Free (free for publication),1,One,A,Normal value,0,Units,USD,US dollar
DATAFLOW,OECD.SDD.NAD:DSD_NAMAIN1@DF_QNA_EXPENDITURE_CAPITA(1.1),Quarterly GDP per capita,I,A,Annual,Y,Calendar and seasonally adjusted,BEL,Belgium,S1,Total economy,S1,Total economy,B1GQ_POP,"Gross domestic product, per capita",_Z,Not applicable,_Z,Not applicable,_Z,Not applicable,USD_PPP_PS,"US dollars per person, PPP converted",LR,Chain linked volume (rebased),LA,Annual levels,T0102,Table 0102 - GDP identity from the expenditure side,2007,,55777.3,,2020,,,,F,Free (free for publication),1,One,A,Normal value,0,Units,USD,US dollar
DATAFLOW,OECD.SDD.NAD:DSD_NAMAIN1@DF_QNA_EXPENDITURE_CAPITA(1.1),Quarterly GDP per capita,I,A,Annual,Y,Calendar and seasonally adjusted,BEL,Belgium,S1,Total economy,S1,Total economy,B1GQ_POP,"Gross domestic product, per capita",_Z,Not applicable,_Z,Not applicable,_Z,Not applicable,USD_PPP_PS,"US dollars per person, PPP converted",LR,Chain linked volume (rebased),LA,Annual levels,T0102,Table 0102 - GDP identity from the expenditure side,2006,,54195.8,,2020,,,,F,Free (free for publication),1,One,A,Normal value,0,Units,USD,US dollar
DATAFLOW,OECD.SDD.NAD:DSD_NAMAIN1@DF_QNA_EXPENDITURE_CAPITA(1.1),Quarterly GDP per capita,I,A,Annual,Y,Calendar and seasonally adjusted,BEL,Belgium,S1,Total economy,S1,Total economy,B1GQ_POP,"Gross domestic product, per capita",_Z,Not applicable,_Z,Not applicable,_Z,Not applicable,USD_PPP_PS,"US dollars per person, PPP converted",LR,Chain linked volume (rebased),LA,Annual levels,T0102,Table 0102 - GDP identity from the expenditure side,2005,,53196.6,,2020,,,,F,Free (free for publication),1,One,A,Normal value,0,Units,USD,US dollar
DATAFLOW,OECD.SDD.NAD:DSD_NAMAIN1@DF_QNA_EXPENDITURE_CAPITA(1.1),Quarterly GDP per capita,I,A,Annual,Y,Calendar and seasonally adjusted,BEL,Belgium,S1,Total economy,S1,Total economy,B1GQ_POP,"Gross domestic product, per capita",_Z,Not applicable,_Z,Not applicable,_Z,Not applicable,USD_PPP_PS,"US dollars per person, PPP converted",LR,Chain linked volume (rebased),LA,Annual levels,T0102,Table 0102 - GDP identity from the expenditure side,2004,,52276.3,,2020,,,,F,Free (free for publication),1,One,A,Normal value,0,Units,USD,US dollar
DATAFLOW,OECD.SDD.NAD:DSD_NAMAIN1@DF_QNA_EXPENDITURE_CAPITA(1.1),Quarterly GDP per capita,I,A,Annual,Y,Calendar and seasonally adjusted,BEL,Belgium,S1,Total economy,S1,Total economy,B1GQ_POP,"Gross domestic product, per capita",_Z,Not applicable,_Z,Not applicable,_Z,Not applicable,USD_PPP_PS,"US dollars per person, PPP converted",LR,Chain linked volume (rebased),LA,Annual levels,T0102,Table 0102 - GDP identity from the expenditure side,2003,,50692.8,,2020,,,,F,Free (free for publication),1,One,A,Normal value,0,Units,USD,US dollar
DATAFLOW,OECD.SDD.NAD:DSD_NAMAIN1@DF_QNA_EXPENDITURE_CAPITA(1.1),Quarterly GDP per capita,I,A,Annual,Y,Calendar and seasonally adjusted,BEL,Belgium,S1,Total economy,S1,Total economy,B1GQ_POP,"Gross domestic product, per capita",_Z,Not applicable,_Z,Not applicable,_Z,Not applicable,USD_PPP_PS,"US dollars per person, PPP converted",LR,Chain linked volume (rebased),LA,Annual levels,T0102,Table 0102 - GDP identity from the expenditure side,2002,,50382.5,,2020,,,,F,Free (free for publication),1,One,A,Normal value,0,Units,USD,US dollar
DATAFLOW,OECD.SDD.NAD:DSD_NAMAIN1@DF_QNA_EXPENDITURE_CAPITA(1.1),Quarterly GDP per capita,I,A,Annual,Y,Calendar and seasonally adjusted,BEL,Belgium,S1,Total economy,S1,Total economy,B1GQ_POP,"Gross domestic product, per capita",_Z,Not applicable,_Z,Not applicable,_Z,Not applicable,USD_PPP_PS,"US dollars per person, PPP converted",V,Current prices,LA,Annual levels,T0102,Table 0102 - GDP identity from the expenditure side,2023,,72690.9,,,,,,F,Free (free for publication),1,One,A,Normal value,0,Units,USD,US dollar
DATAFLOW,OECD.SDD.NAD:DSD_NAMAIN1@DF_QNA_EXPENDITURE_CAPITA(1.1),Quarterly GDP per capita,I,A,Annual,Y,Calendar and seasonally adjusted,BEL,Belgium,S1,Total economy,S1,Total economy,B1GQ_POP,"Gross domestic product, per capita",_Z,Not applicable,_Z,Not applicable,_Z,Not applicable,USD_PPP_PS,"US dollars per person, PPP converted",V,Current prices,LA,Annual levels,T0102,Table 0102 - GDP identity from the expenditure side,2022,,68833.6,,,,,,F,Free (free for publication),1,One,A,Normal value,0,Units,USD,US dollar
DATAFLOW,OECD.SDD.NAD:DSD_NAMAIN1@DF_QNA_EXPENDITURE_CAPITA(1.1),Quarterly GDP per capita,I,A,Annual,Y,Calendar and seasonally adjusted,BEL,Belgium,S1,Total economy,S1,Total economy,B1GQ_POP,"Gross domestic product, per capita",_Z,Not applicable,_Z,Not applicable,_Z,Not applicable,USD_PPP_PS,"US dollars per person, PPP converted",V,Current prices,LA,Annual levels,T0102,Table 0102 - GDP identity from the expenditure side,2021,,60668.8,,,,,,F,Free (free for publication),1,One,A,Normal value,0,Units,USD,US dollar
DATAFLOW,OECD.SDD.NAD:DSD_NAMAIN1@DF_QNA_EXPENDITURE_CAPITA(1.1),Quarterly GDP per capita,I,A,Annual,Y,Calendar and seasonally adjusted,BEL,Belgium,S1,Total economy,S1,Total economy,B1GQ_POP,"Gross domestic product, per capita",_Z,Not applicable,_Z,Not applicable,_Z,Not applicable,USD_PPP_PS,"US dollars per person, PPP converted",V,Current prices,LA,Annual levels,T0102,Table 0102 - GDP identity from the expenditure side,2020,,56119.7,,,,,,F,Free (free for publication),1,One,A,Normal value,0,Units,USD,US dollar
DATAFLOW,OECD.SDD.NAD:DSD_NAMAIN1@DF_QNA_EXPENDITURE_CAPITA(1.1),Quarterly GDP per capita,I,A,Annual,Y,Calendar and seasonally adjusted,BEL,Belgium,S1,Total economy,S1,Total economy,B1GQ_POP,"Gross domestic product, per capita",_Z,Not applicable,_Z,Not applicable,_Z,Not applicable,USD_PPP_PS,"US dollars per person, PPP converted",V,Current prices,LA,Annual levels,T0102,Table 0102 - GDP identity from the expenditure side,2019,,56712.4,,,,,,F,Free (free for publication),1,One,A,Normal value,0,Units,USD,US dollar
DATAFLOW,OECD.SDD.NAD:DSD_NAMAIN1@DF_QNA_EXPENDITURE_CAPITA(1.1),Quarterly GDP per capita,I,A,Annual,Y,Calendar and seasonally adjusted,BEL,Belgium,S1,Total economy,S1,Total economy,B1GQ_POP,"Gross domestic product, per capita",_Z,Not applicable,_Z,Not applicable,_Z,Not applicable,USD_PPP_PS,"US dollars per person, PPP converted",V,Current prices,LA,Annual levels,T0102,Table 0102 - GDP identity from the expenditure side,2018,,52466.7,,,,,,F,Free (free for publication),1,One,A,Normal value,0,Units,USD,US dollar
DATAFLOW,OECD.SDD.NAD:DSD_NAMAIN1@DF_QNA_EXPENDITURE_CAPITA(1.1),Quarterly GDP per capita,I,A,Annual,Y,Calendar and seasonally adjusted,BEL,Belgium,S1,Total economy,S1,Total economy,B1GQ_POP,"Gross domestic product, per capita",_Z,Not applicable,_Z,Not applicable,_Z,Not applicable,USD_PPP_PS,"US dollars per person, PPP converted",V,Current prices,LA,Annual levels,T0102,Table 0102 - GDP identity from the expenditure side,2017,,50256,,,,,,F,Free (free for publication),1,One,A,Normal value,0,Units,USD,US dollar
DATAFLOW,OECD.SDD.NAD:DSD_NAMAIN1@DF_QNA_EXPENDITURE_CAPITA(1.1),Quarterly GDP per capita,I,A,Annual,Y,Calendar and seasonally adjusted,BEL,Belgium,S1,Total economy,S1,Total economy,B1GQ_POP,"Gross domestic product, per capita",_Z,Not applicable,_Z,Not applicable,_Z,Not applicable,USD_PPP_PS,"US dollars per person, PPP converted",LR,Chain linked volume (rebased),LA,Annual levels,T0102,Table 0102 - GDP identity from the expenditure side,2022,,61237.6,,2020,,,,F,Free (free for publication),1,One,A,Normal value,0,Units,USD,US dollar
DATAFLOW,OECD.SDD.NAD:DSD_NAMAIN1@DF_QNA_EXPENDITURE_CAPITA(1.1),Quarterly GDP per capita,I,A,Annual,Y,Calendar and seasonally adjusted,BEL,Belgium,S1,Total economy,S1,Total economy,B1GQ_POP,"Gross domestic product, per capita",_Z,Not applicable,_Z,Not applicable,_Z,Not applicable,USD_PPP_PS,"US dollars per person, PPP converted",LR,Chain linked volume (rebased),LA,Annual levels,T0102,Table 0102 - GDP identity from the expenditure side,2021,,59384.7,,2020,,,,F,Free (free for publication),1,One,A,Normal value,0,Units,USD,US dollar
DATAFLOW,OECD.SDD.NAD:DSD_NAMAIN1@DF_QNA_EXPENDITURE_CAPITA(1.1),Quarterly GDP per capita,I,A,Annual,Y,Calendar and seasonally adjusted,BEL,Belgium,S1,Total economy,S1,Total economy,B1GQ_POP,"Gross domestic product, per capita",_Z,Not applicable,_Z,Not applicable,_Z,Not applicable,USD_PPP_PS,"US dollars per person, PPP converted",LR,Chain linked volume (rebased),LA,Annual levels,T0102,Table 0102 - GDP identity from the expenditure side,2020,,56119.7,,2020,,,,F,Free (free for publication),1,One,A,Normal value,0,Units,USD,US dollar
DATAFLOW,OECD.SDD.NAD:DSD_NAMAIN1@DF_QNA_EXPENDITURE_CAPITA(1.1),Quarterly GDP per capita,I,A,Annual,Y,Calendar and seasonally adjusted,BEL,Belgium,S1,Total economy,S1,Total economy,B1GQ_POP,"Gross domestic product, per capita",_Z,Not applicable,_Z,Not applicable,_Z,Not applicable,USD_PPP_PS,"US dollars per person, PPP converted",LR,Chain linked volume (rebased),LA,Annual levels,T0102,Table 0102 - GDP identity from the expenditure side,2019,,59199.8,,2020,,,,F,Free (free for publication),1,One,A,Normal value,0,Units,USD,US dollar
DATAFLOW,OECD.SDD.NAD:DSD_NAMAIN1@DF_QNA_EXPENDITURE_CAPITA(1.1),Quarterly GDP per capita,I,A,Annual,Y,Calendar and seasonally adjusted,BEL,Belgium,S1,Total economy,S1,Total economy,B1GQ_POP,"Gross domestic product, per capita",_Z,Not applicable,_Z,Not applicable,_Z,Not applicable,USD_PPP_PS,"US dollars per person, PPP converted",LR,Chain linked volume (rebased),LA,Annual levels,T0102,Table 0102 - GDP identity from the expenditure side,2018,,58101.3,,2020,,,,F,Free (free for publication),1,One,A,Normal value,0,Units,USD,US dollar
DATAFLOW,OECD.SDD.NAD:DSD_NAMAIN1@DF_QNA_EXPENDITURE_CAPITA(1.1),Quarterly GDP per capita,I,A,Annual,Y,Calendar and seasonally adjusted,BEL,Belgium,S1,Total economy,S1,Total economy,B1GQ_POP,"Gross domestic product, per capita",_Z,Not applicable,_Z,Not applicable,_Z,Not applicable,USD_PPP_PS,"US dollars per person, PPP converted",LR,Chain linked volume (rebased),LA,Annual levels,T0102,Table 0102 - GDP identity from the expenditure side,2017,,57290.5,,2020,,,,F,Free (free for publication),1,One,A,Normal value,0,Units,USD,US dollar
DATAFLOW,OECD.SDD.NAD:DSD_NAMAIN1@DF_QNA_EXPENDITURE_CAPITA(1.1),Quarterly GDP per capita,I,A,Annual,Y,Calendar and seasonally adjusted,BEL,Belgium,S1,Total economy,S1,Total economy,B1GQ_POP,"Gross domestic product, per capita",_Z,Not applicable,_Z,Not applicable,_Z,Not applicable,USD_PPP_PS,"US dollars per person, PPP converted",LR,Chain linked volume (rebased),LA,Annual levels,T0102,Table 0102 - GDP identity from the expenditure side,2016,,56676,,2020,,,,F,Free (free for publication),1,One,A,Normal value,0,Units,USD,US dollar
DATAFLOW,OECD.SDD.NAD:DSD_NAMAIN1@DF_QNA_EXPENDITURE_CAPITA(1.1),Quarterly GDP per capita,I,A,Annual,Y,Calendar and seasonally adjusted,BEL,Belgium,S1,Total economy,S1,Total economy,B1GQ_POP,"Gross domestic product, per capita",_Z,Not applicable,_Z,Not applicable,_Z,Not applicable,USD_PPP_PS,"US dollars per person, PPP converted",LR,Chain linked volume (rebased),LA,Annual levels,T0102,Table 0102 - GDP identity from the expenditure side,2015,,56291.9,,2020,,,,F,Free (free for publication),1,One,A,Normal value,0,Units,USD,US dollar
DATAFLOW,OECD.SDD.NAD:DSD_NAMAIN1@DF_QNA_EXPENDITURE_CAPITA(1.1),Quarterly GDP per capita,I,A,Annual,Y,Calendar and seasonally adjusted,BEL,Belgium,S1,Total economy,S1,Total economy,B1GQ_POP,"Gross domestic product, per capita",_Z,Not applicable,_Z,Not applicable,_Z,Not applicable,USD_PPP_PS,"US dollars per person, PPP converted",LR,Chain linked volume (rebased),LA,Annual levels,T0102,Table 0102 - GDP identity from the expenditure side,2014,,55796.3,,2020,,,,F,Free (free for publication),1,One,A,Normal value,0,Units,USD,US dollar
DATAFLOW,OECD.SDD.NAD:DSD_NAMAIN1@DF_QNA_EXPENDITURE_CAPITA(1.1),Quarterly GDP per capita,I,A,Annual,Y,Calendar and seasonally adjusted,BEL,Belgium,S1,Total economy,S1,Total economy,B1GQ_POP,"Gross domestic product, per capita",_Z,Not applicable,_Z,Not applicable,_Z,Not applicable,USD_PPP_PS,"US dollars per person, PPP converted",LR,Chain linked volume (rebased),LA,Annual levels,T0102,Table 0102 - GDP identity from the expenditure side,2023,,61759.8,,2020,,,,F,Free (free for publication),1,One,A,Normal value,0,Units,USD,US dollar
DATAFLOW,OECD.SDD.NAD:DSD_NAMAIN1@DF_QNA_EXPENDITURE_CAPITA(1.1),Quarterly GDP per capita,I,A,Annual,Y,Calendar and seasonally adjusted,BEL,Belgium,S1,Total economy,S1,Total economy,B1GQ_POP,"Gross domestic product, per capita",_Z,Not applicable,_Z,Not applicable,_Z,Not applicable,USD_PPP_PS,"US dollars per person, PPP converted",V,Current prices,LA,Annual levels,T0102,Table 0102 - GDP identity from the expenditure side,2016,,48414.5,,,,,,F,Free (free for publication),1,One,A,Normal value,0,Units,USD,US dollar
DATAFLOW,OECD.SDD.NAD:DSD_NAMAIN1@DF_QNA_EXPENDITURE_CAPITA(1.1),Quarterly GDP per capita,I,A,Annual,Y,Calendar and seasonally adjusted,AUT,Austria,S1,Total economy,S1,Total economy,B1GQ_POP,"Gross domestic product, per capita",_Z,Not applicable,_Z,Not applicable,_Z,Not applicable,USD_PPP_PS,"US dollars per person, PPP converted",V,Current prices,LA,Annual levels,T0102,Table 0102 - GDP identity from the expenditure side,2017,,53884.9,,,,,,F,Free (free for publication),1,One,A,Normal value,0,Units,USD,US dollar
DATAFLOW,OECD.SDD.NAD:DSD_NAMAIN1@DF_QNA_EXPENDITURE_CAPITA(1.1),Quarterly GDP per capita,I,A,Annual,Y,Calendar and seasonally adjusted,AUT,Austria,S1,Total economy,S1,Total economy,B1GQ_POP,"Gross domestic product, per capita",_Z,Not applicable,_Z,Not applicable,_Z,Not applicable,USD_PPP_PS,"US dollars per person, PPP converted",V,Current prices,LA,Annual levels,T0102,Table 0102 - GDP identity from the expenditure side,2016,,52379,,,,,,F,Free (free for publication),1,One,A,Normal value,0,Units,USD,US dollar
DATAFLOW,OECD.SDD.NAD:DSD_NAMAIN1@DF_QNA_EXPENDITURE_CAPITA(1.1),Quarterly GDP per capita,I,A,Annual,Y,Calendar and seasonally adjusted,AUT,Austria,S1,Total economy,S1,Total economy,B1GQ_POP,"Gross domestic product, per capita",_Z,Not applicable,_Z,Not applicable,_Z,Not applicable,USD_PPP_PS,"US dollars per person, PPP converted",V,Current prices,LA,Annual levels,T0102,Table 0102 - GDP identity from the expenditure side,2015,,49625.1,,,,,,F,Free (free for publication),1,One,A,Normal value,0,Units,USD,US dollar
DATAFLOW,OECD.SDD.NAD:DSD_NAMAIN1@DF_QNA_EXPENDITURE_CAPITA(1.1),Quarterly GDP per capita,I,A,Annual,Y,Calendar and seasonally adjusted,AUT,Austria,S1,Total economy,S1,Total economy,B1GQ_POP,"Gross domestic product, per capita",_Z,Not applicable,_Z,Not applicable,_Z,Not applicable,USD_PPP_PS,"US dollars per person, PPP converted",V,Current prices,LA,Annual levels,T0102,Table 0102 - GDP identity from the expenditure side,2014,,48368.9,,,,,,F,Free (free for publication),1,One,A,Normal value,0,Units,USD,US dollar
DATAFLOW,OECD.SDD.NAD:DSD_NAMAIN1@DF_QNA_EXPENDITURE_CAPITA(1.1),Quarterly GDP per capita,I,A,Annual,Y,Calendar and seasonally adjusted,AUT,Austria,S1,Total economy,S1,Total economy,B1GQ_POP,"Gross domestic product, per capita",_Z,Not applicable,_Z,Not applicable,_Z,Not applicable,USD_PPP_PS,"US dollars per person, PPP converted",V,Current prices,LA,Annual levels,T0102,Table 0102 - GDP identity from the expenditure side,2010,,41747.2,,,,,,F,Free (free for publication),1,One,A,Normal value,0,Units,USD,US dollar
DATAFLOW,OECD.SDD.NAD:DSD_NAMAIN1@DF_QNA_EXPENDITURE_CAPITA(1.1),Quarterly GDP per capita,I,A,Annual,Y,Calendar and seasonally adjusted,AUT,Austria,S1,Total economy,S1,Total economy,B1GQ_POP,"Gross domestic product, per capita",_Z,Not applicable,_Z,Not applicable,_Z,Not applicable,USD_PPP_PS,"US dollars per person, PPP converted",V,Current prices,LA,Annual levels,T0102,Table 0102 - GDP identity from the expenditure side,2009,,40695.7,,,,,,F,Free (free for publication),1,One,A,Normal value,0,Units,USD,US dollar
DATAFLOW,OECD.SDD.NAD:DSD_NAMAIN1@DF_QNA_EXPENDITURE_CAPITA(1.1),Quarterly GDP per capita,I,A,Annual,Y,Calendar and seasonally adjusted,AUT,Austria,S1,Total economy,S1,Total economy,B1GQ_POP,"Gross domestic product, per capita",_Z,Not applicable,_Z,Not applicable,_Z,Not applicable,USD_PPP_PS,"US dollars per person, PPP converted",V,Current prices,LA,Annual levels,T0102,Table 0102 - GDP identity from the expenditure side,2008,,41046.5,,,,,,F,Free (free for publication),1,One,A,Normal value,0,Units,USD,US dollar
DATAFLOW,OECD.SDD.NAD:DSD_NAMAIN1@DF_QNA_EXPENDITURE_CAPITA(1.1),Quarterly GDP per capita,I,A,Annual,Y,Calendar and seasonally adjusted,AUT,Austria,S1,Total economy,S1,Total economy,B1GQ_POP,"Gross domestic product, per capita",_Z,Not applicable,_Z,Not applicable,_Z,Not applicable,USD_PPP_PS,"US dollars per person, PPP converted",V,Current prices,LA,Annual levels,T0102,Table 0102 - GDP identity from the expenditure side,2007,,39193.8,,,,,,F,Free (free for publication),1,One,A,Normal value,0,Units,USD,US dollar
DATAFLOW,OECD.SDD.NAD:DSD_NAMAIN1@DF_QNA_EXPENDITURE_CAPITA(1.1),Quarterly GDP per capita,I,A,Annual,Y,Calendar and seasonally adjusted,AUT,Austria,S1,Total economy,S1,Total economy,B1GQ_POP,"Gross domestic product, per capita",_Z,Not applicable,_Z,Not applicable,_Z,Not applicable,USD_PPP_PS,"US dollars per person, PPP converted",V,Current prices,LA,Annual levels,T0102,Table 0102 - GDP identity from the expenditure side,2006,,37391.1,,,,,,F,Free (free for publication),1,One,A,Normal value,0,Units,USD,US dollar
DATAFLOW,OECD.SDD.NAD:DSD_NAMAIN1@DF_QNA_EXPENDITURE_CAPITA(1.1),Quarterly GDP per capita,I,A,Annual,Y,Calendar and seasonally adjusted,AUT,Austria,S1,Total economy,S1,Total economy,B1GQ_POP,"Gross domestic product, per capita",_Z,Not applicable,_Z,Not applicable,_Z,Not applicable,USD_PPP_PS,"US dollars per person, PPP converted",V,Current prices,LA,Annual levels,T0102,Table 0102 - GDP identity from the expenditure side,2005,,34787.5,,,,,,F,Free (free for publication),1,One,A,Normal value,0,Units,USD,US dollar
DATAFLOW,OECD.SDD.NAD:DSD_NAMAIN1@DF_QNA_EXPENDITURE_CAPITA(1.1),Quarterly GDP per capita,I,A,Annual,Y,Calendar and seasonally adjusted,AUT,Austria,S1,Total economy,S1,Total economy,B1GQ_POP,"Gross domestic product, per capita",_Z,Not applicable,_Z,Not applicable,_Z,Not applicable,USD_PPP_PS,"US dollars per person, PPP converted",V,Current prices,LA,Annual levels,T0102,Table 0102 - GDP identity from the expenditure side,2004,,33528.8,,,,,,F,Free (free for publication),1,One,A,Normal value,0,Units,USD,US dollar
DATAFLOW,OECD.SDD.NAD:DSD_NAMAIN1@DF_QNA_EXPENDITURE_CAPITA(1.1),Quarterly GDP per capita,I,A,Annual,Y,Calendar and seasonally adjusted,AUT,Austria,S1,Total economy,S1,Total economy,B1GQ_POP,"Gross domestic product, per capita",_Z,Not applicable,_Z,Not applicable,_Z,Not applicable,USD_PPP_PS,"US dollars per person, PPP converted",V,Current prices,LA,Annual levels,T0102,Table 0102 - GDP identity from the expenditure side,2003,,31971.2,,,,,,F,Free (free for publication),1,One,A,Normal value,0,Units,USD,US dollar
DATAFLOW,OECD.SDD.NAD:DSD_NAMAIN1@DF_QNA_EXPENDITURE_CAPITA(1.1),Quarterly GDP per capita,I,A,Annual,Y,Calendar and seasonally adjusted,AUT,Austria,S1,Total economy,S1,Total economy,B1GQ_POP,"Gross domestic product, per capita",_Z,Not applicable,_Z,Not applicable,_Z,Not applicable,USD_PPP_PS,"US dollars per person, PPP converted",V,Current prices,LA,Annual levels,T0102,Table 0102 - GDP identity from the expenditure side,2002,,30951.6,,,,,,F,Free (free for publication),1,One,A,Normal value,0,Units,USD,US dollar
DATAFLOW,OECD.SDD.NAD:DSD_NAMAIN1@DF_QNA_EXPENDITURE_CAPITA(1.1),Quarterly GDP per capita,I,A,Annual,Y,Calendar and seasonally adjusted,AUT,Austria,S1,Total economy,S1,Total economy,B1GQ_POP,"Gross domestic product, per capita",_Z,Not applicable,_Z,Not applicable,_Z,Not applicable,USD_PPP_PS,"US dollars per person, PPP converted",V,Current prices,LA,Annual levels,T0102,Table 0102 - GDP identity from the expenditure side,2001,,29553.2,,,,,,F,Free (free for publication),1,One,A,Normal value,0,Units,USD,US dollar
DATAFLOW,OECD.SDD.NAD:DSD_NAMAIN1@DF_QNA_EXPENDITURE_CAPITA(1.1),Quarterly GDP per capita,I,A,Annual,Y,Calendar and seasonally adjusted,AUT,Austria,S1,Total economy,S1,Total economy,B1GQ_POP,"Gross domestic product, per capita",_Z,Not applicable,_Z,Not applicable,_Z,Not applicable,USD_PPP_PS,"US dollars per person, PPP converted",V,Current prices,LA,Annual levels,T0102,Table 0102 - GDP identity from the expenditure side,2000,,29221,,,,,,F,Free (free for publication),1,One,A,Normal value,0,Units,USD,US dollar
DATAFLOW,OECD.SDD.NAD:DSD_NAMAIN1@DF_QNA_EXPENDITURE_CAPITA(1.1),Quarterly GDP per capita,I,A,Annual,Y,Calendar and seasonally adjusted,AUT,Austria,S1,Total economy,S1,Total economy,B1GQ_POP,"Gross domestic product, per capita",_Z,Not applicable,_Z,Not applicable,_Z,Not applicable,USD_PPP_PS,"US dollars per person, PPP converted",LR,Chain linked volume (rebased),LA,Annual levels,T0102,Table 0102 - GDP identity from the expenditure side,2002,,52976.8,,2020,,,,F,Free (free for publication),1,One,A,Normal value,0,Units,USD,US dollar
DATAFLOW,OECD.SDD.NAD:DSD_NAMAIN1@DF_QNA_EXPENDITURE_CAPITA(1.1),Quarterly GDP per capita,I,A,Annual,Y,Calendar and seasonally adjusted,AUT,Austria,S1,Total economy,S1,Total economy,B1GQ_POP,"Gross domestic product, per capita",_Z,Not applicable,_Z,Not applicable,_Z,Not applicable,USD_PPP_PS,"US dollars per person, PPP converted",LR,Chain linked volume (rebased),LA,Annual levels,T0102,Table 0102 - GDP identity from the expenditure side,2000,,51977.1,,2020,,,,F,Free (free for publication),1,One,A,Normal value,0,Units,USD,US dollar
DATAFLOW,OECD.SDD.NAD:DSD_NAMAIN1@DF_QNA_EXPENDITURE_CAPITA(1.1),Quarterly GDP per capita,I,A,Annual,Y,Calendar and seasonally adjusted,AUS,Australia,S1,Total economy,S1,Total economy,B1GQ_POP,"Gross domestic product, per capita",_Z,Not applicable,_Z,Not applicable,_Z,Not applicable,USD_PPP_PS,"US dollars per person, PPP converted",V,Current prices,LA,Annual levels,T0102,Table 0102 - GDP identity from the expenditure side,2021,,61554.2,,,,,,F,Free (free for publication),1,One,A,Normal value,0,Units,USD,US dollar
DATAFLOW,OECD.SDD.NAD:DSD_NAMAIN1@DF_QNA_EXPENDITURE_CAPITA(1.1),Quarterly GDP per capita,I,A,Annual,Y,Calendar and seasonally adjusted,AUT,Austria,S1,Total economy,S1,Total economy,B1GQ_POP,"Gross domestic product, per capita",_Z,Not applicable,_Z,Not applicable,_Z,Not applicable,USD_PPP_PS,"US dollars per person, PPP converted",LR,Chain linked volume (rebased),LA,Annual levels,T0102,Table 0102 - GDP identity from the expenditure side,2005,,55252.5,,2020,,,,F,Free (free for publication),1,One,A,Normal value,0,Units,USD,US dollar
DATAFLOW,OECD.SDD.NAD:DSD_NAMAIN1@DF_QNA_EXPENDITURE_CAPITA(1.1),Quarterly GDP per capita,I,A,Annual,Y,Calendar and seasonally adjusted,AUT,Austria,S1,Total economy,S1,Total economy,B1GQ_POP,"Gross domestic product, per capita",_Z,Not applicable,_Z,Not applicable,_Z,Not applicable,USD_PPP_PS,"US dollars per person, PPP converted",LR,Chain linked volume (rebased),LA,Annual levels,T0102,Table 0102 - GDP identity from the expenditure side,2004,,54368.4,,2020,,,,F,Free (free for publication),1,One,A,Normal value,0,Units,USD,US dollar
DATAFLOW,OECD.SDD.NAD:DSD_NAMAIN1@DF_QNA_EXPENDITURE_CAPITA(1.1),Quarterly GDP per capita,I,A,Annual,Y,Calendar and seasonally adjusted,COL,Colombia,S1,Total economy,S1,Total economy,B1GQ_POP,"Gross domestic product, per capita",_Z,Not applicable,_Z,Not applicable,_Z,Not applicable,USD_PPP_PS,"US dollars per person, PPP converted",LR,Chain linked volume (rebased),LA,Annual levels,T0102,Table 0102 - GDP identity from the expenditure side,2018,,17366.8,,2020,,,,F,Free (free for publication),1,One,A,Normal value,0,Units,USD,US dollar
DATAFLOW,OECD.SDD.NAD:DSD_NAMAIN1@DF_QNA_EXPENDITURE_CAPITA(1.1),Quarterly GDP per capita,I,A,Annual,Y,Calendar and seasonally adjusted,COL,Colombia,S1,Total economy,S1,Total economy,B1GQ_POP,"Gross domestic product, per capita",_Z,Not applicable,_Z,Not applicable,_Z,Not applicable,USD_PPP_PS,"US dollars per person, PPP converted",LR,Chain linked volume (rebased),LA,Annual levels,T0102,Table 0102 - GDP identity from the expenditure side,2017,,17231.4,,2020,,,,F,Free (free for publication),1,One,A,Normal value,0,Units,USD,US dollar
DATAFLOW,OECD.SDD.NAD:DSD_NAMAIN1@DF_QNA_EXPENDITURE_CAPITA(1.1),Quarterly GDP per capita,I,A,Annual,Y,Calendar and seasonally adjusted,COL,Colombia,S1,Total economy,S1,Total economy,B1GQ_POP,"Gross domestic product, per capita",_Z,Not applicable,_Z,Not applicable,_Z,Not applicable,USD_PPP_PS,"US dollars per person, PPP converted",LR,Chain linked volume (rebased),LA,Annual levels,T0102,Table 0102 - GDP identity from the expenditure side,2016,,17214.4,,2020,,,,F,Free (free for publication),1,One,A,Normal value,0,Units,USD,US dollar
DATAFLOW,OECD.SDD.NAD:DSD_NAMAIN1@DF_QNA_EXPENDITURE_CAPITA(1.1),Quarterly GDP per capita,I,A,Annual,Y,Calendar and seasonally adjusted,COL,Colombia,S1,Total economy,S1,Total economy,B1GQ_POP,"Gross domestic product, per capita",_Z,Not applicable,_Z,Not applicable,_Z,Not applicable,USD_PPP_PS,"US dollars per person, PPP converted",LR,Chain linked volume (rebased),LA,Annual levels,T0102,Table 0102 - GDP identity from the expenditure side,2011,,15180.5,,2020,,,,F,Free (free for publication),1,One,A,Normal value,0,Units,USD,US dollar
DATAFLOW,OECD.SDD.NAD:DSD_NAMAIN1@DF_QNA_EXPENDITURE_CAPITA(1.1),Quarterly GDP per capita,I,A,Annual,Y,Calendar and seasonally adjusted,COL,Colombia,S1,Total economy,S1,Total economy,B1GQ_POP,"Gross domestic product, per capita",_Z,Not applicable,_Z,Not applicable,_Z,Not applicable,USD_PPP_PS,"US dollars per person, PPP converted",V,Current prices,LA,Annual levels,T0102,Table 0102 - GDP identity from the expenditure side,2018,,15814.7,,,,,,F,Free (free for publication),1,One,A,Normal value,0,Units,USD,US dollar
DATAFLOW,OECD.SDD.NAD:DSD_NAMAIN1@DF_QNA_EXPENDITURE_CAPITA(1.1),Quarterly GDP per capita,I,A,Annual,Y,Calendar and seasonally adjusted,CHL,Chile,S1,Total economy,S1,Total economy,B1GQ_POP,"Gross domestic product, per capita",_Z,Not applicable,_Z,Not applicable,_Z,Not applicable,USD_PPP_PS,"US dollars per person, PPP converted",V,Current prices,LA,Annual levels,T0102,Table 0102 - GDP identity from the expenditure side,2018,,25492.3,,,,,,F,Free (free for publication),1,One,A,Normal value,0,Units,USD,US dollar
DATAFLOW,OECD.SDD.NAD:DSD_NAMAIN1@DF_QNA_EXPENDITURE_CAPITA(1.1),Quarterly GDP per capita,I,A,Annual,Y,Calendar and seasonally adjusted,CHL,Chile,S1,Total economy,S1,Total economy,B1GQ_POP,"Gross domestic product, per capita",_Z,Not applicable,_Z,Not applicable,_Z,Not applicable,USD_PPP_PS,"US dollars per person, PPP converted",V,Current prices,LA,Annual levels,T0102,Table 0102 - GDP identity from the expenditure side,2014,,22649.4,,,,,,F,Free (free for publication),1,One,A,Normal value,0,Units,USD,US dollar
DATAFLOW,OECD.SDD.NAD:DSD_NAMAIN1@DF_QNA_EXPENDITURE_CAPITA(1.1),Quarterly GDP per capita,I,A,Annual,Y,Calendar and seasonally adjusted,CHL,Chile,S1,Total economy,S1,Total economy,B1GQ_POP,"Gross domestic product, per capita",_Z,Not applicable,_Z,Not applicable,_Z,Not applicable,USD_PPP_PS,"US dollars per person, PPP converted",V,Current prices,LA,Annual levels,T0102,Table 0102 - GDP identity from the expenditure side,2013,,22294.6,,,,,,F,Free (free for publication),1,One,A,Normal value,0,Units,USD,US dollar
DATAFLOW,OECD.SDD.NAD:DSD_NAMAIN1@DF_QNA_EXPENDITURE_CAPITA(1.1),Quarterly GDP per capita,I,A,Annual,Y,Calendar and seasonally adjusted,CHL,Chile,S1,Total economy,S1,Total economy,B1GQ_POP,"Gross domestic product, per capita",_Z,Not applicable,_Z,Not applicable,_Z,Not applicable,USD_PPP_PS,"US dollars per person, PPP converted",V,Current prices,LA,Annual levels,T0102,Table 0102 - GDP identity from the expenditure side,2012,,21462.1,,,,,,F,Free (free for publication),1,One,A,Normal value,0,Units,USD,US dollar
DATAFLOW,OECD.SDD.NAD:DSD_NAMAIN1@DF_QNA_EXPENDITURE_CAPITA(1.1),Quarterly GDP per capita,I,A,Annual,Y,Calendar and seasonally adjusted,CHL,Chile,S1,Total economy,S1,Total economy,B1GQ_POP,"Gross domestic product, per capita",_Z,Not applicable,_Z,Not applicable,_Z,Not applicable,USD_PPP_PS,"US dollars per person, PPP converted",V,Current prices,LA,Annual levels,T0102,Table 0102 - GDP identity from the expenditure side,2011,,20235.7,,,,,,F,Free (free for publication),1,One,A,Normal value,0,Units,USD,US dollar
DATAFLOW,OECD.SDD.NAD:DSD_NAMAIN1@DF_QNA_EXPENDITURE_CAPITA(1.1),Quarterly GDP per capita,I,A,Annual,Y,Calendar and seasonally adjusted,CHL,Chile,S1,Total economy,S1,Total economy,B1GQ_POP,"Gross domestic product, per capita",_Z,Not applicable,_Z,Not applicable,_Z,Not applicable,USD_PPP_PS,"US dollars per person, PPP converted",V,Current prices,LA,Annual levels,T0102,Table 0102 - GDP identity from the expenditure side,2010,,18040.4,,,,,,F,Free (free for publication),1,One,A,Normal value,0,Units,USD,US dollar
DATAFLOW,OECD.SDD.NAD:DSD_NAMAIN1@DF_QNA_EXPENDITURE_CAPITA(1.1),Quarterly GDP per capita,I,A,Annual,Y,Calendar and seasonally adjusted,CHL,Chile,S1,Total economy,S1,Total economy,B1GQ_POP,"Gross domestic product, per capita",_Z,Not applicable,_Z,Not applicable,_Z,Not applicable,USD_PPP_PS,"US dollars per person, PPP converted",V,Current prices,LA,Annual levels,T0102,Table 0102 - GDP identity from the expenditure side,2009,,16028.5,,,,,,F,Free (free for publication),1,One,A,Normal value,0,Units,USD,US dollar
DATAFLOW,OECD.SDD.NAD:DSD_NAMAIN1@DF_QNA_EXPENDITURE_CAPITA(1.1),Quarterly GDP per capita,I,A,Annual,Y,Calendar and seasonally adjusted,CHL,Chile,S1,Total economy,S1,Total economy,B1GQ_POP,"Gross domestic product, per capita",_Z,Not applicable,_Z,Not applicable,_Z,Not applicable,USD_PPP_PS,"US dollars per person, PPP converted",V,Current prices,LA,Annual levels,T0102,Table 0102 - GDP identity from the expenditure side,2008,,16449.6,,,,,,F,Free (free for publication),1,One,A,Normal value,0,Units,USD,US dollar
DATAFLOW,OECD.SDD.NAD:DSD_NAMAIN1@DF_QNA_EXPENDITURE_CAPITA(1.1),Quarterly GDP per capita,I,A,Annual,Y,Calendar and seasonally adjusted,CHL,Chile,S1,Total economy,S1,Total economy,B1GQ_POP,"Gross domestic product, per capita",_Z,Not applicable,_Z,Not applicable,_Z,Not applicable,USD_PPP_PS,"US dollars per person, PPP converted",V,Current prices,LA,Annual levels,T0102,Table 0102 - GDP identity from the expenditure side,2007,,16771.2,,,,,,F,Free (free for publication),1,One,A,Normal value,0,Units,USD,US dollar
DATAFLOW,OECD.SDD.NAD:DSD_NAMAIN1@DF_QNA_EXPENDITURE_CAPITA(1.1),Quarterly GDP per capita,I,A,Annual,Y,Calendar and seasonally adjusted,CHL,Chile,S1,Total economy,S1,Total economy,B1GQ_POP,"Gross domestic product, per capita",_Z,Not applicable,_Z,Not applicable,_Z,Not applicable,USD_PPP_PS,"US dollars per person, PPP converted",V,Current prices,LA,Annual levels,T0102,Table 0102 - GDP identity from the expenditure side,2006,,15589.2,,,,,,F,Free (free for publication),1,One,A,Normal value,0,Units,USD,US dollar
DATAFLOW,OECD.SDD.NAD:DSD_NAMAIN1@DF_QNA_EXPENDITURE_CAPITA(1.1),Quarterly GDP per capita,I,A,Annual,Y,Calendar and seasonally adjusted,CHL,Chile,S1,Total economy,S1,Total economy,B1GQ_POP,"Gross domestic product, per capita",_Z,Not applicable,_Z,Not applicable,_Z,Not applicable,USD_PPP_PS,"US dollars per person, PPP converted",V,Current prices,LA,Annual levels,T0102,Table 0102 - GDP identity from the expenditure side,2005,,12600.9,,,,,,F,Free (free for publication),1,One,A,Normal value,0,Units,USD,US dollar
DATAFLOW,OECD.SDD.NAD:DSD_NAMAIN1@DF_QNA_EXPENDITURE_CAPITA(1.1),Quarterly GDP per capita,I,A,Annual,Y,Calendar and seasonally adjusted,CHL,Chile,S1,Total economy,S1,Total economy,B1GQ_POP,"Gross domestic product, per capita",_Z,Not applicable,_Z,Not applicable,_Z,Not applicable,USD_PPP_PS,"US dollars per person, PPP converted",V,Current prices,LA,Annual levels,T0102,Table 0102 - GDP identity from the expenditure side,2004,,11682.6,,,,,,F,Free (free for publication),1,One,A,Normal value,0,Units,USD,US dollar
DATAFLOW,OECD.SDD.NAD:DSD_NAMAIN1@DF_QNA_EXPENDITURE_CAPITA(1.1),Quarterly GDP per capita,I,A,Annual,Y,Calendar and seasonally adjusted,CHL,Chile,S1,Total economy,S1,Total economy,B1GQ_POP,"Gross domestic product, per capita",_Z,Not applicable,_Z,Not applicable,_Z,Not applicable,USD_PPP_PS,"US dollars per person, PPP converted",V,Current prices,LA,Annual levels,T0102,Table 0102 - GDP identity from the expenditure side,2003,,10808.3,,,,,,F,Free (free for publication),1,One,A,Normal value,0,Units,USD,US dollar
DATAFLOW,OECD.SDD.NAD:DSD_NAMAIN1@DF_QNA_EXPENDITURE_CAPITA(1.1),Quarterly GDP per capita,I,A,Annual,Y,Calendar and seasonally adjusted,CHL,Chile,S1,Total economy,S1,Total economy,B1GQ_POP,"Gross domestic product, per capita",_Z,Not applicable,_Z,Not applicable,_Z,Not applicable,USD_PPP_PS,"US dollars per person, PPP converted",V,Current prices,LA,Annual levels,T0102,Table 0102 - GDP identity from the expenditure side,2002,,10256.8,,,,,,F,Free (free for publication),1,One,A,Normal value,0,Units,USD,US dollar
DATAFLOW,OECD.SDD.NAD:DSD_NAMAIN1@DF_QNA_EXPENDITURE_CAPITA(1.1),Quarterly GDP per capita,I,A,Annual,Y,Calendar and seasonally adjusted,CHL,Chile,S1,Total economy,S1,Total economy,B1GQ_POP,"Gross domestic product, per capita",_Z,Not applicable,_Z,Not applicable,_Z,Not applicable,USD_PPP_PS,"US dollars per person, PPP converted",V,Current prices,LA,Annual levels,T0102,Table 0102 - GDP identity from the expenditure side,2001,,9912.7,,,,,,F,Free (free for publication),1,One,A,Normal value,0,Units,USD,US dollar
DATAFLOW,OECD.SDD.NAD:DSD_NAMAIN1@DF_QNA_EXPENDITURE_CAPITA(1.1),Quarterly GDP per capita,I,A,Annual,Y,Calendar and seasonally adjusted,CHL,Chile,S1,Total economy,S1,Total economy,B1GQ_POP,"Gross domestic product, per capita",_Z,Not applicable,_Z,Not applicable,_Z,Not applicable,USD_PPP_PS,"US dollars per person, PPP converted",V,Current prices,LA,Annual levels,T0102,Table 0102 - GDP identity from the expenditure side,2000,,9523.9,,,,,,F,Free (free for publication),1,One,A,Normal value,0,Units,USD,US dollar
DATAFLOW,OECD.SDD.NAD:DSD_NAMAIN1@DF_QNA_EXPENDITURE_CAPITA(1.1),Quarterly GDP per capita,I,A,Annual,Y,Calendar and seasonally adjusted,CHL,Chile,S1,Total economy,S1,Total economy,B1GQ_POP,"Gross domestic product, per capita",_Z,Not applicable,_Z,Not applicable,_Z,Not applicable,USD_PPP_PS,"US dollars per person, PPP converted",LR,Chain linked volume (rebased),LA,Annual levels,T0102,Table 0102 - GDP identity from the expenditure side,2016,,27143.7,,2020,,,,F,Free (free for publication),1,One,A,Normal value,0,Units,USD,US dollar
DATAFLOW,OECD.SDD.NAD:DSD_NAMAIN1@DF_QNA_EXPENDITURE_CAPITA(1.1),Quarterly GDP per capita,I,A,Annual,Y,Calendar and seasonally adjusted,CHL,Chile,S1,Total economy,S1,Total economy,B1GQ_POP,"Gross domestic product, per capita",_Z,Not applicable,_Z,Not applicable,_Z,Not applicable,USD_PPP_PS,"US dollars per person, PPP converted",LR,Chain linked volume (rebased),LA,Annual levels,T0102,Table 0102 - GDP identity from the expenditure side,2015,,26974.8,,2020,,,,F,Free (free for publication),1,One,A,Normal value,0,Units,USD,US dollar
DATAFLOW,OECD.SDD.NAD:DSD_NAMAIN1@DF_QNA_EXPENDITURE_CAPITA(1.1),Quarterly GDP per capita,I,A,Annual,Y,Calendar and seasonally adjusted,CHL,Chile,S1,Total economy,S1,Total economy,B1GQ_POP,"Gross domestic product, per capita",_Z,Not applicable,_Z,Not applicable,_Z,Not applicable,USD_PPP_PS,"US dollars per person, PPP converted",LR,Chain linked volume (rebased),LA,Annual levels,T0102,Table 0102 - GDP identity from the expenditure side,2014,,26680,,2020,,,,F,Free (free for publication),1,One,A,Normal value,0,Units,USD,US dollar
DATAFLOW,OECD.SDD.NAD:DSD_NAMAIN1@DF_QNA_EXPENDITURE_CAPITA(1.1),Quarterly GDP per capita,I,A,Annual,Y,Calendar and seasonally adjusted,CHL,Chile,S1,Total economy,S1,Total economy,B1GQ_POP,"Gross domestic product, per capita",_Z,Not applicable,_Z,Not applicable,_Z,Not applicable,USD_PPP_PS,"US dollars per person, PPP converted",LR,Chain linked volume (rebased),LA,Annual levels,T0102,Table 0102 - GDP identity from the expenditure side,2013,,26471.8,,2020,,,,F,Free (free for publication),1,One,A,Normal value,0,Units,USD,US dollar
DATAFLOW,OECD.SDD.NAD:DSD_NAMAIN1@DF_QNA_EXPENDITURE_CAPITA(1.1),Quarterly GDP per capita,I,A,Annual,Y,Calendar and seasonally adjusted,CHL,Chile,S1,Total economy,S1,Total economy,B1GQ_POP,"Gross domestic product, per capita",_Z,Not applicable,_Z,Not applicable,_Z,Not applicable,USD_PPP_PS,"US dollars per person, PPP converted",LR,Chain linked volume (rebased),LA,Annual levels,T0102,Table 0102 - GDP identity from the expenditure side,2012,,25874,,2020,,,,F,Free (free for publication),1,One,A,Normal value,0,Units,USD,US dollar
DATAFLOW,OECD.SDD.NAD:DSD_NAMAIN1@DF_QNA_EXPENDITURE_CAPITA(1.1),Quarterly GDP per capita,I,A,Annual,Y,Calendar and seasonally adjusted,CHL,Chile,S1,Total economy,S1,Total economy,B1GQ_POP,"Gross domestic product, per capita",_Z,Not applicable,_Z,Not applicable,_Z,Not applicable,USD_PPP_PS,"US dollars per person, PPP converted",LR,Chain linked volume (rebased),LA,Annual levels,T0102,Table 0102 - GDP identity from the expenditure side,2011,,24637.5,,2020,,,,F,Free (free for publication),1,One,A,Normal value,0,Units,USD,US dollar
DATAFLOW,OECD.SDD.NAD:DSD_NAMAIN1@DF_QNA_EXPENDITURE_CAPITA(1.1),Quarterly GDP per capita,I,A,Annual,Y,Calendar and seasonally adjusted,CHL,Chile,S1,Total economy,S1,Total economy,B1GQ_POP,"Gross domestic product, per capita",_Z,Not applicable,_Z,Not applicable,_Z,Not applicable,USD_PPP_PS,"US dollars per person, PPP converted",LR,Chain linked volume (rebased),LA,Annual levels,T0102,Table 0102 - GDP identity from the expenditure side,2010,,23451.2,,2020,,,,F,Free (free for publication),1,One,A,Normal value,0,Units,USD,US dollar
DATAFLOW,OECD.SDD.NAD:DSD_NAMAIN1@DF_QNA_EXPENDITURE_CAPITA(1.1),Quarterly GDP per capita,I,A,Annual,Y,Calendar and seasonally adjusted,CHL,Chile,S1,Total economy,S1,Total economy,B1GQ_POP,"Gross domestic product, per capita",_Z,Not applicable,_Z,Not applicable,_Z,Not applicable,USD_PPP_PS,"US dollars per person, PPP converted",LR,Chain linked volume (rebased),LA,Annual levels,T0102,Table 0102 - GDP identity from the expenditure side,2009,,22334.1,,2020,,,,F,Free (free for publication),1,One,A,Normal value,0,Units,USD,US dollar
DATAFLOW,OECD.SDD.NAD:DSD_NAMAIN1@DF_QNA_EXPENDITURE_CAPITA(1.1),Quarterly GDP per capita,I,A,Annual,Y,Calendar and seasonally adjusted,CHL,Chile,S1,Total economy,S1,Total economy,B1GQ_POP,"Gross domestic product, per capita",_Z,Not applicable,_Z,Not applicable,_Z,Not applicable,USD_PPP_PS,"US dollars per person, PPP converted",LR,Chain linked volume (rebased),LA,Annual levels,T0102,Table 0102 - GDP identity from the expenditure side,2008,,22807.9,,2020,,,,F,Free (free for publication),1,One,A,Normal value,0,Units,USD,US dollar
DATAFLOW,OECD.SDD.NAD:DSD_NAMAIN1@DF_QNA_EXPENDITURE_CAPITA(1.1),Quarterly GDP per capita,I,A,Annual,Y,Calendar and seasonally adjusted,CHL,Chile,S1,Total economy,S1,Total economy,B1GQ_POP,"Gross domestic product, per capita",_Z,Not applicable,_Z,Not applicable,_Z,Not applicable,USD_PPP_PS,"US dollars per person, PPP converted",LR,Chain linked volume (rebased),LA,Annual levels,T0102,Table 0102 - GDP identity from the expenditure side,2005,,20284.4,,2020,,,,F,Free (free for publication),1,One,A,Normal value,0,Units,USD,US dollar
DATAFLOW,OECD.SDD.NAD:DSD_NAMAIN1@DF_QNA_EXPENDITURE_CAPITA(1.1),Quarterly GDP per capita,I,A,Annual,Y,Calendar and seasonally adjusted,CHL,Chile,S1,Total economy,S1,Total economy,B1GQ_POP,"Gross domestic product, per capita",_Z,Not applicable,_Z,Not applicable,_Z,Not applicable,USD_PPP_PS,"US dollars per person, PPP converted",LR,Chain linked volume (rebased),LA,Annual levels,T0102,Table 0102 - GDP identity from the expenditure side,2004,,19395.8,,2020,,,,F,Free (free for publication),1,One,A,Normal value,0,Units,USD,US dollar
DATAFLOW,OECD.SDD.NAD:DSD_NAMAIN1@DF_QNA_EXPENDITURE_CAPITA(1.1),Quarterly GDP per capita,I,A,Annual,Y,Calendar and seasonally adjusted,CHL,Chile,S1,Total economy,S1,Total economy,B1GQ_POP,"Gross domestic product, per capita",_Z,Not applicable,_Z,Not applicable,_Z,Not applicable,USD_PPP_PS,"US dollars per person, PPP converted",LR,Chain linked volume (rebased),LA,Annual levels,T0102,Table 0102 - GDP identity from the expenditure side,2003,,18426.8,,2020,,,,F,Free (free for publication),1,One,A,Normal value,0,Units,USD,US dollar
DATAFLOW,OECD.SDD.NAD:DSD_NAMAIN1@DF_QNA_EXPENDITURE_CAPITA(1.1),Quarterly GDP per capita,I,A,Annual,Y,Calendar and seasonally adjusted,CHL,Chile,S1,Total economy,S1,Total economy,B1GQ_POP,"Gross domestic product, per capita",_Z,Not applicable,_Z,Not applicable,_Z,Not applicable,USD_PPP_PS,"US dollars per person, PPP converted",LR,Chain linked volume (rebased),LA,Annual levels,T0102,Table 0102 - GDP identity from the expenditure side,2002,,17831.7,,2020,,,,F,Free (free for publication),1,One,A,Normal value,0,Units,USD,US dollar
DATAFLOW,OECD.SDD.NAD:DSD_NAMAIN1@DF_QNA_EXPENDITURE_CAPITA(1.1),Quarterly GDP per capita,I,A,Annual,Y,Calendar and seasonally adjusted,CHL,Chile,S1,Total economy,S1,Total economy,B1GQ_POP,"Gross domestic product, per capita",_Z,Not applicable,_Z,Not applicable,_Z,Not applicable,USD_PPP_PS,"US dollars per person, PPP converted",V,Current prices,LA,Annual levels,T0102,Table 0102 - GDP identity from the expenditure side,2017,,24466.1,,,,,,F,Free (free for publication),1,One,A,Normal value,0,Units,USD,US dollar
DATAFLOW,OECD.SDD.NAD:DSD_NAMAIN1@DF_QNA_EXPENDITURE_CAPITA(1.1),Quarterly GDP per capita,I,A,Annual,Y,Calendar and seasonally adjusted,CHL,Chile,S1,Total economy,S1,Total economy,B1GQ_POP,"Gross domestic product, per capita",_Z,Not applicable,_Z,Not applicable,_Z,Not applicable,USD_PPP_PS,"US dollars per person, PPP converted",V,Current prices,LA,Annual levels,T0102,Table 0102 - GDP identity from the expenditure side,2016,,23375.6,,,,,,F,Free (free for publication),1,One,A,Normal value,0,Units,USD,US dollar
DATAFLOW,OECD.SDD.NAD:DSD_NAMAIN1@DF_QNA_EXPENDITURE_CAPITA(1.1),Quarterly GDP per capita,I,A,Annual,Y,Calendar and seasonally adjusted,CHL,Chile,S1,Total economy,S1,Total economy,B1GQ_POP,"Gross domestic product, per capita",_Z,Not applicable,_Z,Not applicable,_Z,Not applicable,USD_PPP_PS,"US dollars per person, PPP converted",V,Current prices,LA,Annual levels,T0102,Table 0102 - GDP identity from the expenditure side,2015,,22561.8,,,,,,F,Free (free for publication),1,One,A,Normal value,0,Units,USD,US dollar
DATAFLOW,OECD.SDD.NAD:DSD_NAMAIN1@DF_QNA_EXPENDITURE_CAPITA(1.1),Quarterly GDP per capita,I,A,Annual,Y,Calendar and seasonally adjusted,CHL,Chile,S1,Total economy,S1,Total economy,B1GQ_POP,"Gross domestic product, per capita",_Z,Not applicable,_Z,Not applicable,_Z,Not applicable,USD_PPP_PS,"US dollars per person, PPP converted",V,Current prices,LA,Annual levels,T0102,Table 0102 - GDP identity from the expenditure side,2024,,35494.3,,,,,,F,Free (free for publication),1,One,A,Normal value,0,Units,USD,US dollar
DATAFLOW,OECD.SDD.NAD:DSD_NAMAIN1@DF_QNA_EXPENDITURE_CAPITA(1.1),Quarterly GDP per capita,I,A,Annual,Y,Calendar and seasonally adjusted,CHL,Chile,S1,Total economy,S1,Total economy,B1GQ_POP,"Gross domestic product, per capita",_Z,Not applicable,_Z,Not applicable,_Z,Not applicable,USD_PPP_PS,"US dollars per person, PPP converted",V,Current prices,LA,Annual levels,T0102,Table 0102 - GDP identity from the expenditure side,2023,,32673,,,,,,F,Free (free for publication),1,One,A,Normal value,0,Units,USD,US dollar
DATAFLOW,OECD.SDD.NAD:DSD_NAMAIN1@DF_QNA_EXPENDITURE_CAPITA(1.1),Quarterly GDP per capita,I,A,Annual,Y,Calendar and seasonally adjusted,CHL,Chile,S1,Total economy,S1,Total economy,B1GQ_POP,"Gross domestic product, per capita",_Z,Not applicable,_Z,Not applicable,_Z,Not applicable,USD_PPP_PS,"US dollars per person, PPP converted",V,Current prices,LA,Annual levels,T0102,Table 0102 - GDP identity from the expenditure side,2022,,30492.8,,,,,,F,Free (free for publication),1,One,A,Normal value,0,Units,USD,US dollar
DATAFLOW,OECD.SDD.NAD:DSD_NAMAIN1@DF_QNA_EXPENDITURE_CAPITA(1.1),Quarterly GDP per capita,I,A,Annual,Y,Calendar and seasonally adjusted,CHL,Chile,S1,Total economy,S1,Total economy,B1GQ_POP,"Gross domestic product, per capita",_Z,Not applicable,_Z,Not applicable,_Z,Not applicable,USD_PPP_PS,"US dollars per person, PPP converted",V,Current prices,LA,Annual levels,T0102,Table 0102 - GDP identity from the expenditure side,2021,,28790.9,,,,,,F,Free (free for publication),1,One,A,Normal value,0,Units,USD,US dollar
DATAFLOW,OECD.SDD.NAD:DSD_NAMAIN1@DF_QNA_EXPENDITURE_CAPITA(1.1),Quarterly GDP per capita,I,A,Annual,Y,Calendar and seasonally adjusted,CHL,Chile,S1,Total economy,S1,Total economy,B1GQ_POP,"Gross domestic product, per capita",_Z,Not applicable,_Z,Not applicable,_Z,Not applicable,USD_PPP_PS,"US dollars per person, PPP converted",LR,Chain linked volume (rebased),LA,Annual levels,T0102,Table 0102 - GDP identity from the expenditure side,2018,,27724.7,,2020,,,,F,Free (free for publication),1,One,A,Normal value,0,Units,USD,US dollar
DATAFLOW,OECD.SDD.NAD:DSD_NAMAIN1@DF_QNA_EXPENDITURE_CAPITA(1.1),Quarterly GDP per capita,I,A,Annual,Y,Calendar and seasonally adjusted,CHL,Chile,S1,Total economy,S1,Total economy,B1GQ_POP,"Gross domestic product, per capita",_Z,Not applicable,_Z,Not applicable,_Z,Not applicable,USD_PPP_PS,"US dollars per person, PPP converted",LR,Chain linked volume (rebased),LA,Annual levels,T0102,Table 0102 - GDP identity from the expenditure side,2007,,22193.9,,2020,,,,F,Free (free for publication),1,One,A,Normal value,0,Units,USD,US dollar
DATAFLOW,OECD.SDD.NAD:DSD_NAMAIN1@DF_QNA_EXPENDITURE_CAPITA(1.1),Quarterly GDP per capita,I,A,Annual,Y,Calendar and seasonally adjusted,CHL,Chile,S1,Total economy,S1,Total economy,B1GQ_POP,"Gross domestic product, per capita",_Z,Not applicable,_Z,Not applicable,_Z,Not applicable,USD_PPP_PS,"US dollars per person, PPP converted",LR,Chain linked volume (rebased),LA,Annual levels,T0102,Table 0102 - GDP identity from the expenditure side,2006,,21324.4,,2020,,,,F,Free (free for publication),1,One,A,Normal value,0,Units,USD,US dollar
DATAFLOW,OECD.SDD.NAD:DSD_NAMAIN1@DF_QNA_EXPENDITURE_CAPITA(1.1),Quarterly GDP per capita,I,A,Annual,Y,Calendar and seasonally adjusted,CHL,Chile,S1,Total economy,S1,Total economy,B1GQ_POP,"Gross domestic product, per capita",_Z,Not applicable,_Z,Not applicable,_Z,Not applicable,USD_PPP_PS,"US dollars per person, PPP converted",LR,Chain linked volume (rebased),LA,Annual levels,T0102,Table 0102 - GDP identity from the expenditure side,2024,,28761.4,,2020,,,,F,Free (free for publication),1,One,A,Normal value,0,Units,USD,US dollar
DATAFLOW,OECD.SDD.NAD:DSD_NAMAIN1@DF_QNA_EXPENDITURE_CAPITA(1.1),Quarterly GDP per capita,I,A,Annual,Y,Calendar and seasonally adjusted,CHL,Chile,S1,Total economy,S1,Total economy,B1GQ_POP,"Gross domestic product, per capita",_Z,Not applicable,_Z,Not applicable,_Z,Not applicable,USD_PPP_PS,"US dollars per person, PPP converted",LR,Chain linked volume (rebased),LA,Annual levels,T0102,Table 0102 - GDP identity from the expenditure side,2023,,28153.1,,2020,,,,F,Free (free for publication),1,One,A,Normal value,0,Units,USD,US dollar
DATAFLOW,OECD.SDD.NAD:DSD_NAMAIN1@DF_QNA_EXPENDITURE_CAPITA(1.1),Quarterly GDP per capita,I,A,Annual,Y,Calendar and seasonally adjusted,CHL,Chile,S1,Total economy,S1,Total economy,B1GQ_POP,"Gross domestic product, per capita",_Z,Not applicable,_Z,Not applicable,_Z,Not applicable,USD_PPP_PS,"US dollars per person, PPP converted",LR,Chain linked volume (rebased),LA,Annual levels,T0102,Table 0102 - GDP identity from the expenditure side,2022,,28152.3,,2020,,,,F,Free (free for publication),1,One,A,Normal value,0,Units,USD,US dollar
DATAFLOW,OECD.SDD.NAD:DSD_NAMAIN1@DF_QNA_EXPENDITURE_CAPITA(1.1),Quarterly GDP per capita,I,A,Annual,Y,Calendar and seasonally adjusted,CHL,Chile,S1,Total economy,S1,Total economy,B1GQ_POP,"Gross domestic product, per capita",_Z,Not applicable,_Z,Not applicable,_Z,Not applicable,USD_PPP_PS,"US dollars per person, PPP converted",LR,Chain linked volume (rebased),LA,Annual levels,T0102,Table 0102 - GDP identity from the expenditure side,2001,,17501.4,,2020,,,,F,Free (free for publication),1,One,A,Normal value,0,Units,USD,US dollar
DATAFLOW,OECD.SDD.NAD:DSD_NAMAIN1@DF_QNA_EXPENDITURE_CAPITA(1.1),Quarterly GDP per capita,I,A,Annual,Y,Calendar and seasonally adjusted,CHL,Chile,S1,Total economy,S1,Total economy,B1GQ_POP,"Gross domestic product, per capita",_Z,Not applicable,_Z,Not applicable,_Z,Not applicable,USD_PPP_PS,"US dollars per person, PPP converted",LR,Chain linked volume (rebased),LA,Annual levels,T0102,Table 0102 - GDP identity from the expenditure side,2000,,17193.5,,2020,,,,F,Free (free for publication),1,One,A,Normal value,0,Units,USD,US dollar
DATAFLOW,OECD.SDD.NAD:DSD_NAMAIN1@DF_QNA_EXPENDITURE_CAPITA(1.1),Quarterly GDP per capita,I,A,Annual,Y,Calendar and seasonally adjusted,CHL,Chile,S1,Total economy,S1,Total economy,B1GQ_POP,"Gross domestic product, per capita",_Z,Not applicable,_Z,Not applicable,_Z,Not applicable,USD_PPP_PS,"US dollars per person, PPP converted",LR,Chain linked volume (rebased),LA,Annual levels,T0102,Table 0102 - GDP identity from the expenditure side,2017,,27131.4,,2020,,,,F,Free (free for publication),1,One,A,Normal value,0,Units,USD,US dollar
DATAFLOW,OECD.SDD.NAD:DSD_NAMAIN1@DF_QNA_EXPENDITURE_CAPITA(1.1),Quarterly GDP per capita,I,A,Annual,Y,Calendar and seasonally adjusted,CHL,Chile,S1,Total economy,S1,Total economy,B1GQ_POP,"Gross domestic product, per capita",_Z,Not applicable,_Z,Not applicable,_Z,Not applicable,USD_PPP_PS,"US dollars per person, PPP converted",LR,Chain linked volume (rebased),LA,Annual levels,T0102,Table 0102 - GDP identity from the expenditure side,2021,,27802.6,,2020,,,,F,Free (free for publication),1,One,A,Normal value,0,Units,USD,US dollar
DATAFLOW,OECD.SDD.NAD:DSD_NAMAIN1@DF_QNA_EXPENDITURE_CAPITA(1.1),Quarterly GDP per capita,I,A,Annual,Y,Calendar and seasonally adjusted,CHL,Chile,S1,Total economy,S1,Total economy,B1GQ_POP,"Gross domestic product, per capita",_Z,Not applicable,_Z,Not applicable,_Z,Not applicable,USD_PPP_PS,"US dollars per person, PPP converted",LR,Chain linked volume (rebased),LA,Annual levels,T0102,Table 0102 - GDP identity from the expenditure side,2020,,25264,,2020,,,,F,Free (free for publication),1,One,A,Normal value,0,Units,USD,US dollar
DATAFLOW,OECD.SDD.NAD:DSD_NAMAIN1@DF_QNA_EXPENDITURE_CAPITA(1.1),Quarterly GDP per capita,I,A,Annual,Y,Calendar and seasonally adjusted,CHL,Chile,S1,Total economy,S1,Total economy,B1GQ_POP,"Gross domestic product, per capita",_Z,Not applicable,_Z,Not applicable,_Z,Not applicable,USD_PPP_PS,"US dollars per person, PPP converted",LR,Chain linked volume (rebased),LA,Annual levels,T0102,Table 0102 - GDP identity from the expenditure side,2019,,27388.9,,2020,,,,F,Free (free for publication),1,One,A,Normal value,0,Units,USD,US dollar
DATAFLOW,OECD.SDD.NAD:DSD_NAMAIN1@DF_QNA_EXPENDITURE_CAPITA(1.1),Quarterly GDP per capita,I,A,Annual,Y,Calendar and seasonally adjusted,CHL,Chile,S1,Total economy,S1,Total economy,B1GQ_POP,"Gross domestic product, per capita",_Z,Not applicable,_Z,Not applicable,_Z,Not applicable,USD_PPP_PS,"US dollars per person, PPP converted",V,Current prices,LA,Annual levels,T0102,Table 0102 - GDP identity from the expenditure side,2020,,25264,,,,,,F,Free (free for publication),1,One,A,Normal value,0,Units,USD,US dollar
DATAFLOW,OECD.SDD.NAD:DSD_NAMAIN1@DF_QNA_EXPENDITURE_CAPITA(1.1),Quarterly GDP per capita,I,A,Annual,Y,Calendar and seasonally adjusted,CAN,Canada,S1,Total economy,S1,Total economy,B1GQ_POP,"Gross domestic product, per capita",_Z,Not applicable,_Z,Not applicable,_Z,Not applicable,USD_PPP_PS,"US dollars per person, PPP converted",V,Current prices,LA,Annual levels,T0102,Table 0102 - GDP identity from the expenditure side,2018,,50068.1,,,,,,F,Free (free for publication),1,One,A,Normal value,0,Units,USD,US dollar
DATAFLOW,OECD.SDD.NAD:DSD_NAMAIN1@DF_QNA_EXPENDITURE_CAPITA(1.1),Quarterly GDP per capita,I,A,Annual,Y,Calendar and seasonally adjusted,CAN,Canada,S1,Total economy,S1,Total economy,B1GQ_POP,"Gross domestic product, per capita",_Z,Not applicable,_Z,Not applicable,_Z,Not applicable,USD_PPP_PS,"US dollars per person, PPP converted",V,Current prices,LA,Annual levels,T0102,Table 0102 - GDP identity from the expenditure side,2017,,48384.6,,,,,,F,Free (free for publication),1,One,A,Normal value,0,Units,USD,US dollar
DATAFLOW,OECD.SDD.NAD:DSD_NAMAIN1@DF_QNA_EXPENDITURE_CAPITA(1.1),Quarterly GDP per capita,I,A,Annual,Y,Calendar and seasonally adjusted,CAN,Canada,S1,Total economy,S1,Total economy,B1GQ_POP,"Gross domestic product, per capita",_Z,Not applicable,_Z,Not applicable,_Z,Not applicable,USD_PPP_PS,"US dollars per person, PPP converted",V,Current prices,LA,Annual levels,T0102,Table 0102 - GDP identity from the expenditure side,2016,,46545.8,,,,,,F,Free (free for publication),1,One,A,Normal value,0,Units,USD,US dollar
DATAFLOW,OECD.SDD.NAD:DSD_NAMAIN1@DF_QNA_EXPENDITURE_CAPITA(1.1),Quarterly GDP per capita,I,A,Annual,Y,Calendar and seasonally adjusted,CAN,Canada,S1,Total economy,S1,Total economy,B1GQ_POP,"Gross domestic product, per capita",_Z,Not applicable,_Z,Not applicable,_Z,Not applicable,USD_PPP_PS,"US dollars per person, PPP converted",V,Current prices,LA,Annual levels,T0102,Table 0102 - GDP identity from the expenditure side,2015,,44703.2,,,,,,F,Free (free for publication),1,One,A,Normal value,0,Units,USD,US dollar
DATAFLOW,OECD.SDD.NAD:DSD_NAMAIN1@DF_QNA_EXPENDITURE_CAPITA(1.1),Quarterly GDP per capita,I,A,Annual,Y,Calendar and seasonally adjusted,CAN,Canada,S1,Total economy,S1,Total economy,B1GQ_POP,"Gross domestic product, per capita",_Z,Not applicable,_Z,Not applicable,_Z,Not applicable,USD_PPP_PS,"US dollars per person, PPP converted",V,Current prices,LA,Annual levels,T0102,Table 0102 - GDP identity from the expenditure side,2014,,45816.1,,,,,,F,Free (free for publication),1,One,A,Normal value,0,Units,USD,US dollar
DATAFLOW,OECD.SDD.NAD:DSD_NAMAIN1@DF_QNA_EXPENDITURE_CAPITA(1.1),Quarterly GDP per capita,I,A,Annual,Y,Calendar and seasonally adjusted,CAN,Canada,S1,Total economy,S1,Total economy,B1GQ_POP,"Gross domestic product, per capita",_Z,Not applicable,_Z,Not applicable,_Z,Not applicable,USD_PPP_PS,"US dollars per person, PPP converted",V,Current prices,LA,Annual levels,T0102,Table 0102 - GDP identity from the expenditure side,2010,,40158,,,,,,F,Free (free for publication),1,One,A,Normal value,0,Units,USD,US dollar
DATAFLOW,OECD.SDD.NAD:DSD_NAMAIN1@DF_QNA_EXPENDITURE_CAPITA(1.1),Quarterly GDP per capita,I,A,Annual,Y,Calendar and seasonally adjusted,CAN,Canada,S1,Total economy,S1,Total economy,B1GQ_POP,"Gross domestic product, per capita",_Z,Not applicable,_Z,Not applicable,_Z,Not applicable,USD_PPP_PS,"US dollars per person, PPP converted",V,Current prices,LA,Annual levels,T0102,Table 0102 - GDP identity from the expenditure side,2009,,38918.7,,,,,,F,Free (free for publication),1,One,A,Normal value,0,Units,USD,US dollar
DATAFLOW,OECD.SDD.NAD:DSD_NAMAIN1@DF_QNA_EXPENDITURE_CAPITA(1.1),Quarterly GDP per capita,I,A,Annual,Y,Calendar and seasonally adjusted,CAN,Canada,S1,Total economy,S1,Total economy,B1GQ_POP,"Gross domestic product, per capita",_Z,Not applicable,_Z,Not applicable,_Z,Not applicable,USD_PPP_PS,"US dollars per person, PPP converted",V,Current prices,LA,Annual levels,T0102,Table 0102 - GDP identity from the expenditure side,2008,,40434.3,,,,,,F,Free (free for publication),1,One,A,Normal value,0,Units,USD,US dollar
DATAFLOW,OECD.SDD.NAD:DSD_NAMAIN1@DF_QNA_EXPENDITURE_CAPITA(1.1),Quarterly GDP per capita,I,A,Annual,Y,Calendar and seasonally adjusted,CAN,Canada,S1,Total economy,S1,Total economy,B1GQ_POP,"Gross domestic product, per capita",_Z,Not applicable,_Z,Not applicable,_Z,Not applicable,USD_PPP_PS,"US dollars per person, PPP converted",V,Current prices,LA,Annual levels,T0102,Table 0102 - GDP identity from the expenditure side,2007,,39621.4,,,,,,F,Free (free for publication),1,One,A,Normal value,0,Units,USD,US dollar
DATAFLOW,OECD.SDD.NAD:DSD_NAMAIN1@DF_QNA_EXPENDITURE_CAPITA(1.1),Quarterly GDP per capita,I,A,Annual,Y,Calendar and seasonally adjusted,CAN,Canada,S1,Total economy,S1,Total economy,B1GQ_POP,"Gross domestic product, per capita",_Z,Not applicable,_Z,Not applicable,_Z,Not applicable,USD_PPP_PS,"US dollars per person, PPP converted",V,Current prices,LA,Annual levels,T0102,Table 0102 - GDP identity from the expenditure side,2006,,38172.5,,,,,,F,Free (free for publication),1,One,A,Normal value,0,Units,USD,US dollar
DATAFLOW,OECD.SDD.NAD:DSD_NAMAIN1@DF_QNA_EXPENDITURE_CAPITA(1.1),Quarterly GDP per capita,I,A,Annual,Y,Calendar and seasonally adjusted,CAN,Canada,S1,Total economy,S1,Total economy,B1GQ_POP,"Gross domestic product, per capita",_Z,Not applicable,_Z,Not applicable,_Z,Not applicable,USD_PPP_PS,"US dollars per person, PPP converted",V,Current prices,LA,Annual levels,T0102,Table 0102 - GDP identity from the expenditure side,2005,,36373.7,,,,,,F,Free (free for publication),1,One,A,Normal value,0,Units,USD,US dollar
DATAFLOW,OECD.SDD.NAD:DSD_NAMAIN1@DF_QNA_EXPENDITURE_CAPITA(1.1),Quarterly GDP per capita,I,A,Annual,Y,Calendar and seasonally adjusted,CAN,Canada,S1,Total economy,S1,Total economy,B1GQ_POP,"Gross domestic product, per capita",_Z,Not applicable,_Z,Not applicable,_Z,Not applicable,USD_PPP_PS,"US dollars per person, PPP converted",V,Current prices,LA,Annual levels,T0102,Table 0102 - GDP identity from the expenditure side,2004,,33971.4,,,,,,F,Free (free for publication),1,One,A,Normal value,0,Units,USD,US dollar
DATAFLOW,OECD.SDD.NAD:DSD_NAMAIN1@DF_QNA_EXPENDITURE_CAPITA(1.1),Quarterly GDP per capita,I,A,Annual,Y,Calendar and seasonally adjusted,CAN,Canada,S1,Total economy,S1,Total economy,B1GQ_POP,"Gross domestic product, per capita",_Z,Not applicable,_Z,Not applicable,_Z,Not applicable,USD_PPP_PS,"US dollars per person, PPP converted",V,Current prices,LA,Annual levels,T0102,Table 0102 - GDP identity from the expenditure side,2003,,32391.6,,,,,,F,Free (free for publication),1,One,A,Normal value,0,Units,USD,US dollar
DATAFLOW,OECD.SDD.NAD:DSD_NAMAIN1@DF_QNA_EXPENDITURE_CAPITA(1.1),Quarterly GDP per capita,I,A,Annual,Y,Calendar and seasonally adjusted,CAN,Canada,S1,Total economy,S1,Total economy,B1GQ_POP,"Gross domestic product, per capita",_Z,Not applicable,_Z,Not applicable,_Z,Not applicable,USD_PPP_PS,"US dollars per person, PPP converted",V,Current prices,LA,Annual levels,T0102,Table 0102 - GDP identity from the expenditure side,2002,,31014.9,,,,,,F,Free (free for publication),1,One,A,Normal value,0,Units,USD,US dollar
DATAFLOW,OECD.SDD.NAD:DSD_NAMAIN1@DF_QNA_EXPENDITURE_CAPITA(1.1),Quarterly GDP per capita,I,A,Annual,Y,Calendar and seasonally adjusted,CAN,Canada,S1,Total economy,S1,Total economy,B1GQ_POP,"Gross domestic product, per capita",_Z,Not applicable,_Z,Not applicable,_Z,Not applicable,USD_PPP_PS,"US dollars per person, PPP converted",V,Current prices,LA,Annual levels,T0102,Table 0102 - GDP identity from the expenditure side,2001,,30289.6,,,,,,F,Free (free for publication),1,One,A,Normal value,0,Units,USD,US dollar
DATAFLOW,OECD.SDD.NAD:DSD_NAMAIN1@DF_QNA_EXPENDITURE_CAPITA(1.1),Quarterly GDP per capita,I,A,Annual,Y,Calendar and seasonally adjusted,CAN,Canada,S1,Total economy,S1,Total economy,B1GQ_POP,"Gross domestic product, per capita",_Z,Not applicable,_Z,Not applicable,_Z,Not applicable,USD_PPP_PS,"US dollars per person, PPP converted",V,Current prices,LA,Annual levels,T0102,Table 0102 - GDP identity from the expenditure side,2000,,29384.7,,,,,,F,Free (free for publication),1,One,A,Normal value,0,Units,USD,US dollar
DATAFLOW,OECD.SDD.NAD:DSD_NAMAIN1@DF_QNA_EXPENDITURE_CAPITA(1.1),Quarterly GDP per capita,I,A,Annual,Y,Calendar and seasonally adjusted,CAN,Canada,S1,Total economy,S1,Total economy,B1GQ_POP,"Gross domestic product, per capita",_Z,Not applicable,_Z,Not applicable,_Z,Not applicable,USD_PPP_PS,"US dollars per person, PPP converted",LR,Chain linked volume (rebased),LA,Annual levels,T0102,Table 0102 - GDP identity from the expenditure side,2009,,46374.7,,2020,,,,F,Free (free for publication),1,One,A,Normal value,0,Units,USD,US dollar
DATAFLOW,OECD.SDD.NAD:DSD_NAMAIN1@DF_QNA_EXPENDITURE_CAPITA(1.1),Quarterly GDP per capita,I,A,Annual,Y,Calendar and seasonally adjusted,CAN,Canada,S1,Total economy,S1,Total economy,B1GQ_POP,"Gross domestic product, per capita",_Z,Not applicable,_Z,Not applicable,_Z,Not applicable,USD_PPP_PS,"US dollars per person, PPP converted",LR,Chain linked volume (rebased),LA,Annual levels,T0102,Table 0102 - GDP identity from the expenditure side,2008,,48317.8,,2020,,,,F,Free (free for publication),1,One,A,Normal value,0,Units,USD,US dollar
DATAFLOW,OECD.SDD.NAD:DSD_NAMAIN1@DF_QNA_EXPENDITURE_CAPITA(1.1),Quarterly GDP per capita,I,A,Annual,Y,Calendar and seasonally adjusted,CAN,Canada,S1,Total economy,S1,Total economy,B1GQ_POP,"Gross domestic product, per capita",_Z,Not applicable,_Z,Not applicable,_Z,Not applicable,USD_PPP_PS,"US dollars per person, PPP converted",LR,Chain linked volume (rebased),LA,Annual levels,T0102,Table 0102 - GDP identity from the expenditure side,2007,,48352.5,,2020,,,,F,Free (free for publication),1,One,A,Normal value,0,Units,USD,US dollar
DATAFLOW,OECD.SDD.NAD:DSD_NAMAIN1@DF_QNA_EXPENDITURE_CAPITA(1.1),Quarterly GDP per capita,I,A,Annual,Y,Calendar and seasonally adjusted,CAN,Canada,S1,Total economy,S1,Total economy,B1GQ_POP,"Gross domestic product, per capita",_Z,Not applicable,_Z,Not applicable,_Z,Not applicable,USD_PPP_PS,"US dollars per person, PPP converted",LR,Chain linked volume (rebased),LA,Annual levels,T0102,Table 0102 - GDP identity from the expenditure side,2006,,47846.4,,2020,,,,F,Free (free for publication),1,One,A,Normal value,0,Units,USD,US dollar
DATAFLOW,OECD.SDD.NAD:DSD_NAMAIN1@DF_QNA_EXPENDITURE_CAPITA(1.1),Quarterly GDP per capita,I,A,Annual,Y,Calendar and seasonally adjusted,CAN,Canada,S1,Total economy,S1,Total economy,B1GQ_POP,"Gross domestic product, per capita",_Z,Not applicable,_Z,Not applicable,_Z,Not applicable,USD_PPP_PS,"US dollars per person, PPP converted",LR,Chain linked volume (rebased),LA,Annual levels,T0102,Table 0102 - GDP identity from the expenditure side,2005,,47089.2,,2020,,,,F,Free (free for publication),1,One,A,Normal value,0,Units,USD,US dollar
DATAFLOW,OECD.SDD.NAD:DSD_NAMAIN1@DF_QNA_EXPENDITURE_CAPITA(1.1),Quarterly GDP per capita,I,A,Annual,Y,Calendar and seasonally adjusted,CAN,Canada,S1,Total economy,S1,Total economy,B1GQ_POP,"Gross domestic product, per capita",_Z,Not applicable,_Z,Not applicable,_Z,Not applicable,USD_PPP_PS,"US dollars per person, PPP converted",LR,Chain linked volume (rebased),LA,Annual levels,T0102,Table 0102 - GDP identity from the expenditure side,2004,,46058.6,,2020,,,,F,Free (free for publication),1,One,A,Normal value,0,Units,USD,US dollar
DATAFLOW,OECD.SDD.NAD:DSD_NAMAIN1@DF_QNA_EXPENDITURE_CAPITA(1.1),Quarterly GDP per capita,I,A,Annual,Y,Calendar and seasonally adjusted,AUS,Australia,S1,Total economy,S1,Total economy,B1GQ_POP,"Gross domestic product, per capita",_Z,Not applicable,_Z,Not applicable,_Z,Not applicable,USD_PPP_PS,"US dollars per person, PPP converted",LR,Chain linked volume (rebased),LA,Annual levels,T0102,Table 0102 - GDP identity from the expenditure side,2010,,50775.1,,2020,,,,F,Free (free for publication),1,One,A,Normal value,0,Units,USD,US dollar
DATAFLOW,OECD.SDD.NAD:DSD_NAMAIN1@DF_QNA_EXPENDITURE_CAPITA(1.1),Quarterly GDP per capita,I,A,Annual,Y,Calendar and seasonally adjusted,AUS,Australia,S1,Total economy,S1,Total economy,B1GQ_POP,"Gross domestic product, per capita",_Z,Not applicable,_Z,Not applicable,_Z,Not applicable,USD_PPP_PS,"US dollars per person, PPP converted",LR,Chain linked volume (rebased),LA,Annual levels,T0102,Table 0102 - GDP identity from the expenditure side,2021,,56779.6,,2020,,,,F,Free (free for publication),1,One,A,Normal value,0,Units,USD,US dollar
DATAFLOW,OECD.SDD.NAD:DSD_NAMAIN1@DF_QNA_EXPENDITURE_CAPITA(1.1),Quarterly GDP per capita,I,A,Annual,Y,Calendar and seasonally adjusted,AUS,Australia,S1,Total economy,S1,Total economy,B1GQ_POP,"Gross domestic product, per capita",_Z,Not applicable,_Z,Not applicable,_Z,Not applicable,USD_PPP_PS,"US dollars per person, PPP converted",LR,Chain linked volume (rebased),LA,Annual levels,T0102,Table 0102 - GDP identity from the expenditure side,2009,,50301.2,,2020,,,,F,Free (free for publication),1,One,A,Normal value,0,Units,USD,US dollar
DATAFLOW,OECD.SDD.NAD:DSD_NAMAIN1@DF_QNA_EXPENDITURE_CAPITA(1.1),Quarterly GDP per capita,I,A,Annual,Y,Calendar and seasonally adjusted,CAN,Canada,S1,Total economy,S1,Total economy,B1GQ_POP,"Gross domestic product, per capita",_Z,Not applicable,_Z,Not applicable,_Z,Not applicable,USD_PPP_PS,"US dollars per person, PPP converted",LR,Chain linked volume (rebased),LA,Annual levels,T0102,Table 0102 - GDP identity from the expenditure side,2022,,52728.3,,2020,,,,F,Free (free for publication),1,One,A,Normal value,0,Units,USD,US dollar
DATAFLOW,OECD.SDD.NAD:DSD_NAMAIN1@DF_QNA_EXPENDITURE_CAPITA(1.1),Quarterly GDP per capita,I,A,Annual,Y,Calendar and seasonally adjusted,CAN,Canada,S1,Total economy,S1,Total economy,B1GQ_POP,"Gross domestic product, per capita",_Z,Not applicable,_Z,Not applicable,_Z,Not applicable,USD_PPP_PS,"US dollars per person, PPP converted",LR,Chain linked volume (rebased),LA,Annual levels,T0102,Table 0102 - GDP identity from the expenditure side,2021,,51217.9,,2020,,,,F,Free (free for publication),1,One,A,Normal value,0,Units,USD,US dollar
DATAFLOW,OECD.SDD.NAD:DSD_NAMAIN1@DF_QNA_EXPENDITURE_CAPITA(1.1),Quarterly GDP per capita,I,A,Annual,Y,Calendar and seasonally adjusted,CAN,Canada,S1,Total economy,S1,Total economy,B1GQ_POP,"Gross domestic product, per capita",_Z,Not applicable,_Z,Not applicable,_Z,Not applicable,USD_PPP_PS,"US dollars per person, PPP converted",LR,Chain linked volume (rebased),LA,Annual levels,T0102,Table 0102 - GDP identity from the expenditure side,2020,,48630.2,,2020,,,,F,Free (free for publication),1,One,A,Normal value,0,Units,USD,US dollar
DATAFLOW,OECD.SDD.NAD:DSD_NAMAIN1@DF_QNA_EXPENDITURE_CAPITA(1.1),Quarterly GDP per capita,I,A,Annual,Y,Calendar and seasonally adjusted,CAN,Canada,S1,Total economy,S1,Total economy,B1GQ_POP,"Gross domestic product, per capita",_Z,Not applicable,_Z,Not applicable,_Z,Not applicable,USD_PPP_PS,"US dollars per person, PPP converted",V,Current prices,LA,Annual levels,T0102,Table 0102 - GDP identity from the expenditure side,2022,,64344.2,,,,,,F,Free (free for publication),1,One,A,Normal value,0,Units,USD,US dollar
DATAFLOW,OECD.SDD.NAD:DSD_NAMAIN1@DF_QNA_EXPENDITURE_CAPITA(1.1),Quarterly GDP per capita,I,A,Annual,Y,Calendar and seasonally adjusted,CAN,Canada,S1,Total economy,S1,Total economy,B1GQ_POP,"Gross domestic product, per capita",_Z,Not applicable,_Z,Not applicable,_Z,Not applicable,USD_PPP_PS,"US dollars per person, PPP converted",V,Current prices,LA,Annual levels,T0102,Table 0102 - GDP identity from the expenditure side,2021,,57017.6,,,,,,F,Free (free for publication),1,One,A,Normal value,0,Units,USD,US dollar
DATAFLOW,OECD.SDD.NAD:DSD_NAMAIN1@DF_QNA_EXPENDITURE_CAPITA(1.1),Quarterly GDP per capita,I,A,Annual,Y,Calendar and seasonally adjusted,CZE,Czechia,S1,Total economy,S1,Total economy,B1GQ_POP,"Gross domestic product, per capita",_Z,Not applicable,_Z,Not applicable,_Z,Not applicable,USD_PPP_PS,"US dollars per person, PPP converted",LR,Chain linked volume (rebased),LA,Annual levels,T0102,Table 0102 - GDP identity from the expenditure side,2009,,37768.6,,2020,,,,F,Free (free for publication),1,One,A,Normal value,0,Units,USD,US dollar
DATAFLOW,OECD.SDD.NAD:DSD_NAMAIN1@DF_QNA_EXPENDITURE_CAPITA(1.1),Quarterly GDP per capita,I,A,Annual,Y,Calendar and seasonally adjusted,CZE,Czechia,S1,Total economy,S1,Total economy,B1GQ_POP,"Gross domestic product, per capita",_Z,Not applicable,_Z,Not applicable,_Z,Not applicable,USD_PPP_PS,"US dollars per person, PPP converted",LR,Chain linked volume (rebased),LA,Annual levels,T0102,Table 0102 - GDP identity from the expenditure side,2008,,39909,,2020,,,,F,Free (free for publication),1,One,A,Normal value,0,Units,USD,US dollar
DATAFLOW,OECD.SDD.NAD:DSD_NAMAIN1@DF_QNA_EXPENDITURE_CAPITA(1.1),Quarterly GDP per capita,I,A,Annual,Y,Calendar and seasonally adjusted,CZE,Czechia,S1,Total economy,S1,Total economy,B1GQ_POP,"Gross domestic product, per capita",_Z,Not applicable,_Z,Not applicable,_Z,Not applicable,USD_PPP_PS,"US dollars per person, PPP converted",LR,Chain linked volume (rebased),LA,Annual levels,T0102,Table 0102 - GDP identity from the expenditure side,2007,,39287.6,,2020,,,,F,Free (free for publication),1,One,A,Normal value,0,Units,USD,US dollar
DATAFLOW,OECD.SDD.NAD:DSD_NAMAIN1@DF_QNA_EXPENDITURE_CAPITA(1.1),Quarterly GDP per capita,I,A,Annual,Y,Calendar and seasonally adjusted,CZE,Czechia,S1,Total economy,S1,Total economy,B1GQ_POP,"Gross domestic product, per capita",_Z,Not applicable,_Z,Not applicable,_Z,Not applicable,USD_PPP_PS,"US dollars per person, PPP converted",LR,Chain linked volume (rebased),LA,Annual levels,T0102,Table 0102 - GDP identity from the expenditure side,2006,,37445.6,,2020,,,,F,Free (free for publication),1,One,A,Normal value,0,Units,USD,US dollar
DATAFLOW,OECD.SDD.NAD:DSD_NAMAIN1@DF_QNA_EXPENDITURE_CAPITA(1.1),Quarterly GDP per capita,I,A,Annual,Y,Calendar and seasonally adjusted,CZE,Czechia,S1,Total economy,S1,Total economy,B1GQ_POP,"Gross domestic product, per capita",_Z,Not applicable,_Z,Not applicable,_Z,Not applicable,USD_PPP_PS,"US dollars per person, PPP converted",LR,Chain linked volume (rebased),LA,Annual levels,T0102,Table 0102 - GDP identity from the expenditure side,2005,,35233.7,,2020,,,,F,Free (free for publication),1,One,A,Normal value,0,Units,USD,US dollar
DATAFLOW,OECD.SDD.NAD:DSD_NAMAIN1@DF_QNA_EXPENDITURE_CAPITA(1.1),Quarterly GDP per capita,I,A,Annual,Y,Calendar and seasonally adjusted,CZE,Czechia,S1,Total economy,S1,Total economy,B1GQ_POP,"Gross domestic product, per capita",_Z,Not applicable,_Z,Not applicable,_Z,Not applicable,USD_PPP_PS,"US dollars per person, PPP converted",LR,Chain linked volume (rebased),LA,Annual levels,T0102,Table 0102 - GDP identity from the expenditure side,2004,,33202.4,,2020,,,,F,Free (free for publication),1,One,A,Normal value,0,Units,USD,US dollar
DATAFLOW,OECD.SDD.NAD:DSD_NAMAIN1@DF_QNA_EXPENDITURE_CAPITA(1.1),Quarterly GDP per capita,I,A,Annual,Y,Calendar and seasonally adjusted,CZE,Czechia,S1,Total economy,S1,Total economy,B1GQ_POP,"Gross domestic product, per capita",_Z,Not applicable,_Z,Not applicable,_Z,Not applicable,USD_PPP_PS,"US dollars per person, PPP converted",LR,Chain linked volume (rebased),LA,Annual levels,T0102,Table 0102 - GDP identity from the expenditure side,2003,,31721.1,,2020,,,,F,Free (free for publication),1,One,A,Normal value,0,Units,USD,US dollar
DATAFLOW,OECD.SDD.NAD:DSD_NAMAIN1@DF_QNA_EXPENDITURE_CAPITA(1.1),Quarterly GDP per capita,I,A,Annual,Y,Calendar and seasonally adjusted,CZE,Czechia,S1,Total economy,S1,Total economy,B1GQ_POP,"Gross domestic product, per capita",_Z,Not applicable,_Z,Not applicable,_Z,Not applicable,USD_PPP_PS,"US dollars per person, PPP converted",LR,Chain linked volume (rebased),LA,Annual levels,T0102,Table 0102 - GDP identity from the expenditure side,2002,,30712,,2020,,,,F,Free (free for publication),1,One,A,Normal value,0,Units,USD,US dollar
DATAFLOW,OECD.SDD.NAD:DSD_NAMAIN1@DF_QNA_EXPENDITURE_CAPITA(1.1),Quarterly GDP per capita,I,A,Annual,Y,Calendar and seasonally adjusted,CZE,Czechia,S1,Total economy,S1,Total economy,B1GQ_POP,"Gross domestic product, per capita",_Z,Not applicable,_Z,Not applicable,_Z,Not applicable,USD_PPP_PS,"US dollars per person, PPP converted",LR,Chain linked volume (rebased),LA,Annual levels,T0102,Table 0102 - GDP identity from the expenditure side,2001,,30192,,2020,,,,F,Free (free for publication),1,One,A,Normal value,0,Units,USD,US dollar
DATAFLOW,OECD.SDD.NAD:DSD_NAMAIN1@DF_QNA_EXPENDITURE_CAPITA(1.1),Quarterly GDP per capita,I,A,Annual,Y,Calendar and seasonally adjusted,CZE,Czechia,S1,Total economy,S1,Total economy,B1GQ_POP,"Gross domestic product, per capita",_Z,Not applicable,_Z,Not applicable,_Z,Not applicable,USD_PPP_PS,"US dollars per person, PPP converted",V,Current prices,LA,Annual levels,T0102,Table 0102 - GDP identity from the expenditure side,2024,,57676.8,,,,,,F,Free (free for publication),1,One,A,Normal value,0,Units,USD,US dollar
DATAFLOW,OECD.SDD.NAD:DSD_NAMAIN1@DF_QNA_EXPENDITURE_CAPITA(1.1),Quarterly GDP per capita,I,A,Annual,Y,Calendar and seasonally adjusted,CZE,Czechia,S1,Total economy,S1,Total economy,B1GQ_POP,"Gross domestic product, per capita",_Z,Not applicable,_Z,Not applicable,_Z,Not applicable,USD_PPP_PS,"US dollars per person, PPP converted",V,Current prices,LA,Annual levels,T0102,Table 0102 - GDP identity from the expenditure side,2023,,55989.2,,,,,,F,Free (free for publication),1,One,A,Normal value,0,Units,USD,US dollar
DATAFLOW,OECD.SDD.NAD:DSD_NAMAIN1@DF_QNA_EXPENDITURE_CAPITA(1.1),Quarterly GDP per capita,I,A,Annual,Y,Calendar and seasonally adjusted,CZE,Czechia,S1,Total economy,S1,Total economy,B1GQ_POP,"Gross domestic product, per capita",_Z,Not applicable,_Z,Not applicable,_Z,Not applicable,USD_PPP_PS,"US dollars per person, PPP converted",V,Current prices,LA,Annual levels,T0102,Table 0102 - GDP identity from the expenditure side,2022,,52517,,,,,,F,Free (free for publication),1,One,A,Normal value,0,Units,USD,US dollar
DATAFLOW,OECD.SDD.NAD:DSD_NAMAIN1@DF_QNA_EXPENDITURE_CAPITA(1.1),Quarterly GDP per capita,I,A,Annual,Y,Calendar and seasonally adjusted,CZE,Czechia,S1,Total economy,S1,Total economy,B1GQ_POP,"Gross domestic product, per capita",_Z,Not applicable,_Z,Not applicable,_Z,Not applicable,USD_PPP_PS,"US dollars per person, PPP converted",V,Current prices,LA,Annual levels,T0102,Table 0102 - GDP identity from the expenditure side,2021,,47818.9,,,,,,F,Free (free for publication),1,One,A,Normal value,0,Units,USD,US dollar
DATAFLOW,OECD.SDD.NAD:DSD_NAMAIN1@DF_QNA_EXPENDITURE_CAPITA(1.1),Quarterly GDP per capita,I,A,Annual,Y,Calendar and seasonally adjusted,CZE,Czechia,S1,Total economy,S1,Total economy,B1GQ_POP,"Gross domestic product, per capita",_Z,Not applicable,_Z,Not applicable,_Z,Not applicable,USD_PPP_PS,"US dollars per person, PPP converted",V,Current prices,LA,Annual levels,T0102,Table 0102 - GDP identity from the expenditure side,2020,,45675.7,,,,,,F,Free (free for publication),1,One,A,Normal value,0,Units,USD,US dollar
DATAFLOW,OECD.SDD.NAD:DSD_NAMAIN1@DF_QNA_EXPENDITURE_CAPITA(1.1),Quarterly GDP per capita,I,A,Annual,Y,Calendar and seasonally adjusted,CZE,Czechia,S1,Total economy,S1,Total economy,B1GQ_POP,"Gross domestic product, per capita",_Z,Not applicable,_Z,Not applicable,_Z,Not applicable,USD_PPP_PS,"US dollars per person, PPP converted",V,Current prices,LA,Annual levels,T0102,Table 0102 - GDP identity from the expenditure side,2019,,46138.7,,,,,,F,Free (free for publication),1,One,A,Normal value,0,Units,USD,US dollar
DATAFLOW,OECD.SDD.NAD:DSD_NAMAIN1@DF_QNA_EXPENDITURE_CAPITA(1.1),Quarterly GDP per capita,I,A,Annual,Y,Calendar and seasonally adjusted,CZE,Czechia,S1,Total economy,S1,Total economy,B1GQ_POP,"Gross domestic product, per capita",_Z,Not applicable,_Z,Not applicable,_Z,Not applicable,USD_PPP_PS,"US dollars per person, PPP converted",V,Current prices,LA,Annual levels,T0102,Table 0102 - GDP identity from the expenditure side,2018,,42015.4,,,,,,F,Free (free for publication),1,One,A,Normal value,0,Units,USD,US dollar
DATAFLOW,OECD.SDD.NAD:DSD_NAMAIN1@DF_QNA_EXPENDITURE_CAPITA(1.1),Quarterly GDP per capita,I,A,Annual,Y,Calendar and seasonally adjusted,CZE,Czechia,S1,Total economy,S1,Total economy,B1GQ_POP,"Gross domestic product, per capita",_Z,Not applicable,_Z,Not applicable,_Z,Not applicable,USD_PPP_PS,"US dollars per person, PPP converted",LR,Chain linked volume (rebased),LA,Annual levels,T0102,Table 0102 - GDP identity from the expenditure side,2019,,48012.8,,2020,,,,F,Free (free for publication),1,One,A,Normal value,0,Units,USD,US dollar
DATAFLOW,OECD.SDD.NAD:DSD_NAMAIN1@DF_QNA_EXPENDITURE_CAPITA(1.1),Quarterly GDP per capita,I,A,Annual,Y,Calendar and seasonally adjusted,CZE,Czechia,S1,Total economy,S1,Total economy,B1GQ_POP,"Gross domestic product, per capita",_Z,Not applicable,_Z,Not applicable,_Z,Not applicable,USD_PPP_PS,"US dollars per person, PPP converted",LR,Chain linked volume (rebased),LA,Annual levels,T0102,Table 0102 - GDP identity from the expenditure side,2018,,46430.1,,2020,,,,F,Free (free for publication),1,One,A,Normal value,0,Units,USD,US dollar
DATAFLOW,OECD.SDD.NAD:DSD_NAMAIN1@DF_QNA_EXPENDITURE_CAPITA(1.1),Quarterly GDP per capita,I,A,Annual,Y,Calendar and seasonally adjusted,CZE,Czechia,S1,Total economy,S1,Total economy,B1GQ_POP,"Gross domestic product, per capita",_Z,Not applicable,_Z,Not applicable,_Z,Not applicable,USD_PPP_PS,"US dollars per person, PPP converted",LR,Chain linked volume (rebased),LA,Annual levels,T0102,Table 0102 - GDP identity from the expenditure side,2017,,45211.2,,2020,,,,F,Free (free for publication),1,One,A,Normal value,0,Units,USD,US dollar
DATAFLOW,OECD.SDD.NAD:DSD_NAMAIN1@DF_QNA_EXPENDITURE_CAPITA(1.1),Quarterly GDP per capita,I,A,Annual,Y,Calendar and seasonally adjusted,CZE,Czechia,S1,Total economy,S1,Total economy,B1GQ_POP,"Gross domestic product, per capita",_Z,Not applicable,_Z,Not applicable,_Z,Not applicable,USD_PPP_PS,"US dollars per person, PPP converted",LR,Chain linked volume (rebased),LA,Annual levels,T0102,Table 0102 - GDP identity from the expenditure side,2016,,43015.8,,2020,,,,F,Free (free for publication),1,One,A,Normal value,0,Units,USD,US dollar
DATAFLOW,OECD.SDD.NAD:DSD_NAMAIN1@DF_QNA_EXPENDITURE_CAPITA(1.1),Quarterly GDP per capita,I,A,Annual,Y,Calendar and seasonally adjusted,CZE,Czechia,S1,Total economy,S1,Total economy,B1GQ_POP,"Gross domestic product, per capita",_Z,Not applicable,_Z,Not applicable,_Z,Not applicable,USD_PPP_PS,"US dollars per person, PPP converted",LR,Chain linked volume (rebased),LA,Annual levels,T0102,Table 0102 - GDP identity from the expenditure side,2015,,41957.5,,2020,,,,F,Free (free for publication),1,One,A,Normal value,0,Units,USD,US dollar
DATAFLOW,OECD.SDD.NAD:DSD_NAMAIN1@DF_QNA_EXPENDITURE_CAPITA(1.1),Quarterly GDP per capita,I,A,Annual,Y,Calendar and seasonally adjusted,CZE,Czechia,S1,Total economy,S1,Total economy,B1GQ_POP,"Gross domestic product, per capita",_Z,Not applicable,_Z,Not applicable,_Z,Not applicable,USD_PPP_PS,"US dollars per person, PPP converted",LR,Chain linked volume (rebased),LA,Annual levels,T0102,Table 0102 - GDP identity from the expenditure side,2014,,39991.4,,2020,,,,F,Free (free for publication),1,One,A,Normal value,0,Units,USD,US dollar
DATAFLOW,OECD.SDD.NAD:DSD_NAMAIN1@DF_QNA_EXPENDITURE_CAPITA(1.1),Quarterly GDP per capita,I,A,Annual,Y,Calendar and seasonally adjusted,CZE,Czechia,S1,Total economy,S1,Total economy,B1GQ_POP,"Gross domestic product, per capita",_Z,Not applicable,_Z,Not applicable,_Z,Not applicable,USD_PPP_PS,"US dollars per person, PPP converted",LR,Chain linked volume (rebased),LA,Annual levels,T0102,Table 0102 - GDP identity from the expenditure side,2013,,39117,,2020,,,,F,Free (free for publication),1,One,A,Normal value,0,Units,USD,US dollar
DATAFLOW,OECD.SDD.NAD:DSD_NAMAIN1@DF_QNA_EXPENDITURE_CAPITA(1.1),Quarterly GDP per capita,I,A,Annual,Y,Calendar and seasonally adjusted,CZE,Czechia,S1,Total economy,S1,Total economy,B1GQ_POP,"Gross domestic product, per capita",_Z,Not applicable,_Z,Not applicable,_Z,Not applicable,USD_PPP_PS,"US dollars per person, PPP converted",LR,Chain linked volume (rebased),LA,Annual levels,T0102,Table 0102 - GDP identity from the expenditure side,2012,,39117.5,,2020,,,,F,Free (free for publication),1,One,A,Normal value,0,Units,USD,US dollar
DATAFLOW,OECD.SDD.NAD:DSD_NAMAIN1@DF_QNA_EXPENDITURE_CAPITA(1.1),Quarterly GDP per capita,I,A,Annual,Y,Calendar and seasonally adjusted,CZE,Czechia,S1,Total economy,S1,Total economy,B1GQ_POP,"Gross domestic product, per capita",_Z,Not applicable,_Z,Not applicable,_Z,Not applicable,USD_PPP_PS,"US dollars per person, PPP converted",LR,Chain linked volume (rebased),LA,Annual levels,T0102,Table 0102 - GDP identity from the expenditure side,2000,,29197,,2020,,,,F,Free (free for publication),1,One,A,Normal value,0,Units,USD,US dollar
DATAFLOW,OECD.SDD.NAD:DSD_NAMAIN1@DF_QNA_EXPENDITURE_CAPITA(1.1),Quarterly GDP per capita,I,A,Annual,Y,Calendar and seasonally adjusted,CZE,Czechia,S1,Total economy,S1,Total economy,B1GQ_POP,"Gross domestic product, per capita",_Z,Not applicable,_Z,Not applicable,_Z,Not applicable,USD_PPP_PS,"US dollars per person, PPP converted",LR,Chain linked volume (rebased),LA,Annual levels,T0102,Table 0102 - GDP identity from the expenditure side,2022,,47699.3,,2020,,,,F,Free (free for publication),1,One,A,Normal value,0,Units,USD,US dollar
DATAFLOW,OECD.SDD.NAD:DSD_NAMAIN1@DF_QNA_EXPENDITURE_CAPITA(1.1),Quarterly GDP per capita,I,A,Annual,Y,Calendar and seasonally adjusted,CZE,Czechia,S1,Total economy,S1,Total economy,B1GQ_POP,"Gross domestic product, per capita",_Z,Not applicable,_Z,Not applicable,_Z,Not applicable,USD_PPP_PS,"US dollars per person, PPP converted",LR,Chain linked volume (rebased),LA,Annual levels,T0102,Table 0102 - GDP identity from the expenditure side,2021,,47521.7,,2020,,,,F,Free (free for publication),1,One,A,Normal value,0,Units,USD,US dollar
DATAFLOW,OECD.SDD.NAD:DSD_NAMAIN1@DF_QNA_EXPENDITURE_CAPITA(1.1),Quarterly GDP per capita,I,A,Annual,Y,Calendar and seasonally adjusted,CZE,Czechia,S1,Total economy,S1,Total economy,B1GQ_POP,"Gross domestic product, per capita",_Z,Not applicable,_Z,Not applicable,_Z,Not applicable,USD_PPP_PS,"US dollars per person, PPP converted",LR,Chain linked volume (rebased),LA,Annual levels,T0102,Table 0102 - GDP identity from the expenditure side,2020,,45675.7,,2020,,,,F,Free (free for publication),1,One,A,Normal value,0,Units,USD,US dollar
DATAFLOW,OECD.SDD.NAD:DSD_NAMAIN1@DF_QNA_EXPENDITURE_CAPITA(1.1),Quarterly GDP per capita,I,A,Annual,Y,Calendar and seasonally adjusted,CZE,Czechia,S1,Total economy,S1,Total economy,B1GQ_POP,"Gross domestic product, per capita",_Z,Not applicable,_Z,Not applicable,_Z,Not applicable,USD_PPP_PS,"US dollars per person, PPP converted",V,Current prices,LA,Annual levels,T0102,Table 0102 - GDP identity from the expenditure side,2017,,39621.6,,,,,,F,Free (free for publication),1,One,A,Normal value,0,Units,USD,US dollar
DATAFLOW,OECD.SDD.NAD:DSD_NAMAIN1@DF_QNA_EXPENDITURE_CAPITA(1.1),Quarterly GDP per capita,I,A,Annual,Y,Calendar and seasonally adjusted,CRI,Costa Rica,S1,Total economy,S1,Total economy,B1GQ_POP,"Gross domestic product, per capita",_Z,Not applicable,_Z,Not applicable,_Z,Not applicable,USD_PPP_PS,"US dollars per person, PPP converted",V,Current prices,LA,Annual levels,T0102,Table 0102 - GDP identity from the expenditure side,2016,,19119.3,,,,,,F,Free (free for publication),1,One,A,Normal value,0,Units,USD,US dollar
DATAFLOW,OECD.SDD.NAD:DSD_NAMAIN1@DF_QNA_EXPENDITURE_CAPITA(1.1),Quarterly GDP per capita,I,A,Annual,Y,Calendar and seasonally adjusted,CRI,Costa Rica,S1,Total economy,S1,Total economy,B1GQ_POP,"Gross domestic product, per capita",_Z,Not applicable,_Z,Not applicable,_Z,Not applicable,USD_PPP_PS,"US dollars per person, PPP converted",V,Current prices,LA,Annual levels,T0102,Table 0102 - GDP identity from the expenditure side,2015,,17649.3,,,,,,F,Free (free for publication),1,One,A,Normal value,0,Units,USD,US dollar
DATAFLOW,OECD.SDD.NAD:DSD_NAMAIN1@DF_QNA_EXPENDITURE_CAPITA(1.1),Quarterly GDP per capita,I,A,Annual,Y,Calendar and seasonally adjusted,CRI,Costa Rica,S1,Total economy,S1,Total economy,B1GQ_POP,"Gross domestic product, per capita",_Z,Not applicable,_Z,Not applicable,_Z,Not applicable,USD_PPP_PS,"US dollars per person, PPP converted",V,Current prices,LA,Annual levels,T0102,Table 0102 - GDP identity from the expenditure side,2024,,30494.5,,,,,,F,Free (free for publication),1,One,A,Normal value,0,Units,USD,US dollar
DATAFLOW,OECD.SDD.NAD:DSD_NAMAIN1@DF_QNA_EXPENDITURE_CAPITA(1.1),Quarterly GDP per capita,I,A,Annual,Y,Calendar and seasonally adjusted,CRI,Costa Rica,S1,Total economy,S1,Total economy,B1GQ_POP,"Gross domestic product, per capita",_Z,Not applicable,_Z,Not applicable,_Z,Not applicable,USD_PPP_PS,"US dollars per person, PPP converted",V,Current prices,LA,Annual levels,T0102,Table 0102 - GDP identity from the expenditure side,2023,,28388.5,,,,,,F,Free (free for publication),1,One,A,Normal value,0,Units,USD,US dollar
DATAFLOW,OECD.SDD.NAD:DSD_NAMAIN1@DF_QNA_EXPENDITURE_CAPITA(1.1),Quarterly GDP per capita,I,A,Annual,Y,Calendar and seasonally adjusted,CRI,Costa Rica,S1,Total economy,S1,Total economy,B1GQ_POP,"Gross domestic product, per capita",_Z,Not applicable,_Z,Not applicable,_Z,Not applicable,USD_PPP_PS,"US dollars per person, PPP converted",V,Current prices,LA,Annual levels,T0102,Table 0102 - GDP identity from the expenditure side,2022,,26203.4,,,,,,F,Free (free for publication),1,One,A,Normal value,0,Units,USD,US dollar
DATAFLOW,OECD.SDD.NAD:DSD_NAMAIN1@DF_QNA_EXPENDITURE_CAPITA(1.1),Quarterly GDP per capita,I,A,Annual,Y,Calendar and seasonally adjusted,CRI,Costa Rica,S1,Total economy,S1,Total economy,B1GQ_POP,"Gross domestic product, per capita",_Z,Not applicable,_Z,Not applicable,_Z,Not applicable,USD_PPP_PS,"US dollars per person, PPP converted",V,Current prices,LA,Annual levels,T0102,Table 0102 - GDP identity from the expenditure side,2021,,23612,,,,,,F,Free (free for publication),1,One,A,Normal value,0,Units,USD,US dollar
DATAFLOW,OECD.SDD.NAD:DSD_NAMAIN1@DF_QNA_EXPENDITURE_CAPITA(1.1),Quarterly GDP per capita,I,A,Annual,Y,Calendar and seasonally adjusted,CRI,Costa Rica,S1,Total economy,S1,Total economy,B1GQ_POP,"Gross domestic product, per capita",_Z,Not applicable,_Z,Not applicable,_Z,Not applicable,USD_PPP_PS,"US dollars per person, PPP converted",V,Current prices,LA,Annual levels,T0102,Table 0102 - GDP identity from the expenditure side,2020,,21922.2,,,,,,F,Free (free for publication),1,One,A,Normal value,0,Units,USD,US dollar
DATAFLOW,OECD.SDD.NAD:DSD_NAMAIN1@DF_QNA_EXPENDITURE_CAPITA(1.1),Quarterly GDP per capita,I,A,Annual,Y,Calendar and seasonally adjusted,CRI,Costa Rica,S1,Total economy,S1,Total economy,B1GQ_POP,"Gross domestic product, per capita",_Z,Not applicable,_Z,Not applicable,_Z,Not applicable,USD_PPP_PS,"US dollars per person, PPP converted",V,Current prices,LA,Annual levels,T0102,Table 0102 - GDP identity from the expenditure side,2019,,23202.9,,,,,,F,Free (free for publication),1,One,A,Normal value,0,Units,USD,US dollar
DATAFLOW,OECD.SDD.NAD:DSD_NAMAIN1@DF_QNA_EXPENDITURE_CAPITA(1.1),Quarterly GDP per capita,I,A,Annual,Y,Calendar and seasonally adjusted,CRI,Costa Rica,S1,Total economy,S1,Total economy,B1GQ_POP,"Gross domestic product, per capita",_Z,Not applicable,_Z,Not applicable,_Z,Not applicable,USD_PPP_PS,"US dollars per person, PPP converted",V,Current prices,LA,Annual levels,T0102,Table 0102 - GDP identity from the expenditure side,2018,,21363.1,,,,,,F,Free (free for publication),1,One,A,Normal value,0,Units,USD,US dollar
DATAFLOW,OECD.SDD.NAD:DSD_NAMAIN1@DF_QNA_EXPENDITURE_CAPITA(1.1),Quarterly GDP per capita,I,A,Annual,Y,Calendar and seasonally adjusted,CRI,Costa Rica,S1,Total economy,S1,Total economy,B1GQ_POP,"Gross domestic product, per capita",_Z,Not applicable,_Z,Not applicable,_Z,Not applicable,USD_PPP_PS,"US dollars per person, PPP converted",V,Current prices,LA,Annual levels,T0102,Table 0102 - GDP identity from the expenditure side,2017,,20368.2,,,,,,F,Free (free for publication),1,One,A,Normal value,0,Units,USD,US dollar
DATAFLOW,OECD.SDD.NAD:DSD_NAMAIN1@DF_QNA_EXPENDITURE_CAPITA(1.1),Quarterly GDP per capita,I,A,Annual,Y,Calendar and seasonally adjusted,CRI,Costa Rica,S1,Total economy,S1,Total economy,B1GQ_POP,"Gross domestic product, per capita",_Z,Not applicable,_Z,Not applicable,_Z,Not applicable,USD_PPP_PS,"US dollars per person, PPP converted",V,Current prices,LA,Annual levels,T0102,Table 0102 - GDP identity from the expenditure side,2014,,16616,,,,,,F,Free (free for publication),1,One,A,Normal value,0,Units,USD,US dollar
DATAFLOW,OECD.SDD.NAD:DSD_NAMAIN1@DF_QNA_EXPENDITURE_CAPITA(1.1),Quarterly GDP per capita,I,A,Annual,Y,Calendar and seasonally adjusted,CRI,Costa Rica,S1,Total economy,S1,Total economy,B1GQ_POP,"Gross domestic product, per capita",_Z,Not applicable,_Z,Not applicable,_Z,Not applicable,USD_PPP_PS,"US dollars per person, PPP converted",V,Current prices,LA,Annual levels,T0102,Table 0102 - GDP identity from the expenditure side,2013,,15542.4,,,,,,F,Free (free for publication),1,One,A,Normal value,0,Units,USD,US dollar
DATAFLOW,OECD.SDD.NAD:DSD_NAMAIN1@DF_QNA_EXPENDITURE_CAPITA(1.1),Quarterly GDP per capita,I,A,Annual,Y,Calendar and seasonally adjusted,CRI,Costa Rica,S1,Total economy,S1,Total economy,B1GQ_POP,"Gross domestic product, per capita",_Z,Not applicable,_Z,Not applicable,_Z,Not applicable,USD_PPP_PS,"US dollars per person, PPP converted",V,Current prices,LA,Annual levels,T0102,Table 0102 - GDP identity from the expenditure side,2012,,14852.9,,,,,,F,Free (free for publication),1,One,A,Normal value,0,Units,USD,US dollar
DATAFLOW,OECD.SDD.NAD:DSD_NAMAIN1@DF_QNA_EXPENDITURE_CAPITA(1.1),Quarterly GDP per capita,I,A,Annual,Y,Calendar and seasonally adjusted,CRI,Costa Rica,S1,Total economy,S1,Total economy,B1GQ_POP,"Gross domestic product, per capita",_Z,Not applicable,_Z,Not applicable,_Z,Not applicable,USD_PPP_PS,"US dollars per person, PPP converted",V,Current prices,LA,Annual levels,T0102,Table 0102 - GDP identity from the expenditure side,2011,,14068.2,,,,,,F,Free (free for publication),1,One,A,Normal value,0,Units,USD,US dollar
DATAFLOW,OECD.SDD.NAD:DSD_NAMAIN1@DF_QNA_EXPENDITURE_CAPITA(1.1),Quarterly GDP per capita,I,A,Annual,Y,Calendar and seasonally adjusted,CRI,Costa Rica,S1,Total economy,S1,Total economy,B1GQ_POP,"Gross domestic product, per capita",_Z,Not applicable,_Z,Not applicable,_Z,Not applicable,USD_PPP_PS,"US dollars per person, PPP converted",LR,Chain linked volume (rebased),LA,Annual levels,T0102,Table 0102 - GDP identity from the expenditure side,2017,,22365.6,,2020,,,,F,Free (free for publication),1,One,A,Normal value,0,Units,USD,US dollar
DATAFLOW,OECD.SDD.NAD:DSD_NAMAIN1@DF_QNA_EXPENDITURE_CAPITA(1.1),Quarterly GDP per capita,I,A,Annual,Y,Calendar and seasonally adjusted,CRI,Costa Rica,S1,Total economy,S1,Total economy,B1GQ_POP,"Gross domestic product, per capita",_Z,Not applicable,_Z,Not applicable,_Z,Not applicable,USD_PPP_PS,"US dollars per person, PPP converted",LR,Chain linked volume (rebased),LA,Annual levels,T0102,Table 0102 - GDP identity from the expenditure side,2024,,26264.2,,2020,,,,F,Free (free for publication),1,One,A,Normal value,0,Units,USD,US dollar
DATAFLOW,OECD.SDD.NAD:DSD_NAMAIN1@DF_QNA_EXPENDITURE_CAPITA(1.1),Quarterly GDP per capita,I,A,Annual,Y,Calendar and seasonally adjusted,CRI,Costa Rica,S1,Total economy,S1,Total economy,B1GQ_POP,"Gross domestic product, per capita",_Z,Not applicable,_Z,Not applicable,_Z,Not applicable,USD_PPP_PS,"US dollars per person, PPP converted",LR,Chain linked volume (rebased),LA,Annual levels,T0102,Table 0102 - GDP identity from the expenditure side,2023,,25463,,2020,,,,F,Free (free for publication),1,One,A,Normal value,0,Units,USD,US dollar
DATAFLOW,OECD.SDD.NAD:DSD_NAMAIN1@DF_QNA_EXPENDITURE_CAPITA(1.1),Quarterly GDP per capita,I,A,Annual,Y,Calendar and seasonally adjusted,CRI,Costa Rica,S1,Total economy,S1,Total economy,B1GQ_POP,"Gross domestic product, per capita",_Z,Not applicable,_Z,Not applicable,_Z,Not applicable,USD_PPP_PS,"US dollars per person, PPP converted",LR,Chain linked volume (rebased),LA,Annual levels,T0102,Table 0102 - GDP identity from the expenditure side,2022,,24507.3,,2020,,,,F,Free (free for publication),1,One,A,Normal value,0,Units,USD,US dollar
DATAFLOW,OECD.SDD.NAD:DSD_NAMAIN1@DF_QNA_EXPENDITURE_CAPITA(1.1),Quarterly GDP per capita,I,A,Annual,Y,Calendar and seasonally adjusted,CRI,Costa Rica,S1,Total economy,S1,Total economy,B1GQ_POP,"Gross domestic product, per capita",_Z,Not applicable,_Z,Not applicable,_Z,Not applicable,USD_PPP_PS,"US dollars per person, PPP converted",LR,Chain linked volume (rebased),LA,Annual levels,T0102,Table 0102 - GDP identity from the expenditure side,2021,,23482.5,,2020,,,,F,Free (free for publication),1,One,A,Normal value,0,Units,USD,US dollar
DATAFLOW,OECD.SDD.NAD:DSD_NAMAIN1@DF_QNA_EXPENDITURE_CAPITA(1.1),Quarterly GDP per capita,I,A,Annual,Y,Calendar and seasonally adjusted,CRI,Costa Rica,S1,Total economy,S1,Total economy,B1GQ_POP,"Gross domestic product, per capita",_Z,Not applicable,_Z,Not applicable,_Z,Not applicable,USD_PPP_PS,"US dollars per person, PPP converted",LR,Chain linked volume (rebased),LA,Annual levels,T0102,Table 0102 - GDP identity from the expenditure side,2016,,21722.5,,2020,,,,F,Free (free for publication),1,One,A,Normal value,0,Units,USD,US dollar
DATAFLOW,OECD.SDD.NAD:DSD_NAMAIN1@DF_QNA_EXPENDITURE_CAPITA(1.1),Quarterly GDP per capita,I,A,Annual,Y,Calendar and seasonally adjusted,CRI,Costa Rica,S1,Total economy,S1,Total economy,B1GQ_POP,"Gross domestic product, per capita",_Z,Not applicable,_Z,Not applicable,_Z,Not applicable,USD_PPP_PS,"US dollars per person, PPP converted",LR,Chain linked volume (rebased),LA,Annual levels,T0102,Table 0102 - GDP identity from the expenditure side,2015,,21097.8,,2020,,,,F,Free (free for publication),1,One,A,Normal value,0,Units,USD,US dollar
DATAFLOW,OECD.SDD.NAD:DSD_NAMAIN1@DF_QNA_EXPENDITURE_CAPITA(1.1),Quarterly GDP per capita,I,A,Annual,Y,Calendar and seasonally adjusted,CRI,Costa Rica,S1,Total economy,S1,Total economy,B1GQ_POP,"Gross domestic product, per capita",_Z,Not applicable,_Z,Not applicable,_Z,Not applicable,USD_PPP_PS,"US dollars per person, PPP converted",LR,Chain linked volume (rebased),LA,Annual levels,T0102,Table 0102 - GDP identity from the expenditure side,2014,,20606.1,,2020,,,,F,Free (free for publication),1,One,A,Normal value,0,Units,USD,US dollar
DATAFLOW,OECD.SDD.NAD:DSD_NAMAIN1@DF_QNA_EXPENDITURE_CAPITA(1.1),Quarterly GDP per capita,I,A,Annual,Y,Calendar and seasonally adjusted,CRI,Costa Rica,S1,Total economy,S1,Total economy,B1GQ_POP,"Gross domestic product, per capita",_Z,Not applicable,_Z,Not applicable,_Z,Not applicable,USD_PPP_PS,"US dollars per person, PPP converted",LR,Chain linked volume (rebased),LA,Annual levels,T0102,Table 0102 - GDP identity from the expenditure side,2013,,20156,,2020,,,,F,Free (free for publication),1,One,A,Normal value,0,Units,USD,US dollar
DATAFLOW,OECD.SDD.NAD:DSD_NAMAIN1@DF_QNA_EXPENDITURE_CAPITA(1.1),Quarterly GDP per capita,I,A,Annual,Y,Calendar and seasonally adjusted,CRI,Costa Rica,S1,Total economy,S1,Total economy,B1GQ_POP,"Gross domestic product, per capita",_Z,Not applicable,_Z,Not applicable,_Z,Not applicable,USD_PPP_PS,"US dollars per person, PPP converted",LR,Chain linked volume (rebased),LA,Annual levels,T0102,Table 0102 - GDP identity from the expenditure side,2020,,21922.2,,2020,,,,F,Free (free for publication),1,One,A,Normal value,0,Units,USD,US dollar
DATAFLOW,OECD.SDD.NAD:DSD_NAMAIN1@DF_QNA_EXPENDITURE_CAPITA(1.1),Quarterly GDP per capita,I,A,Annual,Y,Calendar and seasonally adjusted,CRI,Costa Rica,S1,Total economy,S1,Total economy,B1GQ_POP,"Gross domestic product, per capita",_Z,Not applicable,_Z,Not applicable,_Z,Not applicable,USD_PPP_PS,"US dollars per person, PPP converted",LR,Chain linked volume (rebased),LA,Annual levels,T0102,Table 0102 - GDP identity from the expenditure side,2019,,23110.5,,2020,,,,F,Free (free for publication),1,One,A,Normal value,0,Units,USD,US dollar
DATAFLOW,OECD.SDD.NAD:DSD_NAMAIN1@DF_QNA_EXPENDITURE_CAPITA(1.1),Quarterly GDP per capita,I,A,Annual,Y,Calendar and seasonally adjusted,CRI,Costa Rica,S1,Total economy,S1,Total economy,B1GQ_POP,"Gross domestic product, per capita",_Z,Not applicable,_Z,Not applicable,_Z,Not applicable,USD_PPP_PS,"US dollars per person, PPP converted",LR,Chain linked volume (rebased),LA,Annual levels,T0102,Table 0102 - GDP identity from the expenditure side,2018,,22745.5,,2020,,,,F,Free (free for publication),1,One,A,Normal value,0,Units,USD,US dollar
DATAFLOW,OECD.SDD.NAD:DSD_NAMAIN1@DF_QNA_EXPENDITURE_CAPITA(1.1),Quarterly GDP per capita,I,A,Annual,Y,Calendar and seasonally adjusted,CRI,Costa Rica,S1,Total economy,S1,Total economy,B1GQ_POP,"Gross domestic product, per capita",_Z,Not applicable,_Z,Not applicable,_Z,Not applicable,USD_PPP_PS,"US dollars per person, PPP converted",LR,Chain linked volume (rebased),LA,Annual levels,T0102,Table 0102 - GDP identity from the expenditure side,2012,,19918.4,,2020,,,,F,Free (free for publication),1,One,A,Normal value,0,Units,USD,US dollar
DATAFLOW,OECD.SDD.NAD:DSD_NAMAIN1@DF_QNA_EXPENDITURE_CAPITA(1.1),Quarterly GDP per capita,I,A,Annual,Y,Calendar and seasonally adjusted,COL,Colombia,S1,Total economy,S1,Total economy,B1GQ_POP,"Gross domestic product, per capita",_Z,Not applicable,_Z,Not applicable,_Z,Not applicable,USD_PPP_PS,"US dollars per person, PPP converted",V,Current prices,LA,Annual levels,T0102,Table 0102 - GDP identity from the expenditure side,2016,,14514.2,,,,,,F,Free (free for publication),1,One,A,Normal value,0,Units,USD,US dollar
DATAFLOW,OECD.SDD.NAD:DSD_NAMAIN1@DF_QNA_EXPENDITURE_CAPITA(1.1),Quarterly GDP per capita,I,A,Annual,Y,Calendar and seasonally adjusted,COL,Colombia,S1,Total economy,S1,Total economy,B1GQ_POP,"Gross domestic product, per capita",_Z,Not applicable,_Z,Not applicable,_Z,Not applicable,USD_PPP_PS,"US dollars per person, PPP converted",V,Current prices,LA,Annual levels,T0102,Table 0102 - GDP identity from the expenditure side,2015,,13762.8,,,,,,F,Free (free for publication),1,One,A,Normal value,0,Units,USD,US dollar
DATAFLOW,OECD.SDD.NAD:DSD_NAMAIN1@DF_QNA_EXPENDITURE_CAPITA(1.1),Quarterly GDP per capita,I,A,Annual,Y,Calendar and seasonally adjusted,COL,Colombia,S1,Total economy,S1,Total economy,B1GQ_POP,"Gross domestic product, per capita",_Z,Not applicable,_Z,Not applicable,_Z,Not applicable,USD_PPP_PS,"US dollars per person, PPP converted",V,Current prices,LA,Annual levels,T0102,Table 0102 - GDP identity from the expenditure side,2014,,13777.2,,,,,,F,Free (free for publication),1,One,A,Normal value,0,Units,USD,US dollar
DATAFLOW,OECD.SDD.NAD:DSD_NAMAIN1@DF_QNA_EXPENDITURE_CAPITA(1.1),Quarterly GDP per capita,I,A,Annual,Y,Calendar and seasonally adjusted,COL,Colombia,S1,Total economy,S1,Total economy,B1GQ_POP,"Gross domestic product, per capita",_Z,Not applicable,_Z,Not applicable,_Z,Not applicable,USD_PPP_PS,"US dollars per person, PPP converted",V,Current prices,LA,Annual levels,T0102,Table 0102 - GDP identity from the expenditure side,2009,,10720.9,,,,,,F,Free (free for publication),1,One,A,Normal value,0,Units,USD,US dollar
DATAFLOW,OECD.SDD.NAD:DSD_NAMAIN1@DF_QNA_EXPENDITURE_CAPITA(1.1),Quarterly GDP per capita,I,A,Annual,Y,Calendar and seasonally adjusted,COL,Colombia,S1,Total economy,S1,Total economy,B1GQ_POP,"Gross domestic product, per capita",_Z,Not applicable,_Z,Not applicable,_Z,Not applicable,USD_PPP_PS,"US dollars per person, PPP converted",V,Current prices,LA,Annual levels,T0102,Table 0102 - GDP identity from the expenditure side,2008,,10651.5,,,,,,F,Free (free for publication),1,One,A,Normal value,0,Units,USD,US dollar
DATAFLOW,OECD.SDD.NAD:DSD_NAMAIN1@DF_QNA_EXPENDITURE_CAPITA(1.1),Quarterly GDP per capita,I,A,Annual,Y,Calendar and seasonally adjusted,COL,Colombia,S1,Total economy,S1,Total economy,B1GQ_POP,"Gross domestic product, per capita",_Z,Not applicable,_Z,Not applicable,_Z,Not applicable,USD_PPP_PS,"US dollars per person, PPP converted",V,Current prices,LA,Annual levels,T0102,Table 0102 - GDP identity from the expenditure side,2007,,10228.2,,,,,,F,Free (free for publication),1,One,A,Normal value,0,Units,USD,US dollar
DATAFLOW,OECD.SDD.NAD:DSD_NAMAIN1@DF_QNA_EXPENDITURE_CAPITA(1.1),Quarterly GDP per capita,I,A,Annual,Y,Calendar and seasonally adjusted,COL,Colombia,S1,Total economy,S1,Total economy,B1GQ_POP,"Gross domestic product, per capita",_Z,Not applicable,_Z,Not applicable,_Z,Not applicable,USD_PPP_PS,"US dollars per person, PPP converted",V,Current prices,LA,Annual levels,T0102,Table 0102 - GDP identity from the expenditure side,2006,,9433.2,,,,,,F,Free (free for publication),1,One,A,Normal value,0,Units,USD,US dollar
DATAFLOW,OECD.SDD.NAD:DSD_NAMAIN1@DF_QNA_EXPENDITURE_CAPITA(1.1),Quarterly GDP per capita,I,A,Annual,Y,Calendar and seasonally adjusted,COL,Colombia,S1,Total economy,S1,Total economy,B1GQ_POP,"Gross domestic product, per capita",_Z,Not applicable,_Z,Not applicable,_Z,Not applicable,USD_PPP_PS,"US dollars per person, PPP converted",V,Current prices,LA,Annual levels,T0102,Table 0102 - GDP identity from the expenditure side,2005,,8676.1,,,,,,F,Free (free for publication),1,One,A,Normal value,0,Units,USD,US dollar
DATAFLOW,OECD.SDD.NAD:DSD_NAMAIN1@DF_QNA_EXPENDITURE_CAPITA(1.1),Quarterly GDP per capita,I,A,Annual,Y,Calendar and seasonally adjusted,COL,Colombia,S1,Total economy,S1,Total economy,B1GQ_POP,"Gross domestic product, per capita",_Z,Not applicable,_Z,Not applicable,_Z,Not applicable,USD_PPP_PS,"US dollars per person, PPP converted",V,Current prices,LA,Annual levels,T0102,Table 0102 - GDP identity from the expenditure side,2024,,23020.7,,,,,,F,Free (free for publication),1,One,A,Normal value,0,Units,USD,US dollar
DATAFLOW,OECD.SDD.NAD:DSD_NAMAIN1@DF_QNA_EXPENDITURE_CAPITA(1.1),Quarterly GDP per capita,I,A,Annual,Y,Calendar and seasonally adjusted,COL,Colombia,S1,Total economy,S1,Total economy,B1GQ_POP,"Gross domestic product, per capita",_Z,Not applicable,_Z,Not applicable,_Z,Not applicable,USD_PPP_PS,"US dollars per person, PPP converted",V,Current prices,LA,Annual levels,T0102,Table 0102 - GDP identity from the expenditure side,2023,,21821.1,,,,,,F,Free (free for publication),1,One,A,Normal value,0,Units,USD,US dollar
DATAFLOW,OECD.SDD.NAD:DSD_NAMAIN1@DF_QNA_EXPENDITURE_CAPITA(1.1),Quarterly GDP per capita,I,A,Annual,Y,Calendar and seasonally adjusted,COL,Colombia,S1,Total economy,S1,Total economy,B1GQ_POP,"Gross domestic product, per capita",_Z,Not applicable,_Z,Not applicable,_Z,Not applicable,USD_PPP_PS,"US dollars per person, PPP converted",LR,Chain linked volume (rebased),LA,Annual levels,T0102,Table 0102 - GDP identity from the expenditure side,2010,,14341.6,,2020,,,,F,Free (free for publication),1,One,A,Normal value,0,Units,USD,US dollar
DATAFLOW,OECD.SDD.NAD:DSD_NAMAIN1@DF_QNA_EXPENDITURE_CAPITA(1.1),Quarterly GDP per capita,I,A,Annual,Y,Calendar and seasonally adjusted,COL,Colombia,S1,Total economy,S1,Total economy,B1GQ_POP,"Gross domestic product, per capita",_Z,Not applicable,_Z,Not applicable,_Z,Not applicable,USD_PPP_PS,"US dollars per person, PPP converted",LR,Chain linked volume (rebased),LA,Annual levels,T0102,Table 0102 - GDP identity from the expenditure side,2009,,13885.4,,2020,,,,F,Free (free for publication),1,One,A,Normal value,0,Units,USD,US dollar
DATAFLOW,OECD.SDD.NAD:DSD_NAMAIN1@DF_QNA_EXPENDITURE_CAPITA(1.1),Quarterly GDP per capita,I,A,Annual,Y,Calendar and seasonally adjusted,COL,Colombia,S1,Total economy,S1,Total economy,B1GQ_POP,"Gross domestic product, per capita",_Z,Not applicable,_Z,Not applicable,_Z,Not applicable,USD_PPP_PS,"US dollars per person, PPP converted",LR,Chain linked volume (rebased),LA,Annual levels,T0102,Table 0102 - GDP identity from the expenditure side,2008,,13883.9,,2020,,,,F,Free (free for publication),1,One,A,Normal value,0,Units,USD,US dollar
DATAFLOW,OECD.SDD.NAD:DSD_NAMAIN1@DF_QNA_EXPENDITURE_CAPITA(1.1),Quarterly GDP per capita,I,A,Annual,Y,Calendar and seasonally adjusted,COL,Colombia,S1,Total economy,S1,Total economy,B1GQ_POP,"Gross domestic product, per capita",_Z,Not applicable,_Z,Not applicable,_Z,Not applicable,USD_PPP_PS,"US dollars per person, PPP converted",LR,Chain linked volume (rebased),LA,Annual levels,T0102,Table 0102 - GDP identity from the expenditure side,2007,,13587.8,,2020,,,,F,Free (free for publication),1,One,A,Normal value,0,Units,USD,US dollar
DATAFLOW,OECD.SDD.NAD:DSD_NAMAIN1@DF_QNA_EXPENDITURE_CAPITA(1.1),Quarterly GDP per capita,I,A,Annual,Y,Calendar and seasonally adjusted,COL,Colombia,S1,Total economy,S1,Total economy,B1GQ_POP,"Gross domestic product, per capita",_Z,Not applicable,_Z,Not applicable,_Z,Not applicable,USD_PPP_PS,"US dollars per person, PPP converted",LR,Chain linked volume (rebased),LA,Annual levels,T0102,Table 0102 - GDP identity from the expenditure side,2006,,12870.4,,2020,,,,F,Free (free for publication),1,One,A,Normal value,0,Units,USD,US dollar
DATAFLOW,OECD.SDD.NAD:DSD_NAMAIN1@DF_QNA_EXPENDITURE_CAPITA(1.1),Quarterly GDP per capita,I,A,Annual,Y,Calendar and seasonally adjusted,AUS,Australia,S1,Total economy,S1,Total economy,B1GQ_POP,"Gross domestic product, per capita",_Z,Not applicable,_Z,Not applicable,_Z,Not applicable,USD_PPP_PS,"US dollars per person, PPP converted",V,Current prices,LA,Annual levels,T0102,Table 0102 - GDP identity from the expenditure side,2001,,28561.3,,,,,,F,Free (free for publication),1,One,A,Normal value,0,Units,USD,US dollar
DATAFLOW,OECD.SDD.NAD:DSD_NAMAIN1@DF_QNA_EXPENDITURE_CAPITA(1.1),Quarterly GDP per capita,I,A,Annual,Y,Calendar and seasonally adjusted,AUS,Australia,S1,Total economy,S1,Total economy,B1GQ_POP,"Gross domestic product, per capita",_Z,Not applicable,_Z,Not applicable,_Z,Not applicable,USD_PPP_PS,"US dollars per person, PPP converted",V,Current prices,LA,Annual levels,T0102,Table 0102 - GDP identity from the expenditure side,2000,,27545.3,,,,,,F,Free (free for publication),1,One,A,Normal value,0,Units,USD,US dollar
DATAFLOW,OECD.SDD.NAD:DSD_NAMAIN1@DF_QNA_EXPENDITURE_CAPITA(1.1),Quarterly GDP per capita,I,A,Annual,Y,Calendar and seasonally adjusted,AUS,Australia,S1,Total economy,S1,Total economy,B1GQ_POP,"Gross domestic product, per capita",_Z,Not applicable,_Z,Not applicable,_Z,Not applicable,USD_PPP_PS,"US dollars per person, PPP converted",LR,Chain linked volume (rebased),LA,Annual levels,T0102,Table 0102 - GDP identity from the expenditure side,2018,,55468.1,,2020,,,,F,Free (free for publication),1,One,A,Normal value,0,Units,USD,US dollar
DATAFLOW,OECD.SDD.NAD:DSD_NAMAIN1@DF_QNA_EXPENDITURE_CAPITA(1.1),Quarterly GDP per capita,I,A,Annual,Y,Calendar and seasonally adjusted,AUT,Austria,S1,Total economy,S1,Total economy,B1GQ_POP,"Gross domestic product, per capita",_Z,Not applicable,_Z,Not applicable,_Z,Not applicable,USD_PPP_PS,"US dollars per person, PPP converted",LR,Chain linked volume (rebased),LA,Annual levels,T0102,Table 0102 - GDP identity from the expenditure side,2009,,57112.3,,2020,,,,F,Free (free for publication),1,One,A,Normal value,0,Units,USD,US dollar
DATAFLOW,OECD.SDD.NAD:DSD_NAMAIN1@DF_QNA_EXPENDITURE_CAPITA(1.1),Quarterly GDP per capita,I,A,Annual,Y,Calendar and seasonally adjusted,AUT,Austria,S1,Total economy,S1,Total economy,B1GQ_POP,"Gross domestic product, per capita",_Z,Not applicable,_Z,Not applicable,_Z,Not applicable,USD_PPP_PS,"US dollars per person, PPP converted",LR,Chain linked volume (rebased),LA,Annual levels,T0102,Table 0102 - GDP identity from the expenditure side,2013,,59110.4,,2020,,,,F,Free (free for publication),1,One,A,Normal value,0,Units,USD,US dollar
DATAFLOW,OECD.SDD.NAD:DSD_NAMAIN1@DF_QNA_EXPENDITURE_CAPITA(1.1),Quarterly GDP per capita,I,A,Annual,Y,Calendar and seasonally adjusted,AUT,Austria,S1,Total economy,S1,Total economy,B1GQ_POP,"Gross domestic product, per capita",_Z,Not applicable,_Z,Not applicable,_Z,Not applicable,USD_PPP_PS,"US dollars per person, PPP converted",LR,Chain linked volume (rebased),LA,Annual levels,T0102,Table 0102 - GDP identity from the expenditure side,2012,,59617.3,,2020,,,,F,Free (free for publication),1,One,A,Normal value,0,Units,USD,US dollar
DATAFLOW,OECD.SDD.NAD:DSD_NAMAIN1@DF_QNA_EXPENDITURE_CAPITA(1.1),Quarterly GDP per capita,I,A,Annual,Y,Calendar and seasonally adjusted,AUT,Austria,S1,Total economy,S1,Total economy,B1GQ_POP,"Gross domestic product, per capita",_Z,Not applicable,_Z,Not applicable,_Z,Not applicable,USD_PPP_PS,"US dollars per person, PPP converted",LR,Chain linked volume (rebased),LA,Annual levels,T0102,Table 0102 - GDP identity from the expenditure side,2011,,59511.8,,2020,,,,F,Free (free for publication),1,One,A,Normal value,0,Units,USD,US dollar
DATAFLOW,OECD.SDD.NAD:DSD_NAMAIN1@DF_QNA_EXPENDITURE_CAPITA(1.1),Quarterly GDP per capita,I,A,Annual,Y,Calendar and seasonally adjusted,AUT,Austria,S1,Total economy,S1,Total economy,B1GQ_POP,"Gross domestic product, per capita",_Z,Not applicable,_Z,Not applicable,_Z,Not applicable,USD_PPP_PS,"US dollars per person, PPP converted",LR,Chain linked volume (rebased),LA,Annual levels,T0102,Table 0102 - GDP identity from the expenditure side,2010,,58009.3,,2020,,,,F,Free (free for publication),1,One,A,Normal value,0,Units,USD,US dollar
DATAFLOW,OECD.SDD.NAD:DSD_NAMAIN1@DF_QNA_EXPENDITURE_CAPITA(1.1),Quarterly GDP per capita,I,A,Annual,Y,Calendar and seasonally adjusted,COL,Colombia,S1,Total economy,S1,Total economy,B1GQ_POP,"Gross domestic product, per capita",_Z,Not applicable,_Z,Not applicable,_Z,Not applicable,USD_PPP_PS,"US dollars per person, PPP converted",LR,Chain linked volume (rebased),LA,Annual levels,T0102,Table 0102 - GDP identity from the expenditure side,2019,,17519.1,,2020,,,,F,Free (free for publication),1,One,A,Normal value,0,Units,USD,US dollar
DATAFLOW,OECD.SDD.NAD:DSD_NAMAIN1@DF_QNA_EXPENDITURE_CAPITA(1.1),Quarterly GDP per capita,I,A,Annual,Y,Calendar and seasonally adjusted,COL,Colombia,S1,Total economy,S1,Total economy,B1GQ_POP,"Gross domestic product, per capita",_Z,Not applicable,_Z,Not applicable,_Z,Not applicable,USD_PPP_PS,"US dollars per person, PPP converted",LR,Chain linked volume (rebased),LA,Annual levels,T0102,Table 0102 - GDP identity from the expenditure side,2021,,17432.6,,2020,,,,F,Free (free for publication),1,One,A,Normal value,0,Units,USD,US dollar
DATAFLOW,OECD.SDD.NAD:DSD_NAMAIN1@DF_QNA_EXPENDITURE_CAPITA(1.1),Quarterly GDP per capita,I,A,Annual,Y,Calendar and seasonally adjusted,COL,Colombia,S1,Total economy,S1,Total economy,B1GQ_POP,"Gross domestic product, per capita",_Z,Not applicable,_Z,Not applicable,_Z,Not applicable,USD_PPP_PS,"US dollars per person, PPP converted",LR,Chain linked volume (rebased),LA,Annual levels,T0102,Table 0102 - GDP identity from the expenditure side,2020,,15950.5,,2020,,,,F,Free (free for publication),1,One,A,Normal value,0,Units,USD,US dollar
DATAFLOW,OECD.SDD.NAD:DSD_NAMAIN1@DF_QNA_EXPENDITURE_CAPITA(1.1),Quarterly GDP per capita,I,A,Annual,Y,Calendar and seasonally adjusted,EST,Estonia,S1,Total economy,S1,Total economy,B1GQ_POP,"Gross domestic product, per capita",_Z,Not applicable,_Z,Not applicable,_Z,Not applicable,USD_PPP_PS,"US dollars per person, PPP converted",LR,Chain linked volume (rebased),LA,Annual levels,T0102,Table 0102 - GDP identity from the expenditure side,2004,,27143.1,,2020,,,,F,Free (free for publication),1,One,A,Normal value,0,Units,USD,US dollar
DATAFLOW,OECD.SDD.NAD:DSD_NAMAIN1@DF_QNA_EXPENDITURE_CAPITA(1.1),Quarterly GDP per capita,I,A,Annual,Y,Calendar and seasonally adjusted,EST,Estonia,S1,Total economy,S1,Total economy,B1GQ_POP,"Gross domestic product, per capita",_Z,Not applicable,_Z,Not applicable,_Z,Not applicable,USD_PPP_PS,"US dollars per person, PPP converted",LR,Chain linked volume (rebased),LA,Annual levels,T0102,Table 0102 - GDP identity from the expenditure side,2003,,25250.3,,2020,,,,F,Free (free for publication),1,One,A,Normal value,0,Units,USD,US dollar
DATAFLOW,OECD.SDD.NAD:DSD_NAMAIN1@DF_QNA_EXPENDITURE_CAPITA(1.1),Quarterly GDP per capita,I,A,Annual,Y,Calendar and seasonally adjusted,EST,Estonia,S1,Total economy,S1,Total economy,B1GQ_POP,"Gross domestic product, per capita",_Z,Not applicable,_Z,Not applicable,_Z,Not applicable,USD_PPP_PS,"US dollars per person, PPP converted",LR,Chain linked volume (rebased),LA,Annual levels,T0102,Table 0102 - GDP identity from the expenditure side,2002,,23326.8,,2020,,,,F,Free (free for publication),1,One,A,Normal value,0,Units,USD,US dollar
DATAFLOW,OECD.SDD.NAD:DSD_NAMAIN1@DF_QNA_EXPENDITURE_CAPITA(1.1),Quarterly GDP per capita,I,A,Annual,Y,Calendar and seasonally adjusted,EST,Estonia,S1,Total economy,S1,Total economy,B1GQ_POP,"Gross domestic product, per capita",_Z,Not applicable,_Z,Not applicable,_Z,Not applicable,USD_PPP_PS,"US dollars per person, PPP converted",LR,Chain linked volume (rebased),LA,Annual levels,T0102,Table 0102 - GDP identity from the expenditure side,2001,,21670.3,,2020,,,,F,Free (free for publication),1,One,A,Normal value,0,Units,USD,US dollar
DATAFLOW,OECD.SDD.NAD:DSD_NAMAIN1@DF_QNA_EXPENDITURE_CAPITA(1.1),Quarterly GDP per capita,I,A,Annual,Y,Calendar and seasonally adjusted,EST,Estonia,S1,Total economy,S1,Total economy,B1GQ_POP,"Gross domestic product, per capita",_Z,Not applicable,_Z,Not applicable,_Z,Not applicable,USD_PPP_PS,"US dollars per person, PPP converted",LR,Chain linked volume (rebased),LA,Annual levels,T0102,Table 0102 - GDP identity from the expenditure side,2000,,20341.1,,2020,,,,F,Free (free for publication),1,One,A,Normal value,0,Units,USD,US dollar
DATAFLOW,OECD.SDD.NAD:DSD_NAMAIN1@DF_QNA_EXPENDITURE_CAPITA(1.1),Quarterly GDP per capita,I,A,Annual,Y,Calendar and seasonally adjusted,EST,Estonia,S1,Total economy,S1,Total economy,B1GQ_POP,"Gross domestic product, per capita",_Z,Not applicable,_Z,Not applicable,_Z,Not applicable,USD_PPP_PS,"US dollars per person, PPP converted",V,Current prices,LA,Annual levels,T0102,Table 0102 - GDP identity from the expenditure side,2010,,21584.7,,,,,,F,Free (free for publication),1,One,A,Normal value,0,Units,USD,US dollar
DATAFLOW,OECD.SDD.NAD:DSD_NAMAIN1@DF_QNA_EXPENDITURE_CAPITA(1.1),Quarterly GDP per capita,I,A,Annual,Y,Calendar and seasonally adjusted,EST,Estonia,S1,Total economy,S1,Total economy,B1GQ_POP,"Gross domestic product, per capita",_Z,Not applicable,_Z,Not applicable,_Z,Not applicable,USD_PPP_PS,"US dollars per person, PPP converted",V,Current prices,LA,Annual levels,T0102,Table 0102 - GDP identity from the expenditure side,2012,,26193,,,,,,F,Free (free for publication),1,One,A,Normal value,0,Units,USD,US dollar
DATAFLOW,OECD.SDD.NAD:DSD_NAMAIN1@DF_QNA_EXPENDITURE_CAPITA(1.1),Quarterly GDP per capita,I,A,Annual,Y,Calendar and seasonally adjusted,EST,Estonia,S1,Total economy,S1,Total economy,B1GQ_POP,"Gross domestic product, per capita",_Z,Not applicable,_Z,Not applicable,_Z,Not applicable,USD_PPP_PS,"US dollars per person, PPP converted",V,Current prices,LA,Annual levels,T0102,Table 0102 - GDP identity from the expenditure side,2011,,24610.5,,,,,,F,Free (free for publication),1,One,A,Normal value,0,Units,USD,US dollar
DATAFLOW,OECD.SDD.NAD:DSD_NAMAIN1@DF_QNA_EXPENDITURE_CAPITA(1.1),Quarterly GDP per capita,I,A,Annual,Y,Calendar and seasonally adjusted,EST,Estonia,S1,Total economy,S1,Total economy,B1GQ_POP,"Gross domestic product, per capita",_Z,Not applicable,_Z,Not applicable,_Z,Not applicable,USD_PPP_PS,"US dollars per person, PPP converted",V,Current prices,LA,Annual levels,T0102,Table 0102 - GDP identity from the expenditure side,2014,,29375.6,,,,,,F,Free (free for publication),1,One,A,Normal value,0,Units,USD,US dollar
DATAFLOW,OECD.SDD.NAD:DSD_NAMAIN1@DF_QNA_EXPENDITURE_CAPITA(1.1),Quarterly GDP per capita,I,A,Annual,Y,Calendar and seasonally adjusted,EST,Estonia,S1,Total economy,S1,Total economy,B1GQ_POP,"Gross domestic product, per capita",_Z,Not applicable,_Z,Not applicable,_Z,Not applicable,USD_PPP_PS,"US dollars per person, PPP converted",V,Current prices,LA,Annual levels,T0102,Table 0102 - GDP identity from the expenditure side,2013,,27784.7,,,,,,F,Free (free for publication),1,One,A,Normal value,0,Units,USD,US dollar
DATAFLOW,OECD.SDD.NAD:DSD_NAMAIN1@DF_QNA_EXPENDITURE_CAPITA(1.1),Quarterly GDP per capita,I,A,Annual,Y,Calendar and seasonally adjusted,EST,Estonia,S1,Total economy,S1,Total economy,B1GQ_POP,"Gross domestic product, per capita",_Z,Not applicable,_Z,Not applicable,_Z,Not applicable,USD_PPP_PS,"US dollars per person, PPP converted",V,Current prices,LA,Annual levels,T0102,Table 0102 - GDP identity from the expenditure side,2020,,40691.5,,,,,,F,Free (free for publication),1,One,A,Normal value,0,Units,USD,US dollar
DATAFLOW,OECD.SDD.NAD:DSD_NAMAIN1@DF_QNA_EXPENDITURE_CAPITA(1.1),Quarterly GDP per capita,I,A,Annual,Y,Calendar and seasonally adjusted,EST,Estonia,S1,Total economy,S1,Total economy,B1GQ_POP,"Gross domestic product, per capita",_Z,Not applicable,_Z,Not applicable,_Z,Not applicable,USD_PPP_PS,"US dollars per person, PPP converted",V,Current prices,LA,Annual levels,T0102,Table 0102 - GDP identity from the expenditure side,2019,,40650,,,,,,F,Free (free for publication),1,One,A,Normal value,0,Units,USD,US dollar
DATAFLOW,OECD.SDD.NAD:DSD_NAMAIN1@DF_QNA_EXPENDITURE_CAPITA(1.1),Quarterly GDP per capita,I,A,Annual,Y,Calendar and seasonally adjusted,EST,Estonia,S1,Total economy,S1,Total economy,B1GQ_POP,"Gross domestic product, per capita",_Z,Not applicable,_Z,Not applicable,_Z,Not applicable,USD_PPP_PS,"US dollars per person, PPP converted",LR,Chain linked volume (rebased),LA,Annual levels,T0102,Table 0102 - GDP identity from the expenditure side,2021,,44011.5,,2020,,,,F,Free (free for publication),1,One,A,Normal value,0,Units,USD,US dollar
DATAFLOW,OECD.SDD.NAD:DSD_NAMAIN1@DF_QNA_EXPENDITURE_CAPITA(1.1),Quarterly GDP per capita,I,A,Annual,Y,Calendar and seasonally adjusted,EST,Estonia,S1,Total economy,S1,Total economy,B1GQ_POP,"Gross domestic product, per capita",_Z,Not applicable,_Z,Not applicable,_Z,Not applicable,USD_PPP_PS,"US dollars per person, PPP converted",LR,Chain linked volume (rebased),LA,Annual levels,T0102,Table 0102 - GDP identity from the expenditure side,2020,,40691.5,,2020,,,,F,Free (free for publication),1,One,A,Normal value,0,Units,USD,US dollar
DATAFLOW,OECD.SDD.NAD:DSD_NAMAIN1@DF_QNA_EXPENDITURE_CAPITA(1.1),Quarterly GDP per capita,I,A,Annual,Y,Calendar and seasonally adjusted,EST,Estonia,S1,Total economy,S1,Total economy,B1GQ_POP,"Gross domestic product, per capita",_Z,Not applicable,_Z,Not applicable,_Z,Not applicable,USD_PPP_PS,"US dollars per person, PPP converted",LR,Chain linked volume (rebased),LA,Annual levels,T0102,Table 0102 - GDP identity from the expenditure side,2019,,42028.5,,2020,,,,F,Free (free for publication),1,One,A,Normal value,0,Units,USD,US dollar
DATAFLOW,OECD.SDD.NAD:DSD_NAMAIN1@DF_QNA_EXPENDITURE_CAPITA(1.1),Quarterly GDP per capita,I,A,Annual,Y,Calendar and seasonally adjusted,EST,Estonia,S1,Total economy,S1,Total economy,B1GQ_POP,"Gross domestic product, per capita",_Z,Not applicable,_Z,Not applicable,_Z,Not applicable,USD_PPP_PS,"US dollars per person, PPP converted",LR,Chain linked volume (rebased),LA,Annual levels,T0102,Table 0102 - GDP identity from the expenditure side,2018,,40693.2,,2020,,,,F,Free (free for publication),1,One,A,Normal value,0,Units,USD,US dollar
DATAFLOW,OECD.SDD.NAD:DSD_NAMAIN1@DF_QNA_EXPENDITURE_CAPITA(1.1),Quarterly GDP per capita,I,A,Annual,Y,Calendar and seasonally adjusted,EST,Estonia,S1,Total economy,S1,Total economy,B1GQ_POP,"Gross domestic product, per capita",_Z,Not applicable,_Z,Not applicable,_Z,Not applicable,USD_PPP_PS,"US dollars per person, PPP converted",LR,Chain linked volume (rebased),LA,Annual levels,T0102,Table 0102 - GDP identity from the expenditure side,2017,,39346.7,,2020,,,,F,Free (free for publication),1,One,A,Normal value,0,Units,USD,US dollar
DATAFLOW,OECD.SDD.NAD:DSD_NAMAIN1@DF_QNA_EXPENDITURE_CAPITA(1.1),Quarterly GDP per capita,I,A,Annual,Y,Calendar and seasonally adjusted,EST,Estonia,S1,Total economy,S1,Total economy,B1GQ_POP,"Gross domestic product, per capita",_Z,Not applicable,_Z,Not applicable,_Z,Not applicable,USD_PPP_PS,"US dollars per person, PPP converted",LR,Chain linked volume (rebased),LA,Annual levels,T0102,Table 0102 - GDP identity from the expenditure side,2016,,37239.5,,2020,,,,F,Free (free for publication),1,One,A,Normal value,0,Units,USD,US dollar
DATAFLOW,OECD.SDD.NAD:DSD_NAMAIN1@DF_QNA_EXPENDITURE_CAPITA(1.1),Quarterly GDP per capita,I,A,Annual,Y,Calendar and seasonally adjusted,EST,Estonia,S1,Total economy,S1,Total economy,B1GQ_POP,"Gross domestic product, per capita",_Z,Not applicable,_Z,Not applicable,_Z,Not applicable,USD_PPP_PS,"US dollars per person, PPP converted",LR,Chain linked volume (rebased),LA,Annual levels,T0102,Table 0102 - GDP identity from the expenditure side,2015,,36193.7,,2020,,,,F,Free (free for publication),1,One,A,Normal value,0,Units,USD,US dollar
DATAFLOW,OECD.SDD.NAD:DSD_NAMAIN1@DF_QNA_EXPENDITURE_CAPITA(1.1),Quarterly GDP per capita,I,A,Annual,Y,Calendar and seasonally adjusted,EST,Estonia,S1,Total economy,S1,Total economy,B1GQ_POP,"Gross domestic product, per capita",_Z,Not applicable,_Z,Not applicable,_Z,Not applicable,USD_PPP_PS,"US dollars per person, PPP converted",LR,Chain linked volume (rebased),LA,Annual levels,T0102,Table 0102 - GDP identity from the expenditure side,2014,,35472.9,,2020,,,,F,Free (free for publication),1,One,A,Normal value,0,Units,USD,US dollar
DATAFLOW,OECD.SDD.NAD:DSD_NAMAIN1@DF_QNA_EXPENDITURE_CAPITA(1.1),Quarterly GDP per capita,I,A,Annual,Y,Calendar and seasonally adjusted,EST,Estonia,S1,Total economy,S1,Total economy,B1GQ_POP,"Gross domestic product, per capita",_Z,Not applicable,_Z,Not applicable,_Z,Not applicable,USD_PPP_PS,"US dollars per person, PPP converted",LR,Chain linked volume (rebased),LA,Annual levels,T0102,Table 0102 - GDP identity from the expenditure side,2013,,34217.7,,2020,,,,F,Free (free for publication),1,One,A,Normal value,0,Units,USD,US dollar
DATAFLOW,OECD.SDD.NAD:DSD_NAMAIN1@DF_QNA_EXPENDITURE_CAPITA(1.1),Quarterly GDP per capita,I,A,Annual,Y,Calendar and seasonally adjusted,EST,Estonia,S1,Total economy,S1,Total economy,B1GQ_POP,"Gross domestic product, per capita",_Z,Not applicable,_Z,Not applicable,_Z,Not applicable,USD_PPP_PS,"US dollars per person, PPP converted",LR,Chain linked volume (rebased),LA,Annual levels,T0102,Table 0102 - GDP identity from the expenditure side,2024,,40869.7,,2020,,,,F,Free (free for publication),1,One,A,Normal value,0,Units,USD,US dollar
DATAFLOW,OECD.SDD.NAD:DSD_NAMAIN1@DF_QNA_EXPENDITURE_CAPITA(1.1),Quarterly GDP per capita,I,A,Annual,Y,Calendar and seasonally adjusted,EST,Estonia,S1,Total economy,S1,Total economy,B1GQ_POP,"Gross domestic product, per capita",_Z,Not applicable,_Z,Not applicable,_Z,Not applicable,USD_PPP_PS,"US dollars per person, PPP converted",LR,Chain linked volume (rebased),LA,Annual levels,T0102,Table 0102 - GDP identity from the expenditure side,2023,,41170.2,,2020,,,,F,Free (free for publication),1,One,A,Normal value,0,Units,USD,US dollar
DATAFLOW,OECD.SDD.NAD:DSD_NAMAIN1@DF_QNA_EXPENDITURE_CAPITA(1.1),Quarterly GDP per capita,I,A,Annual,Y,Calendar and seasonally adjusted,EST,Estonia,S1,Total economy,S1,Total economy,B1GQ_POP,"Gross domestic product, per capita",_Z,Not applicable,_Z,Not applicable,_Z,Not applicable,USD_PPP_PS,"US dollars per person, PPP converted",LR,Chain linked volume (rebased),LA,Annual levels,T0102,Table 0102 - GDP identity from the expenditure side,2022,,43415.4,,2020,,,,F,Free (free for publication),1,One,A,Normal value,0,Units,USD,US dollar
DATAFLOW,OECD.SDD.NAD:DSD_NAMAIN1@DF_QNA_EXPENDITURE_CAPITA(1.1),Quarterly GDP per capita,I,A,Annual,Y,Calendar and seasonally adjusted,EST,Estonia,S1,Total economy,S1,Total economy,B1GQ_POP,"Gross domestic product, per capita",_Z,Not applicable,_Z,Not applicable,_Z,Not applicable,USD_PPP_PS,"US dollars per person, PPP converted",V,Current prices,LA,Annual levels,T0102,Table 0102 - GDP identity from the expenditure side,2018,,37201,,,,,,F,Free (free for publication),1,One,A,Normal value,0,Units,USD,US dollar
DATAFLOW,OECD.SDD.NAD:DSD_NAMAIN1@DF_QNA_EXPENDITURE_CAPITA(1.1),Quarterly GDP per capita,I,A,Annual,Y,Calendar and seasonally adjusted,DNK,Denmark,S1,Total economy,S1,Total economy,B1GQ_POP,"Gross domestic product, per capita",_Z,Not applicable,_Z,Not applicable,_Z,Not applicable,USD_PPP_PS,"US dollars per person, PPP converted",V,Current prices,LA,Annual levels,T0102,Table 0102 - GDP identity from the expenditure side,2019,,60568.7,,,,,,F,Free (free for publication),1,One,A,Normal value,0,Units,USD,US dollar
DATAFLOW,OECD.SDD.NAD:DSD_NAMAIN1@DF_QNA_EXPENDITURE_CAPITA(1.1),Quarterly GDP per capita,I,A,Annual,Y,Calendar and seasonally adjusted,DNK,Denmark,S1,Total economy,S1,Total economy,B1GQ_POP,"Gross domestic product, per capita",_Z,Not applicable,_Z,Not applicable,_Z,Not applicable,USD_PPP_PS,"US dollars per person, PPP converted",V,Current prices,LA,Annual levels,T0102,Table 0102 - GDP identity from the expenditure side,2018,,57231.3,,,,,,F,Free (free for publication),1,One,A,Normal value,0,Units,USD,US dollar
DATAFLOW,OECD.SDD.NAD:DSD_NAMAIN1@DF_QNA_EXPENDITURE_CAPITA(1.1),Quarterly GDP per capita,I,A,Annual,Y,Calendar and seasonally adjusted,DNK,Denmark,S1,Total economy,S1,Total economy,B1GQ_POP,"Gross domestic product, per capita",_Z,Not applicable,_Z,Not applicable,_Z,Not applicable,USD_PPP_PS,"US dollars per person, PPP converted",V,Current prices,LA,Annual levels,T0102,Table 0102 - GDP identity from the expenditure side,2017,,55270.4,,,,,,F,Free (free for publication),1,One,A,Normal value,0,Units,USD,US dollar
DATAFLOW,OECD.SDD.NAD:DSD_NAMAIN1@DF_QNA_EXPENDITURE_CAPITA(1.1),Quarterly GDP per capita,I,A,Annual,Y,Calendar and seasonally adjusted,DNK,Denmark,S1,Total economy,S1,Total economy,B1GQ_POP,"Gross domestic product, per capita",_Z,Not applicable,_Z,Not applicable,_Z,Not applicable,USD_PPP_PS,"US dollars per person, PPP converted",V,Current prices,LA,Annual levels,T0102,Table 0102 - GDP identity from the expenditure side,2016,,51814.2,,,,,,F,Free (free for publication),1,One,A,Normal value,0,Units,USD,US dollar
DATAFLOW,OECD.SDD.NAD:DSD_NAMAIN1@DF_QNA_EXPENDITURE_CAPITA(1.1),Quarterly GDP per capita,I,A,Annual,Y,Calendar and seasonally adjusted,DNK,Denmark,S1,Total economy,S1,Total economy,B1GQ_POP,"Gross domestic product, per capita",_Z,Not applicable,_Z,Not applicable,_Z,Not applicable,USD_PPP_PS,"US dollars per person, PPP converted",V,Current prices,LA,Annual levels,T0102,Table 0102 - GDP identity from the expenditure side,2015,,48906.1,,,,,,F,Free (free for publication),1,One,A,Normal value,0,Units,USD,US dollar
DATAFLOW,OECD.SDD.NAD:DSD_NAMAIN1@DF_QNA_EXPENDITURE_CAPITA(1.1),Quarterly GDP per capita,I,A,Annual,Y,Calendar and seasonally adjusted,DNK,Denmark,S1,Total economy,S1,Total economy,B1GQ_POP,"Gross domestic product, per capita",_Z,Not applicable,_Z,Not applicable,_Z,Not applicable,USD_PPP_PS,"US dollars per person, PPP converted",V,Current prices,LA,Annual levels,T0102,Table 0102 - GDP identity from the expenditure side,2014,,47880.7,,,,,,F,Free (free for publication),1,One,A,Normal value,0,Units,USD,US dollar
DATAFLOW,OECD.SDD.NAD:DSD_NAMAIN1@DF_QNA_EXPENDITURE_CAPITA(1.1),Quarterly GDP per capita,I,A,Annual,Y,Calendar and seasonally adjusted,DNK,Denmark,S1,Total economy,S1,Total economy,B1GQ_POP,"Gross domestic product, per capita",_Z,Not applicable,_Z,Not applicable,_Z,Not applicable,USD_PPP_PS,"US dollars per person, PPP converted",V,Current prices,LA,Annual levels,T0102,Table 0102 - GDP identity from the expenditure side,2009,,40528,,,,,,F,Free (free for publication),1,One,A,Normal value,0,Units,USD,US dollar
DATAFLOW,OECD.SDD.NAD:DSD_NAMAIN1@DF_QNA_EXPENDITURE_CAPITA(1.1),Quarterly GDP per capita,I,A,Annual,Y,Calendar and seasonally adjusted,DNK,Denmark,S1,Total economy,S1,Total economy,B1GQ_POP,"Gross domestic product, per capita",_Z,Not applicable,_Z,Not applicable,_Z,Not applicable,USD_PPP_PS,"US dollars per person, PPP converted",V,Current prices,LA,Annual levels,T0102,Table 0102 - GDP identity from the expenditure side,2008,,41474.1,,,,,,F,Free (free for publication),1,One,A,Normal value,0,Units,USD,US dollar
DATAFLOW,OECD.SDD.NAD:DSD_NAMAIN1@DF_QNA_EXPENDITURE_CAPITA(1.1),Quarterly GDP per capita,I,A,Annual,Y,Calendar and seasonally adjusted,DNK,Denmark,S1,Total economy,S1,Total economy,B1GQ_POP,"Gross domestic product, per capita",_Z,Not applicable,_Z,Not applicable,_Z,Not applicable,USD_PPP_PS,"US dollars per person, PPP converted",V,Current prices,LA,Annual levels,T0102,Table 0102 - GDP identity from the expenditure side,2007,,39117.5,,,,,,F,Free (free for publication),1,One,A,Normal value,0,Units,USD,US dollar
DATAFLOW,OECD.SDD.NAD:DSD_NAMAIN1@DF_QNA_EXPENDITURE_CAPITA(1.1),Quarterly GDP per capita,I,A,Annual,Y,Calendar and seasonally adjusted,DNK,Denmark,S1,Total economy,S1,Total economy,B1GQ_POP,"Gross domestic product, per capita",_Z,Not applicable,_Z,Not applicable,_Z,Not applicable,USD_PPP_PS,"US dollars per person, PPP converted",V,Current prices,LA,Annual levels,T0102,Table 0102 - GDP identity from the expenditure side,2006,,37395.9,,,,,,F,Free (free for publication),1,One,A,Normal value,0,Units,USD,US dollar
DATAFLOW,OECD.SDD.NAD:DSD_NAMAIN1@DF_QNA_EXPENDITURE_CAPITA(1.1),Quarterly GDP per capita,I,A,Annual,Y,Calendar and seasonally adjusted,DNK,Denmark,S1,Total economy,S1,Total economy,B1GQ_POP,"Gross domestic product, per capita",_Z,Not applicable,_Z,Not applicable,_Z,Not applicable,USD_PPP_PS,"US dollars per person, PPP converted",V,Current prices,LA,Annual levels,T0102,Table 0102 - GDP identity from the expenditure side,2005,,34243.8,,,,,,F,Free (free for publication),1,One,A,Normal value,0,Units,USD,US dollar
DATAFLOW,OECD.SDD.NAD:DSD_NAMAIN1@DF_QNA_EXPENDITURE_CAPITA(1.1),Quarterly GDP per capita,I,A,Annual,Y,Calendar and seasonally adjusted,DNK,Denmark,S1,Total economy,S1,Total economy,B1GQ_POP,"Gross domestic product, per capita",_Z,Not applicable,_Z,Not applicable,_Z,Not applicable,USD_PPP_PS,"US dollars per person, PPP converted",V,Current prices,LA,Annual levels,T0102,Table 0102 - GDP identity from the expenditure side,2004,,33024.6,,,,,,F,Free (free for publication),1,One,A,Normal value,0,Units,USD,US dollar
DATAFLOW,OECD.SDD.NAD:DSD_NAMAIN1@DF_QNA_EXPENDITURE_CAPITA(1.1),Quarterly GDP per capita,I,A,Annual,Y,Calendar and seasonally adjusted,DNK,Denmark,S1,Total economy,S1,Total economy,B1GQ_POP,"Gross domestic product, per capita",_Z,Not applicable,_Z,Not applicable,_Z,Not applicable,USD_PPP_PS,"US dollars per person, PPP converted",V,Current prices,LA,Annual levels,T0102,Table 0102 - GDP identity from the expenditure side,2003,,30870.1,,,,,,F,Free (free for publication),1,One,A,Normal value,0,Units,USD,US dollar
DATAFLOW,OECD.SDD.NAD:DSD_NAMAIN1@DF_QNA_EXPENDITURE_CAPITA(1.1),Quarterly GDP per capita,I,A,Annual,Y,Calendar and seasonally adjusted,DNK,Denmark,S1,Total economy,S1,Total economy,B1GQ_POP,"Gross domestic product, per capita",_Z,Not applicable,_Z,Not applicable,_Z,Not applicable,USD_PPP_PS,"US dollars per person, PPP converted",V,Current prices,LA,Annual levels,T0102,Table 0102 - GDP identity from the expenditure side,2002,,30668.6,,,,,,F,Free (free for publication),1,One,A,Normal value,0,Units,USD,US dollar
DATAFLOW,OECD.SDD.NAD:DSD_NAMAIN1@DF_QNA_EXPENDITURE_CAPITA(1.1),Quarterly GDP per capita,I,A,Annual,Y,Calendar and seasonally adjusted,DNK,Denmark,S1,Total economy,S1,Total economy,B1GQ_POP,"Gross domestic product, per capita",_Z,Not applicable,_Z,Not applicable,_Z,Not applicable,USD_PPP_PS,"US dollars per person, PPP converted",V,Current prices,LA,Annual levels,T0102,Table 0102 - GDP identity from the expenditure side,2001,,29467.2,,,,,,F,Free (free for publication),1,One,A,Normal value,0,Units,USD,US dollar
DATAFLOW,OECD.SDD.NAD:DSD_NAMAIN1@DF_QNA_EXPENDITURE_CAPITA(1.1),Quarterly GDP per capita,I,A,Annual,Y,Calendar and seasonally adjusted,DNK,Denmark,S1,Total economy,S1,Total economy,B1GQ_POP,"Gross domestic product, per capita",_Z,Not applicable,_Z,Not applicable,_Z,Not applicable,USD_PPP_PS,"US dollars per person, PPP converted",V,Current prices,LA,Annual levels,T0102,Table 0102 - GDP identity from the expenditure side,2000,,28653.9,,,,,,F,Free (free for publication),1,One,A,Normal value,0,Units,USD,US dollar
DATAFLOW,OECD.SDD.NAD:DSD_NAMAIN1@DF_QNA_EXPENDITURE_CAPITA(1.1),Quarterly GDP per capita,I,A,Annual,Y,Calendar and seasonally adjusted,DNK,Denmark,S1,Total economy,S1,Total economy,B1GQ_POP,"Gross domestic product, per capita",_Z,Not applicable,_Z,Not applicable,_Z,Not applicable,USD_PPP_PS,"US dollars per person, PPP converted",LR,Chain linked volume (rebased),LA,Annual levels,T0102,Table 0102 - GDP identity from the expenditure side,2010,,57390.4,,2020,,,,F,Free (free for publication),1,One,A,Normal value,0,Units,USD,US dollar
DATAFLOW,OECD.SDD.NAD:DSD_NAMAIN1@DF_QNA_EXPENDITURE_CAPITA(1.1),Quarterly GDP per capita,I,A,Annual,Y,Calendar and seasonally adjusted,DNK,Denmark,S1,Total economy,S1,Total economy,B1GQ_POP,"Gross domestic product, per capita",_Z,Not applicable,_Z,Not applicable,_Z,Not applicable,USD_PPP_PS,"US dollars per person, PPP converted",LR,Chain linked volume (rebased),LA,Annual levels,T0102,Table 0102 - GDP identity from the expenditure side,2009,,56749.6,,2020,,,,F,Free (free for publication),1,One,A,Normal value,0,Units,USD,US dollar
DATAFLOW,OECD.SDD.NAD:DSD_NAMAIN1@DF_QNA_EXPENDITURE_CAPITA(1.1),Quarterly GDP per capita,I,A,Annual,Y,Calendar and seasonally adjusted,DNK,Denmark,S1,Total economy,S1,Total economy,B1GQ_POP,"Gross domestic product, per capita",_Z,Not applicable,_Z,Not applicable,_Z,Not applicable,USD_PPP_PS,"US dollars per person, PPP converted",LR,Chain linked volume (rebased),LA,Annual levels,T0102,Table 0102 - GDP identity from the expenditure side,2008,,60045.1,,2020,,,,F,Free (free for publication),1,One,A,Normal value,0,Units,USD,US dollar
DATAFLOW,OECD.SDD.NAD:DSD_NAMAIN1@DF_QNA_EXPENDITURE_CAPITA(1.1),Quarterly GDP per capita,I,A,Annual,Y,Calendar and seasonally adjusted,DNK,Denmark,S1,Total economy,S1,Total economy,B1GQ_POP,"Gross domestic product, per capita",_Z,Not applicable,_Z,Not applicable,_Z,Not applicable,USD_PPP_PS,"US dollars per person, PPP converted",LR,Chain linked volume (rebased),LA,Annual levels,T0102,Table 0102 - GDP identity from the expenditure side,2007,,60653.6,,2020,,,,F,Free (free for publication),1,One,A,Normal value,0,Units,USD,US dollar
DATAFLOW,OECD.SDD.NAD:DSD_NAMAIN1@DF_QNA_EXPENDITURE_CAPITA(1.1),Quarterly GDP per capita,I,A,Annual,Y,Calendar and seasonally adjusted,DNK,Denmark,S1,Total economy,S1,Total economy,B1GQ_POP,"Gross domestic product, per capita",_Z,Not applicable,_Z,Not applicable,_Z,Not applicable,USD_PPP_PS,"US dollars per person, PPP converted",LR,Chain linked volume (rebased),LA,Annual levels,T0102,Table 0102 - GDP identity from the expenditure side,2006,,60321.9,,2020,,,,F,Free (free for publication),1,One,A,Normal value,0,Units,USD,US dollar
DATAFLOW,OECD.SDD.NAD:DSD_NAMAIN1@DF_QNA_EXPENDITURE_CAPITA(1.1),Quarterly GDP per capita,I,A,Annual,Y,Calendar and seasonally adjusted,DNK,Denmark,S1,Total economy,S1,Total economy,B1GQ_POP,"Gross domestic product, per capita",_Z,Not applicable,_Z,Not applicable,_Z,Not applicable,USD_PPP_PS,"US dollars per person, PPP converted",LR,Chain linked volume (rebased),LA,Annual levels,T0102,Table 0102 - GDP identity from the expenditure side,2005,,58299.4,,2020,,,,F,Free (free for publication),1,One,A,Normal value,0,Units,USD,US dollar
DATAFLOW,OECD.SDD.NAD:DSD_NAMAIN1@DF_QNA_EXPENDITURE_CAPITA(1.1),Quarterly GDP per capita,I,A,Annual,Y,Calendar and seasonally adjusted,DNK,Denmark,S1,Total economy,S1,Total economy,B1GQ_POP,"Gross domestic product, per capita",_Z,Not applicable,_Z,Not applicable,_Z,Not applicable,USD_PPP_PS,"US dollars per person, PPP converted",LR,Chain linked volume (rebased),LA,Annual levels,T0102,Table 0102 - GDP identity from the expenditure side,2004,,57119.1,,2020,,,,F,Free (free for publication),1,One,A,Normal value,0,Units,USD,US dollar
DATAFLOW,OECD.SDD.NAD:DSD_NAMAIN1@DF_QNA_EXPENDITURE_CAPITA(1.1),Quarterly GDP per capita,I,A,Annual,Y,Calendar and seasonally adjusted,DNK,Denmark,S1,Total economy,S1,Total economy,B1GQ_POP,"Gross domestic product, per capita",_Z,Not applicable,_Z,Not applicable,_Z,Not applicable,USD_PPP_PS,"US dollars per person, PPP converted",LR,Chain linked volume (rebased),LA,Annual levels,T0102,Table 0102 - GDP identity from the expenditure side,2003,,55715.5,,2020,,,,F,Free (free for publication),1,One,A,Normal value,0,Units,USD,US dollar
DATAFLOW,OECD.SDD.NAD:DSD_NAMAIN1@DF_QNA_EXPENDITURE_CAPITA(1.1),Quarterly GDP per capita,I,A,Annual,Y,Calendar and seasonally adjusted,DNK,Denmark,S1,Total economy,S1,Total economy,B1GQ_POP,"Gross domestic product, per capita",_Z,Not applicable,_Z,Not applicable,_Z,Not applicable,USD_PPP_PS,"US dollars per person, PPP converted",LR,Chain linked volume (rebased),LA,Annual levels,T0102,Table 0102 - GDP identity from the expenditure side,2002,,55614.8,,2020,,,,F,Free (free for publication),1,One,A,Normal value,0,Units,USD,US dollar
DATAFLOW,OECD.SDD.NAD:DSD_NAMAIN1@DF_QNA_EXPENDITURE_CAPITA(1.1),Quarterly GDP per capita,I,A,Annual,Y,Calendar and seasonally adjusted,DNK,Denmark,S1,Total economy,S1,Total economy,B1GQ_POP,"Gross domestic product, per capita",_Z,Not applicable,_Z,Not applicable,_Z,Not applicable,USD_PPP_PS,"US dollars per person, PPP converted",LR,Chain linked volume (rebased),LA,Annual levels,T0102,Table 0102 - GDP identity from the expenditure side,2001,,55551,,2020,,,,F,Free (free for publication),1,One,A,Normal value,0,Units,USD,US dollar
DATAFLOW,OECD.SDD.NAD:DSD_NAMAIN1@DF_QNA_EXPENDITURE_CAPITA(1.1),Quarterly GDP per capita,I,A,Annual,Y,Calendar and seasonally adjusted,DNK,Denmark,S1,Total economy,S1,Total economy,B1GQ_POP,"Gross domestic product, per capita",_Z,Not applicable,_Z,Not applicable,_Z,Not applicable,USD_PPP_PS,"US dollars per person, PPP converted",LR,Chain linked volume (rebased),LA,Annual levels,T0102,Table 0102 - GDP identity from the expenditure side,2000,,55222,,2020,,,,F,Free (free for publication),1,One,A,Normal value,0,Units,USD,US dollar
DATAFLOW,OECD.SDD.NAD:DSD_NAMAIN1@DF_QNA_EXPENDITURE_CAPITA(1.1),Quarterly GDP per capita,I,A,Annual,Y,Calendar and seasonally adjusted,DNK,Denmark,S1,Total economy,S1,Total economy,B1GQ_POP,"Gross domestic product, per capita",_Z,Not applicable,_Z,Not applicable,_Z,Not applicable,USD_PPP_PS,"US dollars per person, PPP converted",LR,Chain linked volume (rebased),LA,Annual levels,T0102,Table 0102 - GDP identity from the expenditure side,2014,,58687.2,,2020,,,,F,Free (free for publication),1,One,A,Normal value,0,Units,USD,US dollar
DATAFLOW,OECD.SDD.NAD:DSD_NAMAIN1@DF_QNA_EXPENDITURE_CAPITA(1.1),Quarterly GDP per capita,I,A,Annual,Y,Calendar and seasonally adjusted,DNK,Denmark,S1,Total economy,S1,Total economy,B1GQ_POP,"Gross domestic product, per capita",_Z,Not applicable,_Z,Not applicable,_Z,Not applicable,USD_PPP_PS,"US dollars per person, PPP converted",LR,Chain linked volume (rebased),LA,Annual levels,T0102,Table 0102 - GDP identity from the expenditure side,2013,,58257.2,,2020,,,,F,Free (free for publication),1,One,A,Normal value,0,Units,USD,US dollar
DATAFLOW,OECD.SDD.NAD:DSD_NAMAIN1@DF_QNA_EXPENDITURE_CAPITA(1.1),Quarterly GDP per capita,I,A,Annual,Y,Calendar and seasonally adjusted,DNK,Denmark,S1,Total economy,S1,Total economy,B1GQ_POP,"Gross domestic product, per capita",_Z,Not applicable,_Z,Not applicable,_Z,Not applicable,USD_PPP_PS,"US dollars per person, PPP converted",V,Current prices,LA,Annual levels,T0102,Table 0102 - GDP identity from the expenditure side,2013,,46883.1,,,,,,F,Free (free for publication),1,One,A,Normal value,0,Units,USD,US dollar
DATAFLOW,OECD.SDD.NAD:DSD_NAMAIN1@DF_QNA_EXPENDITURE_CAPITA(1.1),Quarterly GDP per capita,I,A,Annual,Y,Calendar and seasonally adjusted,DNK,Denmark,S1,Total economy,S1,Total economy,B1GQ_POP,"Gross domestic product, per capita",_Z,Not applicable,_Z,Not applicable,_Z,Not applicable,USD_PPP_PS,"US dollars per person, PPP converted",V,Current prices,LA,Annual levels,T0102,Table 0102 - GDP identity from the expenditure side,2012,,44761.6,,,,,,F,Free (free for publication),1,One,A,Normal value,0,Units,USD,US dollar
DATAFLOW,OECD.SDD.NAD:DSD_NAMAIN1@DF_QNA_EXPENDITURE_CAPITA(1.1),Quarterly GDP per capita,I,A,Annual,Y,Calendar and seasonally adjusted,DNK,Denmark,S1,Total economy,S1,Total economy,B1GQ_POP,"Gross domestic product, per capita",_Z,Not applicable,_Z,Not applicable,_Z,Not applicable,USD_PPP_PS,"US dollars per person, PPP converted",V,Current prices,LA,Annual levels,T0102,Table 0102 - GDP identity from the expenditure side,2011,,44446.6,,,,,,F,Free (free for publication),1,One,A,Normal value,0,Units,USD,US dollar
DATAFLOW,OECD.SDD.NAD:DSD_NAMAIN1@DF_QNA_EXPENDITURE_CAPITA(1.1),Quarterly GDP per capita,I,A,Annual,Y,Calendar and seasonally adjusted,DNK,Denmark,S1,Total economy,S1,Total economy,B1GQ_POP,"Gross domestic product, per capita",_Z,Not applicable,_Z,Not applicable,_Z,Not applicable,USD_PPP_PS,"US dollars per person, PPP converted",V,Current prices,LA,Annual levels,T0102,Table 0102 - GDP identity from the expenditure side,2010,,43040.1,,,,,,F,Free (free for publication),1,One,A,Normal value,0,Units,USD,US dollar
DATAFLOW,OECD.SDD.NAD:DSD_NAMAIN1@DF_QNA_EXPENDITURE_CAPITA(1.1),Quarterly GDP per capita,I,A,Annual,Y,Calendar and seasonally adjusted,DNK,Denmark,S1,Total economy,S1,Total economy,B1GQ_POP,"Gross domestic product, per capita",_Z,Not applicable,_Z,Not applicable,_Z,Not applicable,USD_PPP_PS,"US dollars per person, PPP converted",V,Current prices,LA,Annual levels,T0102,Table 0102 - GDP identity from the expenditure side,2024,,80940.3,,,,,,F,Free (free for publication),1,One,A,Normal value,0,Units,USD,US dollar
DATAFLOW,OECD.SDD.NAD:DSD_NAMAIN1@DF_QNA_EXPENDITURE_CAPITA(1.1),Quarterly GDP per capita,I,A,Annual,Y,Calendar and seasonally adjusted,DNK,Denmark,S1,Total economy,S1,Total economy,B1GQ_POP,"Gross domestic product, per capita",_Z,Not applicable,_Z,Not applicable,_Z,Not applicable,USD_PPP_PS,"US dollars per person, PPP converted",V,Current prices,LA,Annual levels,T0102,Table 0102 - GDP identity from the expenditure side,2023,,77411.9,,,,,,F,Free (free for publication),1,One,A,Normal value,0,Units,USD,US dollar
DATAFLOW,OECD.SDD.NAD:DSD_NAMAIN1@DF_QNA_EXPENDITURE_CAPITA(1.1),Quarterly GDP per capita,I,A,Annual,Y,Calendar and seasonally adjusted,DNK,Denmark,S1,Total economy,S1,Total economy,B1GQ_POP,"Gross domestic product, per capita",_Z,Not applicable,_Z,Not applicable,_Z,Not applicable,USD_PPP_PS,"US dollars per person, PPP converted",V,Current prices,LA,Annual levels,T0102,Table 0102 - GDP identity from the expenditure side,2022,,78509.6,,,,,,F,Free (free for publication),1,One,A,Normal value,0,Units,USD,US dollar
DATAFLOW,OECD.SDD.NAD:DSD_NAMAIN1@DF_QNA_EXPENDITURE_CAPITA(1.1),Quarterly GDP per capita,I,A,Annual,Y,Calendar and seasonally adjusted,DNK,Denmark,S1,Total economy,S1,Total economy,B1GQ_POP,"Gross domestic product, per capita",_Z,Not applicable,_Z,Not applicable,_Z,Not applicable,USD_PPP_PS,"US dollars per person, PPP converted",LR,Chain linked volume (rebased),LA,Annual levels,T0102,Table 0102 - GDP identity from the expenditure side,2021,,66494.4,,2020,,,,F,Free (free for publication),1,One,A,Normal value,0,Units,USD,US dollar
DATAFLOW,OECD.SDD.NAD:DSD_NAMAIN1@DF_QNA_EXPENDITURE_CAPITA(1.1),Quarterly GDP per capita,I,A,Annual,Y,Calendar and seasonally adjusted,DNK,Denmark,S1,Total economy,S1,Total economy,B1GQ_POP,"Gross domestic product, per capita",_Z,Not applicable,_Z,Not applicable,_Z,Not applicable,USD_PPP_PS,"US dollars per person, PPP converted",LR,Chain linked volume (rebased),LA,Annual levels,T0102,Table 0102 - GDP identity from the expenditure side,2020,,62700.5,,2020,,,,F,Free (free for publication),1,One,A,Normal value,0,Units,USD,US dollar
DATAFLOW,OECD.SDD.NAD:DSD_NAMAIN1@DF_QNA_EXPENDITURE_CAPITA(1.1),Quarterly GDP per capita,I,A,Annual,Y,Calendar and seasonally adjusted,DNK,Denmark,S1,Total economy,S1,Total economy,B1GQ_POP,"Gross domestic product, per capita",_Z,Not applicable,_Z,Not applicable,_Z,Not applicable,USD_PPP_PS,"US dollars per person, PPP converted",LR,Chain linked volume (rebased),LA,Annual levels,T0102,Table 0102 - GDP identity from the expenditure side,2019,,63977,,2020,,,,F,Free (free for publication),1,One,A,Normal value,0,Units,USD,US dollar
DATAFLOW,OECD.SDD.NAD:DSD_NAMAIN1@DF_QNA_EXPENDITURE_CAPITA(1.1),Quarterly GDP per capita,I,A,Annual,Y,Calendar and seasonally adjusted,DNK,Denmark,S1,Total economy,S1,Total economy,B1GQ_POP,"Gross domestic product, per capita",_Z,Not applicable,_Z,Not applicable,_Z,Not applicable,USD_PPP_PS,"US dollars per person, PPP converted",LR,Chain linked volume (rebased),LA,Annual levels,T0102,Table 0102 - GDP identity from the expenditure side,2018,,63151,,2020,,,,F,Free (free for publication),1,One,A,Normal value,0,Units,USD,US dollar
DATAFLOW,OECD.SDD.NAD:DSD_NAMAIN1@DF_QNA_EXPENDITURE_CAPITA(1.1),Quarterly GDP per capita,I,A,Annual,Y,Calendar and seasonally adjusted,DNK,Denmark,S1,Total economy,S1,Total economy,B1GQ_POP,"Gross domestic product, per capita",_Z,Not applicable,_Z,Not applicable,_Z,Not applicable,USD_PPP_PS,"US dollars per person, PPP converted",LR,Chain linked volume (rebased),LA,Annual levels,T0102,Table 0102 - GDP identity from the expenditure side,2017,,62307.1,,2020,,,,F,Free (free for publication),1,One,A,Normal value,0,Units,USD,US dollar
DATAFLOW,OECD.SDD.NAD:DSD_NAMAIN1@DF_QNA_EXPENDITURE_CAPITA(1.1),Quarterly GDP per capita,I,A,Annual,Y,Calendar and seasonally adjusted,DNK,Denmark,S1,Total economy,S1,Total economy,B1GQ_POP,"Gross domestic product, per capita",_Z,Not applicable,_Z,Not applicable,_Z,Not applicable,USD_PPP_PS,"US dollars per person, PPP converted",LR,Chain linked volume (rebased),LA,Annual levels,T0102,Table 0102 - GDP identity from the expenditure side,2016,,60842.9,,2020,,,,F,Free (free for publication),1,One,A,Normal value,0,Units,USD,US dollar
DATAFLOW,OECD.SDD.NAD:DSD_NAMAIN1@DF_QNA_EXPENDITURE_CAPITA(1.1),Quarterly GDP per capita,I,A,Annual,Y,Calendar and seasonally adjusted,DNK,Denmark,S1,Total economy,S1,Total economy,B1GQ_POP,"Gross domestic product, per capita",_Z,Not applicable,_Z,Not applicable,_Z,Not applicable,USD_PPP_PS,"US dollars per person, PPP converted",LR,Chain linked volume (rebased),LA,Annual levels,T0102,Table 0102 - GDP identity from the expenditure side,2015,,59509.9,,2020,,,,F,Free (free for publication),1,One,A,Normal value,0,Units,USD,US dollar
DATAFLOW,OECD.SDD.NAD:DSD_NAMAIN1@DF_QNA_EXPENDITURE_CAPITA(1.1),Quarterly GDP per capita,I,A,Annual,Y,Calendar and seasonally adjusted,CAN,Canada,S1,Total economy,S1,Total economy,B1GQ_POP,"Gross domestic product, per capita",_Z,Not applicable,_Z,Not applicable,_Z,Not applicable,USD_PPP_PS,"US dollars per person, PPP converted",LR,Chain linked volume (rebased),LA,Annual levels,T0102,Table 0102 - GDP identity from the expenditure side,2003,,45097.6,,2020,,,,F,Free (free for publication),1,One,A,Normal value,0,Units,USD,US dollar
DATAFLOW,OECD.SDD.NAD:DSD_NAMAIN1@DF_QNA_EXPENDITURE_CAPITA(1.1),Quarterly GDP per capita,I,A,Annual,Y,Calendar and seasonally adjusted,CAN,Canada,S1,Total economy,S1,Total economy,B1GQ_POP,"Gross domestic product, per capita",_Z,Not applicable,_Z,Not applicable,_Z,Not applicable,USD_PPP_PS,"US dollars per person, PPP converted",LR,Chain linked volume (rebased),LA,Annual levels,T0102,Table 0102 - GDP identity from the expenditure side,2002,,44713.4,,2020,,,,F,Free (free for publication),1,One,A,Normal value,0,Units,USD,US dollar
DATAFLOW,OECD.SDD.NAD:DSD_NAMAIN1@DF_QNA_EXPENDITURE_CAPITA(1.1),Quarterly GDP per capita,I,A,Annual,Y,Calendar and seasonally adjusted,CAN,Canada,S1,Total economy,S1,Total economy,B1GQ_POP,"Gross domestic product, per capita",_Z,Not applicable,_Z,Not applicable,_Z,Not applicable,USD_PPP_PS,"US dollars per person, PPP converted",LR,Chain linked volume (rebased),LA,Annual levels,T0102,Table 0102 - GDP identity from the expenditure side,2001,,43883.1,,2020,,,,F,Free (free for publication),1,One,A,Normal value,0,Units,USD,US dollar
DATAFLOW,OECD.SDD.NAD:DSD_NAMAIN1@DF_QNA_EXPENDITURE_CAPITA(1.1),Quarterly GDP per capita,I,A,Annual,Y,Calendar and seasonally adjusted,AUS,Australia,S1,Total economy,S1,Total economy,B1GQ_POP,"Gross domestic product, per capita",_Z,Not applicable,_Z,Not applicable,_Z,Not applicable,USD_PPP_PS,"US dollars per person, PPP converted",V,Current prices,LA,Annual levels,T0102,Table 0102 - GDP identity from the expenditure side,2024,,73236.1,,,,,,F,Free (free for publication),1,One,A,Normal value,0,Units,USD,US dollar
DATAFLOW,OECD.SDD.NAD:DSD_NAMAIN1@DF_QNA_EXPENDITURE_CAPITA(1.1),Quarterly GDP per capita,I,A,Annual,Y,Calendar and seasonally adjusted,AUS,Australia,S1,Total economy,S1,Total economy,B1GQ_POP,"Gross domestic product, per capita",_Z,Not applicable,_Z,Not applicable,_Z,Not applicable,USD_PPP_PS,"US dollars per person, PPP converted",V,Current prices,LA,Annual levels,T0102,Table 0102 - GDP identity from the expenditure side,2023,,73572.2,,,,,,F,Free (free for publication),1,One,A,Normal value,0,Units,USD,US dollar
DATAFLOW,OECD.SDD.NAD:DSD_NAMAIN1@DF_QNA_EXPENDITURE_CAPITA(1.1),Quarterly GDP per capita,I,A,Annual,Y,Calendar and seasonally adjusted,AUS,Australia,S1,Total economy,S1,Total economy,B1GQ_POP,"Gross domestic product, per capita",_Z,Not applicable,_Z,Not applicable,_Z,Not applicable,USD_PPP_PS,"US dollars per person, PPP converted",V,Current prices,LA,Annual levels,T0102,Table 0102 - GDP identity from the expenditure side,2022,,70252,,,,,,F,Free (free for publication),1,One,A,Normal value,0,Units,USD,US dollar
DATAFLOW,OECD.SDD.NAD:DSD_NAMAIN1@DF_QNA_EXPENDITURE_CAPITA(1.1),Quarterly GDP per capita,I,A,Annual,Y,Calendar and seasonally adjusted,CAN,Canada,S1,Total economy,S1,Total economy,B1GQ_POP,"Gross domestic product, per capita",_Z,Not applicable,_Z,Not applicable,_Z,Not applicable,USD_PPP_PS,"US dollars per person, PPP converted",LR,Chain linked volume (rebased),LA,Annual levels,T0102,Table 0102 - GDP identity from the expenditure side,2012,,48607.5,,2020,,,,F,Free (free for publication),1,One,A,Normal value,0,Units,USD,US dollar
DATAFLOW,OECD.SDD.NAD:DSD_NAMAIN1@DF_QNA_EXPENDITURE_CAPITA(1.1),Quarterly GDP per capita,I,A,Annual,Y,Calendar and seasonally adjusted,CAN,Canada,S1,Total economy,S1,Total economy,B1GQ_POP,"Gross domestic product, per capita",_Z,Not applicable,_Z,Not applicable,_Z,Not applicable,USD_PPP_PS,"US dollars per person, PPP converted",V,Current prices,LA,Annual levels,T0102,Table 0102 - GDP identity from the expenditure side,2013,,44362.6,,,,,,F,Free (free for publication),1,One,A,Normal value,0,Units,USD,US dollar
DATAFLOW,OECD.SDD.NAD:DSD_NAMAIN1@DF_QNA_EXPENDITURE_CAPITA(1.1),Quarterly GDP per capita,I,A,Annual,Y,Calendar and seasonally adjusted,CAN,Canada,S1,Total economy,S1,Total economy,B1GQ_POP,"Gross domestic product, per capita",_Z,Not applicable,_Z,Not applicable,_Z,Not applicable,USD_PPP_PS,"US dollars per person, PPP converted",V,Current prices,LA,Annual levels,T0102,Table 0102 - GDP identity from the expenditure side,2012,,42352,,,,,,F,Free (free for publication),1,One,A,Normal value,0,Units,USD,US dollar
DATAFLOW,OECD.SDD.NAD:DSD_NAMAIN1@DF_QNA_EXPENDITURE_CAPITA(1.1),Quarterly GDP per capita,I,A,Annual,Y,Calendar and seasonally adjusted,CAN,Canada,S1,Total economy,S1,Total economy,B1GQ_POP,"Gross domestic product, per capita",_Z,Not applicable,_Z,Not applicable,_Z,Not applicable,USD_PPP_PS,"US dollars per person, PPP converted",V,Current prices,LA,Annual levels,T0102,Table 0102 - GDP identity from the expenditure side,2011,,41716.3,,,,,,F,Free (free for publication),1,One,A,Normal value,0,Units,USD,US dollar
DATAFLOW,OECD.SDD.NAD:DSD_NAMAIN1@DF_QNA_EXPENDITURE_CAPITA(1.1),Quarterly GDP per capita,I,A,Annual,Y,Calendar and seasonally adjusted,CAN,Canada,S1,Total economy,S1,Total economy,B1GQ_POP,"Gross domestic product, per capita",_Z,Not applicable,_Z,Not applicable,_Z,Not applicable,USD_PPP_PS,"US dollars per person, PPP converted",V,Current prices,LA,Annual levels,T0102,Table 0102 - GDP identity from the expenditure side,2024,,65713.1,,,,,,F,Free (free for publication),1,One,A,Normal value,0,Units,USD,US dollar
DATAFLOW,OECD.SDD.NAD:DSD_NAMAIN1@DF_QNA_EXPENDITURE_CAPITA(1.1),Quarterly GDP per capita,I,A,Annual,Y,Calendar and seasonally adjusted,CAN,Canada,S1,Total economy,S1,Total economy,B1GQ_POP,"Gross domestic product, per capita",_Z,Not applicable,_Z,Not applicable,_Z,Not applicable,USD_PPP_PS,"US dollars per person, PPP converted",V,Current prices,LA,Annual levels,T0102,Table 0102 - GDP identity from the expenditure side,2023,,65145.6,,,,,,F,Free (free for publication),1,One,A,Normal value,0,Units,USD,US dollar
DATAFLOW,OECD.SDD.NAD:DSD_NAMAIN1@DF_QNA_EXPENDITURE_CAPITA(1.1),Quarterly GDP per capita,I,A,Annual,Y,Calendar and seasonally adjusted,CZE,Czechia,S1,Total economy,S1,Total economy,B1GQ_POP,"Gross domestic product, per capita",_Z,Not applicable,_Z,Not applicable,_Z,Not applicable,USD_PPP_PS,"US dollars per person, PPP converted",V,Current prices,LA,Annual levels,T0102,Table 0102 - GDP identity from the expenditure side,2000,,16305.8,,,,,,F,Free (free for publication),1,One,A,Normal value,0,Units,USD,US dollar
DATAFLOW,OECD.SDD.NAD:DSD_NAMAIN1@DF_QNA_EXPENDITURE_CAPITA(1.1),Quarterly GDP per capita,I,A,Annual,Y,Calendar and seasonally adjusted,CZE,Czechia,S1,Total economy,S1,Total economy,B1GQ_POP,"Gross domestic product, per capita",_Z,Not applicable,_Z,Not applicable,_Z,Not applicable,USD_PPP_PS,"US dollars per person, PPP converted",LR,Chain linked volume (rebased),LA,Annual levels,T0102,Table 0102 - GDP identity from the expenditure side,2024,,47717.1,,2020,,,,F,Free (free for publication),1,One,A,Normal value,0,Units,USD,US dollar
DATAFLOW,OECD.SDD.NAD:DSD_NAMAIN1@DF_QNA_EXPENDITURE_CAPITA(1.1),Quarterly GDP per capita,I,A,Annual,Y,Calendar and seasonally adjusted,CZE,Czechia,S1,Total economy,S1,Total economy,B1GQ_POP,"Gross domestic product, per capita",_Z,Not applicable,_Z,Not applicable,_Z,Not applicable,USD_PPP_PS,"US dollars per person, PPP converted",LR,Chain linked volume (rebased),LA,Annual levels,T0102,Table 0102 - GDP identity from the expenditure side,2023,,47201.1,,2020,,,,F,Free (free for publication),1,One,A,Normal value,0,Units,USD,US dollar
DATAFLOW,OECD.SDD.NAD:DSD_NAMAIN1@DF_QNA_EXPENDITURE_CAPITA(1.1),Quarterly GDP per capita,I,A,Annual,Y,Calendar and seasonally adjusted,CZE,Czechia,S1,Total economy,S1,Total economy,B1GQ_POP,"Gross domestic product, per capita",_Z,Not applicable,_Z,Not applicable,_Z,Not applicable,USD_PPP_PS,"US dollars per person, PPP converted",LR,Chain linked volume (rebased),LA,Annual levels,T0102,Table 0102 - GDP identity from the expenditure side,2011,,39457.9,,2020,,,,F,Free (free for publication),1,One,A,Normal value,0,Units,USD,US dollar
DATAFLOW,OECD.SDD.NAD:DSD_NAMAIN1@DF_QNA_EXPENDITURE_CAPITA(1.1),Quarterly GDP per capita,I,A,Annual,Y,Calendar and seasonally adjusted,CZE,Czechia,S1,Total economy,S1,Total economy,B1GQ_POP,"Gross domestic product, per capita",_Z,Not applicable,_Z,Not applicable,_Z,Not applicable,USD_PPP_PS,"US dollars per person, PPP converted",LR,Chain linked volume (rebased),LA,Annual levels,T0102,Table 0102 - GDP identity from the expenditure side,2010,,38691.5,,2020,,,,F,Free (free for publication),1,One,A,Normal value,0,Units,USD,US dollar
DATAFLOW,OECD.SDD.NAD:DSD_NAMAIN1@DF_QNA_EXPENDITURE_CAPITA(1.1),Quarterly GDP per capita,I,A,Annual,Y,Calendar and seasonally adjusted,FRA,France,S1,Total economy,S1,Total economy,B1GQ_POP,"Gross domestic product, per capita",_Z,Not applicable,_Z,Not applicable,_Z,Not applicable,USD_PPP_PS,"US dollars per person, PPP converted",LR,Chain linked volume (rebased),LA,Annual levels,T0102,Table 0102 - GDP identity from the expenditure side,2024,,54988.8,,2020,,,,F,Free (free for publication),1,One,A,Normal value,0,Units,USD,US dollar
DATAFLOW,OECD.SDD.NAD:DSD_NAMAIN1@DF_QNA_EXPENDITURE_CAPITA(1.1),Quarterly GDP per capita,I,A,Annual,Y,Calendar and seasonally adjusted,FRA,France,S1,Total economy,S1,Total economy,B1GQ_POP,"Gross domestic product, per capita",_Z,Not applicable,_Z,Not applicable,_Z,Not applicable,USD_PPP_PS,"US dollars per person, PPP converted",V,Current prices,LA,Annual levels,T0102,Table 0102 - GDP identity from the expenditure side,2006,,32540.6,,,,,,F,Free (free for publication),1,One,A,Normal value,0,Units,USD,US dollar
DATAFLOW,OECD.SDD.NAD:DSD_NAMAIN1@DF_QNA_EXPENDITURE_CAPITA(1.1),Quarterly GDP per capita,I,A,Annual,Y,Calendar and seasonally adjusted,FRA,France,S1,Total economy,S1,Total economy,B1GQ_POP,"Gross domestic product, per capita",_Z,Not applicable,_Z,Not applicable,_Z,Not applicable,USD_PPP_PS,"US dollars per person, PPP converted",V,Current prices,LA,Annual levels,T0102,Table 0102 - GDP identity from the expenditure side,2005,,30536.1,,,,,,F,Free (free for publication),1,One,A,Normal value,0,Units,USD,US dollar
DATAFLOW,OECD.SDD.NAD:DSD_NAMAIN1@DF_QNA_EXPENDITURE_CAPITA(1.1),Quarterly GDP per capita,I,A,Annual,Y,Calendar and seasonally adjusted,FRA,France,S1,Total economy,S1,Total economy,B1GQ_POP,"Gross domestic product, per capita",_Z,Not applicable,_Z,Not applicable,_Z,Not applicable,USD_PPP_PS,"US dollars per person, PPP converted",V,Current prices,LA,Annual levels,T0102,Table 0102 - GDP identity from the expenditure side,2004,,29016.7,,,,,,F,Free (free for publication),1,One,A,Normal value,0,Units,USD,US dollar
DATAFLOW,OECD.SDD.NAD:DSD_NAMAIN1@DF_QNA_EXPENDITURE_CAPITA(1.1),Quarterly GDP per capita,I,A,Annual,Y,Calendar and seasonally adjusted,FRA,France,S1,Total economy,S1,Total economy,B1GQ_POP,"Gross domestic product, per capita",_Z,Not applicable,_Z,Not applicable,_Z,Not applicable,USD_PPP_PS,"US dollars per person, PPP converted",V,Current prices,LA,Annual levels,T0102,Table 0102 - GDP identity from the expenditure side,2003,,28113.2,,,,,,F,Free (free for publication),1,One,A,Normal value,0,Units,USD,US dollar
DATAFLOW,OECD.SDD.NAD:DSD_NAMAIN1@DF_QNA_EXPENDITURE_CAPITA(1.1),Quarterly GDP per capita,I,A,Annual,Y,Calendar and seasonally adjusted,FRA,France,S1,Total economy,S1,Total economy,B1GQ_POP,"Gross domestic product, per capita",_Z,Not applicable,_Z,Not applicable,_Z,Not applicable,USD_PPP_PS,"US dollars per person, PPP converted",V,Current prices,LA,Annual levels,T0102,Table 0102 - GDP identity from the expenditure side,2002,,28436.8,,,,,,F,Free (free for publication),1,One,A,Normal value,0,Units,USD,US dollar
DATAFLOW,OECD.SDD.NAD:DSD_NAMAIN1@DF_QNA_EXPENDITURE_CAPITA(1.1),Quarterly GDP per capita,I,A,Annual,Y,Calendar and seasonally adjusted,FRA,France,S1,Total economy,S1,Total economy,B1GQ_POP,"Gross domestic product, per capita",_Z,Not applicable,_Z,Not applicable,_Z,Not applicable,USD_PPP_PS,"US dollars per person, PPP converted",V,Current prices,LA,Annual levels,T0102,Table 0102 - GDP identity from the expenditure side,2001,,27427.3,,,,,,F,Free (free for publication),1,One,A,Normal value,0,Units,USD,US dollar
DATAFLOW,OECD.SDD.NAD:DSD_NAMAIN1@DF_QNA_EXPENDITURE_CAPITA(1.1),Quarterly GDP per capita,I,A,Annual,Y,Calendar and seasonally adjusted,FRA,France,S1,Total economy,S1,Total economy,B1GQ_POP,"Gross domestic product, per capita",_Z,Not applicable,_Z,Not applicable,_Z,Not applicable,USD_PPP_PS,"US dollars per person, PPP converted",V,Current prices,LA,Annual levels,T0102,Table 0102 - GDP identity from the expenditure side,2000,,26081.5,,,,,,F,Free (free for publication),1,One,A,Normal value,0,Units,USD,US dollar
DATAFLOW,OECD.SDD.NAD:DSD_NAMAIN1@DF_QNA_EXPENDITURE_CAPITA(1.1),Quarterly GDP per capita,I,A,Annual,Y,Calendar and seasonally adjusted,FRA,France,S1,Total economy,S1,Total economy,B1GQ_POP,"Gross domestic product, per capita",_Z,Not applicable,_Z,Not applicable,_Z,Not applicable,USD_PPP_PS,"US dollars per person, PPP converted",LR,Chain linked volume (rebased),LA,Annual levels,T0102,Table 0102 - GDP identity from the expenditure side,2005,,48591.2,,2020,,,,F,Free (free for publication),1,One,A,Normal value,0,Units,USD,US dollar
DATAFLOW,OECD.SDD.NAD:DSD_NAMAIN1@DF_QNA_EXPENDITURE_CAPITA(1.1),Quarterly GDP per capita,I,A,Annual,Y,Calendar and seasonally adjusted,FRA,France,S1,Total economy,S1,Total economy,B1GQ_POP,"Gross domestic product, per capita",_Z,Not applicable,_Z,Not applicable,_Z,Not applicable,USD_PPP_PS,"US dollars per person, PPP converted",LR,Chain linked volume (rebased),LA,Annual levels,T0102,Table 0102 - GDP identity from the expenditure side,2004,,48043.5,,2020,,,,F,Free (free for publication),1,One,A,Normal value,0,Units,USD,US dollar
DATAFLOW,OECD.SDD.NAD:DSD_NAMAIN1@DF_QNA_EXPENDITURE_CAPITA(1.1),Quarterly GDP per capita,I,A,Annual,Y,Calendar and seasonally adjusted,FRA,France,S1,Total economy,S1,Total economy,B1GQ_POP,"Gross domestic product, per capita",_Z,Not applicable,_Z,Not applicable,_Z,Not applicable,USD_PPP_PS,"US dollars per person, PPP converted",LR,Chain linked volume (rebased),LA,Annual levels,T0102,Table 0102 - GDP identity from the expenditure side,2003,,47041.7,,2020,,,,F,Free (free for publication),1,One,A,Normal value,0,Units,USD,US dollar
DATAFLOW,OECD.SDD.NAD:DSD_NAMAIN1@DF_QNA_EXPENDITURE_CAPITA(1.1),Quarterly GDP per capita,I,A,Annual,Y,Calendar and seasonally adjusted,FRA,France,S1,Total economy,S1,Total economy,B1GQ_POP,"Gross domestic product, per capita",_Z,Not applicable,_Z,Not applicable,_Z,Not applicable,USD_PPP_PS,"US dollars per person, PPP converted",LR,Chain linked volume (rebased),LA,Annual levels,T0102,Table 0102 - GDP identity from the expenditure side,2002,,46915,,2020,,,,F,Free (free for publication),1,One,A,Normal value,0,Units,USD,US dollar
DATAFLOW,OECD.SDD.NAD:DSD_NAMAIN1@DF_QNA_EXPENDITURE_CAPITA(1.1),Quarterly GDP per capita,I,A,Annual,Y,Calendar and seasonally adjusted,FRA,France,S1,Total economy,S1,Total economy,B1GQ_POP,"Gross domestic product, per capita",_Z,Not applicable,_Z,Not applicable,_Z,Not applicable,USD_PPP_PS,"US dollars per person, PPP converted",LR,Chain linked volume (rebased),LA,Annual levels,T0102,Table 0102 - GDP identity from the expenditure side,2001,,46752.7,,2020,,,,F,Free (free for publication),1,One,A,Normal value,0,Units,USD,US dollar
DATAFLOW,OECD.SDD.NAD:DSD_NAMAIN1@DF_QNA_EXPENDITURE_CAPITA(1.1),Quarterly GDP per capita,I,A,Annual,Y,Calendar and seasonally adjusted,FRA,France,S1,Total economy,S1,Total economy,B1GQ_POP,"Gross domestic product, per capita",_Z,Not applicable,_Z,Not applicable,_Z,Not applicable,USD_PPP_PS,"US dollars per person, PPP converted",LR,Chain linked volume (rebased),LA,Annual levels,T0102,Table 0102 - GDP identity from the expenditure side,2000,,46212.4,,2020,,,,F,Free (free for publication),1,One,A,Normal value,0,Units,USD,US dollar
DATAFLOW,OECD.SDD.NAD:DSD_NAMAIN1@DF_QNA_EXPENDITURE_CAPITA(1.1),Quarterly GDP per capita,I,A,Annual,Y,Calendar and seasonally adjusted,FRA,France,S1,Total economy,S1,Total economy,B1GQ_POP,"Gross domestic product, per capita",_Z,Not applicable,_Z,Not applicable,_Z,Not applicable,USD_PPP_PS,"US dollars per person, PPP converted",LR,Chain linked volume (rebased),LA,Annual levels,T0102,Table 0102 - GDP identity from the expenditure side,2023,,54484.5,,2020,,,,F,Free (free for publication),1,One,A,Normal value,0,Units,USD,US dollar
DATAFLOW,OECD.SDD.NAD:DSD_NAMAIN1@DF_QNA_EXPENDITURE_CAPITA(1.1),Quarterly GDP per capita,I,A,Annual,Y,Calendar and seasonally adjusted,FRA,France,S1,Total economy,S1,Total economy,B1GQ_POP,"Gross domestic product, per capita",_Z,Not applicable,_Z,Not applicable,_Z,Not applicable,USD_PPP_PS,"US dollars per person, PPP converted",LR,Chain linked volume (rebased),LA,Annual levels,T0102,Table 0102 - GDP identity from the expenditure side,2022,,53849.5,,2020,,,,F,Free (free for publication),1,One,A,Normal value,0,Units,USD,US dollar
DATAFLOW,OECD.SDD.NAD:DSD_NAMAIN1@DF_QNA_EXPENDITURE_CAPITA(1.1),Quarterly GDP per capita,I,A,Annual,Y,Calendar and seasonally adjusted,FRA,France,S1,Total economy,S1,Total economy,B1GQ_POP,"Gross domestic product, per capita",_Z,Not applicable,_Z,Not applicable,_Z,Not applicable,USD_PPP_PS,"US dollars per person, PPP converted",LR,Chain linked volume (rebased),LA,Annual levels,T0102,Table 0102 - GDP identity from the expenditure side,2021,,52624.6,,2020,,,,F,Free (free for publication),1,One,A,Normal value,0,Units,USD,US dollar
DATAFLOW,OECD.SDD.NAD:DSD_NAMAIN1@DF_QNA_EXPENDITURE_CAPITA(1.1),Quarterly GDP per capita,I,A,Annual,Y,Calendar and seasonally adjusted,FRA,France,S1,Total economy,S1,Total economy,B1GQ_POP,"Gross domestic product, per capita",_Z,Not applicable,_Z,Not applicable,_Z,Not applicable,USD_PPP_PS,"US dollars per person, PPP converted",LR,Chain linked volume (rebased),LA,Annual levels,T0102,Table 0102 - GDP identity from the expenditure side,2008,,50440.4,,2020,,,,F,Free (free for publication),1,One,A,Normal value,0,Units,USD,US dollar
DATAFLOW,OECD.SDD.NAD:DSD_NAMAIN1@DF_QNA_EXPENDITURE_CAPITA(1.1),Quarterly GDP per capita,I,A,Annual,Y,Calendar and seasonally adjusted,FRA,France,S1,Total economy,S1,Total economy,B1GQ_POP,"Gross domestic product, per capita",_Z,Not applicable,_Z,Not applicable,_Z,Not applicable,USD_PPP_PS,"US dollars per person, PPP converted",LR,Chain linked volume (rebased),LA,Annual levels,T0102,Table 0102 - GDP identity from the expenditure side,2007,,50521.9,,2020,,,,F,Free (free for publication),1,One,A,Normal value,0,Units,USD,US dollar
DATAFLOW,OECD.SDD.NAD:DSD_NAMAIN1@DF_QNA_EXPENDITURE_CAPITA(1.1),Quarterly GDP per capita,I,A,Annual,Y,Calendar and seasonally adjusted,FRA,France,S1,Total economy,S1,Total economy,B1GQ_POP,"Gross domestic product, per capita",_Z,Not applicable,_Z,Not applicable,_Z,Not applicable,USD_PPP_PS,"US dollars per person, PPP converted",LR,Chain linked volume (rebased),LA,Annual levels,T0102,Table 0102 - GDP identity from the expenditure side,2006,,49571.8,,2020,,,,F,Free (free for publication),1,One,A,Normal value,0,Units,USD,US dollar
DATAFLOW,OECD.SDD.NAD:DSD_NAMAIN1@DF_QNA_EXPENDITURE_CAPITA(1.1),Quarterly GDP per capita,I,A,Annual,Y,Calendar and seasonally adjusted,FRA,France,S1,Total economy,S1,Total economy,B1GQ_POP,"Gross domestic product, per capita",_Z,Not applicable,_Z,Not applicable,_Z,Not applicable,USD_PPP_PS,"US dollars per person, PPP converted",V,Current prices,LA,Annual levels,T0102,Table 0102 - GDP identity from the expenditure side,2023,,60927,,,,,,F,Free (free for publication),1,One,A,Normal value,0,Units,USD,US dollar
DATAFLOW,OECD.SDD.NAD:DSD_NAMAIN1@DF_QNA_EXPENDITURE_CAPITA(1.1),Quarterly GDP per capita,I,A,Annual,Y,Calendar and seasonally adjusted,FIN,Finland,S1,Total economy,S1,Total economy,B1GQ_POP,"Gross domestic product, per capita",_Z,Not applicable,_Z,Not applicable,_Z,Not applicable,USD_PPP_PS,"US dollars per person, PPP converted",V,Current prices,LA,Annual levels,T0102,Table 0102 - GDP identity from the expenditure side,2015,,42250.4,,,,,,F,Free (free for publication),1,One,A,Normal value,0,Units,USD,US dollar
DATAFLOW,OECD.SDD.NAD:DSD_NAMAIN1@DF_QNA_EXPENDITURE_CAPITA(1.1),Quarterly GDP per capita,I,A,Annual,Y,Calendar and seasonally adjusted,FIN,Finland,S1,Total economy,S1,Total economy,B1GQ_POP,"Gross domestic product, per capita",_Z,Not applicable,_Z,Not applicable,_Z,Not applicable,USD_PPP_PS,"US dollars per person, PPP converted",V,Current prices,LA,Annual levels,T0102,Table 0102 - GDP identity from the expenditure side,2014,,41539.6,,,,,,F,Free (free for publication),1,One,A,Normal value,0,Units,USD,US dollar
DATAFLOW,OECD.SDD.NAD:DSD_NAMAIN1@DF_QNA_EXPENDITURE_CAPITA(1.1),Quarterly GDP per capita,I,A,Annual,Y,Calendar and seasonally adjusted,FIN,Finland,S1,Total economy,S1,Total economy,B1GQ_POP,"Gross domestic product, per capita",_Z,Not applicable,_Z,Not applicable,_Z,Not applicable,USD_PPP_PS,"US dollars per person, PPP converted",V,Current prices,LA,Annual levels,T0102,Table 0102 - GDP identity from the expenditure side,2013,,41325.6,,,,,,F,Free (free for publication),1,One,A,Normal value,0,Units,USD,US dollar
DATAFLOW,OECD.SDD.NAD:DSD_NAMAIN1@DF_QNA_EXPENDITURE_CAPITA(1.1),Quarterly GDP per capita,I,A,Annual,Y,Calendar and seasonally adjusted,FIN,Finland,S1,Total economy,S1,Total economy,B1GQ_POP,"Gross domestic product, per capita",_Z,Not applicable,_Z,Not applicable,_Z,Not applicable,USD_PPP_PS,"US dollars per person, PPP converted",V,Current prices,LA,Annual levels,T0102,Table 0102 - GDP identity from the expenditure side,2012,,40738.9,,,,,,F,Free (free for publication),1,One,A,Normal value,0,Units,USD,US dollar
DATAFLOW,OECD.SDD.NAD:DSD_NAMAIN1@DF_QNA_EXPENDITURE_CAPITA(1.1),Quarterly GDP per capita,I,A,Annual,Y,Calendar and seasonally adjusted,FIN,Finland,S1,Total economy,S1,Total economy,B1GQ_POP,"Gross domestic product, per capita",_Z,Not applicable,_Z,Not applicable,_Z,Not applicable,USD_PPP_PS,"US dollars per person, PPP converted",V,Current prices,LA,Annual levels,T0102,Table 0102 - GDP identity from the expenditure side,2011,,40845.8,,,,,,F,Free (free for publication),1,One,A,Normal value,0,Units,USD,US dollar
DATAFLOW,OECD.SDD.NAD:DSD_NAMAIN1@DF_QNA_EXPENDITURE_CAPITA(1.1),Quarterly GDP per capita,I,A,Annual,Y,Calendar and seasonally adjusted,FIN,Finland,S1,Total economy,S1,Total economy,B1GQ_POP,"Gross domestic product, per capita",_Z,Not applicable,_Z,Not applicable,_Z,Not applicable,USD_PPP_PS,"US dollars per person, PPP converted",V,Current prices,LA,Annual levels,T0102,Table 0102 - GDP identity from the expenditure side,2010,,38945.9,,,,,,F,Free (free for publication),1,One,A,Normal value,0,Units,USD,US dollar
DATAFLOW,OECD.SDD.NAD:DSD_NAMAIN1@DF_QNA_EXPENDITURE_CAPITA(1.1),Quarterly GDP per capita,I,A,Annual,Y,Calendar and seasonally adjusted,FIN,Finland,S1,Total economy,S1,Total economy,B1GQ_POP,"Gross domestic product, per capita",_Z,Not applicable,_Z,Not applicable,_Z,Not applicable,USD_PPP_PS,"US dollars per person, PPP converted",V,Current prices,LA,Annual levels,T0102,Table 0102 - GDP identity from the expenditure side,2009,,37988.2,,,,,,F,Free (free for publication),1,One,A,Normal value,0,Units,USD,US dollar
DATAFLOW,OECD.SDD.NAD:DSD_NAMAIN1@DF_QNA_EXPENDITURE_CAPITA(1.1),Quarterly GDP per capita,I,A,Annual,Y,Calendar and seasonally adjusted,FIN,Finland,S1,Total economy,S1,Total economy,B1GQ_POP,"Gross domestic product, per capita",_Z,Not applicable,_Z,Not applicable,_Z,Not applicable,USD_PPP_PS,"US dollars per person, PPP converted",V,Current prices,LA,Annual levels,T0102,Table 0102 - GDP identity from the expenditure side,2008,,40081.2,,,,,,F,Free (free for publication),1,One,A,Normal value,0,Units,USD,US dollar
DATAFLOW,OECD.SDD.NAD:DSD_NAMAIN1@DF_QNA_EXPENDITURE_CAPITA(1.1),Quarterly GDP per capita,I,A,Annual,Y,Calendar and seasonally adjusted,FIN,Finland,S1,Total economy,S1,Total economy,B1GQ_POP,"Gross domestic product, per capita",_Z,Not applicable,_Z,Not applicable,_Z,Not applicable,USD_PPP_PS,"US dollars per person, PPP converted",V,Current prices,LA,Annual levels,T0102,Table 0102 - GDP identity from the expenditure side,2007,,37843.1,,,,,,F,Free (free for publication),1,One,A,Normal value,0,Units,USD,US dollar
DATAFLOW,OECD.SDD.NAD:DSD_NAMAIN1@DF_QNA_EXPENDITURE_CAPITA(1.1),Quarterly GDP per capita,I,A,Annual,Y,Calendar and seasonally adjusted,FIN,Finland,S1,Total economy,S1,Total economy,B1GQ_POP,"Gross domestic product, per capita",_Z,Not applicable,_Z,Not applicable,_Z,Not applicable,USD_PPP_PS,"US dollars per person, PPP converted",V,Current prices,LA,Annual levels,T0102,Table 0102 - GDP identity from the expenditure side,2006,,34440.2,,,,,,F,Free (free for publication),1,One,A,Normal value,0,Units,USD,US dollar
DATAFLOW,OECD.SDD.NAD:DSD_NAMAIN1@DF_QNA_EXPENDITURE_CAPITA(1.1),Quarterly GDP per capita,I,A,Annual,Y,Calendar and seasonally adjusted,FIN,Finland,S1,Total economy,S1,Total economy,B1GQ_POP,"Gross domestic product, per capita",_Z,Not applicable,_Z,Not applicable,_Z,Not applicable,USD_PPP_PS,"US dollars per person, PPP converted",V,Current prices,LA,Annual levels,T0102,Table 0102 - GDP identity from the expenditure side,2005,,32047.7,,,,,,F,Free (free for publication),1,One,A,Normal value,0,Units,USD,US dollar
DATAFLOW,OECD.SDD.NAD:DSD_NAMAIN1@DF_QNA_EXPENDITURE_CAPITA(1.1),Quarterly GDP per capita,I,A,Annual,Y,Calendar and seasonally adjusted,FIN,Finland,S1,Total economy,S1,Total economy,B1GQ_POP,"Gross domestic product, per capita",_Z,Not applicable,_Z,Not applicable,_Z,Not applicable,USD_PPP_PS,"US dollars per person, PPP converted",V,Current prices,LA,Annual levels,T0102,Table 0102 - GDP identity from the expenditure side,2004,,31194.9,,,,,,F,Free (free for publication),1,One,A,Normal value,0,Units,USD,US dollar
DATAFLOW,OECD.SDD.NAD:DSD_NAMAIN1@DF_QNA_EXPENDITURE_CAPITA(1.1),Quarterly GDP per capita,I,A,Annual,Y,Calendar and seasonally adjusted,FIN,Finland,S1,Total economy,S1,Total economy,B1GQ_POP,"Gross domestic product, per capita",_Z,Not applicable,_Z,Not applicable,_Z,Not applicable,USD_PPP_PS,"US dollars per person, PPP converted",V,Current prices,LA,Annual levels,T0102,Table 0102 - GDP identity from the expenditure side,2003,,29042.8,,,,,,F,Free (free for publication),1,One,A,Normal value,0,Units,USD,US dollar
DATAFLOW,OECD.SDD.NAD:DSD_NAMAIN1@DF_QNA_EXPENDITURE_CAPITA(1.1),Quarterly GDP per capita,I,A,Annual,Y,Calendar and seasonally adjusted,FIN,Finland,S1,Total economy,S1,Total economy,B1GQ_POP,"Gross domestic product, per capita",_Z,Not applicable,_Z,Not applicable,_Z,Not applicable,USD_PPP_PS,"US dollars per person, PPP converted",V,Current prices,LA,Annual levels,T0102,Table 0102 - GDP identity from the expenditure side,2002,,28596.3,,,,,,F,Free (free for publication),1,One,A,Normal value,0,Units,USD,US dollar
DATAFLOW,OECD.SDD.NAD:DSD_NAMAIN1@DF_QNA_EXPENDITURE_CAPITA(1.1),Quarterly GDP per capita,I,A,Annual,Y,Calendar and seasonally adjusted,FIN,Finland,S1,Total economy,S1,Total economy,B1GQ_POP,"Gross domestic product, per capita",_Z,Not applicable,_Z,Not applicable,_Z,Not applicable,USD_PPP_PS,"US dollars per person, PPP converted",V,Current prices,LA,Annual levels,T0102,Table 0102 - GDP identity from the expenditure side,2001,,27798.1,,,,,,F,Free (free for publication),1,One,A,Normal value,0,Units,USD,US dollar
DATAFLOW,OECD.SDD.NAD:DSD_NAMAIN1@DF_QNA_EXPENDITURE_CAPITA(1.1),Quarterly GDP per capita,I,A,Annual,Y,Calendar and seasonally adjusted,FIN,Finland,S1,Total economy,S1,Total economy,B1GQ_POP,"Gross domestic product, per capita",_Z,Not applicable,_Z,Not applicable,_Z,Not applicable,USD_PPP_PS,"US dollars per person, PPP converted",V,Current prices,LA,Annual levels,T0102,Table 0102 - GDP identity from the expenditure side,2000,,26782.9,,,,,,F,Free (free for publication),1,One,A,Normal value,0,Units,USD,US dollar
DATAFLOW,OECD.SDD.NAD:DSD_NAMAIN1@DF_QNA_EXPENDITURE_CAPITA(1.1),Quarterly GDP per capita,I,A,Annual,Y,Calendar and seasonally adjusted,FIN,Finland,S1,Total economy,S1,Total economy,B1GQ_POP,"Gross domestic product, per capita",_Z,Not applicable,_Z,Not applicable,_Z,Not applicable,USD_PPP_PS,"US dollars per person, PPP converted",LR,Chain linked volume (rebased),LA,Annual levels,T0102,Table 0102 - GDP identity from the expenditure side,2001,,46253.1,,2020,,,,F,Free (free for publication),1,One,A,Normal value,0,Units,USD,US dollar
DATAFLOW,OECD.SDD.NAD:DSD_NAMAIN1@DF_QNA_EXPENDITURE_CAPITA(1.1),Quarterly GDP per capita,I,A,Annual,Y,Calendar and seasonally adjusted,FIN,Finland,S1,Total economy,S1,Total economy,B1GQ_POP,"Gross domestic product, per capita",_Z,Not applicable,_Z,Not applicable,_Z,Not applicable,USD_PPP_PS,"US dollars per person, PPP converted",LR,Chain linked volume (rebased),LA,Annual levels,T0102,Table 0102 - GDP identity from the expenditure side,2000,,45166.1,,2020,,,,F,Free (free for publication),1,One,A,Normal value,0,Units,USD,US dollar
DATAFLOW,OECD.SDD.NAD:DSD_NAMAIN1@DF_QNA_EXPENDITURE_CAPITA(1.1),Quarterly GDP per capita,I,A,Annual,Y,Calendar and seasonally adjusted,FIN,Finland,S1,Total economy,S1,Total economy,B1GQ_POP,"Gross domestic product, per capita",_Z,Not applicable,_Z,Not applicable,_Z,Not applicable,USD_PPP_PS,"US dollars per person, PPP converted",LR,Chain linked volume (rebased),LA,Annual levels,T0102,Table 0102 - GDP identity from the expenditure side,2024,,53745.5,,2020,,,,F,Free (free for publication),1,One,A,Normal value,0,Units,USD,US dollar
DATAFLOW,OECD.SDD.NAD:DSD_NAMAIN1@DF_QNA_EXPENDITURE_CAPITA(1.1),Quarterly GDP per capita,I,A,Annual,Y,Calendar and seasonally adjusted,FIN,Finland,S1,Total economy,S1,Total economy,B1GQ_POP,"Gross domestic product, per capita",_Z,Not applicable,_Z,Not applicable,_Z,Not applicable,USD_PPP_PS,"US dollars per person, PPP converted",LR,Chain linked volume (rebased),LA,Annual levels,T0102,Table 0102 - GDP identity from the expenditure side,2011,,52939.3,,2020,,,,F,Free (free for publication),1,One,A,Normal value,0,Units,USD,US dollar
DATAFLOW,OECD.SDD.NAD:DSD_NAMAIN1@DF_QNA_EXPENDITURE_CAPITA(1.1),Quarterly GDP per capita,I,A,Annual,Y,Calendar and seasonally adjusted,FIN,Finland,S1,Total economy,S1,Total economy,B1GQ_POP,"Gross domestic product, per capita",_Z,Not applicable,_Z,Not applicable,_Z,Not applicable,USD_PPP_PS,"US dollars per person, PPP converted",LR,Chain linked volume (rebased),LA,Annual levels,T0102,Table 0102 - GDP identity from the expenditure side,2010,,51944,,2020,,,,F,Free (free for publication),1,One,A,Normal value,0,Units,USD,US dollar
DATAFLOW,OECD.SDD.NAD:DSD_NAMAIN1@DF_QNA_EXPENDITURE_CAPITA(1.1),Quarterly GDP per capita,I,A,Annual,Y,Calendar and seasonally adjusted,FIN,Finland,S1,Total economy,S1,Total economy,B1GQ_POP,"Gross domestic product, per capita",_Z,Not applicable,_Z,Not applicable,_Z,Not applicable,USD_PPP_PS,"US dollars per person, PPP converted",LR,Chain linked volume (rebased),LA,Annual levels,T0102,Table 0102 - GDP identity from the expenditure side,2009,,50580.1,,2020,,,,F,Free (free for publication),1,One,A,Normal value,0,Units,USD,US dollar
DATAFLOW,OECD.SDD.NAD:DSD_NAMAIN1@DF_QNA_EXPENDITURE_CAPITA(1.1),Quarterly GDP per capita,I,A,Annual,Y,Calendar and seasonally adjusted,FIN,Finland,S1,Total economy,S1,Total economy,B1GQ_POP,"Gross domestic product, per capita",_Z,Not applicable,_Z,Not applicable,_Z,Not applicable,USD_PPP_PS,"US dollars per person, PPP converted",LR,Chain linked volume (rebased),LA,Annual levels,T0102,Table 0102 - GDP identity from the expenditure side,2008,,55287.8,,2020,,,,F,Free (free for publication),1,One,A,Normal value,0,Units,USD,US dollar
DATAFLOW,OECD.SDD.NAD:DSD_NAMAIN1@DF_QNA_EXPENDITURE_CAPITA(1.1),Quarterly GDP per capita,I,A,Annual,Y,Calendar and seasonally adjusted,FIN,Finland,S1,Total economy,S1,Total economy,B1GQ_POP,"Gross domestic product, per capita",_Z,Not applicable,_Z,Not applicable,_Z,Not applicable,USD_PPP_PS,"US dollars per person, PPP converted",LR,Chain linked volume (rebased),LA,Annual levels,T0102,Table 0102 - GDP identity from the expenditure side,2007,,55114,,2020,,,,F,Free (free for publication),1,One,A,Normal value,0,Units,USD,US dollar
DATAFLOW,OECD.SDD.NAD:DSD_NAMAIN1@DF_QNA_EXPENDITURE_CAPITA(1.1),Quarterly GDP per capita,I,A,Annual,Y,Calendar and seasonally adjusted,FIN,Finland,S1,Total economy,S1,Total economy,B1GQ_POP,"Gross domestic product, per capita",_Z,Not applicable,_Z,Not applicable,_Z,Not applicable,USD_PPP_PS,"US dollars per person, PPP converted",LR,Chain linked volume (rebased),LA,Annual levels,T0102,Table 0102 - GDP identity from the expenditure side,2006,,52556,,2020,,,,F,Free (free for publication),1,One,A,Normal value,0,Units,USD,US dollar
DATAFLOW,OECD.SDD.NAD:DSD_NAMAIN1@DF_QNA_EXPENDITURE_CAPITA(1.1),Quarterly GDP per capita,I,A,Annual,Y,Calendar and seasonally adjusted,FIN,Finland,S1,Total economy,S1,Total economy,B1GQ_POP,"Gross domestic product, per capita",_Z,Not applicable,_Z,Not applicable,_Z,Not applicable,USD_PPP_PS,"US dollars per person, PPP converted",LR,Chain linked volume (rebased),LA,Annual levels,T0102,Table 0102 - GDP identity from the expenditure side,2005,,50719.7,,2020,,,,F,Free (free for publication),1,One,A,Normal value,0,Units,USD,US dollar
DATAFLOW,OECD.SDD.NAD:DSD_NAMAIN1@DF_QNA_EXPENDITURE_CAPITA(1.1),Quarterly GDP per capita,I,A,Annual,Y,Calendar and seasonally adjusted,FIN,Finland,S1,Total economy,S1,Total economy,B1GQ_POP,"Gross domestic product, per capita",_Z,Not applicable,_Z,Not applicable,_Z,Not applicable,USD_PPP_PS,"US dollars per person, PPP converted",LR,Chain linked volume (rebased),LA,Annual levels,T0102,Table 0102 - GDP identity from the expenditure side,2004,,49517.8,,2020,,,,F,Free (free for publication),1,One,A,Normal value,0,Units,USD,US dollar
DATAFLOW,OECD.SDD.NAD:DSD_NAMAIN1@DF_QNA_EXPENDITURE_CAPITA(1.1),Quarterly GDP per capita,I,A,Annual,Y,Calendar and seasonally adjusted,FIN,Finland,S1,Total economy,S1,Total economy,B1GQ_POP,"Gross domestic product, per capita",_Z,Not applicable,_Z,Not applicable,_Z,Not applicable,USD_PPP_PS,"US dollars per person, PPP converted",LR,Chain linked volume (rebased),LA,Annual levels,T0102,Table 0102 - GDP identity from the expenditure side,2003,,47749.7,,2020,,,,F,Free (free for publication),1,One,A,Normal value,0,Units,USD,US dollar
DATAFLOW,OECD.SDD.NAD:DSD_NAMAIN1@DF_QNA_EXPENDITURE_CAPITA(1.1),Quarterly GDP per capita,I,A,Annual,Y,Calendar and seasonally adjusted,FIN,Finland,S1,Total economy,S1,Total economy,B1GQ_POP,"Gross domestic product, per capita",_Z,Not applicable,_Z,Not applicable,_Z,Not applicable,USD_PPP_PS,"US dollars per person, PPP converted",LR,Chain linked volume (rebased),LA,Annual levels,T0102,Table 0102 - GDP identity from the expenditure side,2002,,46919.6,,2020,,,,F,Free (free for publication),1,One,A,Normal value,0,Units,USD,US dollar
DATAFLOW,OECD.SDD.NAD:DSD_NAMAIN1@DF_QNA_EXPENDITURE_CAPITA(1.1),Quarterly GDP per capita,I,A,Annual,Y,Calendar and seasonally adjusted,FIN,Finland,S1,Total economy,S1,Total economy,B1GQ_POP,"Gross domestic product, per capita",_Z,Not applicable,_Z,Not applicable,_Z,Not applicable,USD_PPP_PS,"US dollars per person, PPP converted",V,Current prices,LA,Annual levels,T0102,Table 0102 - GDP identity from the expenditure side,2024,,65125.7,,,,,,F,Free (free for publication),1,One,A,Normal value,0,Units,USD,US dollar
DATAFLOW,OECD.SDD.NAD:DSD_NAMAIN1@DF_QNA_EXPENDITURE_CAPITA(1.1),Quarterly GDP per capita,I,A,Annual,Y,Calendar and seasonally adjusted,FIN,Finland,S1,Total economy,S1,Total economy,B1GQ_POP,"Gross domestic product, per capita",_Z,Not applicable,_Z,Not applicable,_Z,Not applicable,USD_PPP_PS,"US dollars per person, PPP converted",V,Current prices,LA,Annual levels,T0102,Table 0102 - GDP identity from the expenditure side,2023,,63540.9,,,,,,F,Free (free for publication),1,One,A,Normal value,0,Units,USD,US dollar
DATAFLOW,OECD.SDD.NAD:DSD_NAMAIN1@DF_QNA_EXPENDITURE_CAPITA(1.1),Quarterly GDP per capita,I,A,Annual,Y,Calendar and seasonally adjusted,FIN,Finland,S1,Total economy,S1,Total economy,B1GQ_POP,"Gross domestic product, per capita",_Z,Not applicable,_Z,Not applicable,_Z,Not applicable,USD_PPP_PS,"US dollars per person, PPP converted",V,Current prices,LA,Annual levels,T0102,Table 0102 - GDP identity from the expenditure side,2022,,62124.2,,,,,,F,Free (free for publication),1,One,A,Normal value,0,Units,USD,US dollar
DATAFLOW,OECD.SDD.NAD:DSD_NAMAIN1@DF_QNA_EXPENDITURE_CAPITA(1.1),Quarterly GDP per capita,I,A,Annual,Y,Calendar and seasonally adjusted,FIN,Finland,S1,Total economy,S1,Total economy,B1GQ_POP,"Gross domestic product, per capita",_Z,Not applicable,_Z,Not applicable,_Z,Not applicable,USD_PPP_PS,"US dollars per person, PPP converted",V,Current prices,LA,Annual levels,T0102,Table 0102 - GDP identity from the expenditure side,2021,,56785.5,,,,,,F,Free (free for publication),1,One,A,Normal value,0,Units,USD,US dollar
DATAFLOW,OECD.SDD.NAD:DSD_NAMAIN1@DF_QNA_EXPENDITURE_CAPITA(1.1),Quarterly GDP per capita,I,A,Annual,Y,Calendar and seasonally adjusted,FIN,Finland,S1,Total economy,S1,Total economy,B1GQ_POP,"Gross domestic product, per capita",_Z,Not applicable,_Z,Not applicable,_Z,Not applicable,USD_PPP_PS,"US dollars per person, PPP converted",V,Current prices,LA,Annual levels,T0102,Table 0102 - GDP identity from the expenditure side,2020,,53285.4,,,,,,F,Free (free for publication),1,One,A,Normal value,0,Units,USD,US dollar
DATAFLOW,OECD.SDD.NAD:DSD_NAMAIN1@DF_QNA_EXPENDITURE_CAPITA(1.1),Quarterly GDP per capita,I,A,Annual,Y,Calendar and seasonally adjusted,FIN,Finland,S1,Total economy,S1,Total economy,B1GQ_POP,"Gross domestic product, per capita",_Z,Not applicable,_Z,Not applicable,_Z,Not applicable,USD_PPP_PS,"US dollars per person, PPP converted",V,Current prices,LA,Annual levels,T0102,Table 0102 - GDP identity from the expenditure side,2019,,52276.2,,,,,,F,Free (free for publication),1,One,A,Normal value,0,Units,USD,US dollar
DATAFLOW,OECD.SDD.NAD:DSD_NAMAIN1@DF_QNA_EXPENDITURE_CAPITA(1.1),Quarterly GDP per capita,I,A,Annual,Y,Calendar and seasonally adjusted,FIN,Finland,S1,Total economy,S1,Total economy,B1GQ_POP,"Gross domestic product, per capita",_Z,Not applicable,_Z,Not applicable,_Z,Not applicable,USD_PPP_PS,"US dollars per person, PPP converted",V,Current prices,LA,Annual levels,T0102,Table 0102 - GDP identity from the expenditure side,2018,,49242.6,,,,,,F,Free (free for publication),1,One,A,Normal value,0,Units,USD,US dollar
DATAFLOW,OECD.SDD.NAD:DSD_NAMAIN1@DF_QNA_EXPENDITURE_CAPITA(1.1),Quarterly GDP per capita,I,A,Annual,Y,Calendar and seasonally adjusted,FIN,Finland,S1,Total economy,S1,Total economy,B1GQ_POP,"Gross domestic product, per capita",_Z,Not applicable,_Z,Not applicable,_Z,Not applicable,USD_PPP_PS,"US dollars per person, PPP converted",LR,Chain linked volume (rebased),LA,Annual levels,T0102,Table 0102 - GDP identity from the expenditure side,2020,,53285.4,,2020,,,,F,Free (free for publication),1,One,A,Normal value,0,Units,USD,US dollar
DATAFLOW,OECD.SDD.NAD:DSD_NAMAIN1@DF_QNA_EXPENDITURE_CAPITA(1.1),Quarterly GDP per capita,I,A,Annual,Y,Calendar and seasonally adjusted,FIN,Finland,S1,Total economy,S1,Total economy,B1GQ_POP,"Gross domestic product, per capita",_Z,Not applicable,_Z,Not applicable,_Z,Not applicable,USD_PPP_PS,"US dollars per person, PPP converted",LR,Chain linked volume (rebased),LA,Annual levels,T0102,Table 0102 - GDP identity from the expenditure side,2019,,54736.8,,2020,,,,F,Free (free for publication),1,One,A,Normal value,0,Units,USD,US dollar
DATAFLOW,OECD.SDD.NAD:DSD_NAMAIN1@DF_QNA_EXPENDITURE_CAPITA(1.1),Quarterly GDP per capita,I,A,Annual,Y,Calendar and seasonally adjusted,FIN,Finland,S1,Total economy,S1,Total economy,B1GQ_POP,"Gross domestic product, per capita",_Z,Not applicable,_Z,Not applicable,_Z,Not applicable,USD_PPP_PS,"US dollars per person, PPP converted",LR,Chain linked volume (rebased),LA,Annual levels,T0102,Table 0102 - GDP identity from the expenditure side,2018,,54060.7,,2020,,,,F,Free (free for publication),1,One,A,Normal value,0,Units,USD,US dollar
DATAFLOW,OECD.SDD.NAD:DSD_NAMAIN1@DF_QNA_EXPENDITURE_CAPITA(1.1),Quarterly GDP per capita,I,A,Annual,Y,Calendar and seasonally adjusted,FIN,Finland,S1,Total economy,S1,Total economy,B1GQ_POP,"Gross domestic product, per capita",_Z,Not applicable,_Z,Not applicable,_Z,Not applicable,USD_PPP_PS,"US dollars per person, PPP converted",LR,Chain linked volume (rebased),LA,Annual levels,T0102,Table 0102 - GDP identity from the expenditure side,2017,,53500.9,,2020,,,,F,Free (free for publication),1,One,A,Normal value,0,Units,USD,US dollar
DATAFLOW,OECD.SDD.NAD:DSD_NAMAIN1@DF_QNA_EXPENDITURE_CAPITA(1.1),Quarterly GDP per capita,I,A,Annual,Y,Calendar and seasonally adjusted,FIN,Finland,S1,Total economy,S1,Total economy,B1GQ_POP,"Gross domestic product, per capita",_Z,Not applicable,_Z,Not applicable,_Z,Not applicable,USD_PPP_PS,"US dollars per person, PPP converted",LR,Chain linked volume (rebased),LA,Annual levels,T0102,Table 0102 - GDP identity from the expenditure side,2016,,51911.7,,2020,,,,F,Free (free for publication),1,One,A,Normal value,0,Units,USD,US dollar
DATAFLOW,OECD.SDD.NAD:DSD_NAMAIN1@DF_QNA_EXPENDITURE_CAPITA(1.1),Quarterly GDP per capita,I,A,Annual,Y,Calendar and seasonally adjusted,FIN,Finland,S1,Total economy,S1,Total economy,B1GQ_POP,"Gross domestic product, per capita",_Z,Not applicable,_Z,Not applicable,_Z,Not applicable,USD_PPP_PS,"US dollars per person, PPP converted",LR,Chain linked volume (rebased),LA,Annual levels,T0102,Table 0102 - GDP identity from the expenditure side,2015,,50746.7,,2020,,,,F,Free (free for publication),1,One,A,Normal value,0,Units,USD,US dollar
DATAFLOW,OECD.SDD.NAD:DSD_NAMAIN1@DF_QNA_EXPENDITURE_CAPITA(1.1),Quarterly GDP per capita,I,A,Annual,Y,Calendar and seasonally adjusted,COL,Colombia,S1,Total economy,S1,Total economy,B1GQ_POP,"Gross domestic product, per capita",_Z,Not applicable,_Z,Not applicable,_Z,Not applicable,USD_PPP_PS,"US dollars per person, PPP converted",LR,Chain linked volume (rebased),LA,Annual levels,T0102,Table 0102 - GDP identity from the expenditure side,2005,,12202.7,,2020,,,,F,Free (free for publication),1,One,A,Normal value,0,Units,USD,US dollar
DATAFLOW,OECD.SDD.NAD:DSD_NAMAIN1@DF_QNA_EXPENDITURE_CAPITA(1.1),Quarterly GDP per capita,I,A,Annual,Y,Calendar and seasonally adjusted,COL,Colombia,S1,Total economy,S1,Total economy,B1GQ_POP,"Gross domestic product, per capita",_Z,Not applicable,_Z,Not applicable,_Z,Not applicable,USD_PPP_PS,"US dollars per person, PPP converted",LR,Chain linked volume (rebased),LA,Annual levels,T0102,Table 0102 - GDP identity from the expenditure side,2015,,17046.9,,2020,,,,F,Free (free for publication),1,One,A,Normal value,0,Units,USD,US dollar
DATAFLOW,OECD.SDD.NAD:DSD_NAMAIN1@DF_QNA_EXPENDITURE_CAPITA(1.1),Quarterly GDP per capita,I,A,Annual,Y,Calendar and seasonally adjusted,COL,Colombia,S1,Total economy,S1,Total economy,B1GQ_POP,"Gross domestic product, per capita",_Z,Not applicable,_Z,Not applicable,_Z,Not applicable,USD_PPP_PS,"US dollars per person, PPP converted",LR,Chain linked volume (rebased),LA,Annual levels,T0102,Table 0102 - GDP identity from the expenditure side,2014,,16717.6,,2020,,,,F,Free (free for publication),1,One,A,Normal value,0,Units,USD,US dollar
DATAFLOW,OECD.SDD.NAD:DSD_NAMAIN1@DF_QNA_EXPENDITURE_CAPITA(1.1),Quarterly GDP per capita,I,A,Annual,Y,Calendar and seasonally adjusted,COL,Colombia,S1,Total economy,S1,Total economy,B1GQ_POP,"Gross domestic product, per capita",_Z,Not applicable,_Z,Not applicable,_Z,Not applicable,USD_PPP_PS,"US dollars per person, PPP converted",LR,Chain linked volume (rebased),LA,Annual levels,T0102,Table 0102 - GDP identity from the expenditure side,2013,,16269.3,,2020,,,,F,Free (free for publication),1,One,A,Normal value,0,Units,USD,US dollar
DATAFLOW,OECD.SDD.NAD:DSD_NAMAIN1@DF_QNA_EXPENDITURE_CAPITA(1.1),Quarterly GDP per capita,I,A,Annual,Y,Calendar and seasonally adjusted,COL,Colombia,S1,Total economy,S1,Total economy,B1GQ_POP,"Gross domestic product, per capita",_Z,Not applicable,_Z,Not applicable,_Z,Not applicable,USD_PPP_PS,"US dollars per person, PPP converted",LR,Chain linked volume (rebased),LA,Annual levels,T0102,Table 0102 - GDP identity from the expenditure side,2012,,15620.7,,2020,,,,F,Free (free for publication),1,One,A,Normal value,0,Units,USD,US dollar
DATAFLOW,OECD.SDD.NAD:DSD_NAMAIN1@DF_QNA_EXPENDITURE_CAPITA(1.1),Quarterly GDP per capita,I,A,Annual,Y,Calendar and seasonally adjusted,AUT,Austria,S1,Total economy,S1,Total economy,B1GQ_POP,"Gross domestic product, per capita",_Z,Not applicable,_Z,Not applicable,_Z,Not applicable,USD_PPP_PS,"US dollars per person, PPP converted",LR,Chain linked volume (rebased),LA,Annual levels,T0102,Table 0102 - GDP identity from the expenditure side,2016,,59760.1,,2020,,,,F,Free (free for publication),1,One,A,Normal value,0,Units,USD,US dollar
DATAFLOW,OECD.SDD.NAD:DSD_NAMAIN1@DF_QNA_EXPENDITURE_CAPITA(1.1),Quarterly GDP per capita,I,A,Annual,Y,Calendar and seasonally adjusted,AUT,Austria,S1,Total economy,S1,Total economy,B1GQ_POP,"Gross domestic product, per capita",_Z,Not applicable,_Z,Not applicable,_Z,Not applicable,USD_PPP_PS,"US dollars per person, PPP converted",LR,Chain linked volume (rebased),LA,Annual levels,T0102,Table 0102 - GDP identity from the expenditure side,2015,,59269.2,,2020,,,,F,Free (free for publication),1,One,A,Normal value,0,Units,USD,US dollar
DATAFLOW,OECD.SDD.NAD:DSD_NAMAIN1@DF_QNA_EXPENDITURE_CAPITA(1.1),Quarterly GDP per capita,I,A,Annual,Y,Calendar and seasonally adjusted,AUT,Austria,S1,Total economy,S1,Total economy,B1GQ_POP,"Gross domestic product, per capita",_Z,Not applicable,_Z,Not applicable,_Z,Not applicable,USD_PPP_PS,"US dollars per person, PPP converted",LR,Chain linked volume (rebased),LA,Annual levels,T0102,Table 0102 - GDP identity from the expenditure side,2014,,59092.2,,2020,,,,F,Free (free for publication),1,One,A,Normal value,0,Units,USD,US dollar
DATAFLOW,OECD.SDD.NAD:DSD_NAMAIN1@DF_QNA_EXPENDITURE_CAPITA(1.1),Quarterly GDP per capita,I,A,Annual,Y,Calendar and seasonally adjusted,COL,Colombia,S1,Total economy,S1,Total economy,B1GQ_POP,"Gross domestic product, per capita",_Z,Not applicable,_Z,Not applicable,_Z,Not applicable,USD_PPP_PS,"US dollars per person, PPP converted",V,Current prices,LA,Annual levels,T0102,Table 0102 - GDP identity from the expenditure side,2010,,11206.2,,,,,,F,Free (free for publication),1,One,A,Normal value,0,Units,USD,US dollar
DATAFLOW,OECD.SDD.NAD:DSD_NAMAIN1@DF_QNA_EXPENDITURE_CAPITA(1.1),Quarterly GDP per capita,I,A,Annual,Y,Calendar and seasonally adjusted,COL,Colombia,S1,Total economy,S1,Total economy,B1GQ_POP,"Gross domestic product, per capita",_Z,Not applicable,_Z,Not applicable,_Z,Not applicable,USD_PPP_PS,"US dollars per person, PPP converted",V,Current prices,LA,Annual levels,T0102,Table 0102 - GDP identity from the expenditure side,2022,,21367.3,,,,,,F,Free (free for publication),1,One,A,Normal value,0,Units,USD,US dollar
DATAFLOW,OECD.SDD.NAD:DSD_NAMAIN1@DF_QNA_EXPENDITURE_CAPITA(1.1),Quarterly GDP per capita,I,A,Annual,Y,Calendar and seasonally adjusted,COL,Colombia,S1,Total economy,S1,Total economy,B1GQ_POP,"Gross domestic product, per capita",_Z,Not applicable,_Z,Not applicable,_Z,Not applicable,USD_PPP_PS,"US dollars per person, PPP converted",V,Current prices,LA,Annual levels,T0102,Table 0102 - GDP identity from the expenditure side,2021,,17817.1,,,,,,F,Free (free for publication),1,One,A,Normal value,0,Units,USD,US dollar
DATAFLOW,OECD.SDD.NAD:DSD_NAMAIN1@DF_QNA_EXPENDITURE_CAPITA(1.1),Quarterly GDP per capita,I,A,Annual,Y,Calendar and seasonally adjusted,COL,Colombia,S1,Total economy,S1,Total economy,B1GQ_POP,"Gross domestic product, per capita",_Z,Not applicable,_Z,Not applicable,_Z,Not applicable,USD_PPP_PS,"US dollars per person, PPP converted",V,Current prices,LA,Annual levels,T0102,Table 0102 - GDP identity from the expenditure side,2020,,15950.5,,,,,,F,Free (free for publication),1,One,A,Normal value,0,Units,USD,US dollar
DATAFLOW,OECD.SDD.NAD:DSD_NAMAIN1@DF_QNA_EXPENDITURE_CAPITA(1.1),Quarterly GDP per capita,I,A,Annual,Y,Calendar and seasonally adjusted,COL,Colombia,S1,Total economy,S1,Total economy,B1GQ_POP,"Gross domestic product, per capita",_Z,Not applicable,_Z,Not applicable,_Z,Not applicable,USD_PPP_PS,"US dollars per person, PPP converted",V,Current prices,LA,Annual levels,T0102,Table 0102 - GDP identity from the expenditure side,2019,,16712.4,,,,,,F,Free (free for publication),1,One,A,Normal value,0,Units,USD,US dollar
DATAFLOW,OECD.SDD.NAD:DSD_NAMAIN1@DF_QNA_EXPENDITURE_CAPITA(1.1),Quarterly GDP per capita,I,A,Annual,Y,Calendar and seasonally adjusted,COL,Colombia,S1,Total economy,S1,Total economy,B1GQ_POP,"Gross domestic product, per capita",_Z,Not applicable,_Z,Not applicable,_Z,Not applicable,USD_PPP_PS,"US dollars per person, PPP converted",LR,Chain linked volume (rebased),LA,Annual levels,T0102,Table 0102 - GDP identity from the expenditure side,2022,,18504.9,,2020,,,,F,Free (free for publication),1,One,A,Normal value,0,Units,USD,US dollar
DATAFLOW,OECD.SDD.NAD:DSD_NAMAIN1@DF_QNA_EXPENDITURE_CAPITA(1.1),Quarterly GDP per capita,I,A,Annual,Y,Calendar and seasonally adjusted,HUN,Hungary,S1,Total economy,S1,Total economy,B1GQ_POP,"Gross domestic product, per capita",_Z,Not applicable,_Z,Not applicable,_Z,Not applicable,USD_PPP_PS,"US dollars per person, PPP converted",LR,Chain linked volume (rebased),LA,Annual levels,T0102,Table 0102 - GDP identity from the expenditure side,2022,,40018.5,,2020,,,,F,Free (free for publication),1,One,A,Normal value,0,Units,USD,US dollar
DATAFLOW,OECD.SDD.NAD:DSD_NAMAIN1@DF_QNA_EXPENDITURE_CAPITA(1.1),Quarterly GDP per capita,I,A,Annual,Y,Calendar and seasonally adjusted,HUN,Hungary,S1,Total economy,S1,Total economy,B1GQ_POP,"Gross domestic product, per capita",_Z,Not applicable,_Z,Not applicable,_Z,Not applicable,USD_PPP_PS,"US dollars per person, PPP converted",LR,Chain linked volume (rebased),LA,Annual levels,T0102,Table 0102 - GDP identity from the expenditure side,2021,,38316.6,,2020,,,,F,Free (free for publication),1,One,A,Normal value,0,Units,USD,US dollar
DATAFLOW,OECD.SDD.NAD:DSD_NAMAIN1@DF_QNA_EXPENDITURE_CAPITA(1.1),Quarterly GDP per capita,I,A,Annual,Y,Calendar and seasonally adjusted,HUN,Hungary,S1,Total economy,S1,Total economy,B1GQ_POP,"Gross domestic product, per capita",_Z,Not applicable,_Z,Not applicable,_Z,Not applicable,USD_PPP_PS,"US dollars per person, PPP converted",LR,Chain linked volume (rebased),LA,Annual levels,T0102,Table 0102 - GDP identity from the expenditure side,2020,,35570.2,,2020,,,,F,Free (free for publication),1,One,A,Normal value,0,Units,USD,US dollar
DATAFLOW,OECD.SDD.NAD:DSD_NAMAIN1@DF_QNA_EXPENDITURE_CAPITA(1.1),Quarterly GDP per capita,I,A,Annual,Y,Calendar and seasonally adjusted,HUN,Hungary,S1,Total economy,S1,Total economy,B1GQ_POP,"Gross domestic product, per capita",_Z,Not applicable,_Z,Not applicable,_Z,Not applicable,USD_PPP_PS,"US dollars per person, PPP converted",LR,Chain linked volume (rebased),LA,Annual levels,T0102,Table 0102 - GDP identity from the expenditure side,2019,,37149.4,,2020,,,,F,Free (free for publication),1,One,A,Normal value,0,Units,USD,US dollar
DATAFLOW,OECD.SDD.NAD:DSD_NAMAIN1@DF_QNA_EXPENDITURE_CAPITA(1.1),Quarterly GDP per capita,I,A,Annual,Y,Calendar and seasonally adjusted,HUN,Hungary,S1,Total economy,S1,Total economy,B1GQ_POP,"Gross domestic product, per capita",_Z,Not applicable,_Z,Not applicable,_Z,Not applicable,USD_PPP_PS,"US dollars per person, PPP converted",LR,Chain linked volume (rebased),LA,Annual levels,T0102,Table 0102 - GDP identity from the expenditure side,2018,,35284,,2020,,,,F,Free (free for publication),1,One,A,Normal value,0,Units,USD,US dollar
DATAFLOW,OECD.SDD.NAD:DSD_NAMAIN1@DF_QNA_EXPENDITURE_CAPITA(1.1),Quarterly GDP per capita,I,A,Annual,Y,Calendar and seasonally adjusted,HUN,Hungary,S1,Total economy,S1,Total economy,B1GQ_POP,"Gross domestic product, per capita",_Z,Not applicable,_Z,Not applicable,_Z,Not applicable,USD_PPP_PS,"US dollars per person, PPP converted",V,Current prices,LA,Annual levels,T0102,Table 0102 - GDP identity from the expenditure side,2018,,32273.9,,,,,,F,Free (free for publication),1,One,A,Normal value,0,Units,USD,US dollar
DATAFLOW,OECD.SDD.NAD:DSD_NAMAIN1@DF_QNA_EXPENDITURE_CAPITA(1.1),Quarterly GDP per capita,I,A,Annual,Y,Calendar and seasonally adjusted,EST,Estonia,S1,Total economy,S1,Total economy,B1GQ_POP,"Gross domestic product, per capita",_Z,Not applicable,_Z,Not applicable,_Z,Not applicable,USD_PPP_PS,"US dollars per person, PPP converted",V,Current prices,LA,Annual levels,T0102,Table 0102 - GDP identity from the expenditure side,2024,,50309.7,,,,,,F,Free (free for publication),1,One,A,Normal value,0,Units,USD,US dollar
DATAFLOW,OECD.SDD.NAD:DSD_NAMAIN1@DF_QNA_EXPENDITURE_CAPITA(1.1),Quarterly GDP per capita,I,A,Annual,Y,Calendar and seasonally adjusted,EST,Estonia,S1,Total economy,S1,Total economy,B1GQ_POP,"Gross domestic product, per capita",_Z,Not applicable,_Z,Not applicable,_Z,Not applicable,USD_PPP_PS,"US dollars per person, PPP converted",V,Current prices,LA,Annual levels,T0102,Table 0102 - GDP identity from the expenditure side,2023,,49005.5,,,,,,F,Free (free for publication),1,One,A,Normal value,0,Units,USD,US dollar
DATAFLOW,OECD.SDD.NAD:DSD_NAMAIN1@DF_QNA_EXPENDITURE_CAPITA(1.1),Quarterly GDP per capita,I,A,Annual,Y,Calendar and seasonally adjusted,EST,Estonia,S1,Total economy,S1,Total economy,B1GQ_POP,"Gross domestic product, per capita",_Z,Not applicable,_Z,Not applicable,_Z,Not applicable,USD_PPP_PS,"US dollars per person, PPP converted",V,Current prices,LA,Annual levels,T0102,Table 0102 - GDP identity from the expenditure side,2022,,48644.5,,,,,,F,Free (free for publication),1,One,A,Normal value,0,Units,USD,US dollar
DATAFLOW,OECD.SDD.NAD:DSD_NAMAIN1@DF_QNA_EXPENDITURE_CAPITA(1.1),Quarterly GDP per capita,I,A,Annual,Y,Calendar and seasonally adjusted,EST,Estonia,S1,Total economy,S1,Total economy,B1GQ_POP,"Gross domestic product, per capita",_Z,Not applicable,_Z,Not applicable,_Z,Not applicable,USD_PPP_PS,"US dollars per person, PPP converted",V,Current prices,LA,Annual levels,T0102,Table 0102 - GDP identity from the expenditure side,2021,,44276.1,,,,,,F,Free (free for publication),1,One,A,Normal value,0,Units,USD,US dollar
DATAFLOW,OECD.SDD.NAD:DSD_NAMAIN1@DF_QNA_EXPENDITURE_CAPITA(1.1),Quarterly GDP per capita,I,A,Annual,Y,Calendar and seasonally adjusted,EST,Estonia,S1,Total economy,S1,Total economy,B1GQ_POP,"Gross domestic product, per capita",_Z,Not applicable,_Z,Not applicable,_Z,Not applicable,USD_PPP_PS,"US dollars per person, PPP converted",V,Current prices,LA,Annual levels,T0102,Table 0102 - GDP identity from the expenditure side,2009,,20470.8,,,,,,F,Free (free for publication),1,One,A,Normal value,0,Units,USD,US dollar
DATAFLOW,OECD.SDD.NAD:DSD_NAMAIN1@DF_QNA_EXPENDITURE_CAPITA(1.1),Quarterly GDP per capita,I,A,Annual,Y,Calendar and seasonally adjusted,EST,Estonia,S1,Total economy,S1,Total economy,B1GQ_POP,"Gross domestic product, per capita",_Z,Not applicable,_Z,Not applicable,_Z,Not applicable,USD_PPP_PS,"US dollars per person, PPP converted",V,Current prices,LA,Annual levels,T0102,Table 0102 - GDP identity from the expenditure side,2008,,22781.2,,,,,,F,Free (free for publication),1,One,A,Normal value,0,Units,USD,US dollar
DATAFLOW,OECD.SDD.NAD:DSD_NAMAIN1@DF_QNA_EXPENDITURE_CAPITA(1.1),Quarterly GDP per capita,I,A,Annual,Y,Calendar and seasonally adjusted,EST,Estonia,S1,Total economy,S1,Total economy,B1GQ_POP,"Gross domestic product, per capita",_Z,Not applicable,_Z,Not applicable,_Z,Not applicable,USD_PPP_PS,"US dollars per person, PPP converted",V,Current prices,LA,Annual levels,T0102,Table 0102 - GDP identity from the expenditure side,2007,,22163.9,,,,,,F,Free (free for publication),1,One,A,Normal value,0,Units,USD,US dollar
DATAFLOW,OECD.SDD.NAD:DSD_NAMAIN1@DF_QNA_EXPENDITURE_CAPITA(1.1),Quarterly GDP per capita,I,A,Annual,Y,Calendar and seasonally adjusted,EST,Estonia,S1,Total economy,S1,Total economy,B1GQ_POP,"Gross domestic product, per capita",_Z,Not applicable,_Z,Not applicable,_Z,Not applicable,USD_PPP_PS,"US dollars per person, PPP converted",V,Current prices,LA,Annual levels,T0102,Table 0102 - GDP identity from the expenditure side,2006,,19288.5,,,,,,F,Free (free for publication),1,One,A,Normal value,0,Units,USD,US dollar
DATAFLOW,OECD.SDD.NAD:DSD_NAMAIN1@DF_QNA_EXPENDITURE_CAPITA(1.1),Quarterly GDP per capita,I,A,Annual,Y,Calendar and seasonally adjusted,EST,Estonia,S1,Total economy,S1,Total economy,B1GQ_POP,"Gross domestic product, per capita",_Z,Not applicable,_Z,Not applicable,_Z,Not applicable,USD_PPP_PS,"US dollars per person, PPP converted",V,Current prices,LA,Annual levels,T0102,Table 0102 - GDP identity from the expenditure side,2005,,16587.6,,,,,,F,Free (free for publication),1,One,A,Normal value,0,Units,USD,US dollar
DATAFLOW,OECD.SDD.NAD:DSD_NAMAIN1@DF_QNA_EXPENDITURE_CAPITA(1.1),Quarterly GDP per capita,I,A,Annual,Y,Calendar and seasonally adjusted,EST,Estonia,S1,Total economy,S1,Total economy,B1GQ_POP,"Gross domestic product, per capita",_Z,Not applicable,_Z,Not applicable,_Z,Not applicable,USD_PPP_PS,"US dollars per person, PPP converted",V,Current prices,LA,Annual levels,T0102,Table 0102 - GDP identity from the expenditure side,2004,,14498.1,,,,,,F,Free (free for publication),1,One,A,Normal value,0,Units,USD,US dollar
DATAFLOW,OECD.SDD.NAD:DSD_NAMAIN1@DF_QNA_EXPENDITURE_CAPITA(1.1),Quarterly GDP per capita,I,A,Annual,Y,Calendar and seasonally adjusted,EST,Estonia,S1,Total economy,S1,Total economy,B1GQ_POP,"Gross domestic product, per capita",_Z,Not applicable,_Z,Not applicable,_Z,Not applicable,USD_PPP_PS,"US dollars per person, PPP converted",V,Current prices,LA,Annual levels,T0102,Table 0102 - GDP identity from the expenditure side,2003,,13092.3,,,,,,F,Free (free for publication),1,One,A,Normal value,0,Units,USD,US dollar
DATAFLOW,OECD.SDD.NAD:DSD_NAMAIN1@DF_QNA_EXPENDITURE_CAPITA(1.1),Quarterly GDP per capita,I,A,Annual,Y,Calendar and seasonally adjusted,EST,Estonia,S1,Total economy,S1,Total economy,B1GQ_POP,"Gross domestic product, per capita",_Z,Not applicable,_Z,Not applicable,_Z,Not applicable,USD_PPP_PS,"US dollars per person, PPP converted",V,Current prices,LA,Annual levels,T0102,Table 0102 - GDP identity from the expenditure side,2002,,11631.7,,,,,,F,Free (free for publication),1,One,A,Normal value,0,Units,USD,US dollar
DATAFLOW,OECD.SDD.NAD:DSD_NAMAIN1@DF_QNA_EXPENDITURE_CAPITA(1.1),Quarterly GDP per capita,I,A,Annual,Y,Calendar and seasonally adjusted,EST,Estonia,S1,Total economy,S1,Total economy,B1GQ_POP,"Gross domestic product, per capita",_Z,Not applicable,_Z,Not applicable,_Z,Not applicable,USD_PPP_PS,"US dollars per person, PPP converted",V,Current prices,LA,Annual levels,T0102,Table 0102 - GDP identity from the expenditure side,2001,,10275,,,,,,F,Free (free for publication),1,One,A,Normal value,0,Units,USD,US dollar
DATAFLOW,OECD.SDD.NAD:DSD_NAMAIN1@DF_QNA_EXPENDITURE_CAPITA(1.1),Quarterly GDP per capita,I,A,Annual,Y,Calendar and seasonally adjusted,EST,Estonia,S1,Total economy,S1,Total economy,B1GQ_POP,"Gross domestic product, per capita",_Z,Not applicable,_Z,Not applicable,_Z,Not applicable,USD_PPP_PS,"US dollars per person, PPP converted",V,Current prices,LA,Annual levels,T0102,Table 0102 - GDP identity from the expenditure side,2000,,9395.5,,,,,,F,Free (free for publication),1,One,A,Normal value,0,Units,USD,US dollar
DATAFLOW,OECD.SDD.NAD:DSD_NAMAIN1@DF_QNA_EXPENDITURE_CAPITA(1.1),Quarterly GDP per capita,I,A,Annual,Y,Calendar and seasonally adjusted,EST,Estonia,S1,Total economy,S1,Total economy,B1GQ_POP,"Gross domestic product, per capita",_Z,Not applicable,_Z,Not applicable,_Z,Not applicable,USD_PPP_PS,"US dollars per person, PPP converted",LR,Chain linked volume (rebased),LA,Annual levels,T0102,Table 0102 - GDP identity from the expenditure side,2012,,33500.1,,2020,,,,F,Free (free for publication),1,One,A,Normal value,0,Units,USD,US dollar
DATAFLOW,OECD.SDD.NAD:DSD_NAMAIN1@DF_QNA_EXPENDITURE_CAPITA(1.1),Quarterly GDP per capita,I,A,Annual,Y,Calendar and seasonally adjusted,EST,Estonia,S1,Total economy,S1,Total economy,B1GQ_POP,"Gross domestic product, per capita",_Z,Not applicable,_Z,Not applicable,_Z,Not applicable,USD_PPP_PS,"US dollars per person, PPP converted",LR,Chain linked volume (rebased),LA,Annual levels,T0102,Table 0102 - GDP identity from the expenditure side,2011,,32204.2,,2020,,,,F,Free (free for publication),1,One,A,Normal value,0,Units,USD,US dollar
DATAFLOW,OECD.SDD.NAD:DSD_NAMAIN1@DF_QNA_EXPENDITURE_CAPITA(1.1),Quarterly GDP per capita,I,A,Annual,Y,Calendar and seasonally adjusted,EST,Estonia,S1,Total economy,S1,Total economy,B1GQ_POP,"Gross domestic product, per capita",_Z,Not applicable,_Z,Not applicable,_Z,Not applicable,USD_PPP_PS,"US dollars per person, PPP converted",LR,Chain linked volume (rebased),LA,Annual levels,T0102,Table 0102 - GDP identity from the expenditure side,2010,,29846.8,,2020,,,,F,Free (free for publication),1,One,A,Normal value,0,Units,USD,US dollar
DATAFLOW,OECD.SDD.NAD:DSD_NAMAIN1@DF_QNA_EXPENDITURE_CAPITA(1.1),Quarterly GDP per capita,I,A,Annual,Y,Calendar and seasonally adjusted,EST,Estonia,S1,Total economy,S1,Total economy,B1GQ_POP,"Gross domestic product, per capita",_Z,Not applicable,_Z,Not applicable,_Z,Not applicable,USD_PPP_PS,"US dollars per person, PPP converted",LR,Chain linked volume (rebased),LA,Annual levels,T0102,Table 0102 - GDP identity from the expenditure side,2009,,29080.8,,2020,,,,F,Free (free for publication),1,One,A,Normal value,0,Units,USD,US dollar
DATAFLOW,OECD.SDD.NAD:DSD_NAMAIN1@DF_QNA_EXPENDITURE_CAPITA(1.1),Quarterly GDP per capita,I,A,Annual,Y,Calendar and seasonally adjusted,EST,Estonia,S1,Total economy,S1,Total economy,B1GQ_POP,"Gross domestic product, per capita",_Z,Not applicable,_Z,Not applicable,_Z,Not applicable,USD_PPP_PS,"US dollars per person, PPP converted",LR,Chain linked volume (rebased),LA,Annual levels,T0102,Table 0102 - GDP identity from the expenditure side,2008,,33995.8,,2020,,,,F,Free (free for publication),1,One,A,Normal value,0,Units,USD,US dollar
DATAFLOW,OECD.SDD.NAD:DSD_NAMAIN1@DF_QNA_EXPENDITURE_CAPITA(1.1),Quarterly GDP per capita,I,A,Annual,Y,Calendar and seasonally adjusted,EST,Estonia,S1,Total economy,S1,Total economy,B1GQ_POP,"Gross domestic product, per capita",_Z,Not applicable,_Z,Not applicable,_Z,Not applicable,USD_PPP_PS,"US dollars per person, PPP converted",LR,Chain linked volume (rebased),LA,Annual levels,T0102,Table 0102 - GDP identity from the expenditure side,2007,,35712.2,,2020,,,,F,Free (free for publication),1,One,A,Normal value,0,Units,USD,US dollar
DATAFLOW,OECD.SDD.NAD:DSD_NAMAIN1@DF_QNA_EXPENDITURE_CAPITA(1.1),Quarterly GDP per capita,I,A,Annual,Y,Calendar and seasonally adjusted,EST,Estonia,S1,Total economy,S1,Total economy,B1GQ_POP,"Gross domestic product, per capita",_Z,Not applicable,_Z,Not applicable,_Z,Not applicable,USD_PPP_PS,"US dollars per person, PPP converted",LR,Chain linked volume (rebased),LA,Annual levels,T0102,Table 0102 - GDP identity from the expenditure side,2006,,33007.1,,2020,,,,F,Free (free for publication),1,One,A,Normal value,0,Units,USD,US dollar
DATAFLOW,OECD.SDD.NAD:DSD_NAMAIN1@DF_QNA_EXPENDITURE_CAPITA(1.1),Quarterly GDP per capita,I,A,Annual,Y,Calendar and seasonally adjusted,EST,Estonia,S1,Total economy,S1,Total economy,B1GQ_POP,"Gross domestic product, per capita",_Z,Not applicable,_Z,Not applicable,_Z,Not applicable,USD_PPP_PS,"US dollars per person, PPP converted",LR,Chain linked volume (rebased),LA,Annual levels,T0102,Table 0102 - GDP identity from the expenditure side,2005,,29889.9,,2020,,,,F,Free (free for publication),1,One,A,Normal value,0,Units,USD,US dollar
DATAFLOW,OECD.SDD.NAD:DSD_NAMAIN1@DF_QNA_EXPENDITURE_CAPITA(1.1),Quarterly GDP per capita,I,A,Annual,Y,Calendar and seasonally adjusted,DEU,Germany,S1,Total economy,S1,Total economy,B1GQ_POP,"Gross domestic product, per capita",_Z,Not applicable,_Z,Not applicable,_Z,Not applicable,USD_PPP_PS,"US dollars per person, PPP converted",V,Current prices,LA,Annual levels,T0102,Table 0102 - GDP identity from the expenditure side,2016,,51858.6,,,,,,F,Free (free for publication),1,One,A,Normal value,0,Units,USD,US dollar
DATAFLOW,OECD.SDD.NAD:DSD_NAMAIN1@DF_QNA_EXPENDITURE_CAPITA(1.1),Quarterly GDP per capita,I,A,Annual,Y,Calendar and seasonally adjusted,DEU,Germany,S1,Total economy,S1,Total economy,B1GQ_POP,"Gross domestic product, per capita",_Z,Not applicable,_Z,Not applicable,_Z,Not applicable,USD_PPP_PS,"US dollars per person, PPP converted",V,Current prices,LA,Annual levels,T0102,Table 0102 - GDP identity from the expenditure side,2015,,48770.2,,,,,,F,Free (free for publication),1,One,A,Normal value,0,Units,USD,US dollar
DATAFLOW,OECD.SDD.NAD:DSD_NAMAIN1@DF_QNA_EXPENDITURE_CAPITA(1.1),Quarterly GDP per capita,I,A,Annual,Y,Calendar and seasonally adjusted,DEU,Germany,S1,Total economy,S1,Total economy,B1GQ_POP,"Gross domestic product, per capita",_Z,Not applicable,_Z,Not applicable,_Z,Not applicable,USD_PPP_PS,"US dollars per person, PPP converted",V,Current prices,LA,Annual levels,T0102,Table 0102 - GDP identity from the expenditure side,2014,,48060.5,,,,,,F,Free (free for publication),1,One,A,Normal value,0,Units,USD,US dollar
DATAFLOW,OECD.SDD.NAD:DSD_NAMAIN1@DF_QNA_EXPENDITURE_CAPITA(1.1),Quarterly GDP per capita,I,A,Annual,Y,Calendar and seasonally adjusted,DEU,Germany,S1,Total economy,S1,Total economy,B1GQ_POP,"Gross domestic product, per capita",_Z,Not applicable,_Z,Not applicable,_Z,Not applicable,USD_PPP_PS,"US dollars per person, PPP converted",V,Current prices,LA,Annual levels,T0102,Table 0102 - GDP identity from the expenditure side,2009,,38222.6,,,,,,F,Free (free for publication),1,One,A,Normal value,0,Units,USD,US dollar
DATAFLOW,OECD.SDD.NAD:DSD_NAMAIN1@DF_QNA_EXPENDITURE_CAPITA(1.1),Quarterly GDP per capita,I,A,Annual,Y,Calendar and seasonally adjusted,DEU,Germany,S1,Total economy,S1,Total economy,B1GQ_POP,"Gross domestic product, per capita",_Z,Not applicable,_Z,Not applicable,_Z,Not applicable,USD_PPP_PS,"US dollars per person, PPP converted",V,Current prices,LA,Annual levels,T0102,Table 0102 - GDP identity from the expenditure side,2008,,39078,,,,,,F,Free (free for publication),1,One,A,Normal value,0,Units,USD,US dollar
DATAFLOW,OECD.SDD.NAD:DSD_NAMAIN1@DF_QNA_EXPENDITURE_CAPITA(1.1),Quarterly GDP per capita,I,A,Annual,Y,Calendar and seasonally adjusted,DEU,Germany,S1,Total economy,S1,Total economy,B1GQ_POP,"Gross domestic product, per capita",_Z,Not applicable,_Z,Not applicable,_Z,Not applicable,USD_PPP_PS,"US dollars per person, PPP converted",V,Current prices,LA,Annual levels,T0102,Table 0102 - GDP identity from the expenditure side,2007,,37494.2,,,,,,F,Free (free for publication),1,One,A,Normal value,0,Units,USD,US dollar
DATAFLOW,OECD.SDD.NAD:DSD_NAMAIN1@DF_QNA_EXPENDITURE_CAPITA(1.1),Quarterly GDP per capita,I,A,Annual,Y,Calendar and seasonally adjusted,DEU,Germany,S1,Total economy,S1,Total economy,B1GQ_POP,"Gross domestic product, per capita",_Z,Not applicable,_Z,Not applicable,_Z,Not applicable,USD_PPP_PS,"US dollars per person, PPP converted",V,Current prices,LA,Annual levels,T0102,Table 0102 - GDP identity from the expenditure side,2006,,35256.1,,,,,,F,Free (free for publication),1,One,A,Normal value,0,Units,USD,US dollar
DATAFLOW,OECD.SDD.NAD:DSD_NAMAIN1@DF_QNA_EXPENDITURE_CAPITA(1.1),Quarterly GDP per capita,I,A,Annual,Y,Calendar and seasonally adjusted,DEU,Germany,S1,Total economy,S1,Total economy,B1GQ_POP,"Gross domestic product, per capita",_Z,Not applicable,_Z,Not applicable,_Z,Not applicable,USD_PPP_PS,"US dollars per person, PPP converted",V,Current prices,LA,Annual levels,T0102,Table 0102 - GDP identity from the expenditure side,2005,,32763.4,,,,,,F,Free (free for publication),1,One,A,Normal value,0,Units,USD,US dollar
DATAFLOW,OECD.SDD.NAD:DSD_NAMAIN1@DF_QNA_EXPENDITURE_CAPITA(1.1),Quarterly GDP per capita,I,A,Annual,Y,Calendar and seasonally adjusted,DEU,Germany,S1,Total economy,S1,Total economy,B1GQ_POP,"Gross domestic product, per capita",_Z,Not applicable,_Z,Not applicable,_Z,Not applicable,USD_PPP_PS,"US dollars per person, PPP converted",V,Current prices,LA,Annual levels,T0102,Table 0102 - GDP identity from the expenditure side,2004,,32166.2,,,,,,F,Free (free for publication),1,One,A,Normal value,0,Units,USD,US dollar
DATAFLOW,OECD.SDD.NAD:DSD_NAMAIN1@DF_QNA_EXPENDITURE_CAPITA(1.1),Quarterly GDP per capita,I,A,Annual,Y,Calendar and seasonally adjusted,DEU,Germany,S1,Total economy,S1,Total economy,B1GQ_POP,"Gross domestic product, per capita",_Z,Not applicable,_Z,Not applicable,_Z,Not applicable,USD_PPP_PS,"US dollars per person, PPP converted",V,Current prices,LA,Annual levels,T0102,Table 0102 - GDP identity from the expenditure side,2003,,30667.6,,,,,,F,Free (free for publication),1,One,A,Normal value,0,Units,USD,US dollar
DATAFLOW,OECD.SDD.NAD:DSD_NAMAIN1@DF_QNA_EXPENDITURE_CAPITA(1.1),Quarterly GDP per capita,I,A,Annual,Y,Calendar and seasonally adjusted,DEU,Germany,S1,Total economy,S1,Total economy,B1GQ_POP,"Gross domestic product, per capita",_Z,Not applicable,_Z,Not applicable,_Z,Not applicable,USD_PPP_PS,"US dollars per person, PPP converted",V,Current prices,LA,Annual levels,T0102,Table 0102 - GDP identity from the expenditure side,2002,,29842.9,,,,,,F,Free (free for publication),1,One,A,Normal value,0,Units,USD,US dollar
DATAFLOW,OECD.SDD.NAD:DSD_NAMAIN1@DF_QNA_EXPENDITURE_CAPITA(1.1),Quarterly GDP per capita,I,A,Annual,Y,Calendar and seasonally adjusted,DEU,Germany,S1,Total economy,S1,Total economy,B1GQ_POP,"Gross domestic product, per capita",_Z,Not applicable,_Z,Not applicable,_Z,Not applicable,USD_PPP_PS,"US dollars per person, PPP converted",V,Current prices,LA,Annual levels,T0102,Table 0102 - GDP identity from the expenditure side,2001,,28967,,,,,,F,Free (free for publication),1,One,A,Normal value,0,Units,USD,US dollar
DATAFLOW,OECD.SDD.NAD:DSD_NAMAIN1@DF_QNA_EXPENDITURE_CAPITA(1.1),Quarterly GDP per capita,I,A,Annual,Y,Calendar and seasonally adjusted,DEU,Germany,S1,Total economy,S1,Total economy,B1GQ_POP,"Gross domestic product, per capita",_Z,Not applicable,_Z,Not applicable,_Z,Not applicable,USD_PPP_PS,"US dollars per person, PPP converted",V,Current prices,LA,Annual levels,T0102,Table 0102 - GDP identity from the expenditure side,2000,,27728.2,,,,,,F,Free (free for publication),1,One,A,Normal value,0,Units,USD,US dollar
DATAFLOW,OECD.SDD.NAD:DSD_NAMAIN1@DF_QNA_EXPENDITURE_CAPITA(1.1),Quarterly GDP per capita,I,A,Annual,Y,Calendar and seasonally adjusted,DEU,Germany,S1,Total economy,S1,Total economy,B1GQ_POP,"Gross domestic product, per capita",_Z,Not applicable,_Z,Not applicable,_Z,Not applicable,USD_PPP_PS,"US dollars per person, PPP converted",LR,Chain linked volume (rebased),LA,Annual levels,T0102,Table 0102 - GDP identity from the expenditure side,2008,,54945.8,,2020,,,,F,Free (free for publication),1,One,A,Normal value,0,Units,USD,US dollar
DATAFLOW,OECD.SDD.NAD:DSD_NAMAIN1@DF_QNA_EXPENDITURE_CAPITA(1.1),Quarterly GDP per capita,I,A,Annual,Y,Calendar and seasonally adjusted,DEU,Germany,S1,Total economy,S1,Total economy,B1GQ_POP,"Gross domestic product, per capita",_Z,Not applicable,_Z,Not applicable,_Z,Not applicable,USD_PPP_PS,"US dollars per person, PPP converted",LR,Chain linked volume (rebased),LA,Annual levels,T0102,Table 0102 - GDP identity from the expenditure side,2007,,54308.4,,2020,,,,F,Free (free for publication),1,One,A,Normal value,0,Units,USD,US dollar
DATAFLOW,OECD.SDD.NAD:DSD_NAMAIN1@DF_QNA_EXPENDITURE_CAPITA(1.1),Quarterly GDP per capita,I,A,Annual,Y,Calendar and seasonally adjusted,DEU,Germany,S1,Total economy,S1,Total economy,B1GQ_POP,"Gross domestic product, per capita",_Z,Not applicable,_Z,Not applicable,_Z,Not applicable,USD_PPP_PS,"US dollars per person, PPP converted",LR,Chain linked volume (rebased),LA,Annual levels,T0102,Table 0102 - GDP identity from the expenditure side,2006,,52664.6,,2020,,,,F,Free (free for publication),1,One,A,Normal value,0,Units,USD,US dollar
DATAFLOW,OECD.SDD.NAD:DSD_NAMAIN1@DF_QNA_EXPENDITURE_CAPITA(1.1),Quarterly GDP per capita,I,A,Annual,Y,Calendar and seasonally adjusted,DEU,Germany,S1,Total economy,S1,Total economy,B1GQ_POP,"Gross domestic product, per capita",_Z,Not applicable,_Z,Not applicable,_Z,Not applicable,USD_PPP_PS,"US dollars per person, PPP converted",LR,Chain linked volume (rebased),LA,Annual levels,T0102,Table 0102 - GDP identity from the expenditure side,2005,,50606.4,,2020,,,,F,Free (free for publication),1,One,A,Normal value,0,Units,USD,US dollar
DATAFLOW,OECD.SDD.NAD:DSD_NAMAIN1@DF_QNA_EXPENDITURE_CAPITA(1.1),Quarterly GDP per capita,I,A,Annual,Y,Calendar and seasonally adjusted,DEU,Germany,S1,Total economy,S1,Total economy,B1GQ_POP,"Gross domestic product, per capita",_Z,Not applicable,_Z,Not applicable,_Z,Not applicable,USD_PPP_PS,"US dollars per person, PPP converted",LR,Chain linked volume (rebased),LA,Annual levels,T0102,Table 0102 - GDP identity from the expenditure side,2004,,50087.3,,2020,,,,F,Free (free for publication),1,One,A,Normal value,0,Units,USD,US dollar
DATAFLOW,OECD.SDD.NAD:DSD_NAMAIN1@DF_QNA_EXPENDITURE_CAPITA(1.1),Quarterly GDP per capita,I,A,Annual,Y,Calendar and seasonally adjusted,DEU,Germany,S1,Total economy,S1,Total economy,B1GQ_POP,"Gross domestic product, per capita",_Z,Not applicable,_Z,Not applicable,_Z,Not applicable,USD_PPP_PS,"US dollars per person, PPP converted",LR,Chain linked volume (rebased),LA,Annual levels,T0102,Table 0102 - GDP identity from the expenditure side,2003,,49454.6,,2020,,,,F,Free (free for publication),1,One,A,Normal value,0,Units,USD,US dollar
DATAFLOW,OECD.SDD.NAD:DSD_NAMAIN1@DF_QNA_EXPENDITURE_CAPITA(1.1),Quarterly GDP per capita,I,A,Annual,Y,Calendar and seasonally adjusted,DEU,Germany,S1,Total economy,S1,Total economy,B1GQ_POP,"Gross domestic product, per capita",_Z,Not applicable,_Z,Not applicable,_Z,Not applicable,USD_PPP_PS,"US dollars per person, PPP converted",LR,Chain linked volume (rebased),LA,Annual levels,T0102,Table 0102 - GDP identity from the expenditure side,2002,,49699.8,,2020,,,,F,Free (free for publication),1,One,A,Normal value,0,Units,USD,US dollar
DATAFLOW,OECD.SDD.NAD:DSD_NAMAIN1@DF_QNA_EXPENDITURE_CAPITA(1.1),Quarterly GDP per capita,I,A,Annual,Y,Calendar and seasonally adjusted,DEU,Germany,S1,Total economy,S1,Total economy,B1GQ_POP,"Gross domestic product, per capita",_Z,Not applicable,_Z,Not applicable,_Z,Not applicable,USD_PPP_PS,"US dollars per person, PPP converted",LR,Chain linked volume (rebased),LA,Annual levels,T0102,Table 0102 - GDP identity from the expenditure side,2001,,49853.8,,2020,,,,F,Free (free for publication),1,One,A,Normal value,0,Units,USD,US dollar
DATAFLOW,OECD.SDD.NAD:DSD_NAMAIN1@DF_QNA_EXPENDITURE_CAPITA(1.1),Quarterly GDP per capita,I,A,Annual,Y,Calendar and seasonally adjusted,DEU,Germany,S1,Total economy,S1,Total economy,B1GQ_POP,"Gross domestic product, per capita",_Z,Not applicable,_Z,Not applicable,_Z,Not applicable,USD_PPP_PS,"US dollars per person, PPP converted",LR,Chain linked volume (rebased),LA,Annual levels,T0102,Table 0102 - GDP identity from the expenditure side,2000,,49086.4,,2020,,,,F,Free (free for publication),1,One,A,Normal value,0,Units,USD,US dollar
DATAFLOW,OECD.SDD.NAD:DSD_NAMAIN1@DF_QNA_EXPENDITURE_CAPITA(1.1),Quarterly GDP per capita,I,A,Annual,Y,Calendar and seasonally adjusted,DEU,Germany,S1,Total economy,S1,Total economy,B1GQ_POP,"Gross domestic product, per capita",_Z,Not applicable,_Z,Not applicable,_Z,Not applicable,USD_PPP_PS,"US dollars per person, PPP converted",LR,Chain linked volume (rebased),LA,Annual levels,T0102,Table 0102 - GDP identity from the expenditure side,2015,,58333.6,,2020,,,,F,Free (free for publication),1,One,A,Normal value,0,Units,USD,US dollar
DATAFLOW,OECD.SDD.NAD:DSD_NAMAIN1@DF_QNA_EXPENDITURE_CAPITA(1.1),Quarterly GDP per capita,I,A,Annual,Y,Calendar and seasonally adjusted,DEU,Germany,S1,Total economy,S1,Total economy,B1GQ_POP,"Gross domestic product, per capita",_Z,Not applicable,_Z,Not applicable,_Z,Not applicable,USD_PPP_PS,"US dollars per person, PPP converted",LR,Chain linked volume (rebased),LA,Annual levels,T0102,Table 0102 - GDP identity from the expenditure side,2014,,57797.1,,2020,,,,F,Free (free for publication),1,One,A,Normal value,0,Units,USD,US dollar
DATAFLOW,OECD.SDD.NAD:DSD_NAMAIN1@DF_QNA_EXPENDITURE_CAPITA(1.1),Quarterly GDP per capita,I,A,Annual,Y,Calendar and seasonally adjusted,DEU,Germany,S1,Total economy,S1,Total economy,B1GQ_POP,"Gross domestic product, per capita",_Z,Not applicable,_Z,Not applicable,_Z,Not applicable,USD_PPP_PS,"US dollars per person, PPP converted",LR,Chain linked volume (rebased),LA,Annual levels,T0102,Table 0102 - GDP identity from the expenditure side,2013,,56734.6,,2020,,,,F,Free (free for publication),1,One,A,Normal value,0,Units,USD,US dollar
DATAFLOW,OECD.SDD.NAD:DSD_NAMAIN1@DF_QNA_EXPENDITURE_CAPITA(1.1),Quarterly GDP per capita,I,A,Annual,Y,Calendar and seasonally adjusted,DEU,Germany,S1,Total economy,S1,Total economy,B1GQ_POP,"Gross domestic product, per capita",_Z,Not applicable,_Z,Not applicable,_Z,Not applicable,USD_PPP_PS,"US dollars per person, PPP converted",LR,Chain linked volume (rebased),LA,Annual levels,T0102,Table 0102 - GDP identity from the expenditure side,2012,,56604.5,,2020,,,,F,Free (free for publication),1,One,A,Normal value,0,Units,USD,US dollar
DATAFLOW,OECD.SDD.NAD:DSD_NAMAIN1@DF_QNA_EXPENDITURE_CAPITA(1.1),Quarterly GDP per capita,I,A,Annual,Y,Calendar and seasonally adjusted,DEU,Germany,S1,Total economy,S1,Total economy,B1GQ_POP,"Gross domestic product, per capita",_Z,Not applicable,_Z,Not applicable,_Z,Not applicable,USD_PPP_PS,"US dollars per person, PPP converted",V,Current prices,LA,Annual levels,T0102,Table 0102 - GDP identity from the expenditure side,2013,,45949.1,,,,,,F,Free (free for publication),1,One,A,Normal value,0,Units,USD,US dollar
DATAFLOW,OECD.SDD.NAD:DSD_NAMAIN1@DF_QNA_EXPENDITURE_CAPITA(1.1),Quarterly GDP per capita,I,A,Annual,Y,Calendar and seasonally adjusted,DEU,Germany,S1,Total economy,S1,Total economy,B1GQ_POP,"Gross domestic product, per capita",_Z,Not applicable,_Z,Not applicable,_Z,Not applicable,USD_PPP_PS,"US dollars per person, PPP converted",V,Current prices,LA,Annual levels,T0102,Table 0102 - GDP identity from the expenditure side,2012,,44234.1,,,,,,F,Free (free for publication),1,One,A,Normal value,0,Units,USD,US dollar
DATAFLOW,OECD.SDD.NAD:DSD_NAMAIN1@DF_QNA_EXPENDITURE_CAPITA(1.1),Quarterly GDP per capita,I,A,Annual,Y,Calendar and seasonally adjusted,DEU,Germany,S1,Total economy,S1,Total economy,B1GQ_POP,"Gross domestic product, per capita",_Z,Not applicable,_Z,Not applicable,_Z,Not applicable,USD_PPP_PS,"US dollars per person, PPP converted",V,Current prices,LA,Annual levels,T0102,Table 0102 - GDP identity from the expenditure side,2011,,43383.6,,,,,,F,Free (free for publication),1,One,A,Normal value,0,Units,USD,US dollar
DATAFLOW,OECD.SDD.NAD:DSD_NAMAIN1@DF_QNA_EXPENDITURE_CAPITA(1.1),Quarterly GDP per capita,I,A,Annual,Y,Calendar and seasonally adjusted,DEU,Germany,S1,Total economy,S1,Total economy,B1GQ_POP,"Gross domestic product, per capita",_Z,Not applicable,_Z,Not applicable,_Z,Not applicable,USD_PPP_PS,"US dollars per person, PPP converted",V,Current prices,LA,Annual levels,T0102,Table 0102 - GDP identity from the expenditure side,2010,,40451.9,,,,,,F,Free (free for publication),1,One,A,Normal value,0,Units,USD,US dollar
DATAFLOW,OECD.SDD.NAD:DSD_NAMAIN1@DF_QNA_EXPENDITURE_CAPITA(1.1),Quarterly GDP per capita,I,A,Annual,Y,Calendar and seasonally adjusted,DEU,Germany,S1,Total economy,S1,Total economy,B1GQ_POP,"Gross domestic product, per capita",_Z,Not applicable,_Z,Not applicable,_Z,Not applicable,USD_PPP_PS,"US dollars per person, PPP converted",V,Current prices,LA,Annual levels,T0102,Table 0102 - GDP identity from the expenditure side,2021,,63548.4,,,,,,F,Free (free for publication),1,One,A,Normal value,0,Units,USD,US dollar
DATAFLOW,OECD.SDD.NAD:DSD_NAMAIN1@DF_QNA_EXPENDITURE_CAPITA(1.1),Quarterly GDP per capita,I,A,Annual,Y,Calendar and seasonally adjusted,DEU,Germany,S1,Total economy,S1,Total economy,B1GQ_POP,"Gross domestic product, per capita",_Z,Not applicable,_Z,Not applicable,_Z,Not applicable,USD_PPP_PS,"US dollars per person, PPP converted",V,Current prices,LA,Annual levels,T0102,Table 0102 - GDP identity from the expenditure side,2020,,59444.3,,,,,,F,Free (free for publication),1,One,A,Normal value,0,Units,USD,US dollar
DATAFLOW,OECD.SDD.NAD:DSD_NAMAIN1@DF_QNA_EXPENDITURE_CAPITA(1.1),Quarterly GDP per capita,I,A,Annual,Y,Calendar and seasonally adjusted,DEU,Germany,S1,Total economy,S1,Total economy,B1GQ_POP,"Gross domestic product, per capita",_Z,Not applicable,_Z,Not applicable,_Z,Not applicable,USD_PPP_PS,"US dollars per person, PPP converted",V,Current prices,LA,Annual levels,T0102,Table 0102 - GDP identity from the expenditure side,2019,,59953.3,,,,,,F,Free (free for publication),1,One,A,Normal value,0,Units,USD,US dollar
DATAFLOW,OECD.SDD.NAD:DSD_NAMAIN1@DF_QNA_EXPENDITURE_CAPITA(1.1),Quarterly GDP per capita,I,A,Annual,Y,Calendar and seasonally adjusted,DEU,Germany,S1,Total economy,S1,Total economy,B1GQ_POP,"Gross domestic product, per capita",_Z,Not applicable,_Z,Not applicable,_Z,Not applicable,USD_PPP_PS,"US dollars per person, PPP converted",LR,Chain linked volume (rebased),LA,Annual levels,T0102,Table 0102 - GDP identity from the expenditure side,2021,,61869,,2020,,,,F,Free (free for publication),1,One,A,Normal value,0,Units,USD,US dollar
DATAFLOW,OECD.SDD.NAD:DSD_NAMAIN1@DF_QNA_EXPENDITURE_CAPITA(1.1),Quarterly GDP per capita,I,A,Annual,Y,Calendar and seasonally adjusted,DEU,Germany,S1,Total economy,S1,Total economy,B1GQ_POP,"Gross domestic product, per capita",_Z,Not applicable,_Z,Not applicable,_Z,Not applicable,USD_PPP_PS,"US dollars per person, PPP converted",LR,Chain linked volume (rebased),LA,Annual levels,T0102,Table 0102 - GDP identity from the expenditure side,2020,,59444.3,,2020,,,,F,Free (free for publication),1,One,A,Normal value,0,Units,USD,US dollar
DATAFLOW,OECD.SDD.NAD:DSD_NAMAIN1@DF_QNA_EXPENDITURE_CAPITA(1.1),Quarterly GDP per capita,I,A,Annual,Y,Calendar and seasonally adjusted,DEU,Germany,S1,Total economy,S1,Total economy,B1GQ_POP,"Gross domestic product, per capita",_Z,Not applicable,_Z,Not applicable,_Z,Not applicable,USD_PPP_PS,"US dollars per person, PPP converted",LR,Chain linked volume (rebased),LA,Annual levels,T0102,Table 0102 - GDP identity from the expenditure side,2019,,61945.5,,2020,,,,F,Free (free for publication),1,One,A,Normal value,0,Units,USD,US dollar
DATAFLOW,OECD.SDD.NAD:DSD_NAMAIN1@DF_QNA_EXPENDITURE_CAPITA(1.1),Quarterly GDP per capita,I,A,Annual,Y,Calendar and seasonally adjusted,DEU,Germany,S1,Total economy,S1,Total economy,B1GQ_POP,"Gross domestic product, per capita",_Z,Not applicable,_Z,Not applicable,_Z,Not applicable,USD_PPP_PS,"US dollars per person, PPP converted",LR,Chain linked volume (rebased),LA,Annual levels,T0102,Table 0102 - GDP identity from the expenditure side,2018,,61383,,2020,,,,F,Free (free for publication),1,One,A,Normal value,0,Units,USD,US dollar
DATAFLOW,OECD.SDD.NAD:DSD_NAMAIN1@DF_QNA_EXPENDITURE_CAPITA(1.1),Quarterly GDP per capita,I,A,Annual,Y,Calendar and seasonally adjusted,DEU,Germany,S1,Total economy,S1,Total economy,B1GQ_POP,"Gross domestic product, per capita",_Z,Not applicable,_Z,Not applicable,_Z,Not applicable,USD_PPP_PS,"US dollars per person, PPP converted",LR,Chain linked volume (rebased),LA,Annual levels,T0102,Table 0102 - GDP identity from the expenditure side,2017,,60783,,2020,,,,F,Free (free for publication),1,One,A,Normal value,0,Units,USD,US dollar
DATAFLOW,OECD.SDD.NAD:DSD_NAMAIN1@DF_QNA_EXPENDITURE_CAPITA(1.1),Quarterly GDP per capita,I,A,Annual,Y,Calendar and seasonally adjusted,DNK,Denmark,S1,Total economy,S1,Total economy,B1GQ_POP,"Gross domestic product, per capita",_Z,Not applicable,_Z,Not applicable,_Z,Not applicable,USD_PPP_PS,"US dollars per person, PPP converted",LR,Chain linked volume (rebased),LA,Annual levels,T0102,Table 0102 - GDP identity from the expenditure side,2012,,57688.1,,2020,,,,F,Free (free for publication),1,One,A,Normal value,0,Units,USD,US dollar
DATAFLOW,OECD.SDD.NAD:DSD_NAMAIN1@DF_QNA_EXPENDITURE_CAPITA(1.1),Quarterly GDP per capita,I,A,Annual,Y,Calendar and seasonally adjusted,DNK,Denmark,S1,Total economy,S1,Total economy,B1GQ_POP,"Gross domestic product, per capita",_Z,Not applicable,_Z,Not applicable,_Z,Not applicable,USD_PPP_PS,"US dollars per person, PPP converted",LR,Chain linked volume (rebased),LA,Annual levels,T0102,Table 0102 - GDP identity from the expenditure side,2011,,57904.2,,2020,,,,F,Free (free for publication),1,One,A,Normal value,0,Units,USD,US dollar
DATAFLOW,OECD.SDD.NAD:DSD_NAMAIN1@DF_QNA_EXPENDITURE_CAPITA(1.1),Quarterly GDP per capita,I,A,Annual,Y,Calendar and seasonally adjusted,DNK,Denmark,S1,Total economy,S1,Total economy,B1GQ_POP,"Gross domestic product, per capita",_Z,Not applicable,_Z,Not applicable,_Z,Not applicable,USD_PPP_PS,"US dollars per person, PPP converted",LR,Chain linked volume (rebased),LA,Annual levels,T0102,Table 0102 - GDP identity from the expenditure side,2024,,68106.4,,2020,,,,F,Free (free for publication),1,One,A,Normal value,0,Units,USD,US dollar
DATAFLOW,OECD.SDD.NAD:DSD_NAMAIN1@DF_QNA_EXPENDITURE_CAPITA(1.1),Quarterly GDP per capita,I,A,Annual,Y,Calendar and seasonally adjusted,DNK,Denmark,S1,Total economy,S1,Total economy,B1GQ_POP,"Gross domestic product, per capita",_Z,Not applicable,_Z,Not applicable,_Z,Not applicable,USD_PPP_PS,"US dollars per person, PPP converted",LR,Chain linked volume (rebased),LA,Annual levels,T0102,Table 0102 - GDP identity from the expenditure side,2023,,66136.3,,2020,,,,F,Free (free for publication),1,One,A,Normal value,0,Units,USD,US dollar
DATAFLOW,OECD.SDD.NAD:DSD_NAMAIN1@DF_QNA_EXPENDITURE_CAPITA(1.1),Quarterly GDP per capita,I,A,Annual,Y,Calendar and seasonally adjusted,DNK,Denmark,S1,Total economy,S1,Total economy,B1GQ_POP,"Gross domestic product, per capita",_Z,Not applicable,_Z,Not applicable,_Z,Not applicable,USD_PPP_PS,"US dollars per person, PPP converted",LR,Chain linked volume (rebased),LA,Annual levels,T0102,Table 0102 - GDP identity from the expenditure side,2022,,66201.9,,2020,,,,F,Free (free for publication),1,One,A,Normal value,0,Units,USD,US dollar
DATAFLOW,OECD.SDD.NAD:DSD_NAMAIN1@DF_QNA_EXPENDITURE_CAPITA(1.1),Quarterly GDP per capita,I,A,Annual,Y,Calendar and seasonally adjusted,DNK,Denmark,S1,Total economy,S1,Total economy,B1GQ_POP,"Gross domestic product, per capita",_Z,Not applicable,_Z,Not applicable,_Z,Not applicable,USD_PPP_PS,"US dollars per person, PPP converted",V,Current prices,LA,Annual levels,T0102,Table 0102 - GDP identity from the expenditure side,2021,,69355.4,,,,,,F,Free (free for publication),1,One,A,Normal value,0,Units,USD,US dollar
DATAFLOW,OECD.SDD.NAD:DSD_NAMAIN1@DF_QNA_EXPENDITURE_CAPITA(1.1),Quarterly GDP per capita,I,A,Annual,Y,Calendar and seasonally adjusted,CZE,Czechia,S1,Total economy,S1,Total economy,B1GQ_POP,"Gross domestic product, per capita",_Z,Not applicable,_Z,Not applicable,_Z,Not applicable,USD_PPP_PS,"US dollars per person, PPP converted",V,Current prices,LA,Annual levels,T0102,Table 0102 - GDP identity from the expenditure side,2015,,34217.3,,,,,,F,Free (free for publication),1,One,A,Normal value,0,Units,USD,US dollar
DATAFLOW,OECD.SDD.NAD:DSD_NAMAIN1@DF_QNA_EXPENDITURE_CAPITA(1.1),Quarterly GDP per capita,I,A,Annual,Y,Calendar and seasonally adjusted,CZE,Czechia,S1,Total economy,S1,Total economy,B1GQ_POP,"Gross domestic product, per capita",_Z,Not applicable,_Z,Not applicable,_Z,Not applicable,USD_PPP_PS,"US dollars per person, PPP converted",V,Current prices,LA,Annual levels,T0102,Table 0102 - GDP identity from the expenditure side,2014,,32811.6,,,,,,F,Free (free for publication),1,One,A,Normal value,0,Units,USD,US dollar
DATAFLOW,OECD.SDD.NAD:DSD_NAMAIN1@DF_QNA_EXPENDITURE_CAPITA(1.1),Quarterly GDP per capita,I,A,Annual,Y,Calendar and seasonally adjusted,CAN,Canada,S1,Total economy,S1,Total economy,B1GQ_POP,"Gross domestic product, per capita",_Z,Not applicable,_Z,Not applicable,_Z,Not applicable,USD_PPP_PS,"US dollars per person, PPP converted",LR,Chain linked volume (rebased),LA,Annual levels,T0102,Table 0102 - GDP identity from the expenditure side,2000,,43530.7,,2020,,,,F,Free (free for publication),1,One,A,Normal value,0,Units,USD,US dollar
DATAFLOW,OECD.SDD.NAD:DSD_NAMAIN1@DF_QNA_EXPENDITURE_CAPITA(1.1),Quarterly GDP per capita,I,A,Annual,Y,Calendar and seasonally adjusted,CAN,Canada,S1,Total economy,S1,Total economy,B1GQ_POP,"Gross domestic product, per capita",_Z,Not applicable,_Z,Not applicable,_Z,Not applicable,USD_PPP_PS,"US dollars per person, PPP converted",LR,Chain linked volume (rebased),LA,Annual levels,T0102,Table 0102 - GDP identity from the expenditure side,2014,,50118.9,,2020,,,,F,Free (free for publication),1,One,A,Normal value,0,Units,USD,US dollar
DATAFLOW,OECD.SDD.NAD:DSD_NAMAIN1@DF_QNA_EXPENDITURE_CAPITA(1.1),Quarterly GDP per capita,I,A,Annual,Y,Calendar and seasonally adjusted,CAN,Canada,S1,Total economy,S1,Total economy,B1GQ_POP,"Gross domestic product, per capita",_Z,Not applicable,_Z,Not applicable,_Z,Not applicable,USD_PPP_PS,"US dollars per person, PPP converted",LR,Chain linked volume (rebased),LA,Annual levels,T0102,Table 0102 - GDP identity from the expenditure side,2013,,49215.4,,2020,,,,F,Free (free for publication),1,One,A,Normal value,0,Units,USD,US dollar
DATAFLOW,OECD.SDD.NAD:DSD_NAMAIN1@DF_QNA_EXPENDITURE_CAPITA(1.1),Quarterly GDP per capita,I,A,Annual,Y,Calendar and seasonally adjusted,CZE,Czechia,S1,Total economy,S1,Total economy,B1GQ_POP,"Gross domestic product, per capita",_Z,Not applicable,_Z,Not applicable,_Z,Not applicable,USD_PPP_PS,"US dollars per person, PPP converted",V,Current prices,LA,Annual levels,T0102,Table 0102 - GDP identity from the expenditure side,2005,,22064,,,,,,F,Free (free for publication),1,One,A,Normal value,0,Units,USD,US dollar
DATAFLOW,OECD.SDD.NAD:DSD_NAMAIN1@DF_QNA_EXPENDITURE_CAPITA(1.1),Quarterly GDP per capita,I,A,Annual,Y,Calendar and seasonally adjusted,CZE,Czechia,S1,Total economy,S1,Total economy,B1GQ_POP,"Gross domestic product, per capita",_Z,Not applicable,_Z,Not applicable,_Z,Not applicable,USD_PPP_PS,"US dollars per person, PPP converted",V,Current prices,LA,Annual levels,T0102,Table 0102 - GDP identity from the expenditure side,2004,,20961.6,,,,,,F,Free (free for publication),1,One,A,Normal value,0,Units,USD,US dollar
DATAFLOW,OECD.SDD.NAD:DSD_NAMAIN1@DF_QNA_EXPENDITURE_CAPITA(1.1),Quarterly GDP per capita,I,A,Annual,Y,Calendar and seasonally adjusted,CZE,Czechia,S1,Total economy,S1,Total economy,B1GQ_POP,"Gross domestic product, per capita",_Z,Not applicable,_Z,Not applicable,_Z,Not applicable,USD_PPP_PS,"US dollars per person, PPP converted",V,Current prices,LA,Annual levels,T0102,Table 0102 - GDP identity from the expenditure side,2003,,19585.8,,,,,,F,Free (free for publication),1,One,A,Normal value,0,Units,USD,US dollar
DATAFLOW,OECD.SDD.NAD:DSD_NAMAIN1@DF_QNA_EXPENDITURE_CAPITA(1.1),Quarterly GDP per capita,I,A,Annual,Y,Calendar and seasonally adjusted,CZE,Czechia,S1,Total economy,S1,Total economy,B1GQ_POP,"Gross domestic product, per capita",_Z,Not applicable,_Z,Not applicable,_Z,Not applicable,USD_PPP_PS,"US dollars per person, PPP converted",V,Current prices,LA,Annual levels,T0102,Table 0102 - GDP identity from the expenditure side,2002,,18334.9,,,,,,F,Free (free for publication),1,One,A,Normal value,0,Units,USD,US dollar
DATAFLOW,OECD.SDD.NAD:DSD_NAMAIN1@DF_QNA_EXPENDITURE_CAPITA(1.1),Quarterly GDP per capita,I,A,Annual,Y,Calendar and seasonally adjusted,CZE,Czechia,S1,Total economy,S1,Total economy,B1GQ_POP,"Gross domestic product, per capita",_Z,Not applicable,_Z,Not applicable,_Z,Not applicable,USD_PPP_PS,"US dollars per person, PPP converted",V,Current prices,LA,Annual levels,T0102,Table 0102 - GDP identity from the expenditure side,2001,,17698.4,,,,,,F,Free (free for publication),1,One,A,Normal value,0,Units,USD,US dollar
DATAFLOW,OECD.SDD.NAD:DSD_NAMAIN1@DF_QNA_EXPENDITURE_CAPITA(1.1),Quarterly GDP per capita,I,A,Annual,Y,Calendar and seasonally adjusted,IRL,Ireland,S1,Total economy,S1,Total economy,B1GQ_POP,"Gross domestic product, per capita",_Z,Not applicable,_Z,Not applicable,_Z,Not applicable,USD_PPP_PS,"US dollars per person, PPP converted",V,Current prices,LA,Annual levels,T0102,Table 0102 - GDP identity from the expenditure side,2012,,46675.7,,,,,,F,Free (free for publication),1,One,A,Normal value,0,Units,USD,US dollar
DATAFLOW,OECD.SDD.NAD:DSD_NAMAIN1@DF_QNA_EXPENDITURE_CAPITA(1.1),Quarterly GDP per capita,I,A,Annual,Y,Calendar and seasonally adjusted,IRL,Ireland,S1,Total economy,S1,Total economy,B1GQ_POP,"Gross domestic product, per capita",_Z,Not applicable,_Z,Not applicable,_Z,Not applicable,USD_PPP_PS,"US dollars per person, PPP converted",V,Current prices,LA,Annual levels,T0102,Table 0102 - GDP identity from the expenditure side,2011,,45472.8,,,,,,F,Free (free for publication),1,One,A,Normal value,0,Units,USD,US dollar
DATAFLOW,OECD.SDD.NAD:DSD_NAMAIN1@DF_QNA_EXPENDITURE_CAPITA(1.1),Quarterly GDP per capita,I,A,Annual,Y,Calendar and seasonally adjusted,IRL,Ireland,S1,Total economy,S1,Total economy,B1GQ_POP,"Gross domestic product, per capita",_Z,Not applicable,_Z,Not applicable,_Z,Not applicable,USD_PPP_PS,"US dollars per person, PPP converted",V,Current prices,LA,Annual levels,T0102,Table 0102 - GDP identity from the expenditure side,2010,,43166.6,,,,,,F,Free (free for publication),1,One,A,Normal value,0,Units,USD,US dollar
DATAFLOW,OECD.SDD.NAD:DSD_NAMAIN1@DF_QNA_EXPENDITURE_CAPITA(1.1),Quarterly GDP per capita,I,A,Annual,Y,Calendar and seasonally adjusted,IRL,Ireland,S1,Total economy,S1,Total economy,B1GQ_POP,"Gross domestic product, per capita",_Z,Not applicable,_Z,Not applicable,_Z,Not applicable,USD_PPP_PS,"US dollars per person, PPP converted",V,Current prices,LA,Annual levels,T0102,Table 0102 - GDP identity from the expenditure side,2009,,41456.9,,,,,,F,Free (free for publication),1,One,A,Normal value,0,Units,USD,US dollar
DATAFLOW,OECD.SDD.NAD:DSD_NAMAIN1@DF_QNA_EXPENDITURE_CAPITA(1.1),Quarterly GDP per capita,I,A,Annual,Y,Calendar and seasonally adjusted,IRL,Ireland,S1,Total economy,S1,Total economy,B1GQ_POP,"Gross domestic product, per capita",_Z,Not applicable,_Z,Not applicable,_Z,Not applicable,USD_PPP_PS,"US dollars per person, PPP converted",V,Current prices,LA,Annual levels,T0102,Table 0102 - GDP identity from the expenditure side,2018,,86503.4,,,,,,F,Free (free for publication),1,One,A,Normal value,0,Units,USD,US dollar
DATAFLOW,OECD.SDD.NAD:DSD_NAMAIN1@DF_QNA_EXPENDITURE_CAPITA(1.1),Quarterly GDP per capita,I,A,Annual,Y,Calendar and seasonally adjusted,IRL,Ireland,S1,Total economy,S1,Total economy,B1GQ_POP,"Gross domestic product, per capita",_Z,Not applicable,_Z,Not applicable,_Z,Not applicable,USD_PPP_PS,"US dollars per person, PPP converted",LR,Chain linked volume (rebased),LA,Annual levels,T0102,Table 0102 - GDP identity from the expenditure side,2021,,112396.1,,2020,,,,F,Free (free for publication),1,One,A,Normal value,0,Units,USD,US dollar
DATAFLOW,OECD.SDD.NAD:DSD_NAMAIN1@DF_QNA_EXPENDITURE_CAPITA(1.1),Quarterly GDP per capita,I,A,Annual,Y,Calendar and seasonally adjusted,IRL,Ireland,S1,Total economy,S1,Total economy,B1GQ_POP,"Gross domestic product, per capita",_Z,Not applicable,_Z,Not applicable,_Z,Not applicable,USD_PPP_PS,"US dollars per person, PPP converted",LR,Chain linked volume (rebased),LA,Annual levels,T0102,Table 0102 - GDP identity from the expenditure side,2016,,77661.8,,2020,,,,F,Free (free for publication),1,One,A,Normal value,0,Units,USD,US dollar
DATAFLOW,OECD.SDD.NAD:DSD_NAMAIN1@DF_QNA_EXPENDITURE_CAPITA(1.1),Quarterly GDP per capita,I,A,Annual,Y,Calendar and seasonally adjusted,IRL,Ireland,S1,Total economy,S1,Total economy,B1GQ_POP,"Gross domestic product, per capita",_Z,Not applicable,_Z,Not applicable,_Z,Not applicable,USD_PPP_PS,"US dollars per person, PPP converted",LR,Chain linked volume (rebased),LA,Annual levels,T0102,Table 0102 - GDP identity from the expenditure side,2015,,77650,,2020,,,,F,Free (free for publication),1,One,A,Normal value,0,Units,USD,US dollar
DATAFLOW,OECD.SDD.NAD:DSD_NAMAIN1@DF_QNA_EXPENDITURE_CAPITA(1.1),Quarterly GDP per capita,I,A,Annual,Y,Calendar and seasonally adjusted,IRL,Ireland,S1,Total economy,S1,Total economy,B1GQ_POP,"Gross domestic product, per capita",_Z,Not applicable,_Z,Not applicable,_Z,Not applicable,USD_PPP_PS,"US dollars per person, PPP converted",LR,Chain linked volume (rebased),LA,Annual levels,T0102,Table 0102 - GDP identity from the expenditure side,2014,,62887.5,,2020,,,,F,Free (free for publication),1,One,A,Normal value,0,Units,USD,US dollar
DATAFLOW,OECD.SDD.NAD:DSD_NAMAIN1@DF_QNA_EXPENDITURE_CAPITA(1.1),Quarterly GDP per capita,I,A,Annual,Y,Calendar and seasonally adjusted,IRL,Ireland,S1,Total economy,S1,Total economy,B1GQ_POP,"Gross domestic product, per capita",_Z,Not applicable,_Z,Not applicable,_Z,Not applicable,USD_PPP_PS,"US dollars per person, PPP converted",LR,Chain linked volume (rebased),LA,Annual levels,T0102,Table 0102 - GDP identity from the expenditure side,2013,,57894.9,,2020,,,,F,Free (free for publication),1,One,A,Normal value,0,Units,USD,US dollar
DATAFLOW,OECD.SDD.NAD:DSD_NAMAIN1@DF_QNA_EXPENDITURE_CAPITA(1.1),Quarterly GDP per capita,I,A,Annual,Y,Calendar and seasonally adjusted,IRL,Ireland,S1,Total economy,S1,Total economy,B1GQ_POP,"Gross domestic product, per capita",_Z,Not applicable,_Z,Not applicable,_Z,Not applicable,USD_PPP_PS,"US dollars per person, PPP converted",LR,Chain linked volume (rebased),LA,Annual levels,T0102,Table 0102 - GDP identity from the expenditure side,2012,,56931,,2020,,,,F,Free (free for publication),1,One,A,Normal value,0,Units,USD,US dollar
DATAFLOW,OECD.SDD.NAD:DSD_NAMAIN1@DF_QNA_EXPENDITURE_CAPITA(1.1),Quarterly GDP per capita,I,A,Annual,Y,Calendar and seasonally adjusted,IRL,Ireland,S1,Total economy,S1,Total economy,B1GQ_POP,"Gross domestic product, per capita",_Z,Not applicable,_Z,Not applicable,_Z,Not applicable,USD_PPP_PS,"US dollars per person, PPP converted",LR,Chain linked volume (rebased),LA,Annual levels,T0102,Table 0102 - GDP identity from the expenditure side,2011,,57398.5,,2020,,,,F,Free (free for publication),1,One,A,Normal value,0,Units,USD,US dollar
DATAFLOW,OECD.SDD.NAD:DSD_NAMAIN1@DF_QNA_EXPENDITURE_CAPITA(1.1),Quarterly GDP per capita,I,A,Annual,Y,Calendar and seasonally adjusted,IRL,Ireland,S1,Total economy,S1,Total economy,B1GQ_POP,"Gross domestic product, per capita",_Z,Not applicable,_Z,Not applicable,_Z,Not applicable,USD_PPP_PS,"US dollars per person, PPP converted",LR,Chain linked volume (rebased),LA,Annual levels,T0102,Table 0102 - GDP identity from the expenditure side,2010,,56722.2,,2020,,,,F,Free (free for publication),1,One,A,Normal value,0,Units,USD,US dollar
DATAFLOW,OECD.SDD.NAD:DSD_NAMAIN1@DF_QNA_EXPENDITURE_CAPITA(1.1),Quarterly GDP per capita,I,A,Annual,Y,Calendar and seasonally adjusted,IRL,Ireland,S1,Total economy,S1,Total economy,B1GQ_POP,"Gross domestic product, per capita",_Z,Not applicable,_Z,Not applicable,_Z,Not applicable,USD_PPP_PS,"US dollars per person, PPP converted",LR,Chain linked volume (rebased),LA,Annual levels,T0102,Table 0102 - GDP identity from the expenditure side,2009,,56036.7,,2020,,,,F,Free (free for publication),1,One,A,Normal value,0,Units,USD,US dollar
DATAFLOW,OECD.SDD.NAD:DSD_NAMAIN1@DF_QNA_EXPENDITURE_CAPITA(1.1),Quarterly GDP per capita,I,A,Annual,Y,Calendar and seasonally adjusted,IRL,Ireland,S1,Total economy,S1,Total economy,B1GQ_POP,"Gross domestic product, per capita",_Z,Not applicable,_Z,Not applicable,_Z,Not applicable,USD_PPP_PS,"US dollars per person, PPP converted",LR,Chain linked volume (rebased),LA,Annual levels,T0102,Table 0102 - GDP identity from the expenditure side,2024,,114256.9,,2020,,,,F,Free (free for publication),1,One,A,Normal value,0,Units,USD,US dollar
DATAFLOW,OECD.SDD.NAD:DSD_NAMAIN1@DF_QNA_EXPENDITURE_CAPITA(1.1),Quarterly GDP per capita,I,A,Annual,Y,Calendar and seasonally adjusted,IRL,Ireland,S1,Total economy,S1,Total economy,B1GQ_POP,"Gross domestic product, per capita",_Z,Not applicable,_Z,Not applicable,_Z,Not applicable,USD_PPP_PS,"US dollars per person, PPP converted",LR,Chain linked volume (rebased),LA,Annual levels,T0102,Table 0102 - GDP identity from the expenditure side,2023,,113236.3,,2020,,,,F,Free (free for publication),1,One,A,Normal value,0,Units,USD,US dollar
DATAFLOW,OECD.SDD.NAD:DSD_NAMAIN1@DF_QNA_EXPENDITURE_CAPITA(1.1),Quarterly GDP per capita,I,A,Annual,Y,Calendar and seasonally adjusted,IRL,Ireland,S1,Total economy,S1,Total economy,B1GQ_POP,"Gross domestic product, per capita",_Z,Not applicable,_Z,Not applicable,_Z,Not applicable,USD_PPP_PS,"US dollars per person, PPP converted",LR,Chain linked volume (rebased),LA,Annual levels,T0102,Table 0102 - GDP identity from the expenditure side,2022,,118330.8,,2020,,,,F,Free (free for publication),1,One,A,Normal value,0,Units,USD,US dollar
DATAFLOW,OECD.SDD.NAD:DSD_NAMAIN1@DF_QNA_EXPENDITURE_CAPITA(1.1),Quarterly GDP per capita,I,A,Annual,Y,Calendar and seasonally adjusted,IRL,Ireland,S1,Total economy,S1,Total economy,B1GQ_POP,"Gross domestic product, per capita",_Z,Not applicable,_Z,Not applicable,_Z,Not applicable,USD_PPP_PS,"US dollars per person, PPP converted",V,Current prices,LA,Annual levels,T0102,Table 0102 - GDP identity from the expenditure side,2017,,80515.6,,,,,,F,Free (free for publication),1,One,A,Normal value,0,Units,USD,US dollar
DATAFLOW,OECD.SDD.NAD:DSD_NAMAIN1@DF_QNA_EXPENDITURE_CAPITA(1.1),Quarterly GDP per capita,I,A,Annual,Y,Calendar and seasonally adjusted,FRA,France,S1,Total economy,S1,Total economy,B1GQ_POP,"Gross domestic product, per capita",_Z,Not applicable,_Z,Not applicable,_Z,Not applicable,USD_PPP_PS,"US dollars per person, PPP converted",V,Current prices,LA,Annual levels,T0102,Table 0102 - GDP identity from the expenditure side,2018,,46397.5,,,,,,F,Free (free for publication),1,One,A,Normal value,0,Units,USD,US dollar
DATAFLOW,OECD.SDD.NAD:DSD_NAMAIN1@DF_QNA_EXPENDITURE_CAPITA(1.1),Quarterly GDP per capita,I,A,Annual,Y,Calendar and seasonally adjusted,FRA,France,S1,Total economy,S1,Total economy,B1GQ_POP,"Gross domestic product, per capita",_Z,Not applicable,_Z,Not applicable,_Z,Not applicable,USD_PPP_PS,"US dollars per person, PPP converted",V,Current prices,LA,Annual levels,T0102,Table 0102 - GDP identity from the expenditure side,2017,,44527.5,,,,,,F,Free (free for publication),1,One,A,Normal value,0,Units,USD,US dollar
DATAFLOW,OECD.SDD.NAD:DSD_NAMAIN1@DF_QNA_EXPENDITURE_CAPITA(1.1),Quarterly GDP per capita,I,A,Annual,Y,Calendar and seasonally adjusted,FRA,France,S1,Total economy,S1,Total economy,B1GQ_POP,"Gross domestic product, per capita",_Z,Not applicable,_Z,Not applicable,_Z,Not applicable,USD_PPP_PS,"US dollars per person, PPP converted",V,Current prices,LA,Annual levels,T0102,Table 0102 - GDP identity from the expenditure side,2016,,42983.8,,,,,,F,Free (free for publication),1,One,A,Normal value,0,Units,USD,US dollar
DATAFLOW,OECD.SDD.NAD:DSD_NAMAIN1@DF_QNA_EXPENDITURE_CAPITA(1.1),Quarterly GDP per capita,I,A,Annual,Y,Calendar and seasonally adjusted,FRA,France,S1,Total economy,S1,Total economy,B1GQ_POP,"Gross domestic product, per capita",_Z,Not applicable,_Z,Not applicable,_Z,Not applicable,USD_PPP_PS,"US dollars per person, PPP converted",V,Current prices,LA,Annual levels,T0102,Table 0102 - GDP identity from the expenditure side,2015,,41049.7,,,,,,F,Free (free for publication),1,One,A,Normal value,0,Units,USD,US dollar
DATAFLOW,OECD.SDD.NAD:DSD_NAMAIN1@DF_QNA_EXPENDITURE_CAPITA(1.1),Quarterly GDP per capita,I,A,Annual,Y,Calendar and seasonally adjusted,FRA,France,S1,Total economy,S1,Total economy,B1GQ_POP,"Gross domestic product, per capita",_Z,Not applicable,_Z,Not applicable,_Z,Not applicable,USD_PPP_PS,"US dollars per person, PPP converted",V,Current prices,LA,Annual levels,T0102,Table 0102 - GDP identity from the expenditure side,2014,,40395.7,,,,,,F,Free (free for publication),1,One,A,Normal value,0,Units,USD,US dollar
DATAFLOW,OECD.SDD.NAD:DSD_NAMAIN1@DF_QNA_EXPENDITURE_CAPITA(1.1),Quarterly GDP per capita,I,A,Annual,Y,Calendar and seasonally adjusted,FRA,France,S1,Total economy,S1,Total economy,B1GQ_POP,"Gross domestic product, per capita",_Z,Not applicable,_Z,Not applicable,_Z,Not applicable,USD_PPP_PS,"US dollars per person, PPP converted",V,Current prices,LA,Annual levels,T0102,Table 0102 - GDP identity from the expenditure side,2013,,39772.4,,,,,,F,Free (free for publication),1,One,A,Normal value,0,Units,USD,US dollar
DATAFLOW,OECD.SDD.NAD:DSD_NAMAIN1@DF_QNA_EXPENDITURE_CAPITA(1.1),Quarterly GDP per capita,I,A,Annual,Y,Calendar and seasonally adjusted,FRA,France,S1,Total economy,S1,Total economy,B1GQ_POP,"Gross domestic product, per capita",_Z,Not applicable,_Z,Not applicable,_Z,Not applicable,USD_PPP_PS,"US dollars per person, PPP converted",V,Current prices,LA,Annual levels,T0102,Table 0102 - GDP identity from the expenditure side,2012,,37841.7,,,,,,F,Free (free for publication),1,One,A,Normal value,0,Units,USD,US dollar
DATAFLOW,OECD.SDD.NAD:DSD_NAMAIN1@DF_QNA_EXPENDITURE_CAPITA(1.1),Quarterly GDP per capita,I,A,Annual,Y,Calendar and seasonally adjusted,FRA,France,S1,Total economy,S1,Total economy,B1GQ_POP,"Gross domestic product, per capita",_Z,Not applicable,_Z,Not applicable,_Z,Not applicable,USD_PPP_PS,"US dollars per person, PPP converted",V,Current prices,LA,Annual levels,T0102,Table 0102 - GDP identity from the expenditure side,2011,,37675.4,,,,,,F,Free (free for publication),1,One,A,Normal value,0,Units,USD,US dollar
DATAFLOW,OECD.SDD.NAD:DSD_NAMAIN1@DF_QNA_EXPENDITURE_CAPITA(1.1),Quarterly GDP per capita,I,A,Annual,Y,Calendar and seasonally adjusted,FRA,France,S1,Total economy,S1,Total economy,B1GQ_POP,"Gross domestic product, per capita",_Z,Not applicable,_Z,Not applicable,_Z,Not applicable,USD_PPP_PS,"US dollars per person, PPP converted",V,Current prices,LA,Annual levels,T0102,Table 0102 - GDP identity from the expenditure side,2010,,36061.7,,,,,,F,Free (free for publication),1,One,A,Normal value,0,Units,USD,US dollar
DATAFLOW,OECD.SDD.NAD:DSD_NAMAIN1@DF_QNA_EXPENDITURE_CAPITA(1.1),Quarterly GDP per capita,I,A,Annual,Y,Calendar and seasonally adjusted,FRA,France,S1,Total economy,S1,Total economy,B1GQ_POP,"Gross domestic product, per capita",_Z,Not applicable,_Z,Not applicable,_Z,Not applicable,USD_PPP_PS,"US dollars per person, PPP converted",V,Current prices,LA,Annual levels,T0102,Table 0102 - GDP identity from the expenditure side,2009,,34828,,,,,,F,Free (free for publication),1,One,A,Normal value,0,Units,USD,US dollar
DATAFLOW,OECD.SDD.NAD:DSD_NAMAIN1@DF_QNA_EXPENDITURE_CAPITA(1.1),Quarterly GDP per capita,I,A,Annual,Y,Calendar and seasonally adjusted,FRA,France,S1,Total economy,S1,Total economy,B1GQ_POP,"Gross domestic product, per capita",_Z,Not applicable,_Z,Not applicable,_Z,Not applicable,USD_PPP_PS,"US dollars per person, PPP converted",V,Current prices,LA,Annual levels,T0102,Table 0102 - GDP identity from the expenditure side,2008,,35192.1,,,,,,F,Free (free for publication),1,One,A,Normal value,0,Units,USD,US dollar
DATAFLOW,OECD.SDD.NAD:DSD_NAMAIN1@DF_QNA_EXPENDITURE_CAPITA(1.1),Quarterly GDP per capita,I,A,Annual,Y,Calendar and seasonally adjusted,FRA,France,S1,Total economy,S1,Total economy,B1GQ_POP,"Gross domestic product, per capita",_Z,Not applicable,_Z,Not applicable,_Z,Not applicable,USD_PPP_PS,"US dollars per person, PPP converted",V,Current prices,LA,Annual levels,T0102,Table 0102 - GDP identity from the expenditure side,2007,,34195.3,,,,,,F,Free (free for publication),1,One,A,Normal value,0,Units,USD,US dollar
DATAFLOW,OECD.SDD.NAD:DSD_NAMAIN1@DF_QNA_EXPENDITURE_CAPITA(1.1),Quarterly GDP per capita,I,A,Annual,Y,Calendar and seasonally adjusted,FRA,France,S1,Total economy,S1,Total economy,B1GQ_POP,"Gross domestic product, per capita",_Z,Not applicable,_Z,Not applicable,_Z,Not applicable,USD_PPP_PS,"US dollars per person, PPP converted",V,Current prices,LA,Annual levels,T0102,Table 0102 - GDP identity from the expenditure side,2024,,62524.6,,,,,,F,Free (free for publication),1,One,A,Normal value,0,Units,USD,US dollar
DATAFLOW,OECD.SDD.NAD:DSD_NAMAIN1@DF_QNA_EXPENDITURE_CAPITA(1.1),Quarterly GDP per capita,I,A,Annual,Y,Calendar and seasonally adjusted,FRA,France,S1,Total economy,S1,Total economy,B1GQ_POP,"Gross domestic product, per capita",_Z,Not applicable,_Z,Not applicable,_Z,Not applicable,USD_PPP_PS,"US dollars per person, PPP converted",LR,Chain linked volume (rebased),LA,Annual levels,T0102,Table 0102 - GDP identity from the expenditure side,2020,,49462.7,,2020,,,,F,Free (free for publication),1,One,A,Normal value,0,Units,USD,US dollar
DATAFLOW,OECD.SDD.NAD:DSD_NAMAIN1@DF_QNA_EXPENDITURE_CAPITA(1.1),Quarterly GDP per capita,I,A,Annual,Y,Calendar and seasonally adjusted,FRA,France,S1,Total economy,S1,Total economy,B1GQ_POP,"Gross domestic product, per capita",_Z,Not applicable,_Z,Not applicable,_Z,Not applicable,USD_PPP_PS,"US dollars per person, PPP converted",LR,Chain linked volume (rebased),LA,Annual levels,T0102,Table 0102 - GDP identity from the expenditure side,2019,,53622,,2020,,,,F,Free (free for publication),1,One,A,Normal value,0,Units,USD,US dollar
DATAFLOW,OECD.SDD.NAD:DSD_NAMAIN1@DF_QNA_EXPENDITURE_CAPITA(1.1),Quarterly GDP per capita,I,A,Annual,Y,Calendar and seasonally adjusted,FRA,France,S1,Total economy,S1,Total economy,B1GQ_POP,"Gross domestic product, per capita",_Z,Not applicable,_Z,Not applicable,_Z,Not applicable,USD_PPP_PS,"US dollars per person, PPP converted",LR,Chain linked volume (rebased),LA,Annual levels,T0102,Table 0102 - GDP identity from the expenditure side,2018,,52761.4,,2020,,,,F,Free (free for publication),1,One,A,Normal value,0,Units,USD,US dollar
DATAFLOW,OECD.SDD.NAD:DSD_NAMAIN1@DF_QNA_EXPENDITURE_CAPITA(1.1),Quarterly GDP per capita,I,A,Annual,Y,Calendar and seasonally adjusted,FRA,France,S1,Total economy,S1,Total economy,B1GQ_POP,"Gross domestic product, per capita",_Z,Not applicable,_Z,Not applicable,_Z,Not applicable,USD_PPP_PS,"US dollars per person, PPP converted",LR,Chain linked volume (rebased),LA,Annual levels,T0102,Table 0102 - GDP identity from the expenditure side,2017,,52143.3,,2020,,,,F,Free (free for publication),1,One,A,Normal value,0,Units,USD,US dollar
DATAFLOW,OECD.SDD.NAD:DSD_NAMAIN1@DF_QNA_EXPENDITURE_CAPITA(1.1),Quarterly GDP per capita,I,A,Annual,Y,Calendar and seasonally adjusted,FRA,France,S1,Total economy,S1,Total economy,B1GQ_POP,"Gross domestic product, per capita",_Z,Not applicable,_Z,Not applicable,_Z,Not applicable,USD_PPP_PS,"US dollars per person, PPP converted",LR,Chain linked volume (rebased),LA,Annual levels,T0102,Table 0102 - GDP identity from the expenditure side,2016,,51283.9,,2020,,,,F,Free (free for publication),1,One,A,Normal value,0,Units,USD,US dollar
DATAFLOW,OECD.SDD.NAD:DSD_NAMAIN1@DF_QNA_EXPENDITURE_CAPITA(1.1),Quarterly GDP per capita,I,A,Annual,Y,Calendar and seasonally adjusted,FRA,France,S1,Total economy,S1,Total economy,B1GQ_POP,"Gross domestic product, per capita",_Z,Not applicable,_Z,Not applicable,_Z,Not applicable,USD_PPP_PS,"US dollars per person, PPP converted",LR,Chain linked volume (rebased),LA,Annual levels,T0102,Table 0102 - GDP identity from the expenditure side,2015,,51037.9,,2020,,,,F,Free (free for publication),1,One,A,Normal value,0,Units,USD,US dollar
DATAFLOW,OECD.SDD.NAD:DSD_NAMAIN1@DF_QNA_EXPENDITURE_CAPITA(1.1),Quarterly GDP per capita,I,A,Annual,Y,Calendar and seasonally adjusted,FRA,France,S1,Total economy,S1,Total economy,B1GQ_POP,"Gross domestic product, per capita",_Z,Not applicable,_Z,Not applicable,_Z,Not applicable,USD_PPP_PS,"US dollars per person, PPP converted",LR,Chain linked volume (rebased),LA,Annual levels,T0102,Table 0102 - GDP identity from the expenditure side,2014,,50723.5,,2020,,,,F,Free (free for publication),1,One,A,Normal value,0,Units,USD,US dollar
DATAFLOW,OECD.SDD.NAD:DSD_NAMAIN1@DF_QNA_EXPENDITURE_CAPITA(1.1),Quarterly GDP per capita,I,A,Annual,Y,Calendar and seasonally adjusted,FRA,France,S1,Total economy,S1,Total economy,B1GQ_POP,"Gross domestic product, per capita",_Z,Not applicable,_Z,Not applicable,_Z,Not applicable,USD_PPP_PS,"US dollars per person, PPP converted",LR,Chain linked volume (rebased),LA,Annual levels,T0102,Table 0102 - GDP identity from the expenditure side,2013,,50479.5,,2020,,,,F,Free (free for publication),1,One,A,Normal value,0,Units,USD,US dollar
DATAFLOW,OECD.SDD.NAD:DSD_NAMAIN1@DF_QNA_EXPENDITURE_CAPITA(1.1),Quarterly GDP per capita,I,A,Annual,Y,Calendar and seasonally adjusted,FRA,France,S1,Total economy,S1,Total economy,B1GQ_POP,"Gross domestic product, per capita",_Z,Not applicable,_Z,Not applicable,_Z,Not applicable,USD_PPP_PS,"US dollars per person, PPP converted",LR,Chain linked volume (rebased),LA,Annual levels,T0102,Table 0102 - GDP identity from the expenditure side,2012,,50335.3,,2020,,,,F,Free (free for publication),1,One,A,Normal value,0,Units,USD,US dollar
DATAFLOW,OECD.SDD.NAD:DSD_NAMAIN1@DF_QNA_EXPENDITURE_CAPITA(1.1),Quarterly GDP per capita,I,A,Annual,Y,Calendar and seasonally adjusted,FRA,France,S1,Total economy,S1,Total economy,B1GQ_POP,"Gross domestic product, per capita",_Z,Not applicable,_Z,Not applicable,_Z,Not applicable,USD_PPP_PS,"US dollars per person, PPP converted",LR,Chain linked volume (rebased),LA,Annual levels,T0102,Table 0102 - GDP identity from the expenditure side,2011,,50480,,2020,,,,F,Free (free for publication),1,One,A,Normal value,0,Units,USD,US dollar
DATAFLOW,OECD.SDD.NAD:DSD_NAMAIN1@DF_QNA_EXPENDITURE_CAPITA(1.1),Quarterly GDP per capita,I,A,Annual,Y,Calendar and seasonally adjusted,FRA,France,S1,Total economy,S1,Total economy,B1GQ_POP,"Gross domestic product, per capita",_Z,Not applicable,_Z,Not applicable,_Z,Not applicable,USD_PPP_PS,"US dollars per person, PPP converted",LR,Chain linked volume (rebased),LA,Annual levels,T0102,Table 0102 - GDP identity from the expenditure side,2010,,49511.9,,2020,,,,F,Free (free for publication),1,One,A,Normal value,0,Units,USD,US dollar
DATAFLOW,OECD.SDD.NAD:DSD_NAMAIN1@DF_QNA_EXPENDITURE_CAPITA(1.1),Quarterly GDP per capita,I,A,Annual,Y,Calendar and seasonally adjusted,FRA,France,S1,Total economy,S1,Total economy,B1GQ_POP,"Gross domestic product, per capita",_Z,Not applicable,_Z,Not applicable,_Z,Not applicable,USD_PPP_PS,"US dollars per person, PPP converted",LR,Chain linked volume (rebased),LA,Annual levels,T0102,Table 0102 - GDP identity from the expenditure side,2009,,48772.6,,2020,,,,F,Free (free for publication),1,One,A,Normal value,0,Units,USD,US dollar
DATAFLOW,OECD.SDD.NAD:DSD_NAMAIN1@DF_QNA_EXPENDITURE_CAPITA(1.1),Quarterly GDP per capita,I,A,Annual,Y,Calendar and seasonally adjusted,HUN,Hungary,S1,Total economy,S1,Total economy,B1GQ_POP,"Gross domestic product, per capita",_Z,Not applicable,_Z,Not applicable,_Z,Not applicable,USD_PPP_PS,"US dollars per person, PPP converted",V,Current prices,LA,Annual levels,T0102,Table 0102 - GDP identity from the expenditure side,2016,,28182.3,,,,,,F,Free (free for publication),1,One,A,Normal value,0,Units,USD,US dollar
DATAFLOW,OECD.SDD.NAD:DSD_NAMAIN1@DF_QNA_EXPENDITURE_CAPITA(1.1),Quarterly GDP per capita,I,A,Annual,Y,Calendar and seasonally adjusted,HUN,Hungary,S1,Total economy,S1,Total economy,B1GQ_POP,"Gross domestic product, per capita",_Z,Not applicable,_Z,Not applicable,_Z,Not applicable,USD_PPP_PS,"US dollars per person, PPP converted",V,Current prices,LA,Annual levels,T0102,Table 0102 - GDP identity from the expenditure side,2015,,26950.9,,,,,,F,Free (free for publication),1,One,A,Normal value,0,Units,USD,US dollar
DATAFLOW,OECD.SDD.NAD:DSD_NAMAIN1@DF_QNA_EXPENDITURE_CAPITA(1.1),Quarterly GDP per capita,I,A,Annual,Y,Calendar and seasonally adjusted,HUN,Hungary,S1,Total economy,S1,Total economy,B1GQ_POP,"Gross domestic product, per capita",_Z,Not applicable,_Z,Not applicable,_Z,Not applicable,USD_PPP_PS,"US dollars per person, PPP converted",V,Current prices,LA,Annual levels,T0102,Table 0102 - GDP identity from the expenditure side,2024,,48540.2,,,,,,F,Free (free for publication),1,One,A,Normal value,0,Units,USD,US dollar
DATAFLOW,OECD.SDD.NAD:DSD_NAMAIN1@DF_QNA_EXPENDITURE_CAPITA(1.1),Quarterly GDP per capita,I,A,Annual,Y,Calendar and seasonally adjusted,HUN,Hungary,S1,Total economy,S1,Total economy,B1GQ_POP,"Gross domestic product, per capita",_Z,Not applicable,_Z,Not applicable,_Z,Not applicable,USD_PPP_PS,"US dollars per person, PPP converted",V,Current prices,LA,Annual levels,T0102,Table 0102 - GDP identity from the expenditure side,2023,,46377.9,,,,,,F,Free (free for publication),1,One,A,Normal value,0,Units,USD,US dollar
DATAFLOW,OECD.SDD.NAD:DSD_NAMAIN1@DF_QNA_EXPENDITURE_CAPITA(1.1),Quarterly GDP per capita,I,A,Annual,Y,Calendar and seasonally adjusted,HUN,Hungary,S1,Total economy,S1,Total economy,B1GQ_POP,"Gross domestic product, per capita",_Z,Not applicable,_Z,Not applicable,_Z,Not applicable,USD_PPP_PS,"US dollars per person, PPP converted",V,Current prices,LA,Annual levels,T0102,Table 0102 - GDP identity from the expenditure side,2022,,44243.6,,,,,,F,Free (free for publication),1,One,A,Normal value,0,Units,USD,US dollar
DATAFLOW,OECD.SDD.NAD:DSD_NAMAIN1@DF_QNA_EXPENDITURE_CAPITA(1.1),Quarterly GDP per capita,I,A,Annual,Y,Calendar and seasonally adjusted,HUN,Hungary,S1,Total economy,S1,Total economy,B1GQ_POP,"Gross domestic product, per capita",_Z,Not applicable,_Z,Not applicable,_Z,Not applicable,USD_PPP_PS,"US dollars per person, PPP converted",V,Current prices,LA,Annual levels,T0102,Table 0102 - GDP identity from the expenditure side,2021,,38893.7,,,,,,F,Free (free for publication),1,One,A,Normal value,0,Units,USD,US dollar
DATAFLOW,OECD.SDD.NAD:DSD_NAMAIN1@DF_QNA_EXPENDITURE_CAPITA(1.1),Quarterly GDP per capita,I,A,Annual,Y,Calendar and seasonally adjusted,HUN,Hungary,S1,Total economy,S1,Total economy,B1GQ_POP,"Gross domestic product, per capita",_Z,Not applicable,_Z,Not applicable,_Z,Not applicable,USD_PPP_PS,"US dollars per person, PPP converted",V,Current prices,LA,Annual levels,T0102,Table 0102 - GDP identity from the expenditure side,2009,,20693.5,,,,,,F,Free (free for publication),1,One,A,Normal value,0,Units,USD,US dollar
DATAFLOW,OECD.SDD.NAD:DSD_NAMAIN1@DF_QNA_EXPENDITURE_CAPITA(1.1),Quarterly GDP per capita,I,A,Annual,Y,Calendar and seasonally adjusted,HUN,Hungary,S1,Total economy,S1,Total economy,B1GQ_POP,"Gross domestic product, per capita",_Z,Not applicable,_Z,Not applicable,_Z,Not applicable,USD_PPP_PS,"US dollars per person, PPP converted",V,Current prices,LA,Annual levels,T0102,Table 0102 - GDP identity from the expenditure side,2008,,20711,,,,,,F,Free (free for publication),1,One,A,Normal value,0,Units,USD,US dollar
DATAFLOW,OECD.SDD.NAD:DSD_NAMAIN1@DF_QNA_EXPENDITURE_CAPITA(1.1),Quarterly GDP per capita,I,A,Annual,Y,Calendar and seasonally adjusted,HUN,Hungary,S1,Total economy,S1,Total economy,B1GQ_POP,"Gross domestic product, per capita",_Z,Not applicable,_Z,Not applicable,_Z,Not applicable,USD_PPP_PS,"US dollars per person, PPP converted",V,Current prices,LA,Annual levels,T0102,Table 0102 - GDP identity from the expenditure side,2007,,19091.9,,,,,,F,Free (free for publication),1,One,A,Normal value,0,Units,USD,US dollar
DATAFLOW,OECD.SDD.NAD:DSD_NAMAIN1@DF_QNA_EXPENDITURE_CAPITA(1.1),Quarterly GDP per capita,I,A,Annual,Y,Calendar and seasonally adjusted,HUN,Hungary,S1,Total economy,S1,Total economy,B1GQ_POP,"Gross domestic product, per capita",_Z,Not applicable,_Z,Not applicable,_Z,Not applicable,USD_PPP_PS,"US dollars per person, PPP converted",V,Current prices,LA,Annual levels,T0102,Table 0102 - GDP identity from the expenditure side,2006,,18365.5,,,,,,F,Free (free for publication),1,One,A,Normal value,0,Units,USD,US dollar
DATAFLOW,OECD.SDD.NAD:DSD_NAMAIN1@DF_QNA_EXPENDITURE_CAPITA(1.1),Quarterly GDP per capita,I,A,Annual,Y,Calendar and seasonally adjusted,HUN,Hungary,S1,Total economy,S1,Total economy,B1GQ_POP,"Gross domestic product, per capita",_Z,Not applicable,_Z,Not applicable,_Z,Not applicable,USD_PPP_PS,"US dollars per person, PPP converted",V,Current prices,LA,Annual levels,T0102,Table 0102 - GDP identity from the expenditure side,2005,,17093.4,,,,,,F,Free (free for publication),1,One,A,Normal value,0,Units,USD,US dollar
DATAFLOW,OECD.SDD.NAD:DSD_NAMAIN1@DF_QNA_EXPENDITURE_CAPITA(1.1),Quarterly GDP per capita,I,A,Annual,Y,Calendar and seasonally adjusted,HUN,Hungary,S1,Total economy,S1,Total economy,B1GQ_POP,"Gross domestic product, per capita",_Z,Not applicable,_Z,Not applicable,_Z,Not applicable,USD_PPP_PS,"US dollars per person, PPP converted",V,Current prices,LA,Annual levels,T0102,Table 0102 - GDP identity from the expenditure side,2004,,16252.9,,,,,,F,Free (free for publication),1,One,A,Normal value,0,Units,USD,US dollar
DATAFLOW,OECD.SDD.NAD:DSD_NAMAIN1@DF_QNA_EXPENDITURE_CAPITA(1.1),Quarterly GDP per capita,I,A,Annual,Y,Calendar and seasonally adjusted,HUN,Hungary,S1,Total economy,S1,Total economy,B1GQ_POP,"Gross domestic product, per capita",_Z,Not applicable,_Z,Not applicable,_Z,Not applicable,USD_PPP_PS,"US dollars per person, PPP converted",V,Current prices,LA,Annual levels,T0102,Table 0102 - GDP identity from the expenditure side,2003,,15464.2,,,,,,F,Free (free for publication),1,One,A,Normal value,0,Units,USD,US dollar
DATAFLOW,OECD.SDD.NAD:DSD_NAMAIN1@DF_QNA_EXPENDITURE_CAPITA(1.1),Quarterly GDP per capita,I,A,Annual,Y,Calendar and seasonally adjusted,HUN,Hungary,S1,Total economy,S1,Total economy,B1GQ_POP,"Gross domestic product, per capita",_Z,Not applicable,_Z,Not applicable,_Z,Not applicable,USD_PPP_PS,"US dollars per person, PPP converted",V,Current prices,LA,Annual levels,T0102,Table 0102 - GDP identity from the expenditure side,2002,,14533.7,,,,,,F,Free (free for publication),1,One,A,Normal value,0,Units,USD,US dollar
DATAFLOW,OECD.SDD.NAD:DSD_NAMAIN1@DF_QNA_EXPENDITURE_CAPITA(1.1),Quarterly GDP per capita,I,A,Annual,Y,Calendar and seasonally adjusted,HUN,Hungary,S1,Total economy,S1,Total economy,B1GQ_POP,"Gross domestic product, per capita",_Z,Not applicable,_Z,Not applicable,_Z,Not applicable,USD_PPP_PS,"US dollars per person, PPP converted",V,Current prices,LA,Annual levels,T0102,Table 0102 - GDP identity from the expenditure side,2001,,13221.9,,,,,,F,Free (free for publication),1,One,A,Normal value,0,Units,USD,US dollar
DATAFLOW,OECD.SDD.NAD:DSD_NAMAIN1@DF_QNA_EXPENDITURE_CAPITA(1.1),Quarterly GDP per capita,I,A,Annual,Y,Calendar and seasonally adjusted,HUN,Hungary,S1,Total economy,S1,Total economy,B1GQ_POP,"Gross domestic product, per capita",_Z,Not applicable,_Z,Not applicable,_Z,Not applicable,USD_PPP_PS,"US dollars per person, PPP converted",V,Current prices,LA,Annual levels,T0102,Table 0102 - GDP identity from the expenditure side,2000,,11874.2,,,,,,F,Free (free for publication),1,One,A,Normal value,0,Units,USD,US dollar
DATAFLOW,OECD.SDD.NAD:DSD_NAMAIN1@DF_QNA_EXPENDITURE_CAPITA(1.1),Quarterly GDP per capita,I,A,Annual,Y,Calendar and seasonally adjusted,HUN,Hungary,S1,Total economy,S1,Total economy,B1GQ_POP,"Gross domestic product, per capita",_Z,Not applicable,_Z,Not applicable,_Z,Not applicable,USD_PPP_PS,"US dollars per person, PPP converted",LR,Chain linked volume (rebased),LA,Annual levels,T0102,Table 0102 - GDP identity from the expenditure side,2002,,23872,,2020,,,,F,Free (free for publication),1,One,A,Normal value,0,Units,USD,US dollar
DATAFLOW,OECD.SDD.NAD:DSD_NAMAIN1@DF_QNA_EXPENDITURE_CAPITA(1.1),Quarterly GDP per capita,I,A,Annual,Y,Calendar and seasonally adjusted,HUN,Hungary,S1,Total economy,S1,Total economy,B1GQ_POP,"Gross domestic product, per capita",_Z,Not applicable,_Z,Not applicable,_Z,Not applicable,USD_PPP_PS,"US dollars per person, PPP converted",LR,Chain linked volume (rebased),LA,Annual levels,T0102,Table 0102 - GDP identity from the expenditure side,2001,,22725.5,,2020,,,,F,Free (free for publication),1,One,A,Normal value,0,Units,USD,US dollar
DATAFLOW,OECD.SDD.NAD:DSD_NAMAIN1@DF_QNA_EXPENDITURE_CAPITA(1.1),Quarterly GDP per capita,I,A,Annual,Y,Calendar and seasonally adjusted,HUN,Hungary,S1,Total economy,S1,Total economy,B1GQ_POP,"Gross domestic product, per capita",_Z,Not applicable,_Z,Not applicable,_Z,Not applicable,USD_PPP_PS,"US dollars per person, PPP converted",LR,Chain linked volume (rebased),LA,Annual levels,T0102,Table 0102 - GDP identity from the expenditure side,2000,,21794.4,,2020,,,,F,Free (free for publication),1,One,A,Normal value,0,Units,USD,US dollar
DATAFLOW,OECD.SDD.NAD:DSD_NAMAIN1@DF_QNA_EXPENDITURE_CAPITA(1.1),Quarterly GDP per capita,I,A,Annual,Y,Calendar and seasonally adjusted,HUN,Hungary,S1,Total economy,S1,Total economy,B1GQ_POP,"Gross domestic product, per capita",_Z,Not applicable,_Z,Not applicable,_Z,Not applicable,USD_PPP_PS,"US dollars per person, PPP converted",LR,Chain linked volume (rebased),LA,Annual levels,T0102,Table 0102 - GDP identity from the expenditure side,2016,,31902.3,,2020,,,,F,Free (free for publication),1,One,A,Normal value,0,Units,USD,US dollar
DATAFLOW,OECD.SDD.NAD:DSD_NAMAIN1@DF_QNA_EXPENDITURE_CAPITA(1.1),Quarterly GDP per capita,I,A,Annual,Y,Calendar and seasonally adjusted,FIN,Finland,S1,Total economy,S1,Total economy,B1GQ_POP,"Gross domestic product, per capita",_Z,Not applicable,_Z,Not applicable,_Z,Not applicable,USD_PPP_PS,"US dollars per person, PPP converted",LR,Chain linked volume (rebased),LA,Annual levels,T0102,Table 0102 - GDP identity from the expenditure side,2014,,50677.5,,2020,,,,F,Free (free for publication),1,One,A,Normal value,0,Units,USD,US dollar
DATAFLOW,OECD.SDD.NAD:DSD_NAMAIN1@DF_QNA_EXPENDITURE_CAPITA(1.1),Quarterly GDP per capita,I,A,Annual,Y,Calendar and seasonally adjusted,FIN,Finland,S1,Total economy,S1,Total economy,B1GQ_POP,"Gross domestic product, per capita",_Z,Not applicable,_Z,Not applicable,_Z,Not applicable,USD_PPP_PS,"US dollars per person, PPP converted",LR,Chain linked volume (rebased),LA,Annual levels,T0102,Table 0102 - GDP identity from the expenditure side,2013,,51140.9,,2020,,,,F,Free (free for publication),1,One,A,Normal value,0,Units,USD,US dollar
DATAFLOW,OECD.SDD.NAD:DSD_NAMAIN1@DF_QNA_EXPENDITURE_CAPITA(1.1),Quarterly GDP per capita,I,A,Annual,Y,Calendar and seasonally adjusted,FIN,Finland,S1,Total economy,S1,Total economy,B1GQ_POP,"Gross domestic product, per capita",_Z,Not applicable,_Z,Not applicable,_Z,Not applicable,USD_PPP_PS,"US dollars per person, PPP converted",LR,Chain linked volume (rebased),LA,Annual levels,T0102,Table 0102 - GDP identity from the expenditure side,2012,,51885.4,,2020,,,,F,Free (free for publication),1,One,A,Normal value,0,Units,USD,US dollar
DATAFLOW,OECD.SDD.NAD:DSD_NAMAIN1@DF_QNA_EXPENDITURE_CAPITA(1.1),Quarterly GDP per capita,I,A,Annual,Y,Calendar and seasonally adjusted,FIN,Finland,S1,Total economy,S1,Total economy,B1GQ_POP,"Gross domestic product, per capita",_Z,Not applicable,_Z,Not applicable,_Z,Not applicable,USD_PPP_PS,"US dollars per person, PPP converted",LR,Chain linked volume (rebased),LA,Annual levels,T0102,Table 0102 - GDP identity from the expenditure side,2023,,53962.6,,2020,,,,F,Free (free for publication),1,One,A,Normal value,0,Units,USD,US dollar
DATAFLOW,OECD.SDD.NAD:DSD_NAMAIN1@DF_QNA_EXPENDITURE_CAPITA(1.1),Quarterly GDP per capita,I,A,Annual,Y,Calendar and seasonally adjusted,FIN,Finland,S1,Total economy,S1,Total economy,B1GQ_POP,"Gross domestic product, per capita",_Z,Not applicable,_Z,Not applicable,_Z,Not applicable,USD_PPP_PS,"US dollars per person, PPP converted",LR,Chain linked volume (rebased),LA,Annual levels,T0102,Table 0102 - GDP identity from the expenditure side,2022,,54869.1,,2020,,,,F,Free (free for publication),1,One,A,Normal value,0,Units,USD,US dollar
DATAFLOW,OECD.SDD.NAD:DSD_NAMAIN1@DF_QNA_EXPENDITURE_CAPITA(1.1),Quarterly GDP per capita,I,A,Annual,Y,Calendar and seasonally adjusted,FIN,Finland,S1,Total economy,S1,Total economy,B1GQ_POP,"Gross domestic product, per capita",_Z,Not applicable,_Z,Not applicable,_Z,Not applicable,USD_PPP_PS,"US dollars per person, PPP converted",LR,Chain linked volume (rebased),LA,Annual levels,T0102,Table 0102 - GDP identity from the expenditure side,2021,,54604.9,,2020,,,,F,Free (free for publication),1,One,A,Normal value,0,Units,USD,US dollar
DATAFLOW,OECD.SDD.NAD:DSD_NAMAIN1@DF_QNA_EXPENDITURE_CAPITA(1.1),Quarterly GDP per capita,I,A,Annual,Y,Calendar and seasonally adjusted,FIN,Finland,S1,Total economy,S1,Total economy,B1GQ_POP,"Gross domestic product, per capita",_Z,Not applicable,_Z,Not applicable,_Z,Not applicable,USD_PPP_PS,"US dollars per person, PPP converted",V,Current prices,LA,Annual levels,T0102,Table 0102 - GDP identity from the expenditure side,2017,,47235,,,,,,F,Free (free for publication),1,One,A,Normal value,0,Units,USD,US dollar
DATAFLOW,OECD.SDD.NAD:DSD_NAMAIN1@DF_QNA_EXPENDITURE_CAPITA(1.1),Quarterly GDP per capita,I,A,Annual,Y,Calendar and seasonally adjusted,EST,Estonia,S1,Total economy,S1,Total economy,B1GQ_POP,"Gross domestic product, per capita",_Z,Not applicable,_Z,Not applicable,_Z,Not applicable,USD_PPP_PS,"US dollars per person, PPP converted",V,Current prices,LA,Annual levels,T0102,Table 0102 - GDP identity from the expenditure side,2016,,31945.1,,,,,,F,Free (free for publication),1,One,A,Normal value,0,Units,USD,US dollar
DATAFLOW,OECD.SDD.NAD:DSD_NAMAIN1@DF_QNA_EXPENDITURE_CAPITA(1.1),Quarterly GDP per capita,I,A,Annual,Y,Calendar and seasonally adjusted,EST,Estonia,S1,Total economy,S1,Total economy,B1GQ_POP,"Gross domestic product, per capita",_Z,Not applicable,_Z,Not applicable,_Z,Not applicable,USD_PPP_PS,"US dollars per person, PPP converted",V,Current prices,LA,Annual levels,T0102,Table 0102 - GDP identity from the expenditure side,2015,,29760.3,,,,,,F,Free (free for publication),1,One,A,Normal value,0,Units,USD,US dollar
DATAFLOW,OECD.SDD.NAD:DSD_NAMAIN1@DF_QNA_EXPENDITURE_CAPITA(1.1),Quarterly GDP per capita,I,A,Annual,Y,Calendar and seasonally adjusted,COL,Colombia,S1,Total economy,S1,Total economy,B1GQ_POP,"Gross domestic product, per capita",_Z,Not applicable,_Z,Not applicable,_Z,Not applicable,USD_PPP_PS,"US dollars per person, PPP converted",LR,Chain linked volume (rebased),LA,Annual levels,T0102,Table 0102 - GDP identity from the expenditure side,2024,,18551.4,,2020,,,,F,Free (free for publication),1,One,A,Normal value,0,Units,USD,US dollar
DATAFLOW,OECD.SDD.NAD:DSD_NAMAIN1@DF_QNA_EXPENDITURE_CAPITA(1.1),Quarterly GDP per capita,I,A,Annual,Y,Calendar and seasonally adjusted,COL,Colombia,S1,Total economy,S1,Total economy,B1GQ_POP,"Gross domestic product, per capita",_Z,Not applicable,_Z,Not applicable,_Z,Not applicable,USD_PPP_PS,"US dollars per person, PPP converted",LR,Chain linked volume (rebased),LA,Annual levels,T0102,Table 0102 - GDP identity from the expenditure side,2023,,18465.9,,2020,,,,F,Free (free for publication),1,One,A,Normal value,0,Units,USD,US dollar
DATAFLOW,OECD.SDD.NAD:DSD_NAMAIN1@DF_QNA_EXPENDITURE_CAPITA(1.1),Quarterly GDP per capita,I,A,Annual,Y,Calendar and seasonally adjusted,COL,Colombia,S1,Total economy,S1,Total economy,B1GQ_POP,"Gross domestic product, per capita",_Z,Not applicable,_Z,Not applicable,_Z,Not applicable,USD_PPP_PS,"US dollars per person, PPP converted",V,Current prices,LA,Annual levels,T0102,Table 0102 - GDP identity from the expenditure side,2013,,13266,,,,,,F,Free (free for publication),1,One,A,Normal value,0,Units,USD,US dollar
DATAFLOW,OECD.SDD.NAD:DSD_NAMAIN1@DF_QNA_EXPENDITURE_CAPITA(1.1),Quarterly GDP per capita,I,A,Annual,Y,Calendar and seasonally adjusted,COL,Colombia,S1,Total economy,S1,Total economy,B1GQ_POP,"Gross domestic product, per capita",_Z,Not applicable,_Z,Not applicable,_Z,Not applicable,USD_PPP_PS,"US dollars per person, PPP converted",V,Current prices,LA,Annual levels,T0102,Table 0102 - GDP identity from the expenditure side,2012,,12530.8,,,,,,F,Free (free for publication),1,One,A,Normal value,0,Units,USD,US dollar
DATAFLOW,OECD.SDD.NAD:DSD_NAMAIN1@DF_QNA_EXPENDITURE_CAPITA(1.1),Quarterly GDP per capita,I,A,Annual,Y,Calendar and seasonally adjusted,COL,Colombia,S1,Total economy,S1,Total economy,B1GQ_POP,"Gross domestic product, per capita",_Z,Not applicable,_Z,Not applicable,_Z,Not applicable,USD_PPP_PS,"US dollars per person, PPP converted",V,Current prices,LA,Annual levels,T0102,Table 0102 - GDP identity from the expenditure side,2011,,12108.2,,,,,,F,Free (free for publication),1,One,A,Normal value,0,Units,USD,US dollar
DATAFLOW,OECD.SDD.NAD:DSD_NAMAIN1@DF_QNA_EXPENDITURE_CAPITA(1.1),Quarterly GDP per capita,I,A,Annual,Y,Calendar and seasonally adjusted,HUN,Hungary,S1,Total economy,S1,Total economy,B1GQ_POP,"Gross domestic product, per capita",_Z,Not applicable,_Z,Not applicable,_Z,Not applicable,USD_PPP_PS,"US dollars per person, PPP converted",LR,Chain linked volume (rebased),LA,Annual levels,T0102,Table 0102 - GDP identity from the expenditure side,2007,,28617,,2020,,,,F,Free (free for publication),1,One,A,Normal value,0,Units,USD,US dollar
DATAFLOW,OECD.SDD.NAD:DSD_NAMAIN1@DF_QNA_EXPENDITURE_CAPITA(1.1),Quarterly GDP per capita,I,A,Annual,Y,Calendar and seasonally adjusted,HUN,Hungary,S1,Total economy,S1,Total economy,B1GQ_POP,"Gross domestic product, per capita",_Z,Not applicable,_Z,Not applicable,_Z,Not applicable,USD_PPP_PS,"US dollars per person, PPP converted",LR,Chain linked volume (rebased),LA,Annual levels,T0102,Table 0102 - GDP identity from the expenditure side,2006,,28479.6,,2020,,,,F,Free (free for publication),1,One,A,Normal value,0,Units,USD,US dollar
DATAFLOW,OECD.SDD.NAD:DSD_NAMAIN1@DF_QNA_EXPENDITURE_CAPITA(1.1),Quarterly GDP per capita,I,A,Annual,Y,Calendar and seasonally adjusted,HUN,Hungary,S1,Total economy,S1,Total economy,B1GQ_POP,"Gross domestic product, per capita",_Z,Not applicable,_Z,Not applicable,_Z,Not applicable,USD_PPP_PS,"US dollars per person, PPP converted",LR,Chain linked volume (rebased),LA,Annual levels,T0102,Table 0102 - GDP identity from the expenditure side,2005,,27357.2,,2020,,,,F,Free (free for publication),1,One,A,Normal value,0,Units,USD,US dollar
DATAFLOW,OECD.SDD.NAD:DSD_NAMAIN1@DF_QNA_EXPENDITURE_CAPITA(1.1),Quarterly GDP per capita,I,A,Annual,Y,Calendar and seasonally adjusted,HUN,Hungary,S1,Total economy,S1,Total economy,B1GQ_POP,"Gross domestic product, per capita",_Z,Not applicable,_Z,Not applicable,_Z,Not applicable,USD_PPP_PS,"US dollars per person, PPP converted",LR,Chain linked volume (rebased),LA,Annual levels,T0102,Table 0102 - GDP identity from the expenditure side,2024,,40142.6,,2020,,,,F,Free (free for publication),1,One,A,Normal value,0,Units,USD,US dollar
DATAFLOW,OECD.SDD.NAD:DSD_NAMAIN1@DF_QNA_EXPENDITURE_CAPITA(1.1),Quarterly GDP per capita,I,A,Annual,Y,Calendar and seasonally adjusted,HUN,Hungary,S1,Total economy,S1,Total economy,B1GQ_POP,"Gross domestic product, per capita",_Z,Not applicable,_Z,Not applicable,_Z,Not applicable,USD_PPP_PS,"US dollars per person, PPP converted",LR,Chain linked volume (rebased),LA,Annual levels,T0102,Table 0102 - GDP identity from the expenditure side,2023,,39736.3,,2020,,,,F,Free (free for publication),1,One,A,Normal value,0,Units,USD,US dollar
DATAFLOW,OECD.SDD.NAD:DSD_NAMAIN1@DF_QNA_EXPENDITURE_CAPITA(1.1),Quarterly GDP per capita,I,A,Annual,Y,Calendar and seasonally adjusted,ITA,Italy,S1,Total economy,S1,Total economy,B1GQ_POP,"Gross domestic product, per capita",_Z,Not applicable,_Z,Not applicable,_Z,Not applicable,USD_PPP_PS,"US dollars per person, PPP converted",V,Current prices,LA,Annual levels,T0102,Table 0102 - GDP identity from the expenditure side,2012,,36281.1,,,,,,F,Free (free for publication),1,One,A,Normal value,0,Units,USD,US dollar
DATAFLOW,OECD.SDD.NAD:DSD_NAMAIN1@DF_QNA_EXPENDITURE_CAPITA(1.1),Quarterly GDP per capita,I,A,Annual,Y,Calendar and seasonally adjusted,ITA,Italy,S1,Total economy,S1,Total economy,B1GQ_POP,"Gross domestic product, per capita",_Z,Not applicable,_Z,Not applicable,_Z,Not applicable,USD_PPP_PS,"US dollars per person, PPP converted",V,Current prices,LA,Annual levels,T0102,Table 0102 - GDP identity from the expenditure side,2011,,36392.3,,,,,,F,Free (free for publication),1,One,A,Normal value,0,Units,USD,US dollar
DATAFLOW,OECD.SDD.NAD:DSD_NAMAIN1@DF_QNA_EXPENDITURE_CAPITA(1.1),Quarterly GDP per capita,I,A,Annual,Y,Calendar and seasonally adjusted,ITA,Italy,S1,Total economy,S1,Total economy,B1GQ_POP,"Gross domestic product, per capita",_Z,Not applicable,_Z,Not applicable,_Z,Not applicable,USD_PPP_PS,"US dollars per person, PPP converted",V,Current prices,LA,Annual levels,T0102,Table 0102 - GDP identity from the expenditure side,2010,,34974.1,,,,,,F,Free (free for publication),1,One,A,Normal value,0,Units,USD,US dollar
DATAFLOW,OECD.SDD.NAD:DSD_NAMAIN1@DF_QNA_EXPENDITURE_CAPITA(1.1),Quarterly GDP per capita,I,A,Annual,Y,Calendar and seasonally adjusted,ITA,Italy,S1,Total economy,S1,Total economy,B1GQ_POP,"Gross domestic product, per capita",_Z,Not applicable,_Z,Not applicable,_Z,Not applicable,USD_PPP_PS,"US dollars per person, PPP converted",V,Current prices,LA,Annual levels,T0102,Table 0102 - GDP identity from the expenditure side,2009,,34501.7,,,,,,F,Free (free for publication),1,One,A,Normal value,0,Units,USD,US dollar
DATAFLOW,OECD.SDD.NAD:DSD_NAMAIN1@DF_QNA_EXPENDITURE_CAPITA(1.1),Quarterly GDP per capita,I,A,Annual,Y,Calendar and seasonally adjusted,ITA,Italy,S1,Total economy,S1,Total economy,B1GQ_POP,"Gross domestic product, per capita",_Z,Not applicable,_Z,Not applicable,_Z,Not applicable,USD_PPP_PS,"US dollars per person, PPP converted",V,Current prices,LA,Annual levels,T0102,Table 0102 - GDP identity from the expenditure side,2008,,35422.3,,,,,,F,Free (free for publication),1,One,A,Normal value,0,Units,USD,US dollar
DATAFLOW,OECD.SDD.NAD:DSD_NAMAIN1@DF_QNA_EXPENDITURE_CAPITA(1.1),Quarterly GDP per capita,I,A,Annual,Y,Calendar and seasonally adjusted,ITA,Italy,S1,Total economy,S1,Total economy,B1GQ_POP,"Gross domestic product, per capita",_Z,Not applicable,_Z,Not applicable,_Z,Not applicable,USD_PPP_PS,"US dollars per person, PPP converted",V,Current prices,LA,Annual levels,T0102,Table 0102 - GDP identity from the expenditure side,2018,,43583.4,,,,,,F,Free (free for publication),1,One,A,Normal value,0,Units,USD,US dollar
DATAFLOW,OECD.SDD.NAD:DSD_NAMAIN1@DF_QNA_EXPENDITURE_CAPITA(1.1),Quarterly GDP per capita,I,A,Annual,Y,Calendar and seasonally adjusted,ITA,Italy,S1,Total economy,S1,Total economy,B1GQ_POP,"Gross domestic product, per capita",_Z,Not applicable,_Z,Not applicable,_Z,Not applicable,USD_PPP_PS,"US dollars per person, PPP converted",LR,Chain linked volume (rebased),LA,Annual levels,T0102,Table 0102 - GDP identity from the expenditure side,2018,,48196,,2020,,,,F,Free (free for publication),1,One,A,Normal value,0,Units,USD,US dollar
DATAFLOW,OECD.SDD.NAD:DSD_NAMAIN1@DF_QNA_EXPENDITURE_CAPITA(1.1),Quarterly GDP per capita,I,A,Annual,Y,Calendar and seasonally adjusted,ITA,Italy,S1,Total economy,S1,Total economy,B1GQ_POP,"Gross domestic product, per capita",_Z,Not applicable,_Z,Not applicable,_Z,Not applicable,USD_PPP_PS,"US dollars per person, PPP converted",LR,Chain linked volume (rebased),LA,Annual levels,T0102,Table 0102 - GDP identity from the expenditure side,2017,,47701.2,,2020,,,,F,Free (free for publication),1,One,A,Normal value,0,Units,USD,US dollar
DATAFLOW,OECD.SDD.NAD:DSD_NAMAIN1@DF_QNA_EXPENDITURE_CAPITA(1.1),Quarterly GDP per capita,I,A,Annual,Y,Calendar and seasonally adjusted,ITA,Italy,S1,Total economy,S1,Total economy,B1GQ_POP,"Gross domestic product, per capita",_Z,Not applicable,_Z,Not applicable,_Z,Not applicable,USD_PPP_PS,"US dollars per person, PPP converted",LR,Chain linked volume (rebased),LA,Annual levels,T0102,Table 0102 - GDP identity from the expenditure side,2008,,50588.9,,2020,,,,F,Free (free for publication),1,One,A,Normal value,0,Units,USD,US dollar
DATAFLOW,OECD.SDD.NAD:DSD_NAMAIN1@DF_QNA_EXPENDITURE_CAPITA(1.1),Quarterly GDP per capita,I,A,Annual,Y,Calendar and seasonally adjusted,ITA,Italy,S1,Total economy,S1,Total economy,B1GQ_POP,"Gross domestic product, per capita",_Z,Not applicable,_Z,Not applicable,_Z,Not applicable,USD_PPP_PS,"US dollars per person, PPP converted",LR,Chain linked volume (rebased),LA,Annual levels,T0102,Table 0102 - GDP identity from the expenditure side,2007,,51507.6,,2020,,,,F,Free (free for publication),1,One,A,Normal value,0,Units,USD,US dollar
DATAFLOW,OECD.SDD.NAD:DSD_NAMAIN1@DF_QNA_EXPENDITURE_CAPITA(1.1),Quarterly GDP per capita,I,A,Annual,Y,Calendar and seasonally adjusted,ITA,Italy,S1,Total economy,S1,Total economy,B1GQ_POP,"Gross domestic product, per capita",_Z,Not applicable,_Z,Not applicable,_Z,Not applicable,USD_PPP_PS,"US dollars per person, PPP converted",LR,Chain linked volume (rebased),LA,Annual levels,T0102,Table 0102 - GDP identity from the expenditure side,2006,,51075,,2020,,,,F,Free (free for publication),1,One,A,Normal value,0,Units,USD,US dollar
DATAFLOW,OECD.SDD.NAD:DSD_NAMAIN1@DF_QNA_EXPENDITURE_CAPITA(1.1),Quarterly GDP per capita,I,A,Annual,Y,Calendar and seasonally adjusted,ITA,Italy,S1,Total economy,S1,Total economy,B1GQ_POP,"Gross domestic product, per capita",_Z,Not applicable,_Z,Not applicable,_Z,Not applicable,USD_PPP_PS,"US dollars per person, PPP converted",LR,Chain linked volume (rebased),LA,Annual levels,T0102,Table 0102 - GDP identity from the expenditure side,2024,,52028.5,,2020,,,,F,Free (free for publication),1,One,A,Normal value,0,Units,USD,US dollar
DATAFLOW,OECD.SDD.NAD:DSD_NAMAIN1@DF_QNA_EXPENDITURE_CAPITA(1.1),Quarterly GDP per capita,I,A,Annual,Y,Calendar and seasonally adjusted,ITA,Italy,S1,Total economy,S1,Total economy,B1GQ_POP,"Gross domestic product, per capita",_Z,Not applicable,_Z,Not applicable,_Z,Not applicable,USD_PPP_PS,"US dollars per person, PPP converted",LR,Chain linked volume (rebased),LA,Annual levels,T0102,Table 0102 - GDP identity from the expenditure side,2023,,51600.8,,2020,,,,F,Free (free for publication),1,One,A,Normal value,0,Units,USD,US dollar
DATAFLOW,OECD.SDD.NAD:DSD_NAMAIN1@DF_QNA_EXPENDITURE_CAPITA(1.1),Quarterly GDP per capita,I,A,Annual,Y,Calendar and seasonally adjusted,ITA,Italy,S1,Total economy,S1,Total economy,B1GQ_POP,"Gross domestic product, per capita",_Z,Not applicable,_Z,Not applicable,_Z,Not applicable,USD_PPP_PS,"US dollars per person, PPP converted",LR,Chain linked volume (rebased),LA,Annual levels,T0102,Table 0102 - GDP identity from the expenditure side,2022,,51103.4,,2020,,,,F,Free (free for publication),1,One,A,Normal value,0,Units,USD,US dollar
DATAFLOW,OECD.SDD.NAD:DSD_NAMAIN1@DF_QNA_EXPENDITURE_CAPITA(1.1),Quarterly GDP per capita,I,A,Annual,Y,Calendar and seasonally adjusted,ITA,Italy,S1,Total economy,S1,Total economy,B1GQ_POP,"Gross domestic product, per capita",_Z,Not applicable,_Z,Not applicable,_Z,Not applicable,USD_PPP_PS,"US dollars per person, PPP converted",LR,Chain linked volume (rebased),LA,Annual levels,T0102,Table 0102 - GDP identity from the expenditure side,2001,,50123.4,,2020,,,,F,Free (free for publication),1,One,A,Normal value,0,Units,USD,US dollar
DATAFLOW,OECD.SDD.NAD:DSD_NAMAIN1@DF_QNA_EXPENDITURE_CAPITA(1.1),Quarterly GDP per capita,I,A,Annual,Y,Calendar and seasonally adjusted,ITA,Italy,S1,Total economy,S1,Total economy,B1GQ_POP,"Gross domestic product, per capita",_Z,Not applicable,_Z,Not applicable,_Z,Not applicable,USD_PPP_PS,"US dollars per person, PPP converted",LR,Chain linked volume (rebased),LA,Annual levels,T0102,Table 0102 - GDP identity from the expenditure side,2021,,48654.4,,2020,,,,F,Free (free for publication),1,One,A,Normal value,0,Units,USD,US dollar
DATAFLOW,OECD.SDD.NAD:DSD_NAMAIN1@DF_QNA_EXPENDITURE_CAPITA(1.1),Quarterly GDP per capita,I,A,Annual,Y,Calendar and seasonally adjusted,ITA,Italy,S1,Total economy,S1,Total economy,B1GQ_POP,"Gross domestic product, per capita",_Z,Not applicable,_Z,Not applicable,_Z,Not applicable,USD_PPP_PS,"US dollars per person, PPP converted",LR,Chain linked volume (rebased),LA,Annual levels,T0102,Table 0102 - GDP identity from the expenditure side,2020,,44435.6,,2020,,,,F,Free (free for publication),1,One,A,Normal value,0,Units,USD,US dollar
DATAFLOW,OECD.SDD.NAD:DSD_NAMAIN1@DF_QNA_EXPENDITURE_CAPITA(1.1),Quarterly GDP per capita,I,A,Annual,Y,Calendar and seasonally adjusted,ITA,Italy,S1,Total economy,S1,Total economy,B1GQ_POP,"Gross domestic product, per capita",_Z,Not applicable,_Z,Not applicable,_Z,Not applicable,USD_PPP_PS,"US dollars per person, PPP converted",LR,Chain linked volume (rebased),LA,Annual levels,T0102,Table 0102 - GDP identity from the expenditure side,2019,,48522.8,,2020,,,,F,Free (free for publication),1,One,A,Normal value,0,Units,USD,US dollar
DATAFLOW,OECD.SDD.NAD:DSD_NAMAIN1@DF_QNA_EXPENDITURE_CAPITA(1.1),Quarterly GDP per capita,I,A,Annual,Y,Calendar and seasonally adjusted,ITA,Italy,S1,Total economy,S1,Total economy,B1GQ_POP,"Gross domestic product, per capita",_Z,Not applicable,_Z,Not applicable,_Z,Not applicable,USD_PPP_PS,"US dollars per person, PPP converted",V,Current prices,LA,Annual levels,T0102,Table 0102 - GDP identity from the expenditure side,2017,,42142.3,,,,,,F,Free (free for publication),1,One,A,Normal value,0,Units,USD,US dollar
DATAFLOW,OECD.SDD.NAD:DSD_NAMAIN1@DF_QNA_EXPENDITURE_CAPITA(1.1),Quarterly GDP per capita,I,A,Annual,Y,Calendar and seasonally adjusted,ISR,Israel,S1,Total economy,S1,Total economy,B1GQ_POP,"Gross domestic product, per capita",_Z,Not applicable,_Z,Not applicable,_Z,Not applicable,USD_PPP_PS,"US dollars per person, PPP converted",V,Current prices,LA,Annual levels,T0102,Table 0102 - GDP identity from the expenditure side,2014,,34085.4,,,,,,F,Free (free for publication),1,One,A,Normal value,0,Units,USD,US dollar
DATAFLOW,OECD.SDD.NAD:DSD_NAMAIN1@DF_QNA_EXPENDITURE_CAPITA(1.1),Quarterly GDP per capita,I,A,Annual,Y,Calendar and seasonally adjusted,ISR,Israel,S1,Total economy,S1,Total economy,B1GQ_POP,"Gross domestic product, per capita",_Z,Not applicable,_Z,Not applicable,_Z,Not applicable,USD_PPP_PS,"US dollars per person, PPP converted",V,Current prices,LA,Annual levels,T0102,Table 0102 - GDP identity from the expenditure side,2013,,34081.5,,,,,,F,Free (free for publication),1,One,A,Normal value,0,Units,USD,US dollar
DATAFLOW,OECD.SDD.NAD:DSD_NAMAIN1@DF_QNA_EXPENDITURE_CAPITA(1.1),Quarterly GDP per capita,I,A,Annual,Y,Calendar and seasonally adjusted,ISR,Israel,S1,Total economy,S1,Total economy,B1GQ_POP,"Gross domestic product, per capita",_Z,Not applicable,_Z,Not applicable,_Z,Not applicable,USD_PPP_PS,"US dollars per person, PPP converted",V,Current prices,LA,Annual levels,T0102,Table 0102 - GDP identity from the expenditure side,2007,,27736.6,,,,,,F,Free (free for publication),1,One,A,Normal value,0,Units,USD,US dollar
DATAFLOW,OECD.SDD.NAD:DSD_NAMAIN1@DF_QNA_EXPENDITURE_CAPITA(1.1),Quarterly GDP per capita,I,A,Annual,Y,Calendar and seasonally adjusted,ISR,Israel,S1,Total economy,S1,Total economy,B1GQ_POP,"Gross domestic product, per capita",_Z,Not applicable,_Z,Not applicable,_Z,Not applicable,USD_PPP_PS,"US dollars per person, PPP converted",V,Current prices,LA,Annual levels,T0102,Table 0102 - GDP identity from the expenditure side,2006,,25911.4,,,,,,F,Free (free for publication),1,One,A,Normal value,0,Units,USD,US dollar
DATAFLOW,OECD.SDD.NAD:DSD_NAMAIN1@DF_QNA_EXPENDITURE_CAPITA(1.1),Quarterly GDP per capita,I,A,Annual,Y,Calendar and seasonally adjusted,ISR,Israel,S1,Total economy,S1,Total economy,B1GQ_POP,"Gross domestic product, per capita",_Z,Not applicable,_Z,Not applicable,_Z,Not applicable,USD_PPP_PS,"US dollars per person, PPP converted",V,Current prices,LA,Annual levels,T0102,Table 0102 - GDP identity from the expenditure side,2005,,25291.8,,,,,,F,Free (free for publication),1,One,A,Normal value,0,Units,USD,US dollar
DATAFLOW,OECD.SDD.NAD:DSD_NAMAIN1@DF_QNA_EXPENDITURE_CAPITA(1.1),Quarterly GDP per capita,I,A,Annual,Y,Calendar and seasonally adjusted,GRC,Greece,S1,Total economy,S1,Total economy,B1GQ_POP,"Gross domestic product, per capita",_Z,Not applicable,_Z,Not applicable,_Z,Not applicable,USD_PPP_PS,"US dollars per person, PPP converted",V,Current prices,LA,Annual levels,T0102,Table 0102 - GDP identity from the expenditure side,2011,,25692.5,,,,,,F,Free (free for publication),1,One,A,Normal value,0,Units,USD,US dollar
DATAFLOW,OECD.SDD.NAD:DSD_NAMAIN1@DF_QNA_EXPENDITURE_CAPITA(1.1),Quarterly GDP per capita,I,A,Annual,Y,Calendar and seasonally adjusted,GRC,Greece,S1,Total economy,S1,Total economy,B1GQ_POP,"Gross domestic product, per capita",_Z,Not applicable,_Z,Not applicable,_Z,Not applicable,USD_PPP_PS,"US dollars per person, PPP converted",V,Current prices,LA,Annual levels,T0102,Table 0102 - GDP identity from the expenditure side,2010,,27838.7,,,,,,F,Free (free for publication),1,One,A,Normal value,0,Units,USD,US dollar
DATAFLOW,OECD.SDD.NAD:DSD_NAMAIN1@DF_QNA_EXPENDITURE_CAPITA(1.1),Quarterly GDP per capita,I,A,Annual,Y,Calendar and seasonally adjusted,GRC,Greece,S1,Total economy,S1,Total economy,B1GQ_POP,"Gross domestic product, per capita",_Z,Not applicable,_Z,Not applicable,_Z,Not applicable,USD_PPP_PS,"US dollars per person, PPP converted",V,Current prices,LA,Annual levels,T0102,Table 0102 - GDP identity from the expenditure side,2009,,29963.4,,,,,,F,Free (free for publication),1,One,A,Normal value,0,Units,USD,US dollar
DATAFLOW,OECD.SDD.NAD:DSD_NAMAIN1@DF_QNA_EXPENDITURE_CAPITA(1.1),Quarterly GDP per capita,I,A,Annual,Y,Calendar and seasonally adjusted,GRC,Greece,S1,Total economy,S1,Total economy,B1GQ_POP,"Gross domestic product, per capita",_Z,Not applicable,_Z,Not applicable,_Z,Not applicable,USD_PPP_PS,"US dollars per person, PPP converted",V,Current prices,LA,Annual levels,T0102,Table 0102 - GDP identity from the expenditure side,2008,,30440.9,,,,,,F,Free (free for publication),1,One,A,Normal value,0,Units,USD,US dollar
DATAFLOW,OECD.SDD.NAD:DSD_NAMAIN1@DF_QNA_EXPENDITURE_CAPITA(1.1),Quarterly GDP per capita,I,A,Annual,Y,Calendar and seasonally adjusted,GRC,Greece,S1,Total economy,S1,Total economy,B1GQ_POP,"Gross domestic product, per capita",_Z,Not applicable,_Z,Not applicable,_Z,Not applicable,USD_PPP_PS,"US dollars per person, PPP converted",V,Current prices,LA,Annual levels,T0102,Table 0102 - GDP identity from the expenditure side,2007,,28895.8,,,,,,F,Free (free for publication),1,One,A,Normal value,0,Units,USD,US dollar
DATAFLOW,OECD.SDD.NAD:DSD_NAMAIN1@DF_QNA_EXPENDITURE_CAPITA(1.1),Quarterly GDP per capita,I,A,Annual,Y,Calendar and seasonally adjusted,GRC,Greece,S1,Total economy,S1,Total economy,B1GQ_POP,"Gross domestic product, per capita",_Z,Not applicable,_Z,Not applicable,_Z,Not applicable,USD_PPP_PS,"US dollars per person, PPP converted",V,Current prices,LA,Annual levels,T0102,Table 0102 - GDP identity from the expenditure side,2006,,28076.1,,,,,,F,Free (free for publication),1,One,A,Normal value,0,Units,USD,US dollar
DATAFLOW,OECD.SDD.NAD:DSD_NAMAIN1@DF_QNA_EXPENDITURE_CAPITA(1.1),Quarterly GDP per capita,I,A,Annual,Y,Calendar and seasonally adjusted,GRC,Greece,S1,Total economy,S1,Total economy,B1GQ_POP,"Gross domestic product, per capita",_Z,Not applicable,_Z,Not applicable,_Z,Not applicable,USD_PPP_PS,"US dollars per person, PPP converted",V,Current prices,LA,Annual levels,T0102,Table 0102 - GDP identity from the expenditure side,2005,,25003.8,,,,,,F,Free (free for publication),1,One,A,Normal value,0,Units,USD,US dollar
DATAFLOW,OECD.SDD.NAD:DSD_NAMAIN1@DF_QNA_EXPENDITURE_CAPITA(1.1),Quarterly GDP per capita,I,A,Annual,Y,Calendar and seasonally adjusted,GRC,Greece,S1,Total economy,S1,Total economy,B1GQ_POP,"Gross domestic product, per capita",_Z,Not applicable,_Z,Not applicable,_Z,Not applicable,USD_PPP_PS,"US dollars per person, PPP converted",V,Current prices,LA,Annual levels,T0102,Table 0102 - GDP identity from the expenditure side,2004,,24825.6,,,,,,F,Free (free for publication),1,One,A,Normal value,0,Units,USD,US dollar
DATAFLOW,OECD.SDD.NAD:DSD_NAMAIN1@DF_QNA_EXPENDITURE_CAPITA(1.1),Quarterly GDP per capita,I,A,Annual,Y,Calendar and seasonally adjusted,GRC,Greece,S1,Total economy,S1,Total economy,B1GQ_POP,"Gross domestic product, per capita",_Z,Not applicable,_Z,Not applicable,_Z,Not applicable,USD_PPP_PS,"US dollars per person, PPP converted",V,Current prices,LA,Annual levels,T0102,Table 0102 - GDP identity from the expenditure side,2003,,23252.6,,,,,,F,Free (free for publication),1,One,A,Normal value,0,Units,USD,US dollar
DATAFLOW,OECD.SDD.NAD:DSD_NAMAIN1@DF_QNA_EXPENDITURE_CAPITA(1.1),Quarterly GDP per capita,I,A,Annual,Y,Calendar and seasonally adjusted,GRC,Greece,S1,Total economy,S1,Total economy,B1GQ_POP,"Gross domestic product, per capita",_Z,Not applicable,_Z,Not applicable,_Z,Not applicable,USD_PPP_PS,"US dollars per person, PPP converted",V,Current prices,LA,Annual levels,T0102,Table 0102 - GDP identity from the expenditure side,2002,,21985.2,,,,,,F,Free (free for publication),1,One,A,Normal value,0,Units,USD,US dollar
DATAFLOW,OECD.SDD.NAD:DSD_NAMAIN1@DF_QNA_EXPENDITURE_CAPITA(1.1),Quarterly GDP per capita,I,A,Annual,Y,Calendar and seasonally adjusted,GRC,Greece,S1,Total economy,S1,Total economy,B1GQ_POP,"Gross domestic product, per capita",_Z,Not applicable,_Z,Not applicable,_Z,Not applicable,USD_PPP_PS,"US dollars per person, PPP converted",V,Current prices,LA,Annual levels,T0102,Table 0102 - GDP identity from the expenditure side,2001,,20303.9,,,,,,F,Free (free for publication),1,One,A,Normal value,0,Units,USD,US dollar
DATAFLOW,OECD.SDD.NAD:DSD_NAMAIN1@DF_QNA_EXPENDITURE_CAPITA(1.1),Quarterly GDP per capita,I,A,Annual,Y,Calendar and seasonally adjusted,GRC,Greece,S1,Total economy,S1,Total economy,B1GQ_POP,"Gross domestic product, per capita",_Z,Not applicable,_Z,Not applicable,_Z,Not applicable,USD_PPP_PS,"US dollars per person, PPP converted",V,Current prices,LA,Annual levels,T0102,Table 0102 - GDP identity from the expenditure side,2000,,18819.9,,,,,,F,Free (free for publication),1,One,A,Normal value,0,Units,USD,US dollar
DATAFLOW,OECD.SDD.NAD:DSD_NAMAIN1@DF_QNA_EXPENDITURE_CAPITA(1.1),Quarterly GDP per capita,I,A,Annual,Y,Calendar and seasonally adjusted,GRC,Greece,S1,Total economy,S1,Total economy,B1GQ_POP,"Gross domestic product, per capita",_Z,Not applicable,_Z,Not applicable,_Z,Not applicable,USD_PPP_PS,"US dollars per person, PPP converted",LR,Chain linked volume (rebased),LA,Annual levels,T0102,Table 0102 - GDP identity from the expenditure side,2011,,32845.4,,2020,,,,F,Free (free for publication),1,One,A,Normal value,0,Units,USD,US dollar
DATAFLOW,OECD.SDD.NAD:DSD_NAMAIN1@DF_QNA_EXPENDITURE_CAPITA(1.1),Quarterly GDP per capita,I,A,Annual,Y,Calendar and seasonally adjusted,GRC,Greece,S1,Total economy,S1,Total economy,B1GQ_POP,"Gross domestic product, per capita",_Z,Not applicable,_Z,Not applicable,_Z,Not applicable,USD_PPP_PS,"US dollars per person, PPP converted",LR,Chain linked volume (rebased),LA,Annual levels,T0102,Table 0102 - GDP identity from the expenditure side,2010,,36391.1,,2020,,,,F,Free (free for publication),1,One,A,Normal value,0,Units,USD,US dollar
DATAFLOW,OECD.SDD.NAD:DSD_NAMAIN1@DF_QNA_EXPENDITURE_CAPITA(1.1),Quarterly GDP per capita,I,A,Annual,Y,Calendar and seasonally adjusted,GRC,Greece,S1,Total economy,S1,Total economy,B1GQ_POP,"Gross domestic product, per capita",_Z,Not applicable,_Z,Not applicable,_Z,Not applicable,USD_PPP_PS,"US dollars per person, PPP converted",LR,Chain linked volume (rebased),LA,Annual levels,T0102,Table 0102 - GDP identity from the expenditure side,2009,,38638.1,,2020,,,,F,Free (free for publication),1,One,A,Normal value,0,Units,USD,US dollar
DATAFLOW,OECD.SDD.NAD:DSD_NAMAIN1@DF_QNA_EXPENDITURE_CAPITA(1.1),Quarterly GDP per capita,I,A,Annual,Y,Calendar and seasonally adjusted,GRC,Greece,S1,Total economy,S1,Total economy,B1GQ_POP,"Gross domestic product, per capita",_Z,Not applicable,_Z,Not applicable,_Z,Not applicable,USD_PPP_PS,"US dollars per person, PPP converted",LR,Chain linked volume (rebased),LA,Annual levels,T0102,Table 0102 - GDP identity from the expenditure side,2008,,40404.2,,2020,,,,F,Free (free for publication),1,One,A,Normal value,0,Units,USD,US dollar
DATAFLOW,OECD.SDD.NAD:DSD_NAMAIN1@DF_QNA_EXPENDITURE_CAPITA(1.1),Quarterly GDP per capita,I,A,Annual,Y,Calendar and seasonally adjusted,GRC,Greece,S1,Total economy,S1,Total economy,B1GQ_POP,"Gross domestic product, per capita",_Z,Not applicable,_Z,Not applicable,_Z,Not applicable,USD_PPP_PS,"US dollars per person, PPP converted",LR,Chain linked volume (rebased),LA,Annual levels,T0102,Table 0102 - GDP identity from the expenditure side,2007,,40488.3,,2020,,,,F,Free (free for publication),1,One,A,Normal value,0,Units,USD,US dollar
DATAFLOW,OECD.SDD.NAD:DSD_NAMAIN1@DF_QNA_EXPENDITURE_CAPITA(1.1),Quarterly GDP per capita,I,A,Annual,Y,Calendar and seasonally adjusted,GRC,Greece,S1,Total economy,S1,Total economy,B1GQ_POP,"Gross domestic product, per capita",_Z,Not applicable,_Z,Not applicable,_Z,Not applicable,USD_PPP_PS,"US dollars per person, PPP converted",LR,Chain linked volume (rebased),LA,Annual levels,T0102,Table 0102 - GDP identity from the expenditure side,2006,,39216.3,,2020,,,,F,Free (free for publication),1,One,A,Normal value,0,Units,USD,US dollar
DATAFLOW,OECD.SDD.NAD:DSD_NAMAIN1@DF_QNA_EXPENDITURE_CAPITA(1.1),Quarterly GDP per capita,I,A,Annual,Y,Calendar and seasonally adjusted,GRC,Greece,S1,Total economy,S1,Total economy,B1GQ_POP,"Gross domestic product, per capita",_Z,Not applicable,_Z,Not applicable,_Z,Not applicable,USD_PPP_PS,"US dollars per person, PPP converted",LR,Chain linked volume (rebased),LA,Annual levels,T0102,Table 0102 - GDP identity from the expenditure side,2005,,36953.2,,2020,,,,F,Free (free for publication),1,One,A,Normal value,0,Units,USD,US dollar
DATAFLOW,OECD.SDD.NAD:DSD_NAMAIN1@DF_QNA_EXPENDITURE_CAPITA(1.1),Quarterly GDP per capita,I,A,Annual,Y,Calendar and seasonally adjusted,GRC,Greece,S1,Total economy,S1,Total economy,B1GQ_POP,"Gross domestic product, per capita",_Z,Not applicable,_Z,Not applicable,_Z,Not applicable,USD_PPP_PS,"US dollars per person, PPP converted",LR,Chain linked volume (rebased),LA,Annual levels,T0102,Table 0102 - GDP identity from the expenditure side,2004,,36628.3,,2020,,,,F,Free (free for publication),1,One,A,Normal value,0,Units,USD,US dollar
DATAFLOW,OECD.SDD.NAD:DSD_NAMAIN1@DF_QNA_EXPENDITURE_CAPITA(1.1),Quarterly GDP per capita,I,A,Annual,Y,Calendar and seasonally adjusted,GRC,Greece,S1,Total economy,S1,Total economy,B1GQ_POP,"Gross domestic product, per capita",_Z,Not applicable,_Z,Not applicable,_Z,Not applicable,USD_PPP_PS,"US dollars per person, PPP converted",LR,Chain linked volume (rebased),LA,Annual levels,T0102,Table 0102 - GDP identity from the expenditure side,2003,,34845.1,,2020,,,,F,Free (free for publication),1,One,A,Normal value,0,Units,USD,US dollar
DATAFLOW,OECD.SDD.NAD:DSD_NAMAIN1@DF_QNA_EXPENDITURE_CAPITA(1.1),Quarterly GDP per capita,I,A,Annual,Y,Calendar and seasonally adjusted,GRC,Greece,S1,Total economy,S1,Total economy,B1GQ_POP,"Gross domestic product, per capita",_Z,Not applicable,_Z,Not applicable,_Z,Not applicable,USD_PPP_PS,"US dollars per person, PPP converted",LR,Chain linked volume (rebased),LA,Annual levels,T0102,Table 0102 - GDP identity from the expenditure side,2002,,33014.6,,2020,,,,F,Free (free for publication),1,One,A,Normal value,0,Units,USD,US dollar
DATAFLOW,OECD.SDD.NAD:DSD_NAMAIN1@DF_QNA_EXPENDITURE_CAPITA(1.1),Quarterly GDP per capita,I,A,Annual,Y,Calendar and seasonally adjusted,GRC,Greece,S1,Total economy,S1,Total economy,B1GQ_POP,"Gross domestic product, per capita",_Z,Not applicable,_Z,Not applicable,_Z,Not applicable,USD_PPP_PS,"US dollars per person, PPP converted",LR,Chain linked volume (rebased),LA,Annual levels,T0102,Table 0102 - GDP identity from the expenditure side,2001,,31653.4,,2020,,,,F,Free (free for publication),1,One,A,Normal value,0,Units,USD,US dollar
DATAFLOW,OECD.SDD.NAD:DSD_NAMAIN1@DF_QNA_EXPENDITURE_CAPITA(1.1),Quarterly GDP per capita,I,A,Annual,Y,Calendar and seasonally adjusted,GRC,Greece,S1,Total economy,S1,Total economy,B1GQ_POP,"Gross domestic product, per capita",_Z,Not applicable,_Z,Not applicable,_Z,Not applicable,USD_PPP_PS,"US dollars per person, PPP converted",LR,Chain linked volume (rebased),LA,Annual levels,T0102,Table 0102 - GDP identity from the expenditure side,2000,,30404.6,,2020,,,,F,Free (free for publication),1,One,A,Normal value,0,Units,USD,US dollar
DATAFLOW,OECD.SDD.NAD:DSD_NAMAIN1@DF_QNA_EXPENDITURE_CAPITA(1.1),Quarterly GDP per capita,I,A,Annual,Y,Calendar and seasonally adjusted,ISR,Israel,S1,Total economy,S1,Total economy,B1GQ_POP,"Gross domestic product, per capita",_Z,Not applicable,_Z,Not applicable,_Z,Not applicable,USD_PPP_PS,"US dollars per person, PPP converted",LR,Chain linked volume (rebased),LA,Annual levels,T0102,Table 0102 - GDP identity from the expenditure side,2012,,36655.4,,2020,,,,F,Free (free for publication),1,One,A,Normal value,0,Units,USD,US dollar
DATAFLOW,OECD.SDD.NAD:DSD_NAMAIN1@DF_QNA_EXPENDITURE_CAPITA(1.1),Quarterly GDP per capita,I,A,Annual,Y,Calendar and seasonally adjusted,ISR,Israel,S1,Total economy,S1,Total economy,B1GQ_POP,"Gross domestic product, per capita",_Z,Not applicable,_Z,Not applicable,_Z,Not applicable,USD_PPP_PS,"US dollars per person, PPP converted",LR,Chain linked volume (rebased),LA,Annual levels,T0102,Table 0102 - GDP identity from the expenditure side,2011,,36516.5,,2020,,,,F,Free (free for publication),1,One,A,Normal value,0,Units,USD,US dollar
DATAFLOW,OECD.SDD.NAD:DSD_NAMAIN1@DF_QNA_EXPENDITURE_CAPITA(1.1),Quarterly GDP per capita,I,A,Annual,Y,Calendar and seasonally adjusted,ISR,Israel,S1,Total economy,S1,Total economy,B1GQ_POP,"Gross domestic product, per capita",_Z,Not applicable,_Z,Not applicable,_Z,Not applicable,USD_PPP_PS,"US dollars per person, PPP converted",LR,Chain linked volume (rebased),LA,Annual levels,T0102,Table 0102 - GDP identity from the expenditure side,2010,,35265.5,,2020,,,,F,Free (free for publication),1,One,A,Normal value,0,Units,USD,US dollar
DATAFLOW,OECD.SDD.NAD:DSD_NAMAIN1@DF_QNA_EXPENDITURE_CAPITA(1.1),Quarterly GDP per capita,I,A,Annual,Y,Calendar and seasonally adjusted,ISR,Israel,S1,Total economy,S1,Total economy,B1GQ_POP,"Gross domestic product, per capita",_Z,Not applicable,_Z,Not applicable,_Z,Not applicable,USD_PPP_PS,"US dollars per person, PPP converted",LR,Chain linked volume (rebased),LA,Annual levels,T0102,Table 0102 - GDP identity from the expenditure side,2009,,34053.3,,2020,,,,F,Free (free for publication),1,One,A,Normal value,0,Units,USD,US dollar
DATAFLOW,OECD.SDD.NAD:DSD_NAMAIN1@DF_QNA_EXPENDITURE_CAPITA(1.1),Quarterly GDP per capita,I,A,Annual,Y,Calendar and seasonally adjusted,ISR,Israel,S1,Total economy,S1,Total economy,B1GQ_POP,"Gross domestic product, per capita",_Z,Not applicable,_Z,Not applicable,_Z,Not applicable,USD_PPP_PS,"US dollars per person, PPP converted",LR,Chain linked volume (rebased),LA,Annual levels,T0102,Table 0102 - GDP identity from the expenditure side,2024,,45095.8,,2020,,,,F,Free (free for publication),1,One,A,Normal value,0,Units,USD,US dollar
DATAFLOW,OECD.SDD.NAD:DSD_NAMAIN1@DF_QNA_EXPENDITURE_CAPITA(1.1),Quarterly GDP per capita,I,A,Annual,Y,Calendar and seasonally adjusted,ISR,Israel,S1,Total economy,S1,Total economy,B1GQ_POP,"Gross domestic product, per capita",_Z,Not applicable,_Z,Not applicable,_Z,Not applicable,USD_PPP_PS,"US dollars per person, PPP converted",LR,Chain linked volume (rebased),LA,Annual levels,T0102,Table 0102 - GDP identity from the expenditure side,2023,,45388.9,,2020,,,,F,Free (free for publication),1,One,A,Normal value,0,Units,USD,US dollar
DATAFLOW,OECD.SDD.NAD:DSD_NAMAIN1@DF_QNA_EXPENDITURE_CAPITA(1.1),Quarterly GDP per capita,I,A,Annual,Y,Calendar and seasonally adjusted,ISR,Israel,S1,Total economy,S1,Total economy,B1GQ_POP,"Gross domestic product, per capita",_Z,Not applicable,_Z,Not applicable,_Z,Not applicable,USD_PPP_PS,"US dollars per person, PPP converted",LR,Chain linked volume (rebased),LA,Annual levels,T0102,Table 0102 - GDP identity from the expenditure side,2022,,45408.8,,2020,,,,F,Free (free for publication),1,One,A,Normal value,0,Units,USD,US dollar
DATAFLOW,OECD.SDD.NAD:DSD_NAMAIN1@DF_QNA_EXPENDITURE_CAPITA(1.1),Quarterly GDP per capita,I,A,Annual,Y,Calendar and seasonally adjusted,ISR,Israel,S1,Total economy,S1,Total economy,B1GQ_POP,"Gross domestic product, per capita",_Z,Not applicable,_Z,Not applicable,_Z,Not applicable,USD_PPP_PS,"US dollars per person, PPP converted",V,Current prices,LA,Annual levels,T0102,Table 0102 - GDP identity from the expenditure side,2016,,37452.9,,,,,,F,Free (free for publication),1,One,A,Normal value,0,Units,USD,US dollar
DATAFLOW,OECD.SDD.NAD:DSD_NAMAIN1@DF_QNA_EXPENDITURE_CAPITA(1.1),Quarterly GDP per capita,I,A,Annual,Y,Calendar and seasonally adjusted,IRL,Ireland,S1,Total economy,S1,Total economy,B1GQ_POP,"Gross domestic product, per capita",_Z,Not applicable,_Z,Not applicable,_Z,Not applicable,USD_PPP_PS,"US dollars per person, PPP converted",V,Current prices,LA,Annual levels,T0102,Table 0102 - GDP identity from the expenditure side,2015,,71613.8,,,,,,F,Free (free for publication),1,One,A,Normal value,0,Units,USD,US dollar
DATAFLOW,OECD.SDD.NAD:DSD_NAMAIN1@DF_QNA_EXPENDITURE_CAPITA(1.1),Quarterly GDP per capita,I,A,Annual,Y,Calendar and seasonally adjusted,IRL,Ireland,S1,Total economy,S1,Total economy,B1GQ_POP,"Gross domestic product, per capita",_Z,Not applicable,_Z,Not applicable,_Z,Not applicable,USD_PPP_PS,"US dollars per person, PPP converted",V,Current prices,LA,Annual levels,T0102,Table 0102 - GDP identity from the expenditure side,2014,,52641.9,,,,,,F,Free (free for publication),1,One,A,Normal value,0,Units,USD,US dollar
DATAFLOW,OECD.SDD.NAD:DSD_NAMAIN1@DF_QNA_EXPENDITURE_CAPITA(1.1),Quarterly GDP per capita,I,A,Annual,Y,Calendar and seasonally adjusted,IRL,Ireland,S1,Total economy,S1,Total economy,B1GQ_POP,"Gross domestic product, per capita",_Z,Not applicable,_Z,Not applicable,_Z,Not applicable,USD_PPP_PS,"US dollars per person, PPP converted",V,Current prices,LA,Annual levels,T0102,Table 0102 - GDP identity from the expenditure side,2013,,48802.9,,,,,,F,Free (free for publication),1,One,A,Normal value,0,Units,USD,US dollar
DATAFLOW,OECD.SDD.NAD:DSD_NAMAIN1@DF_QNA_EXPENDITURE_CAPITA(1.1),Quarterly GDP per capita,I,A,Annual,Y,Calendar and seasonally adjusted,IRL,Ireland,S1,Total economy,S1,Total economy,B1GQ_POP,"Gross domestic product, per capita",_Z,Not applicable,_Z,Not applicable,_Z,Not applicable,USD_PPP_PS,"US dollars per person, PPP converted",V,Current prices,LA,Annual levels,T0102,Table 0102 - GDP identity from the expenditure side,2006,,44261.7,,,,,,F,Free (free for publication),1,One,A,Normal value,0,Units,USD,US dollar
DATAFLOW,OECD.SDD.NAD:DSD_NAMAIN1@DF_QNA_EXPENDITURE_CAPITA(1.1),Quarterly GDP per capita,I,A,Annual,Y,Calendar and seasonally adjusted,DEU,Germany,S1,Total economy,S1,Total economy,B1GQ_POP,"Gross domestic product, per capita",_Z,Not applicable,_Z,Not applicable,_Z,Not applicable,USD_PPP_PS,"US dollars per person, PPP converted",LR,Chain linked volume (rebased),LA,Annual levels,T0102,Table 0102 - GDP identity from the expenditure side,2016,,59247.6,,2020,,,,F,Free (free for publication),1,One,A,Normal value,0,Units,USD,US dollar
DATAFLOW,OECD.SDD.NAD:DSD_NAMAIN1@DF_QNA_EXPENDITURE_CAPITA(1.1),Quarterly GDP per capita,I,A,Annual,Y,Calendar and seasonally adjusted,DEU,Germany,S1,Total economy,S1,Total economy,B1GQ_POP,"Gross domestic product, per capita",_Z,Not applicable,_Z,Not applicable,_Z,Not applicable,USD_PPP_PS,"US dollars per person, PPP converted",LR,Chain linked volume (rebased),LA,Annual levels,T0102,Table 0102 - GDP identity from the expenditure side,2011,,56418.9,,2020,,,,F,Free (free for publication),1,One,A,Normal value,0,Units,USD,US dollar
DATAFLOW,OECD.SDD.NAD:DSD_NAMAIN1@DF_QNA_EXPENDITURE_CAPITA(1.1),Quarterly GDP per capita,I,A,Annual,Y,Calendar and seasonally adjusted,DEU,Germany,S1,Total economy,S1,Total economy,B1GQ_POP,"Gross domestic product, per capita",_Z,Not applicable,_Z,Not applicable,_Z,Not applicable,USD_PPP_PS,"US dollars per person, PPP converted",LR,Chain linked volume (rebased),LA,Annual levels,T0102,Table 0102 - GDP identity from the expenditure side,2010,,54369.4,,2020,,,,F,Free (free for publication),1,One,A,Normal value,0,Units,USD,US dollar
DATAFLOW,OECD.SDD.NAD:DSD_NAMAIN1@DF_QNA_EXPENDITURE_CAPITA(1.1),Quarterly GDP per capita,I,A,Annual,Y,Calendar and seasonally adjusted,DEU,Germany,S1,Total economy,S1,Total economy,B1GQ_POP,"Gross domestic product, per capita",_Z,Not applicable,_Z,Not applicable,_Z,Not applicable,USD_PPP_PS,"US dollars per person, PPP converted",LR,Chain linked volume (rebased),LA,Annual levels,T0102,Table 0102 - GDP identity from the expenditure side,2009,,52077.5,,2020,,,,F,Free (free for publication),1,One,A,Normal value,0,Units,USD,US dollar
DATAFLOW,OECD.SDD.NAD:DSD_NAMAIN1@DF_QNA_EXPENDITURE_CAPITA(1.1),Quarterly GDP per capita,I,A,Annual,Y,Calendar and seasonally adjusted,DEU,Germany,S1,Total economy,S1,Total economy,B1GQ_POP,"Gross domestic product, per capita",_Z,Not applicable,_Z,Not applicable,_Z,Not applicable,USD_PPP_PS,"US dollars per person, PPP converted",V,Current prices,LA,Annual levels,T0102,Table 0102 - GDP identity from the expenditure side,2018,,56834.1,,,,,,F,Free (free for publication),1,One,A,Normal value,0,Units,USD,US dollar
DATAFLOW,OECD.SDD.NAD:DSD_NAMAIN1@DF_QNA_EXPENDITURE_CAPITA(1.1),Quarterly GDP per capita,I,A,Annual,Y,Calendar and seasonally adjusted,FRA,France,S1,Total economy,S1,Total economy,B1GQ_POP,"Gross domestic product, per capita",_Z,Not applicable,_Z,Not applicable,_Z,Not applicable,USD_PPP_PS,"US dollars per person, PPP converted",V,Current prices,LA,Annual levels,T0102,Table 0102 - GDP identity from the expenditure side,2021,,52443.3,,,,,,F,Free (free for publication),1,One,A,Normal value,0,Units,USD,US dollar
DATAFLOW,OECD.SDD.NAD:DSD_NAMAIN1@DF_QNA_EXPENDITURE_CAPITA(1.1),Quarterly GDP per capita,I,A,Annual,Y,Calendar and seasonally adjusted,FRA,France,S1,Total economy,S1,Total economy,B1GQ_POP,"Gross domestic product, per capita",_Z,Not applicable,_Z,Not applicable,_Z,Not applicable,USD_PPP_PS,"US dollars per person, PPP converted",V,Current prices,LA,Annual levels,T0102,Table 0102 - GDP identity from the expenditure side,2020,,49462.7,,,,,,F,Free (free for publication),1,One,A,Normal value,0,Units,USD,US dollar
DATAFLOW,OECD.SDD.NAD:DSD_NAMAIN1@DF_QNA_EXPENDITURE_CAPITA(1.1),Quarterly GDP per capita,I,A,Annual,Y,Calendar and seasonally adjusted,FRA,France,S1,Total economy,S1,Total economy,B1GQ_POP,"Gross domestic product, per capita",_Z,Not applicable,_Z,Not applicable,_Z,Not applicable,USD_PPP_PS,"US dollars per person, PPP converted",V,Current prices,LA,Annual levels,T0102,Table 0102 - GDP identity from the expenditure side,2019,,51119.7,,,,,,F,Free (free for publication),1,One,A,Normal value,0,Units,USD,US dollar
DATAFLOW,OECD.SDD.NAD:DSD_NAMAIN1@DF_QNA_EXPENDITURE_CAPITA(1.1),Quarterly GDP per capita,I,A,Annual,Y,Calendar and seasonally adjusted,CZE,Czechia,S1,Total economy,S1,Total economy,B1GQ_POP,"Gross domestic product, per capita",_Z,Not applicable,_Z,Not applicable,_Z,Not applicable,USD_PPP_PS,"US dollars per person, PPP converted",V,Current prices,LA,Annual levels,T0102,Table 0102 - GDP identity from the expenditure side,2013,,31047.8,,,,,,F,Free (free for publication),1,One,A,Normal value,0,Units,USD,US dollar
DATAFLOW,OECD.SDD.NAD:DSD_NAMAIN1@DF_QNA_EXPENDITURE_CAPITA(1.1),Quarterly GDP per capita,I,A,Annual,Y,Calendar and seasonally adjusted,CZE,Czechia,S1,Total economy,S1,Total economy,B1GQ_POP,"Gross domestic product, per capita",_Z,Not applicable,_Z,Not applicable,_Z,Not applicable,USD_PPP_PS,"US dollars per person, PPP converted",V,Current prices,LA,Annual levels,T0102,Table 0102 - GDP identity from the expenditure side,2012,,29476.9,,,,,,F,Free (free for publication),1,One,A,Normal value,0,Units,USD,US dollar
DATAFLOW,OECD.SDD.NAD:DSD_NAMAIN1@DF_QNA_EXPENDITURE_CAPITA(1.1),Quarterly GDP per capita,I,A,Annual,Y,Calendar and seasonally adjusted,CZE,Czechia,S1,Total economy,S1,Total economy,B1GQ_POP,"Gross domestic product, per capita",_Z,Not applicable,_Z,Not applicable,_Z,Not applicable,USD_PPP_PS,"US dollars per person, PPP converted",V,Current prices,LA,Annual levels,T0102,Table 0102 - GDP identity from the expenditure side,2011,,29234.6,,,,,,F,Free (free for publication),1,One,A,Normal value,0,Units,USD,US dollar
DATAFLOW,OECD.SDD.NAD:DSD_NAMAIN1@DF_QNA_EXPENDITURE_CAPITA(1.1),Quarterly GDP per capita,I,A,Annual,Y,Calendar and seasonally adjusted,CZE,Czechia,S1,Total economy,S1,Total economy,B1GQ_POP,"Gross domestic product, per capita",_Z,Not applicable,_Z,Not applicable,_Z,Not applicable,USD_PPP_PS,"US dollars per person, PPP converted",V,Current prices,LA,Annual levels,T0102,Table 0102 - GDP identity from the expenditure side,2010,,28035.8,,,,,,F,Free (free for publication),1,One,A,Normal value,0,Units,USD,US dollar
DATAFLOW,OECD.SDD.NAD:DSD_NAMAIN1@DF_QNA_EXPENDITURE_CAPITA(1.1),Quarterly GDP per capita,I,A,Annual,Y,Calendar and seasonally adjusted,CZE,Czechia,S1,Total economy,S1,Total economy,B1GQ_POP,"Gross domestic product, per capita",_Z,Not applicable,_Z,Not applicable,_Z,Not applicable,USD_PPP_PS,"US dollars per person, PPP converted",V,Current prices,LA,Annual levels,T0102,Table 0102 - GDP identity from the expenditure side,2009,,27589.6,,,,,,F,Free (free for publication),1,One,A,Normal value,0,Units,USD,US dollar
DATAFLOW,OECD.SDD.NAD:DSD_NAMAIN1@DF_QNA_EXPENDITURE_CAPITA(1.1),Quarterly GDP per capita,I,A,Annual,Y,Calendar and seasonally adjusted,CZE,Czechia,S1,Total economy,S1,Total economy,B1GQ_POP,"Gross domestic product, per capita",_Z,Not applicable,_Z,Not applicable,_Z,Not applicable,USD_PPP_PS,"US dollars per person, PPP converted",V,Current prices,LA,Annual levels,T0102,Table 0102 - GDP identity from the expenditure side,2008,,27820.2,,,,,,F,Free (free for publication),1,One,A,Normal value,0,Units,USD,US dollar
DATAFLOW,OECD.SDD.NAD:DSD_NAMAIN1@DF_QNA_EXPENDITURE_CAPITA(1.1),Quarterly GDP per capita,I,A,Annual,Y,Calendar and seasonally adjusted,CZE,Czechia,S1,Total economy,S1,Total economy,B1GQ_POP,"Gross domestic product, per capita",_Z,Not applicable,_Z,Not applicable,_Z,Not applicable,USD_PPP_PS,"US dollars per person, PPP converted",V,Current prices,LA,Annual levels,T0102,Table 0102 - GDP identity from the expenditure side,2007,,26204.2,,,,,,F,Free (free for publication),1,One,A,Normal value,0,Units,USD,US dollar
DATAFLOW,OECD.SDD.NAD:DSD_NAMAIN1@DF_QNA_EXPENDITURE_CAPITA(1.1),Quarterly GDP per capita,I,A,Annual,Y,Calendar and seasonally adjusted,CZE,Czechia,S1,Total economy,S1,Total economy,B1GQ_POP,"Gross domestic product, per capita",_Z,Not applicable,_Z,Not applicable,_Z,Not applicable,USD_PPP_PS,"US dollars per person, PPP converted",V,Current prices,LA,Annual levels,T0102,Table 0102 - GDP identity from the expenditure side,2006,,23846.4,,,,,,F,Free (free for publication),1,One,A,Normal value,0,Units,USD,US dollar
DATAFLOW,OECD.SDD.NAD:DSD_NAMAIN1@DF_QNA_EXPENDITURE_CAPITA(1.1),Quarterly GDP per capita,I,A,Annual,Y,Calendar and seasonally adjusted,IRL,Ireland,S1,Total economy,S1,Total economy,B1GQ_POP,"Gross domestic product, per capita",_Z,Not applicable,_Z,Not applicable,_Z,Not applicable,USD_PPP_PS,"US dollars per person, PPP converted",LR,Chain linked volume (rebased),LA,Annual levels,T0102,Table 0102 - GDP identity from the expenditure side,2003,,56231.9,,2020,,,,F,Free (free for publication),1,One,A,Normal value,0,Units,USD,US dollar
DATAFLOW,OECD.SDD.NAD:DSD_NAMAIN1@DF_QNA_EXPENDITURE_CAPITA(1.1),Quarterly GDP per capita,I,A,Annual,Y,Calendar and seasonally adjusted,IRL,Ireland,S1,Total economy,S1,Total economy,B1GQ_POP,"Gross domestic product, per capita",_Z,Not applicable,_Z,Not applicable,_Z,Not applicable,USD_PPP_PS,"US dollars per person, PPP converted",LR,Chain linked volume (rebased),LA,Annual levels,T0102,Table 0102 - GDP identity from the expenditure side,2002,,55491.1,,2020,,,,F,Free (free for publication),1,One,A,Normal value,0,Units,USD,US dollar
DATAFLOW,OECD.SDD.NAD:DSD_NAMAIN1@DF_QNA_EXPENDITURE_CAPITA(1.1),Quarterly GDP per capita,I,A,Annual,Y,Calendar and seasonally adjusted,IRL,Ireland,S1,Total economy,S1,Total economy,B1GQ_POP,"Gross domestic product, per capita",_Z,Not applicable,_Z,Not applicable,_Z,Not applicable,USD_PPP_PS,"US dollars per person, PPP converted",LR,Chain linked volume (rebased),LA,Annual levels,T0102,Table 0102 - GDP identity from the expenditure side,2001,,53322.8,,2020,,,,F,Free (free for publication),1,One,A,Normal value,0,Units,USD,US dollar
DATAFLOW,OECD.SDD.NAD:DSD_NAMAIN1@DF_QNA_EXPENDITURE_CAPITA(1.1),Quarterly GDP per capita,I,A,Annual,Y,Calendar and seasonally adjusted,IRL,Ireland,S1,Total economy,S1,Total economy,B1GQ_POP,"Gross domestic product, per capita",_Z,Not applicable,_Z,Not applicable,_Z,Not applicable,USD_PPP_PS,"US dollars per person, PPP converted",LR,Chain linked volume (rebased),LA,Annual levels,T0102,Table 0102 - GDP identity from the expenditure side,2000,,51428.6,,2020,,,,F,Free (free for publication),1,One,A,Normal value,0,Units,USD,US dollar
DATAFLOW,OECD.SDD.NAD:DSD_NAMAIN1@DF_QNA_EXPENDITURE_CAPITA(1.1),Quarterly GDP per capita,I,A,Annual,Y,Calendar and seasonally adjusted,IRL,Ireland,S1,Total economy,S1,Total economy,B1GQ_POP,"Gross domestic product, per capita",_Z,Not applicable,_Z,Not applicable,_Z,Not applicable,USD_PPP_PS,"US dollars per person, PPP converted",V,Current prices,LA,Annual levels,T0102,Table 0102 - GDP identity from the expenditure side,2008,,44105.4,,,,,,F,Free (free for publication),1,One,A,Normal value,0,Units,USD,US dollar
DATAFLOW,OECD.SDD.NAD:DSD_NAMAIN1@DF_QNA_EXPENDITURE_CAPITA(1.1),Quarterly GDP per capita,I,A,Annual,Y,Calendar and seasonally adjusted,IRL,Ireland,S1,Total economy,S1,Total economy,B1GQ_POP,"Gross domestic product, per capita",_Z,Not applicable,_Z,Not applicable,_Z,Not applicable,USD_PPP_PS,"US dollars per person, PPP converted",V,Current prices,LA,Annual levels,T0102,Table 0102 - GDP identity from the expenditure side,2007,,46769.2,,,,,,F,Free (free for publication),1,One,A,Normal value,0,Units,USD,US dollar
DATAFLOW,OECD.SDD.NAD:DSD_NAMAIN1@DF_QNA_EXPENDITURE_CAPITA(1.1),Quarterly GDP per capita,I,A,Annual,Y,Calendar and seasonally adjusted,LTU,Lithuania,S1,Total economy,S1,Total economy,B1GQ_POP,"Gross domestic product, per capita",_Z,Not applicable,_Z,Not applicable,_Z,Not applicable,USD_PPP_PS,"US dollars per person, PPP converted",LR,Chain linked volume (rebased),LA,Annual levels,T0102,Table 0102 - GDP identity from the expenditure side,2016,,35063.8,,2020,,,,F,Free (free for publication),1,One,A,Normal value,0,Units,USD,US dollar
DATAFLOW,OECD.SDD.NAD:DSD_NAMAIN1@DF_QNA_EXPENDITURE_CAPITA(1.1),Quarterly GDP per capita,I,A,Annual,Y,Calendar and seasonally adjusted,LTU,Lithuania,S1,Total economy,S1,Total economy,B1GQ_POP,"Gross domestic product, per capita",_Z,Not applicable,_Z,Not applicable,_Z,Not applicable,USD_PPP_PS,"US dollars per person, PPP converted",LR,Chain linked volume (rebased),LA,Annual levels,T0102,Table 0102 - GDP identity from the expenditure side,2015,,33755,,2020,,,,F,Free (free for publication),1,One,A,Normal value,0,Units,USD,US dollar
DATAFLOW,OECD.SDD.NAD:DSD_NAMAIN1@DF_QNA_EXPENDITURE_CAPITA(1.1),Quarterly GDP per capita,I,A,Annual,Y,Calendar and seasonally adjusted,LTU,Lithuania,S1,Total economy,S1,Total economy,B1GQ_POP,"Gross domestic product, per capita",_Z,Not applicable,_Z,Not applicable,_Z,Not applicable,USD_PPP_PS,"US dollars per person, PPP converted",LR,Chain linked volume (rebased),LA,Annual levels,T0102,Table 0102 - GDP identity from the expenditure side,2014,,32533,,2020,,,,F,Free (free for publication),1,One,A,Normal value,0,Units,USD,US dollar
DATAFLOW,OECD.SDD.NAD:DSD_NAMAIN1@DF_QNA_EXPENDITURE_CAPITA(1.1),Quarterly GDP per capita,I,A,Annual,Y,Calendar and seasonally adjusted,LTU,Lithuania,S1,Total economy,S1,Total economy,B1GQ_POP,"Gross domestic product, per capita",_Z,Not applicable,_Z,Not applicable,_Z,Not applicable,USD_PPP_PS,"US dollars per person, PPP converted",LR,Chain linked volume (rebased),LA,Annual levels,T0102,Table 0102 - GDP identity from the expenditure side,2013,,31096.2,,2020,,,,F,Free (free for publication),1,One,A,Normal value,0,Units,USD,US dollar
DATAFLOW,OECD.SDD.NAD:DSD_NAMAIN1@DF_QNA_EXPENDITURE_CAPITA(1.1),Quarterly GDP per capita,I,A,Annual,Y,Calendar and seasonally adjusted,ISR,Israel,S1,Total economy,S1,Total economy,B1GQ_POP,"Gross domestic product, per capita",_Z,Not applicable,_Z,Not applicable,_Z,Not applicable,USD_PPP_PS,"US dollars per person, PPP converted",V,Current prices,LA,Annual levels,T0102,Table 0102 - GDP identity from the expenditure side,2004,,25628.9,,,,,,F,Free (free for publication),1,One,A,Normal value,0,Units,USD,US dollar
DATAFLOW,OECD.SDD.NAD:DSD_NAMAIN1@DF_QNA_EXPENDITURE_CAPITA(1.1),Quarterly GDP per capita,I,A,Annual,Y,Calendar and seasonally adjusted,ISR,Israel,S1,Total economy,S1,Total economy,B1GQ_POP,"Gross domestic product, per capita",_Z,Not applicable,_Z,Not applicable,_Z,Not applicable,USD_PPP_PS,"US dollars per person, PPP converted",V,Current prices,LA,Annual levels,T0102,Table 0102 - GDP identity from the expenditure side,2003,,24244.2,,,,,,F,Free (free for publication),1,One,A,Normal value,0,Units,USD,US dollar
DATAFLOW,OECD.SDD.NAD:DSD_NAMAIN1@DF_QNA_EXPENDITURE_CAPITA(1.1),Quarterly GDP per capita,I,A,Annual,Y,Calendar and seasonally adjusted,ISR,Israel,S1,Total economy,S1,Total economy,B1GQ_POP,"Gross domestic product, per capita",_Z,Not applicable,_Z,Not applicable,_Z,Not applicable,USD_PPP_PS,"US dollars per person, PPP converted",V,Current prices,LA,Annual levels,T0102,Table 0102 - GDP identity from the expenditure side,2002,,25478.1,,,,,,F,Free (free for publication),1,One,A,Normal value,0,Units,USD,US dollar
DATAFLOW,OECD.SDD.NAD:DSD_NAMAIN1@DF_QNA_EXPENDITURE_CAPITA(1.1),Quarterly GDP per capita,I,A,Annual,Y,Calendar and seasonally adjusted,ISR,Israel,S1,Total economy,S1,Total economy,B1GQ_POP,"Gross domestic product, per capita",_Z,Not applicable,_Z,Not applicable,_Z,Not applicable,USD_PPP_PS,"US dollars per person, PPP converted",V,Current prices,LA,Annual levels,T0102,Table 0102 - GDP identity from the expenditure side,2001,,25173.7,,,,,,F,Free (free for publication),1,One,A,Normal value,0,Units,USD,US dollar
DATAFLOW,OECD.SDD.NAD:DSD_NAMAIN1@DF_QNA_EXPENDITURE_CAPITA(1.1),Quarterly GDP per capita,I,A,Annual,Y,Calendar and seasonally adjusted,ISR,Israel,S1,Total economy,S1,Total economy,B1GQ_POP,"Gross domestic product, per capita",_Z,Not applicable,_Z,Not applicable,_Z,Not applicable,USD_PPP_PS,"US dollars per person, PPP converted",V,Current prices,LA,Annual levels,T0102,Table 0102 - GDP identity from the expenditure side,2000,,25153.6,,,,,,F,Free (free for publication),1,One,A,Normal value,0,Units,USD,US dollar
DATAFLOW,OECD.SDD.NAD:DSD_NAMAIN1@DF_QNA_EXPENDITURE_CAPITA(1.1),Quarterly GDP per capita,I,A,Annual,Y,Calendar and seasonally adjusted,ISR,Israel,S1,Total economy,S1,Total economy,B1GQ_POP,"Gross domestic product, per capita",_Z,Not applicable,_Z,Not applicable,_Z,Not applicable,USD_PPP_PS,"US dollars per person, PPP converted",V,Current prices,LA,Annual levels,T0102,Table 0102 - GDP identity from the expenditure side,2019,,40644.9,,,,,,F,Free (free for publication),1,One,A,Normal value,0,Units,USD,US dollar
DATAFLOW,OECD.SDD.NAD:DSD_NAMAIN1@DF_QNA_EXPENDITURE_CAPITA(1.1),Quarterly GDP per capita,I,A,Annual,Y,Calendar and seasonally adjusted,ISR,Israel,S1,Total economy,S1,Total economy,B1GQ_POP,"Gross domestic product, per capita",_Z,Not applicable,_Z,Not applicable,_Z,Not applicable,USD_PPP_PS,"US dollars per person, PPP converted",V,Current prices,LA,Annual levels,T0102,Table 0102 - GDP identity from the expenditure side,2024,,57453.3,,,,,,F,Free (free for publication),1,One,A,Normal value,0,Units,USD,US dollar
DATAFLOW,OECD.SDD.NAD:DSD_NAMAIN1@DF_QNA_EXPENDITURE_CAPITA(1.1),Quarterly GDP per capita,I,A,Annual,Y,Calendar and seasonally adjusted,ISR,Israel,S1,Total economy,S1,Total economy,B1GQ_POP,"Gross domestic product, per capita",_Z,Not applicable,_Z,Not applicable,_Z,Not applicable,USD_PPP_PS,"US dollars per person, PPP converted",V,Current prices,LA,Annual levels,T0102,Table 0102 - GDP identity from the expenditure side,2023,,55322.7,,,,,,F,Free (free for publication),1,One,A,Normal value,0,Units,USD,US dollar
DATAFLOW,OECD.SDD.NAD:DSD_NAMAIN1@DF_QNA_EXPENDITURE_CAPITA(1.1),Quarterly GDP per capita,I,A,Annual,Y,Calendar and seasonally adjusted,ISR,Israel,S1,Total economy,S1,Total economy,B1GQ_POP,"Gross domestic product, per capita",_Z,Not applicable,_Z,Not applicable,_Z,Not applicable,USD_PPP_PS,"US dollars per person, PPP converted",V,Current prices,LA,Annual levels,T0102,Table 0102 - GDP identity from the expenditure side,2022,,53077.3,,,,,,F,Free (free for publication),1,One,A,Normal value,0,Units,USD,US dollar
DATAFLOW,OECD.SDD.NAD:DSD_NAMAIN1@DF_QNA_EXPENDITURE_CAPITA(1.1),Quarterly GDP per capita,I,A,Annual,Y,Calendar and seasonally adjusted,ISR,Israel,S1,Total economy,S1,Total economy,B1GQ_POP,"Gross domestic product, per capita",_Z,Not applicable,_Z,Not applicable,_Z,Not applicable,USD_PPP_PS,"US dollars per person, PPP converted",V,Current prices,LA,Annual levels,T0102,Table 0102 - GDP identity from the expenditure side,2021,,45628.8,,,,,,F,Free (free for publication),1,One,A,Normal value,0,Units,USD,US dollar
DATAFLOW,OECD.SDD.NAD:DSD_NAMAIN1@DF_QNA_EXPENDITURE_CAPITA(1.1),Quarterly GDP per capita,I,A,Annual,Y,Calendar and seasonally adjusted,ISR,Israel,S1,Total economy,S1,Total economy,B1GQ_POP,"Gross domestic product, per capita",_Z,Not applicable,_Z,Not applicable,_Z,Not applicable,USD_PPP_PS,"US dollars per person, PPP converted",V,Current prices,LA,Annual levels,T0102,Table 0102 - GDP identity from the expenditure side,2020,,40486.2,,,,,,F,Free (free for publication),1,One,A,Normal value,0,Units,USD,US dollar
DATAFLOW,OECD.SDD.NAD:DSD_NAMAIN1@DF_QNA_EXPENDITURE_CAPITA(1.1),Quarterly GDP per capita,I,A,Annual,Y,Calendar and seasonally adjusted,ISR,Israel,S1,Total economy,S1,Total economy,B1GQ_POP,"Gross domestic product, per capita",_Z,Not applicable,_Z,Not applicable,_Z,Not applicable,USD_PPP_PS,"US dollars per person, PPP converted",LR,Chain linked volume (rebased),LA,Annual levels,T0102,Table 0102 - GDP identity from the expenditure side,2008,,34293.8,,2020,,,,F,Free (free for publication),1,One,A,Normal value,0,Units,USD,US dollar
DATAFLOW,OECD.SDD.NAD:DSD_NAMAIN1@DF_QNA_EXPENDITURE_CAPITA(1.1),Quarterly GDP per capita,I,A,Annual,Y,Calendar and seasonally adjusted,ISR,Israel,S1,Total economy,S1,Total economy,B1GQ_POP,"Gross domestic product, per capita",_Z,Not applicable,_Z,Not applicable,_Z,Not applicable,USD_PPP_PS,"US dollars per person, PPP converted",LR,Chain linked volume (rebased),LA,Annual levels,T0102,Table 0102 - GDP identity from the expenditure side,2007,,33919.8,,2020,,,,F,Free (free for publication),1,One,A,Normal value,0,Units,USD,US dollar
DATAFLOW,OECD.SDD.NAD:DSD_NAMAIN1@DF_QNA_EXPENDITURE_CAPITA(1.1),Quarterly GDP per capita,I,A,Annual,Y,Calendar and seasonally adjusted,ISR,Israel,S1,Total economy,S1,Total economy,B1GQ_POP,"Gross domestic product, per capita",_Z,Not applicable,_Z,Not applicable,_Z,Not applicable,USD_PPP_PS,"US dollars per person, PPP converted",LR,Chain linked volume (rebased),LA,Annual levels,T0102,Table 0102 - GDP identity from the expenditure side,2006,,32545.2,,2020,,,,F,Free (free for publication),1,One,A,Normal value,0,Units,USD,US dollar
DATAFLOW,OECD.SDD.NAD:DSD_NAMAIN1@DF_QNA_EXPENDITURE_CAPITA(1.1),Quarterly GDP per capita,I,A,Annual,Y,Calendar and seasonally adjusted,ISR,Israel,S1,Total economy,S1,Total economy,B1GQ_POP,"Gross domestic product, per capita",_Z,Not applicable,_Z,Not applicable,_Z,Not applicable,USD_PPP_PS,"US dollars per person, PPP converted",LR,Chain linked volume (rebased),LA,Annual levels,T0102,Table 0102 - GDP identity from the expenditure side,2005,,31494.6,,2020,,,,F,Free (free for publication),1,One,A,Normal value,0,Units,USD,US dollar
DATAFLOW,OECD.SDD.NAD:DSD_NAMAIN1@DF_QNA_EXPENDITURE_CAPITA(1.1),Quarterly GDP per capita,I,A,Annual,Y,Calendar and seasonally adjusted,ISR,Israel,S1,Total economy,S1,Total economy,B1GQ_POP,"Gross domestic product, per capita",_Z,Not applicable,_Z,Not applicable,_Z,Not applicable,USD_PPP_PS,"US dollars per person, PPP converted",LR,Chain linked volume (rebased),LA,Annual levels,T0102,Table 0102 - GDP identity from the expenditure side,2020,,40486.2,,2020,,,,F,Free (free for publication),1,One,A,Normal value,0,Units,USD,US dollar
DATAFLOW,OECD.SDD.NAD:DSD_NAMAIN1@DF_QNA_EXPENDITURE_CAPITA(1.1),Quarterly GDP per capita,I,A,Annual,Y,Calendar and seasonally adjusted,ISR,Israel,S1,Total economy,S1,Total economy,B1GQ_POP,"Gross domestic product, per capita",_Z,Not applicable,_Z,Not applicable,_Z,Not applicable,USD_PPP_PS,"US dollars per person, PPP converted",LR,Chain linked volume (rebased),LA,Annual levels,T0102,Table 0102 - GDP identity from the expenditure side,2019,,41830.4,,2020,,,,F,Free (free for publication),1,One,A,Normal value,0,Units,USD,US dollar
DATAFLOW,OECD.SDD.NAD:DSD_NAMAIN1@DF_QNA_EXPENDITURE_CAPITA(1.1),Quarterly GDP per capita,I,A,Annual,Y,Calendar and seasonally adjusted,ISR,Israel,S1,Total economy,S1,Total economy,B1GQ_POP,"Gross domestic product, per capita",_Z,Not applicable,_Z,Not applicable,_Z,Not applicable,USD_PPP_PS,"US dollars per person, PPP converted",LR,Chain linked volume (rebased),LA,Annual levels,T0102,Table 0102 - GDP identity from the expenditure side,2018,,41140.5,,2020,,,,F,Free (free for publication),1,One,A,Normal value,0,Units,USD,US dollar
DATAFLOW,OECD.SDD.NAD:DSD_NAMAIN1@DF_QNA_EXPENDITURE_CAPITA(1.1),Quarterly GDP per capita,I,A,Annual,Y,Calendar and seasonally adjusted,ISR,Israel,S1,Total economy,S1,Total economy,B1GQ_POP,"Gross domestic product, per capita",_Z,Not applicable,_Z,Not applicable,_Z,Not applicable,USD_PPP_PS,"US dollars per person, PPP converted",LR,Chain linked volume (rebased),LA,Annual levels,T0102,Table 0102 - GDP identity from the expenditure side,2017,,40195.5,,2020,,,,F,Free (free for publication),1,One,A,Normal value,0,Units,USD,US dollar
DATAFLOW,OECD.SDD.NAD:DSD_NAMAIN1@DF_QNA_EXPENDITURE_CAPITA(1.1),Quarterly GDP per capita,I,A,Annual,Y,Calendar and seasonally adjusted,ISR,Israel,S1,Total economy,S1,Total economy,B1GQ_POP,"Gross domestic product, per capita",_Z,Not applicable,_Z,Not applicable,_Z,Not applicable,USD_PPP_PS,"US dollars per person, PPP converted",LR,Chain linked volume (rebased),LA,Annual levels,T0102,Table 0102 - GDP identity from the expenditure side,2004,,30583.6,,2020,,,,F,Free (free for publication),1,One,A,Normal value,0,Units,USD,US dollar
DATAFLOW,OECD.SDD.NAD:DSD_NAMAIN1@DF_QNA_EXPENDITURE_CAPITA(1.1),Quarterly GDP per capita,I,A,Annual,Y,Calendar and seasonally adjusted,ISR,Israel,S1,Total economy,S1,Total economy,B1GQ_POP,"Gross domestic product, per capita",_Z,Not applicable,_Z,Not applicable,_Z,Not applicable,USD_PPP_PS,"US dollars per person, PPP converted",LR,Chain linked volume (rebased),LA,Annual levels,T0102,Table 0102 - GDP identity from the expenditure side,2003,,29697.2,,2020,,,,F,Free (free for publication),1,One,A,Normal value,0,Units,USD,US dollar
DATAFLOW,OECD.SDD.NAD:DSD_NAMAIN1@DF_QNA_EXPENDITURE_CAPITA(1.1),Quarterly GDP per capita,I,A,Annual,Y,Calendar and seasonally adjusted,ISR,Israel,S1,Total economy,S1,Total economy,B1GQ_POP,"Gross domestic product, per capita",_Z,Not applicable,_Z,Not applicable,_Z,Not applicable,USD_PPP_PS,"US dollars per person, PPP converted",LR,Chain linked volume (rebased),LA,Annual levels,T0102,Table 0102 - GDP identity from the expenditure side,2002,,29681,,2020,,,,F,Free (free for publication),1,One,A,Normal value,0,Units,USD,US dollar
DATAFLOW,OECD.SDD.NAD:DSD_NAMAIN1@DF_QNA_EXPENDITURE_CAPITA(1.1),Quarterly GDP per capita,I,A,Annual,Y,Calendar and seasonally adjusted,ISR,Israel,S1,Total economy,S1,Total economy,B1GQ_POP,"Gross domestic product, per capita",_Z,Not applicable,_Z,Not applicable,_Z,Not applicable,USD_PPP_PS,"US dollars per person, PPP converted",LR,Chain linked volume (rebased),LA,Annual levels,T0102,Table 0102 - GDP identity from the expenditure side,2001,,30294.1,,2020,,,,F,Free (free for publication),1,One,A,Normal value,0,Units,USD,US dollar
DATAFLOW,OECD.SDD.NAD:DSD_NAMAIN1@DF_QNA_EXPENDITURE_CAPITA(1.1),Quarterly GDP per capita,I,A,Annual,Y,Calendar and seasonally adjusted,ISR,Israel,S1,Total economy,S1,Total economy,B1GQ_POP,"Gross domestic product, per capita",_Z,Not applicable,_Z,Not applicable,_Z,Not applicable,USD_PPP_PS,"US dollars per person, PPP converted",LR,Chain linked volume (rebased),LA,Annual levels,T0102,Table 0102 - GDP identity from the expenditure side,2000,,31023.7,,2020,,,,F,Free (free for publication),1,One,A,Normal value,0,Units,USD,US dollar
DATAFLOW,OECD.SDD.NAD:DSD_NAMAIN1@DF_QNA_EXPENDITURE_CAPITA(1.1),Quarterly GDP per capita,I,A,Annual,Y,Calendar and seasonally adjusted,ISR,Israel,S1,Total economy,S1,Total economy,B1GQ_POP,"Gross domestic product, per capita",_Z,Not applicable,_Z,Not applicable,_Z,Not applicable,USD_PPP_PS,"US dollars per person, PPP converted",V,Current prices,LA,Annual levels,T0102,Table 0102 - GDP identity from the expenditure side,2008,,27399.5,,,,,,F,Free (free for publication),1,One,A,Normal value,0,Units,USD,US dollar
DATAFLOW,OECD.SDD.NAD:DSD_NAMAIN1@DF_QNA_EXPENDITURE_CAPITA(1.1),Quarterly GDP per capita,I,A,Annual,Y,Calendar and seasonally adjusted,ISR,Israel,S1,Total economy,S1,Total economy,B1GQ_POP,"Gross domestic product, per capita",_Z,Not applicable,_Z,Not applicable,_Z,Not applicable,USD_PPP_PS,"US dollars per person, PPP converted",V,Current prices,LA,Annual levels,T0102,Table 0102 - GDP identity from the expenditure side,2012,,31756.2,,,,,,F,Free (free for publication),1,One,A,Normal value,0,Units,USD,US dollar
DATAFLOW,OECD.SDD.NAD:DSD_NAMAIN1@DF_QNA_EXPENDITURE_CAPITA(1.1),Quarterly GDP per capita,I,A,Annual,Y,Calendar and seasonally adjusted,ISR,Israel,S1,Total economy,S1,Total economy,B1GQ_POP,"Gross domestic product, per capita",_Z,Not applicable,_Z,Not applicable,_Z,Not applicable,USD_PPP_PS,"US dollars per person, PPP converted",V,Current prices,LA,Annual levels,T0102,Table 0102 - GDP identity from the expenditure side,2011,,30664.1,,,,,,F,Free (free for publication),1,One,A,Normal value,0,Units,USD,US dollar
DATAFLOW,OECD.SDD.NAD:DSD_NAMAIN1@DF_QNA_EXPENDITURE_CAPITA(1.1),Quarterly GDP per capita,I,A,Annual,Y,Calendar and seasonally adjusted,ISR,Israel,S1,Total economy,S1,Total economy,B1GQ_POP,"Gross domestic product, per capita",_Z,Not applicable,_Z,Not applicable,_Z,Not applicable,USD_PPP_PS,"US dollars per person, PPP converted",V,Current prices,LA,Annual levels,T0102,Table 0102 - GDP identity from the expenditure side,2010,,28897.3,,,,,,F,Free (free for publication),1,One,A,Normal value,0,Units,USD,US dollar
DATAFLOW,OECD.SDD.NAD:DSD_NAMAIN1@DF_QNA_EXPENDITURE_CAPITA(1.1),Quarterly GDP per capita,I,A,Annual,Y,Calendar and seasonally adjusted,ISR,Israel,S1,Total economy,S1,Total economy,B1GQ_POP,"Gross domestic product, per capita",_Z,Not applicable,_Z,Not applicable,_Z,Not applicable,USD_PPP_PS,"US dollars per person, PPP converted",V,Current prices,LA,Annual levels,T0102,Table 0102 - GDP identity from the expenditure side,2009,,27563.2,,,,,,F,Free (free for publication),1,One,A,Normal value,0,Units,USD,US dollar
DATAFLOW,OECD.SDD.NAD:DSD_NAMAIN1@DF_QNA_EXPENDITURE_CAPITA(1.1),Quarterly GDP per capita,I,A,Annual,Y,Calendar and seasonally adjusted,ISR,Israel,S1,Total economy,S1,Total economy,B1GQ_POP,"Gross domestic product, per capita",_Z,Not applicable,_Z,Not applicable,_Z,Not applicable,USD_PPP_PS,"US dollars per person, PPP converted",V,Current prices,LA,Annual levels,T0102,Table 0102 - GDP identity from the expenditure side,2018,,39533.9,,,,,,F,Free (free for publication),1,One,A,Normal value,0,Units,USD,US dollar
DATAFLOW,OECD.SDD.NAD:DSD_NAMAIN1@DF_QNA_EXPENDITURE_CAPITA(1.1),Quarterly GDP per capita,I,A,Annual,Y,Calendar and seasonally adjusted,ISR,Israel,S1,Total economy,S1,Total economy,B1GQ_POP,"Gross domestic product, per capita",_Z,Not applicable,_Z,Not applicable,_Z,Not applicable,USD_PPP_PS,"US dollars per person, PPP converted",V,Current prices,LA,Annual levels,T0102,Table 0102 - GDP identity from the expenditure side,2017,,38745.6,,,,,,F,Free (free for publication),1,One,A,Normal value,0,Units,USD,US dollar
DATAFLOW,OECD.SDD.NAD:DSD_NAMAIN1@DF_QNA_EXPENDITURE_CAPITA(1.1),Quarterly GDP per capita,I,A,Annual,Y,Calendar and seasonally adjusted,ISR,Israel,S1,Total economy,S1,Total economy,B1GQ_POP,"Gross domestic product, per capita",_Z,Not applicable,_Z,Not applicable,_Z,Not applicable,USD_PPP_PS,"US dollars per person, PPP converted",LR,Chain linked volume (rebased),LA,Annual levels,T0102,Table 0102 - GDP identity from the expenditure side,2021,,43548.4,,2020,,,,F,Free (free for publication),1,One,A,Normal value,0,Units,USD,US dollar
DATAFLOW,OECD.SDD.NAD:DSD_NAMAIN1@DF_QNA_EXPENDITURE_CAPITA(1.1),Quarterly GDP per capita,I,A,Annual,Y,Calendar and seasonally adjusted,ISR,Israel,S1,Total economy,S1,Total economy,B1GQ_POP,"Gross domestic product, per capita",_Z,Not applicable,_Z,Not applicable,_Z,Not applicable,USD_PPP_PS,"US dollars per person, PPP converted",LR,Chain linked volume (rebased),LA,Annual levels,T0102,Table 0102 - GDP identity from the expenditure side,2016,,39197.6,,2020,,,,F,Free (free for publication),1,One,A,Normal value,0,Units,USD,US dollar
DATAFLOW,OECD.SDD.NAD:DSD_NAMAIN1@DF_QNA_EXPENDITURE_CAPITA(1.1),Quarterly GDP per capita,I,A,Annual,Y,Calendar and seasonally adjusted,ISR,Israel,S1,Total economy,S1,Total economy,B1GQ_POP,"Gross domestic product, per capita",_Z,Not applicable,_Z,Not applicable,_Z,Not applicable,USD_PPP_PS,"US dollars per person, PPP converted",LR,Chain linked volume (rebased),LA,Annual levels,T0102,Table 0102 - GDP identity from the expenditure side,2015,,38320.6,,2020,,,,F,Free (free for publication),1,One,A,Normal value,0,Units,USD,US dollar
DATAFLOW,OECD.SDD.NAD:DSD_NAMAIN1@DF_QNA_EXPENDITURE_CAPITA(1.1),Quarterly GDP per capita,I,A,Annual,Y,Calendar and seasonally adjusted,ISR,Israel,S1,Total economy,S1,Total economy,B1GQ_POP,"Gross domestic product, per capita",_Z,Not applicable,_Z,Not applicable,_Z,Not applicable,USD_PPP_PS,"US dollars per person, PPP converted",LR,Chain linked volume (rebased),LA,Annual levels,T0102,Table 0102 - GDP identity from the expenditure side,2014,,38291.2,,2020,,,,F,Free (free for publication),1,One,A,Normal value,0,Units,USD,US dollar
DATAFLOW,OECD.SDD.NAD:DSD_NAMAIN1@DF_QNA_EXPENDITURE_CAPITA(1.1),Quarterly GDP per capita,I,A,Annual,Y,Calendar and seasonally adjusted,ISR,Israel,S1,Total economy,S1,Total economy,B1GQ_POP,"Gross domestic product, per capita",_Z,Not applicable,_Z,Not applicable,_Z,Not applicable,USD_PPP_PS,"US dollars per person, PPP converted",LR,Chain linked volume (rebased),LA,Annual levels,T0102,Table 0102 - GDP identity from the expenditure side,2013,,37495.2,,2020,,,,F,Free (free for publication),1,One,A,Normal value,0,Units,USD,US dollar
DATAFLOW,OECD.SDD.NAD:DSD_NAMAIN1@DF_QNA_EXPENDITURE_CAPITA(1.1),Quarterly GDP per capita,I,A,Annual,Y,Calendar and seasonally adjusted,LVA,Latvia,S1,Total economy,S1,Total economy,B1GQ_POP,"Gross domestic product, per capita",_Z,Not applicable,_Z,Not applicable,_Z,Not applicable,USD_PPP_PS,"US dollars per person, PPP converted",V,Current prices,LA,Annual levels,T0102,Table 0102 - GDP identity from the expenditure side,2018,,29832.1,,,,,,F,Free (free for publication),1,One,A,Normal value,0,Units,USD,US dollar
DATAFLOW,OECD.SDD.NAD:DSD_NAMAIN1@DF_QNA_EXPENDITURE_CAPITA(1.1),Quarterly GDP per capita,I,A,Annual,Y,Calendar and seasonally adjusted,LVA,Latvia,S1,Total economy,S1,Total economy,B1GQ_POP,"Gross domestic product, per capita",_Z,Not applicable,_Z,Not applicable,_Z,Not applicable,USD_PPP_PS,"US dollars per person, PPP converted",LR,Chain linked volume (rebased),LA,Annual levels,T0102,Table 0102 - GDP identity from the expenditure side,2016,,30298,,2020,,,,F,Free (free for publication),1,One,A,Normal value,0,Units,USD,US dollar
DATAFLOW,OECD.SDD.NAD:DSD_NAMAIN1@DF_QNA_EXPENDITURE_CAPITA(1.1),Quarterly GDP per capita,I,A,Annual,Y,Calendar and seasonally adjusted,LVA,Latvia,S1,Total economy,S1,Total economy,B1GQ_POP,"Gross domestic product, per capita",_Z,Not applicable,_Z,Not applicable,_Z,Not applicable,USD_PPP_PS,"US dollars per person, PPP converted",LR,Chain linked volume (rebased),LA,Annual levels,T0102,Table 0102 - GDP identity from the expenditure side,2015,,29275.6,,2020,,,,F,Free (free for publication),1,One,A,Normal value,0,Units,USD,US dollar
DATAFLOW,OECD.SDD.NAD:DSD_NAMAIN1@DF_QNA_EXPENDITURE_CAPITA(1.1),Quarterly GDP per capita,I,A,Annual,Y,Calendar and seasonally adjusted,LVA,Latvia,S1,Total economy,S1,Total economy,B1GQ_POP,"Gross domestic product, per capita",_Z,Not applicable,_Z,Not applicable,_Z,Not applicable,USD_PPP_PS,"US dollars per person, PPP converted",LR,Chain linked volume (rebased),LA,Annual levels,T0102,Table 0102 - GDP identity from the expenditure side,2014,,27968.8,,2020,,,,F,Free (free for publication),1,One,A,Normal value,0,Units,USD,US dollar
DATAFLOW,OECD.SDD.NAD:DSD_NAMAIN1@DF_QNA_EXPENDITURE_CAPITA(1.1),Quarterly GDP per capita,I,A,Annual,Y,Calendar and seasonally adjusted,LVA,Latvia,S1,Total economy,S1,Total economy,B1GQ_POP,"Gross domestic product, per capita",_Z,Not applicable,_Z,Not applicable,_Z,Not applicable,USD_PPP_PS,"US dollars per person, PPP converted",LR,Chain linked volume (rebased),LA,Annual levels,T0102,Table 0102 - GDP identity from the expenditure side,2013,,27142.2,,2020,,,,F,Free (free for publication),1,One,A,Normal value,0,Units,USD,US dollar
DATAFLOW,OECD.SDD.NAD:DSD_NAMAIN1@DF_QNA_EXPENDITURE_CAPITA(1.1),Quarterly GDP per capita,I,A,Annual,Y,Calendar and seasonally adjusted,LVA,Latvia,S1,Total economy,S1,Total economy,B1GQ_POP,"Gross domestic product, per capita",_Z,Not applicable,_Z,Not applicable,_Z,Not applicable,USD_PPP_PS,"US dollars per person, PPP converted",LR,Chain linked volume (rebased),LA,Annual levels,T0102,Table 0102 - GDP identity from the expenditure side,2012,,26312.6,,2020,,,,F,Free (free for publication),1,One,A,Normal value,0,Units,USD,US dollar
DATAFLOW,OECD.SDD.NAD:DSD_NAMAIN1@DF_QNA_EXPENDITURE_CAPITA(1.1),Quarterly GDP per capita,I,A,Annual,Y,Calendar and seasonally adjusted,LVA,Latvia,S1,Total economy,S1,Total economy,B1GQ_POP,"Gross domestic product, per capita",_Z,Not applicable,_Z,Not applicable,_Z,Not applicable,USD_PPP_PS,"US dollars per person, PPP converted",LR,Chain linked volume (rebased),LA,Annual levels,T0102,Table 0102 - GDP identity from the expenditure side,2011,,24221.4,,2020,,,,F,Free (free for publication),1,One,A,Normal value,0,Units,USD,US dollar
DATAFLOW,OECD.SDD.NAD:DSD_NAMAIN1@DF_QNA_EXPENDITURE_CAPITA(1.1),Quarterly GDP per capita,I,A,Annual,Y,Calendar and seasonally adjusted,LVA,Latvia,S1,Total economy,S1,Total economy,B1GQ_POP,"Gross domestic product, per capita",_Z,Not applicable,_Z,Not applicable,_Z,Not applicable,USD_PPP_PS,"US dollars per person, PPP converted",LR,Chain linked volume (rebased),LA,Annual levels,T0102,Table 0102 - GDP identity from the expenditure side,2010,,23076.5,,2020,,,,F,Free (free for publication),1,One,A,Normal value,0,Units,USD,US dollar
DATAFLOW,OECD.SDD.NAD:DSD_NAMAIN1@DF_QNA_EXPENDITURE_CAPITA(1.1),Quarterly GDP per capita,I,A,Annual,Y,Calendar and seasonally adjusted,LVA,Latvia,S1,Total economy,S1,Total economy,B1GQ_POP,"Gross domestic product, per capita",_Z,Not applicable,_Z,Not applicable,_Z,Not applicable,USD_PPP_PS,"US dollars per person, PPP converted",LR,Chain linked volume (rebased),LA,Annual levels,T0102,Table 0102 - GDP identity from the expenditure side,2009,,23453.7,,2020,,,,F,Free (free for publication),1,One,A,Normal value,0,Units,USD,US dollar
DATAFLOW,OECD.SDD.NAD:DSD_NAMAIN1@DF_QNA_EXPENDITURE_CAPITA(1.1),Quarterly GDP per capita,I,A,Annual,Y,Calendar and seasonally adjusted,LVA,Latvia,S1,Total economy,S1,Total economy,B1GQ_POP,"Gross domestic product, per capita",_Z,Not applicable,_Z,Not applicable,_Z,Not applicable,USD_PPP_PS,"US dollars per person, PPP converted",LR,Chain linked volume (rebased),LA,Annual levels,T0102,Table 0102 - GDP identity from the expenditure side,2008,,27475.9,,2020,,,,F,Free (free for publication),1,One,A,Normal value,0,Units,USD,US dollar
DATAFLOW,OECD.SDD.NAD:DSD_NAMAIN1@DF_QNA_EXPENDITURE_CAPITA(1.1),Quarterly GDP per capita,I,A,Annual,Y,Calendar and seasonally adjusted,LVA,Latvia,S1,Total economy,S1,Total economy,B1GQ_POP,"Gross domestic product, per capita",_Z,Not applicable,_Z,Not applicable,_Z,Not applicable,USD_PPP_PS,"US dollars per person, PPP converted",LR,Chain linked volume (rebased),LA,Annual levels,T0102,Table 0102 - GDP identity from the expenditure side,2023,,35702.1,,2020,,,,F,Free (free for publication),1,One,A,Normal value,0,Units,USD,US dollar
DATAFLOW,OECD.SDD.NAD:DSD_NAMAIN1@DF_QNA_EXPENDITURE_CAPITA(1.1),Quarterly GDP per capita,I,A,Annual,Y,Calendar and seasonally adjusted,LVA,Latvia,S1,Total economy,S1,Total economy,B1GQ_POP,"Gross domestic product, per capita",_Z,Not applicable,_Z,Not applicable,_Z,Not applicable,USD_PPP_PS,"US dollars per person, PPP converted",LR,Chain linked volume (rebased),LA,Annual levels,T0102,Table 0102 - GDP identity from the expenditure side,2022,,35951.9,,2020,,,,F,Free (free for publication),1,One,A,Normal value,0,Units,USD,US dollar
DATAFLOW,OECD.SDD.NAD:DSD_NAMAIN1@DF_QNA_EXPENDITURE_CAPITA(1.1),Quarterly GDP per capita,I,A,Annual,Y,Calendar and seasonally adjusted,LVA,Latvia,S1,Total economy,S1,Total economy,B1GQ_POP,"Gross domestic product, per capita",_Z,Not applicable,_Z,Not applicable,_Z,Not applicable,USD_PPP_PS,"US dollars per person, PPP converted",LR,Chain linked volume (rebased),LA,Annual levels,T0102,Table 0102 - GDP identity from the expenditure side,2021,,35306.2,,2020,,,,F,Free (free for publication),1,One,A,Normal value,0,Units,USD,US dollar
DATAFLOW,OECD.SDD.NAD:DSD_NAMAIN1@DF_QNA_EXPENDITURE_CAPITA(1.1),Quarterly GDP per capita,I,A,Annual,Y,Calendar and seasonally adjusted,LVA,Latvia,S1,Total economy,S1,Total economy,B1GQ_POP,"Gross domestic product, per capita",_Z,Not applicable,_Z,Not applicable,_Z,Not applicable,USD_PPP_PS,"US dollars per person, PPP converted",V,Current prices,LA,Annual levels,T0102,Table 0102 - GDP identity from the expenditure side,2017,,25778.4,,,,,,F,Free (free for publication),1,One,A,Normal value,0,Units,USD,US dollar
DATAFLOW,OECD.SDD.NAD:DSD_NAMAIN1@DF_QNA_EXPENDITURE_CAPITA(1.1),Quarterly GDP per capita,I,A,Annual,Y,Calendar and seasonally adjusted,JPN,Japan,S1,Total economy,S1,Total economy,B1GQ_POP,"Gross domestic product, per capita",_Z,Not applicable,_Z,Not applicable,_Z,Not applicable,USD_PPP_PS,"US dollars per person, PPP converted",LR,Chain linked volume (rebased),LA,Annual levels,T0102,Table 0102 - GDP identity from the expenditure side,2022,,46266.3,,2020,,,,F,Free (free for publication),1,One,A,Normal value,0,Units,USD,US dollar
DATAFLOW,OECD.SDD.NAD:DSD_NAMAIN1@DF_QNA_EXPENDITURE_CAPITA(1.1),Quarterly GDP per capita,I,A,Annual,Y,Calendar and seasonally adjusted,JPN,Japan,S1,Total economy,S1,Total economy,B1GQ_POP,"Gross domestic product, per capita",_Z,Not applicable,_Z,Not applicable,_Z,Not applicable,USD_PPP_PS,"US dollars per person, PPP converted",LR,Chain linked volume (rebased),LA,Annual levels,T0102,Table 0102 - GDP identity from the expenditure side,2021,,45407.8,,2020,,,,F,Free (free for publication),1,One,A,Normal value,0,Units,USD,US dollar
DATAFLOW,OECD.SDD.NAD:DSD_NAMAIN1@DF_QNA_EXPENDITURE_CAPITA(1.1),Quarterly GDP per capita,I,A,Annual,Y,Calendar and seasonally adjusted,JPN,Japan,S1,Total economy,S1,Total economy,B1GQ_POP,"Gross domestic product, per capita",_Z,Not applicable,_Z,Not applicable,_Z,Not applicable,USD_PPP_PS,"US dollars per person, PPP converted",LR,Chain linked volume (rebased),LA,Annual levels,T0102,Table 0102 - GDP identity from the expenditure side,2016,,44352.2,,2020,,,,F,Free (free for publication),1,One,A,Normal value,0,Units,USD,US dollar
DATAFLOW,OECD.SDD.NAD:DSD_NAMAIN1@DF_QNA_EXPENDITURE_CAPITA(1.1),Quarterly GDP per capita,I,A,Annual,Y,Calendar and seasonally adjusted,JPN,Japan,S1,Total economy,S1,Total economy,B1GQ_POP,"Gross domestic product, per capita",_Z,Not applicable,_Z,Not applicable,_Z,Not applicable,USD_PPP_PS,"US dollars per person, PPP converted",V,Current prices,LA,Annual levels,T0102,Table 0102 - GDP identity from the expenditure side,2023,,52884.9,,,,,,F,Free (free for publication),1,One,A,Normal value,0,Units,USD,US dollar
DATAFLOW,OECD.SDD.NAD:DSD_NAMAIN1@DF_QNA_EXPENDITURE_CAPITA(1.1),Quarterly GDP per capita,I,A,Annual,Y,Calendar and seasonally adjusted,HUN,Hungary,S1,Total economy,S1,Total economy,B1GQ_POP,"Gross domestic product, per capita",_Z,Not applicable,_Z,Not applicable,_Z,Not applicable,USD_PPP_PS,"US dollars per person, PPP converted",LR,Chain linked volume (rebased),LA,Annual levels,T0102,Table 0102 - GDP identity from the expenditure side,2015,,31033.6,,2020,,,,F,Free (free for publication),1,One,A,Normal value,0,Units,USD,US dollar
DATAFLOW,OECD.SDD.NAD:DSD_NAMAIN1@DF_QNA_EXPENDITURE_CAPITA(1.1),Quarterly GDP per capita,I,A,Annual,Y,Calendar and seasonally adjusted,HUN,Hungary,S1,Total economy,S1,Total economy,B1GQ_POP,"Gross domestic product, per capita",_Z,Not applicable,_Z,Not applicable,_Z,Not applicable,USD_PPP_PS,"US dollars per person, PPP converted",LR,Chain linked volume (rebased),LA,Annual levels,T0102,Table 0102 - GDP identity from the expenditure side,2014,,29821.5,,2020,,,,F,Free (free for publication),1,One,A,Normal value,0,Units,USD,US dollar
DATAFLOW,OECD.SDD.NAD:DSD_NAMAIN1@DF_QNA_EXPENDITURE_CAPITA(1.1),Quarterly GDP per capita,I,A,Annual,Y,Calendar and seasonally adjusted,HUN,Hungary,S1,Total economy,S1,Total economy,B1GQ_POP,"Gross domestic product, per capita",_Z,Not applicable,_Z,Not applicable,_Z,Not applicable,USD_PPP_PS,"US dollars per person, PPP converted",LR,Chain linked volume (rebased),LA,Annual levels,T0102,Table 0102 - GDP identity from the expenditure side,2013,,28469.9,,2020,,,,F,Free (free for publication),1,One,A,Normal value,0,Units,USD,US dollar
DATAFLOW,OECD.SDD.NAD:DSD_NAMAIN1@DF_QNA_EXPENDITURE_CAPITA(1.1),Quarterly GDP per capita,I,A,Annual,Y,Calendar and seasonally adjusted,HUN,Hungary,S1,Total economy,S1,Total economy,B1GQ_POP,"Gross domestic product, per capita",_Z,Not applicable,_Z,Not applicable,_Z,Not applicable,USD_PPP_PS,"US dollars per person, PPP converted",LR,Chain linked volume (rebased),LA,Annual levels,T0102,Table 0102 - GDP identity from the expenditure side,2012,,27789.3,,2020,,,,F,Free (free for publication),1,One,A,Normal value,0,Units,USD,US dollar
DATAFLOW,OECD.SDD.NAD:DSD_NAMAIN1@DF_QNA_EXPENDITURE_CAPITA(1.1),Quarterly GDP per capita,I,A,Annual,Y,Calendar and seasonally adjusted,HUN,Hungary,S1,Total economy,S1,Total economy,B1GQ_POP,"Gross domestic product, per capita",_Z,Not applicable,_Z,Not applicable,_Z,Not applicable,USD_PPP_PS,"US dollars per person, PPP converted",LR,Chain linked volume (rebased),LA,Annual levels,T0102,Table 0102 - GDP identity from the expenditure side,2011,,27997.7,,2020,,,,F,Free (free for publication),1,One,A,Normal value,0,Units,USD,US dollar
DATAFLOW,OECD.SDD.NAD:DSD_NAMAIN1@DF_QNA_EXPENDITURE_CAPITA(1.1),Quarterly GDP per capita,I,A,Annual,Y,Calendar and seasonally adjusted,HUN,Hungary,S1,Total economy,S1,Total economy,B1GQ_POP,"Gross domestic product, per capita",_Z,Not applicable,_Z,Not applicable,_Z,Not applicable,USD_PPP_PS,"US dollars per person, PPP converted",LR,Chain linked volume (rebased),LA,Annual levels,T0102,Table 0102 - GDP identity from the expenditure side,2010,,27387,,2020,,,,F,Free (free for publication),1,One,A,Normal value,0,Units,USD,US dollar
DATAFLOW,OECD.SDD.NAD:DSD_NAMAIN1@DF_QNA_EXPENDITURE_CAPITA(1.1),Quarterly GDP per capita,I,A,Annual,Y,Calendar and seasonally adjusted,HUN,Hungary,S1,Total economy,S1,Total economy,B1GQ_POP,"Gross domestic product, per capita",_Z,Not applicable,_Z,Not applicable,_Z,Not applicable,USD_PPP_PS,"US dollars per person, PPP converted",LR,Chain linked volume (rebased),LA,Annual levels,T0102,Table 0102 - GDP identity from the expenditure side,2009,,27041.4,,2020,,,,F,Free (free for publication),1,One,A,Normal value,0,Units,USD,US dollar
DATAFLOW,OECD.SDD.NAD:DSD_NAMAIN1@DF_QNA_EXPENDITURE_CAPITA(1.1),Quarterly GDP per capita,I,A,Annual,Y,Calendar and seasonally adjusted,HUN,Hungary,S1,Total economy,S1,Total economy,B1GQ_POP,"Gross domestic product, per capita",_Z,Not applicable,_Z,Not applicable,_Z,Not applicable,USD_PPP_PS,"US dollars per person, PPP converted",LR,Chain linked volume (rebased),LA,Annual levels,T0102,Table 0102 - GDP identity from the expenditure side,2004,,26177.6,,2020,,,,F,Free (free for publication),1,One,A,Normal value,0,Units,USD,US dollar
DATAFLOW,OECD.SDD.NAD:DSD_NAMAIN1@DF_QNA_EXPENDITURE_CAPITA(1.1),Quarterly GDP per capita,I,A,Annual,Y,Calendar and seasonally adjusted,HUN,Hungary,S1,Total economy,S1,Total economy,B1GQ_POP,"Gross domestic product, per capita",_Z,Not applicable,_Z,Not applicable,_Z,Not applicable,USD_PPP_PS,"US dollars per person, PPP converted",LR,Chain linked volume (rebased),LA,Annual levels,T0102,Table 0102 - GDP identity from the expenditure side,2003,,24887.9,,2020,,,,F,Free (free for publication),1,One,A,Normal value,0,Units,USD,US dollar
DATAFLOW,OECD.SDD.NAD:DSD_NAMAIN1@DF_QNA_EXPENDITURE_CAPITA(1.1),Quarterly GDP per capita,I,A,Annual,Y,Calendar and seasonally adjusted,HUN,Hungary,S1,Total economy,S1,Total economy,B1GQ_POP,"Gross domestic product, per capita",_Z,Not applicable,_Z,Not applicable,_Z,Not applicable,USD_PPP_PS,"US dollars per person, PPP converted",V,Current prices,LA,Annual levels,T0102,Table 0102 - GDP identity from the expenditure side,2010,,21689.2,,,,,,F,Free (free for publication),1,One,A,Normal value,0,Units,USD,US dollar
DATAFLOW,OECD.SDD.NAD:DSD_NAMAIN1@DF_QNA_EXPENDITURE_CAPITA(1.1),Quarterly GDP per capita,I,A,Annual,Y,Calendar and seasonally adjusted,HUN,Hungary,S1,Total economy,S1,Total economy,B1GQ_POP,"Gross domestic product, per capita",_Z,Not applicable,_Z,Not applicable,_Z,Not applicable,USD_PPP_PS,"US dollars per person, PPP converted",V,Current prices,LA,Annual levels,T0102,Table 0102 - GDP identity from the expenditure side,2012,,23228.5,,,,,,F,Free (free for publication),1,One,A,Normal value,0,Units,USD,US dollar
DATAFLOW,OECD.SDD.NAD:DSD_NAMAIN1@DF_QNA_EXPENDITURE_CAPITA(1.1),Quarterly GDP per capita,I,A,Annual,Y,Calendar and seasonally adjusted,HUN,Hungary,S1,Total economy,S1,Total economy,B1GQ_POP,"Gross domestic product, per capita",_Z,Not applicable,_Z,Not applicable,_Z,Not applicable,USD_PPP_PS,"US dollars per person, PPP converted",V,Current prices,LA,Annual levels,T0102,Table 0102 - GDP identity from the expenditure side,2011,,22995.7,,,,,,F,Free (free for publication),1,One,A,Normal value,0,Units,USD,US dollar
DATAFLOW,OECD.SDD.NAD:DSD_NAMAIN1@DF_QNA_EXPENDITURE_CAPITA(1.1),Quarterly GDP per capita,I,A,Annual,Y,Calendar and seasonally adjusted,HUN,Hungary,S1,Total economy,S1,Total economy,B1GQ_POP,"Gross domestic product, per capita",_Z,Not applicable,_Z,Not applicable,_Z,Not applicable,USD_PPP_PS,"US dollars per person, PPP converted",V,Current prices,LA,Annual levels,T0102,Table 0102 - GDP identity from the expenditure side,2014,,25801.1,,,,,,F,Free (free for publication),1,One,A,Normal value,0,Units,USD,US dollar
DATAFLOW,OECD.SDD.NAD:DSD_NAMAIN1@DF_QNA_EXPENDITURE_CAPITA(1.1),Quarterly GDP per capita,I,A,Annual,Y,Calendar and seasonally adjusted,HUN,Hungary,S1,Total economy,S1,Total economy,B1GQ_POP,"Gross domestic product, per capita",_Z,Not applicable,_Z,Not applicable,_Z,Not applicable,USD_PPP_PS,"US dollars per person, PPP converted",V,Current prices,LA,Annual levels,T0102,Table 0102 - GDP identity from the expenditure side,2013,,24598.2,,,,,,F,Free (free for publication),1,One,A,Normal value,0,Units,USD,US dollar
DATAFLOW,OECD.SDD.NAD:DSD_NAMAIN1@DF_QNA_EXPENDITURE_CAPITA(1.1),Quarterly GDP per capita,I,A,Annual,Y,Calendar and seasonally adjusted,HUN,Hungary,S1,Total economy,S1,Total economy,B1GQ_POP,"Gross domestic product, per capita",_Z,Not applicable,_Z,Not applicable,_Z,Not applicable,USD_PPP_PS,"US dollars per person, PPP converted",V,Current prices,LA,Annual levels,T0102,Table 0102 - GDP identity from the expenditure side,2020,,35570.2,,,,,,F,Free (free for publication),1,One,A,Normal value,0,Units,USD,US dollar
DATAFLOW,OECD.SDD.NAD:DSD_NAMAIN1@DF_QNA_EXPENDITURE_CAPITA(1.1),Quarterly GDP per capita,I,A,Annual,Y,Calendar and seasonally adjusted,HUN,Hungary,S1,Total economy,S1,Total economy,B1GQ_POP,"Gross domestic product, per capita",_Z,Not applicable,_Z,Not applicable,_Z,Not applicable,USD_PPP_PS,"US dollars per person, PPP converted",V,Current prices,LA,Annual levels,T0102,Table 0102 - GDP identity from the expenditure side,2019,,35671,,,,,,F,Free (free for publication),1,One,A,Normal value,0,Units,USD,US dollar
DATAFLOW,OECD.SDD.NAD:DSD_NAMAIN1@DF_QNA_EXPENDITURE_CAPITA(1.1),Quarterly GDP per capita,I,A,Annual,Y,Calendar and seasonally adjusted,HUN,Hungary,S1,Total economy,S1,Total economy,B1GQ_POP,"Gross domestic product, per capita",_Z,Not applicable,_Z,Not applicable,_Z,Not applicable,USD_PPP_PS,"US dollars per person, PPP converted",LR,Chain linked volume (rebased),LA,Annual levels,T0102,Table 0102 - GDP identity from the expenditure side,2017,,33341.6,,2020,,,,F,Free (free for publication),1,One,A,Normal value,0,Units,USD,US dollar
DATAFLOW,OECD.SDD.NAD:DSD_NAMAIN1@DF_QNA_EXPENDITURE_CAPITA(1.1),Quarterly GDP per capita,I,A,Annual,Y,Calendar and seasonally adjusted,HUN,Hungary,S1,Total economy,S1,Total economy,B1GQ_POP,"Gross domestic product, per capita",_Z,Not applicable,_Z,Not applicable,_Z,Not applicable,USD_PPP_PS,"US dollars per person, PPP converted",LR,Chain linked volume (rebased),LA,Annual levels,T0102,Table 0102 - GDP identity from the expenditure side,2008,,28951.2,,2020,,,,F,Free (free for publication),1,One,A,Normal value,0,Units,USD,US dollar
DATAFLOW,OECD.SDD.NAD:DSD_NAMAIN1@DF_QNA_EXPENDITURE_CAPITA(1.1),Quarterly GDP per capita,I,A,Annual,Y,Calendar and seasonally adjusted,ITA,Italy,S1,Total economy,S1,Total economy,B1GQ_POP,"Gross domestic product, per capita",_Z,Not applicable,_Z,Not applicable,_Z,Not applicable,USD_PPP_PS,"US dollars per person, PPP converted",LR,Chain linked volume (rebased),LA,Annual levels,T0102,Table 0102 - GDP identity from the expenditure side,2009,,47628.1,,2020,,,,F,Free (free for publication),1,One,A,Normal value,0,Units,USD,US dollar
DATAFLOW,OECD.SDD.NAD:DSD_NAMAIN1@DF_QNA_EXPENDITURE_CAPITA(1.1),Quarterly GDP per capita,I,A,Annual,Y,Calendar and seasonally adjusted,ITA,Italy,S1,Total economy,S1,Total economy,B1GQ_POP,"Gross domestic product, per capita",_Z,Not applicable,_Z,Not applicable,_Z,Not applicable,USD_PPP_PS,"US dollars per person, PPP converted",LR,Chain linked volume (rebased),LA,Annual levels,T0102,Table 0102 - GDP identity from the expenditure side,2005,,50373.3,,2020,,,,F,Free (free for publication),1,One,A,Normal value,0,Units,USD,US dollar
DATAFLOW,OECD.SDD.NAD:DSD_NAMAIN1@DF_QNA_EXPENDITURE_CAPITA(1.1),Quarterly GDP per capita,I,A,Annual,Y,Calendar and seasonally adjusted,ITA,Italy,S1,Total economy,S1,Total economy,B1GQ_POP,"Gross domestic product, per capita",_Z,Not applicable,_Z,Not applicable,_Z,Not applicable,USD_PPP_PS,"US dollars per person, PPP converted",LR,Chain linked volume (rebased),LA,Annual levels,T0102,Table 0102 - GDP identity from the expenditure side,2004,,50284.8,,2020,,,,F,Free (free for publication),1,One,A,Normal value,0,Units,USD,US dollar
DATAFLOW,OECD.SDD.NAD:DSD_NAMAIN1@DF_QNA_EXPENDITURE_CAPITA(1.1),Quarterly GDP per capita,I,A,Annual,Y,Calendar and seasonally adjusted,ITA,Italy,S1,Total economy,S1,Total economy,B1GQ_POP,"Gross domestic product, per capita",_Z,Not applicable,_Z,Not applicable,_Z,Not applicable,USD_PPP_PS,"US dollars per person, PPP converted",LR,Chain linked volume (rebased),LA,Annual levels,T0102,Table 0102 - GDP identity from the expenditure side,2003,,49924.7,,2020,,,,F,Free (free for publication),1,One,A,Normal value,0,Units,USD,US dollar
DATAFLOW,OECD.SDD.NAD:DSD_NAMAIN1@DF_QNA_EXPENDITURE_CAPITA(1.1),Quarterly GDP per capita,I,A,Annual,Y,Calendar and seasonally adjusted,ITA,Italy,S1,Total economy,S1,Total economy,B1GQ_POP,"Gross domestic product, per capita",_Z,Not applicable,_Z,Not applicable,_Z,Not applicable,USD_PPP_PS,"US dollars per person, PPP converted",LR,Chain linked volume (rebased),LA,Annual levels,T0102,Table 0102 - GDP identity from the expenditure side,2002,,50161.8,,2020,,,,F,Free (free for publication),1,One,A,Normal value,0,Units,USD,US dollar
DATAFLOW,OECD.SDD.NAD:DSD_NAMAIN1@DF_QNA_EXPENDITURE_CAPITA(1.1),Quarterly GDP per capita,I,A,Annual,Y,Calendar and seasonally adjusted,ITA,Italy,S1,Total economy,S1,Total economy,B1GQ_POP,"Gross domestic product, per capita",_Z,Not applicable,_Z,Not applicable,_Z,Not applicable,USD_PPP_PS,"US dollars per person, PPP converted",V,Current prices,LA,Annual levels,T0102,Table 0102 - GDP identity from the expenditure side,2013,,36459.3,,,,,,F,Free (free for publication),1,One,A,Normal value,0,Units,USD,US dollar
DATAFLOW,OECD.SDD.NAD:DSD_NAMAIN1@DF_QNA_EXPENDITURE_CAPITA(1.1),Quarterly GDP per capita,I,A,Annual,Y,Calendar and seasonally adjusted,MEX,Mexico,S1,Total economy,S1,Total economy,B1GQ_POP,"Gross domestic product, per capita",_Z,Not applicable,_Z,Not applicable,_Z,Not applicable,USD_PPP_PS,"US dollars per person, PPP converted",V,Current prices,LA,Annual levels,T0102,Table 0102 - GDP identity from the expenditure side,2016,,20410.4,,,,,,F,Free (free for publication),1,One,A,Normal value,0,Units,USD,US dollar
DATAFLOW,OECD.SDD.NAD:DSD_NAMAIN1@DF_QNA_EXPENDITURE_CAPITA(1.1),Quarterly GDP per capita,I,A,Annual,Y,Calendar and seasonally adjusted,MEX,Mexico,S1,Total economy,S1,Total economy,B1GQ_POP,"Gross domestic product, per capita",_Z,Not applicable,_Z,Not applicable,_Z,Not applicable,USD_PPP_PS,"US dollars per person, PPP converted",V,Current prices,LA,Annual levels,T0102,Table 0102 - GDP identity from the expenditure side,2015,,19395.3,,,,,,F,Free (free for publication),1,One,A,Normal value,0,Units,USD,US dollar
DATAFLOW,OECD.SDD.NAD:DSD_NAMAIN1@DF_QNA_EXPENDITURE_CAPITA(1.1),Quarterly GDP per capita,I,A,Annual,Y,Calendar and seasonally adjusted,MEX,Mexico,S1,Total economy,S1,Total economy,B1GQ_POP,"Gross domestic product, per capita",_Z,Not applicable,_Z,Not applicable,_Z,Not applicable,USD_PPP_PS,"US dollars per person, PPP converted",V,Current prices,LA,Annual levels,T0102,Table 0102 - GDP identity from the expenditure side,2014,,19153.9,,,,,,F,Free (free for publication),1,One,A,Normal value,0,Units,USD,US dollar
DATAFLOW,OECD.SDD.NAD:DSD_NAMAIN1@DF_QNA_EXPENDITURE_CAPITA(1.1),Quarterly GDP per capita,I,A,Annual,Y,Calendar and seasonally adjusted,MEX,Mexico,S1,Total economy,S1,Total economy,B1GQ_POP,"Gross domestic product, per capita",_Z,Not applicable,_Z,Not applicable,_Z,Not applicable,USD_PPP_PS,"US dollars per person, PPP converted",V,Current prices,LA,Annual levels,T0102,Table 0102 - GDP identity from the expenditure side,2013,,18481,,,,,,F,Free (free for publication),1,One,A,Normal value,0,Units,USD,US dollar
DATAFLOW,OECD.SDD.NAD:DSD_NAMAIN1@DF_QNA_EXPENDITURE_CAPITA(1.1),Quarterly GDP per capita,I,A,Annual,Y,Calendar and seasonally adjusted,MEX,Mexico,S1,Total economy,S1,Total economy,B1GQ_POP,"Gross domestic product, per capita",_Z,Not applicable,_Z,Not applicable,_Z,Not applicable,USD_PPP_PS,"US dollars per person, PPP converted",V,Current prices,LA,Annual levels,T0102,Table 0102 - GDP identity from the expenditure side,2006,,14664,,,,,,F,Free (free for publication),1,One,A,Normal value,0,Units,USD,US dollar
DATAFLOW,OECD.SDD.NAD:DSD_NAMAIN1@DF_QNA_EXPENDITURE_CAPITA(1.1),Quarterly GDP per capita,I,A,Annual,Y,Calendar and seasonally adjusted,MEX,Mexico,S1,Total economy,S1,Total economy,B1GQ_POP,"Gross domestic product, per capita",_Z,Not applicable,_Z,Not applicable,_Z,Not applicable,USD_PPP_PS,"US dollars per person, PPP converted",LR,Chain linked volume (rebased),LA,Annual levels,T0102,Table 0102 - GDP identity from the expenditure side,2021,,20393.5,,2020,,,,F,Free (free for publication),1,One,A,Normal value,0,Units,USD,US dollar
DATAFLOW,OECD.SDD.NAD:DSD_NAMAIN1@DF_QNA_EXPENDITURE_CAPITA(1.1),Quarterly GDP per capita,I,A,Annual,Y,Calendar and seasonally adjusted,MEX,Mexico,S1,Total economy,S1,Total economy,B1GQ_POP,"Gross domestic product, per capita",_Z,Not applicable,_Z,Not applicable,_Z,Not applicable,USD_PPP_PS,"US dollars per person, PPP converted",LR,Chain linked volume (rebased),LA,Annual levels,T0102,Table 0102 - GDP identity from the expenditure side,2020,,19417.8,,2020,,,,F,Free (free for publication),1,One,A,Normal value,0,Units,USD,US dollar
DATAFLOW,OECD.SDD.NAD:DSD_NAMAIN1@DF_QNA_EXPENDITURE_CAPITA(1.1),Quarterly GDP per capita,I,A,Annual,Y,Calendar and seasonally adjusted,MEX,Mexico,S1,Total economy,S1,Total economy,B1GQ_POP,"Gross domestic product, per capita",_Z,Not applicable,_Z,Not applicable,_Z,Not applicable,USD_PPP_PS,"US dollars per person, PPP converted",LR,Chain linked volume (rebased),LA,Annual levels,T0102,Table 0102 - GDP identity from the expenditure side,2019,,21429.1,,2020,,,,F,Free (free for publication),1,One,A,Normal value,0,Units,USD,US dollar
DATAFLOW,OECD.SDD.NAD:DSD_NAMAIN1@DF_QNA_EXPENDITURE_CAPITA(1.1),Quarterly GDP per capita,I,A,Annual,Y,Calendar and seasonally adjusted,MEX,Mexico,S1,Total economy,S1,Total economy,B1GQ_POP,"Gross domestic product, per capita",_Z,Not applicable,_Z,Not applicable,_Z,Not applicable,USD_PPP_PS,"US dollars per person, PPP converted",LR,Chain linked volume (rebased),LA,Annual levels,T0102,Table 0102 - GDP identity from the expenditure side,2018,,21796.9,,2020,,,,F,Free (free for publication),1,One,A,Normal value,0,Units,USD,US dollar
DATAFLOW,OECD.SDD.NAD:DSD_NAMAIN1@DF_QNA_EXPENDITURE_CAPITA(1.1),Quarterly GDP per capita,I,A,Annual,Y,Calendar and seasonally adjusted,MEX,Mexico,S1,Total economy,S1,Total economy,B1GQ_POP,"Gross domestic product, per capita",_Z,Not applicable,_Z,Not applicable,_Z,Not applicable,USD_PPP_PS,"US dollars per person, PPP converted",LR,Chain linked volume (rebased),LA,Annual levels,T0102,Table 0102 - GDP identity from the expenditure side,2017,,21643.4,,2020,,,,F,Free (free for publication),1,One,A,Normal value,0,Units,USD,US dollar
DATAFLOW,OECD.SDD.NAD:DSD_NAMAIN1@DF_QNA_EXPENDITURE_CAPITA(1.1),Quarterly GDP per capita,I,A,Annual,Y,Calendar and seasonally adjusted,JPN,Japan,S1,Total economy,S1,Total economy,B1GQ_POP,"Gross domestic product, per capita",_Z,Not applicable,_Z,Not applicable,_Z,Not applicable,USD_PPP_PS,"US dollars per person, PPP converted",V,Current prices,LA,Annual levels,T0102,Table 0102 - GDP identity from the expenditure side,2021,,46088.1,,,,,,F,Free (free for publication),1,One,A,Normal value,0,Units,USD,US dollar
DATAFLOW,OECD.SDD.NAD:DSD_NAMAIN1@DF_QNA_EXPENDITURE_CAPITA(1.1),Quarterly GDP per capita,I,A,Annual,Y,Calendar and seasonally adjusted,JPN,Japan,S1,Total economy,S1,Total economy,B1GQ_POP,"Gross domestic product, per capita",_Z,Not applicable,_Z,Not applicable,_Z,Not applicable,USD_PPP_PS,"US dollars per person, PPP converted",LR,Chain linked volume (rebased),LA,Annual levels,T0102,Table 0102 - GDP identity from the expenditure side,2014,,43196.9,,2020,,,,F,Free (free for publication),1,One,A,Normal value,0,Units,USD,US dollar
DATAFLOW,OECD.SDD.NAD:DSD_NAMAIN1@DF_QNA_EXPENDITURE_CAPITA(1.1),Quarterly GDP per capita,I,A,Annual,Y,Calendar and seasonally adjusted,JPN,Japan,S1,Total economy,S1,Total economy,B1GQ_POP,"Gross domestic product, per capita",_Z,Not applicable,_Z,Not applicable,_Z,Not applicable,USD_PPP_PS,"US dollars per person, PPP converted",LR,Chain linked volume (rebased),LA,Annual levels,T0102,Table 0102 - GDP identity from the expenditure side,2013,,42735.4,,2020,,,,F,Free (free for publication),1,One,A,Normal value,0,Units,USD,US dollar
DATAFLOW,OECD.SDD.NAD:DSD_NAMAIN1@DF_QNA_EXPENDITURE_CAPITA(1.1),Quarterly GDP per capita,I,A,Annual,Y,Calendar and seasonally adjusted,JPN,Japan,S1,Total economy,S1,Total economy,B1GQ_POP,"Gross domestic product, per capita",_Z,Not applicable,_Z,Not applicable,_Z,Not applicable,USD_PPP_PS,"US dollars per person, PPP converted",LR,Chain linked volume (rebased),LA,Annual levels,T0102,Table 0102 - GDP identity from the expenditure side,2012,,41829.5,,2020,,,,F,Free (free for publication),1,One,A,Normal value,0,Units,USD,US dollar
DATAFLOW,OECD.SDD.NAD:DSD_NAMAIN1@DF_QNA_EXPENDITURE_CAPITA(1.1),Quarterly GDP per capita,I,A,Annual,Y,Calendar and seasonally adjusted,JPN,Japan,S1,Total economy,S1,Total economy,B1GQ_POP,"Gross domestic product, per capita",_Z,Not applicable,_Z,Not applicable,_Z,Not applicable,USD_PPP_PS,"US dollars per person, PPP converted",LR,Chain linked volume (rebased),LA,Annual levels,T0102,Table 0102 - GDP identity from the expenditure side,2011,,41081,,2020,,,,F,Free (free for publication),1,One,A,Normal value,0,Units,USD,US dollar
DATAFLOW,OECD.SDD.NAD:DSD_NAMAIN1@DF_QNA_EXPENDITURE_CAPITA(1.1),Quarterly GDP per capita,I,A,Annual,Y,Calendar and seasonally adjusted,JPN,Japan,S1,Total economy,S1,Total economy,B1GQ_POP,"Gross domestic product, per capita",_Z,Not applicable,_Z,Not applicable,_Z,Not applicable,USD_PPP_PS,"US dollars per person, PPP converted",LR,Chain linked volume (rebased),LA,Annual levels,T0102,Table 0102 - GDP identity from the expenditure side,2010,,41048.7,,2020,,,,F,Free (free for publication),1,One,A,Normal value,0,Units,USD,US dollar
DATAFLOW,OECD.SDD.NAD:DSD_NAMAIN1@DF_QNA_EXPENDITURE_CAPITA(1.1),Quarterly GDP per capita,I,A,Annual,Y,Calendar and seasonally adjusted,JPN,Japan,S1,Total economy,S1,Total economy,B1GQ_POP,"Gross domestic product, per capita",_Z,Not applicable,_Z,Not applicable,_Z,Not applicable,USD_PPP_PS,"US dollars per person, PPP converted",LR,Chain linked volume (rebased),LA,Annual levels,T0102,Table 0102 - GDP identity from the expenditure side,2009,,39584.9,,2020,,,,F,Free (free for publication),1,One,A,Normal value,0,Units,USD,US dollar
DATAFLOW,OECD.SDD.NAD:DSD_NAMAIN1@DF_QNA_EXPENDITURE_CAPITA(1.1),Quarterly GDP per capita,I,A,Annual,Y,Calendar and seasonally adjusted,JPN,Japan,S1,Total economy,S1,Total economy,B1GQ_POP,"Gross domestic product, per capita",_Z,Not applicable,_Z,Not applicable,_Z,Not applicable,USD_PPP_PS,"US dollars per person, PPP converted",V,Current prices,LA,Annual levels,T0102,Table 0102 - GDP identity from the expenditure side,2018,,43258.6,,,,,,F,Free (free for publication),1,One,A,Normal value,0,Units,USD,US dollar
DATAFLOW,OECD.SDD.NAD:DSD_NAMAIN1@DF_QNA_EXPENDITURE_CAPITA(1.1),Quarterly GDP per capita,I,A,Annual,Y,Calendar and seasonally adjusted,JPN,Japan,S1,Total economy,S1,Total economy,B1GQ_POP,"Gross domestic product, per capita",_Z,Not applicable,_Z,Not applicable,_Z,Not applicable,USD_PPP_PS,"US dollars per person, PPP converted",V,Current prices,LA,Annual levels,T0102,Table 0102 - GDP identity from the expenditure side,2017,,42474,,,,,,F,Free (free for publication),1,One,A,Normal value,0,Units,USD,US dollar
DATAFLOW,OECD.SDD.NAD:DSD_NAMAIN1@DF_QNA_EXPENDITURE_CAPITA(1.1),Quarterly GDP per capita,I,A,Annual,Y,Calendar and seasonally adjusted,JPN,Japan,S1,Total economy,S1,Total economy,B1GQ_POP,"Gross domestic product, per capita",_Z,Not applicable,_Z,Not applicable,_Z,Not applicable,USD_PPP_PS,"US dollars per person, PPP converted",V,Current prices,LA,Annual levels,T0102,Table 0102 - GDP identity from the expenditure side,2016,,41545.5,,,,,,F,Free (free for publication),1,One,A,Normal value,0,Units,USD,US dollar
DATAFLOW,OECD.SDD.NAD:DSD_NAMAIN1@DF_QNA_EXPENDITURE_CAPITA(1.1),Quarterly GDP per capita,I,A,Annual,Y,Calendar and seasonally adjusted,JPN,Japan,S1,Total economy,S1,Total economy,B1GQ_POP,"Gross domestic product, per capita",_Z,Not applicable,_Z,Not applicable,_Z,Not applicable,USD_PPP_PS,"US dollars per person, PPP converted",V,Current prices,LA,Annual levels,T0102,Table 0102 - GDP identity from the expenditure side,2015,,41754.6,,,,,,F,Free (free for publication),1,One,A,Normal value,0,Units,USD,US dollar
DATAFLOW,OECD.SDD.NAD:DSD_NAMAIN1@DF_QNA_EXPENDITURE_CAPITA(1.1),Quarterly GDP per capita,I,A,Annual,Y,Calendar and seasonally adjusted,JPN,Japan,S1,Total economy,S1,Total economy,B1GQ_POP,"Gross domestic product, per capita",_Z,Not applicable,_Z,Not applicable,_Z,Not applicable,USD_PPP_PS,"US dollars per person, PPP converted",V,Current prices,LA,Annual levels,T0102,Table 0102 - GDP identity from the expenditure side,2014,,40354.9,,,,,,F,Free (free for publication),1,One,A,Normal value,0,Units,USD,US dollar
DATAFLOW,OECD.SDD.NAD:DSD_NAMAIN1@DF_QNA_EXPENDITURE_CAPITA(1.1),Quarterly GDP per capita,I,A,Annual,Y,Calendar and seasonally adjusted,JPN,Japan,S1,Total economy,S1,Total economy,B1GQ_POP,"Gross domestic product, per capita",_Z,Not applicable,_Z,Not applicable,_Z,Not applicable,USD_PPP_PS,"US dollars per person, PPP converted",V,Current prices,LA,Annual levels,T0102,Table 0102 - GDP identity from the expenditure side,2013,,39921.1,,,,,,F,Free (free for publication),1,One,A,Normal value,0,Units,USD,US dollar
DATAFLOW,OECD.SDD.NAD:DSD_NAMAIN1@DF_QNA_EXPENDITURE_CAPITA(1.1),Quarterly GDP per capita,I,A,Annual,Y,Calendar and seasonally adjusted,JPN,Japan,S1,Total economy,S1,Total economy,B1GQ_POP,"Gross domestic product, per capita",_Z,Not applicable,_Z,Not applicable,_Z,Not applicable,USD_PPP_PS,"US dollars per person, PPP converted",V,Current prices,LA,Annual levels,T0102,Table 0102 - GDP identity from the expenditure side,2012,,38029.2,,,,,,F,Free (free for publication),1,One,A,Normal value,0,Units,USD,US dollar
DATAFLOW,OECD.SDD.NAD:DSD_NAMAIN1@DF_QNA_EXPENDITURE_CAPITA(1.1),Quarterly GDP per capita,I,A,Annual,Y,Calendar and seasonally adjusted,JPN,Japan,S1,Total economy,S1,Total economy,B1GQ_POP,"Gross domestic product, per capita",_Z,Not applicable,_Z,Not applicable,_Z,Not applicable,USD_PPP_PS,"US dollars per person, PPP converted",V,Current prices,LA,Annual levels,T0102,Table 0102 - GDP identity from the expenditure side,2011,,36532.2,,,,,,F,Free (free for publication),1,One,A,Normal value,0,Units,USD,US dollar
DATAFLOW,OECD.SDD.NAD:DSD_NAMAIN1@DF_QNA_EXPENDITURE_CAPITA(1.1),Quarterly GDP per capita,I,A,Annual,Y,Calendar and seasonally adjusted,JPN,Japan,S1,Total economy,S1,Total economy,B1GQ_POP,"Gross domestic product, per capita",_Z,Not applicable,_Z,Not applicable,_Z,Not applicable,USD_PPP_PS,"US dollars per person, PPP converted",V,Current prices,LA,Annual levels,T0102,Table 0102 - GDP identity from the expenditure side,2010,,35672.4,,,,,,F,Free (free for publication),1,One,A,Normal value,0,Units,USD,US dollar
DATAFLOW,OECD.SDD.NAD:DSD_NAMAIN1@DF_QNA_EXPENDITURE_CAPITA(1.1),Quarterly GDP per capita,I,A,Annual,Y,Calendar and seasonally adjusted,JPN,Japan,S1,Total economy,S1,Total economy,B1GQ_POP,"Gross domestic product, per capita",_Z,Not applicable,_Z,Not applicable,_Z,Not applicable,USD_PPP_PS,"US dollars per person, PPP converted",V,Current prices,LA,Annual levels,T0102,Table 0102 - GDP identity from the expenditure side,2009,,33993.7,,,,,,F,Free (free for publication),1,One,A,Normal value,0,Units,USD,US dollar
DATAFLOW,OECD.SDD.NAD:DSD_NAMAIN1@DF_QNA_EXPENDITURE_CAPITA(1.1),Quarterly GDP per capita,I,A,Annual,Y,Calendar and seasonally adjusted,JPN,Japan,S1,Total economy,S1,Total economy,B1GQ_POP,"Gross domestic product, per capita",_Z,Not applicable,_Z,Not applicable,_Z,Not applicable,USD_PPP_PS,"US dollars per person, PPP converted",V,Current prices,LA,Annual levels,T0102,Table 0102 - GDP identity from the expenditure side,2008,,35759.3,,,,,,F,Free (free for publication),1,One,A,Normal value,0,Units,USD,US dollar
DATAFLOW,OECD.SDD.NAD:DSD_NAMAIN1@DF_QNA_EXPENDITURE_CAPITA(1.1),Quarterly GDP per capita,I,A,Annual,Y,Calendar and seasonally adjusted,JPN,Japan,S1,Total economy,S1,Total economy,B1GQ_POP,"Gross domestic product, per capita",_Z,Not applicable,_Z,Not applicable,_Z,Not applicable,USD_PPP_PS,"US dollars per person, PPP converted",V,Current prices,LA,Annual levels,T0102,Table 0102 - GDP identity from the expenditure side,2007,,35432.4,,,,,,F,Free (free for publication),1,One,A,Normal value,0,Units,USD,US dollar
DATAFLOW,OECD.SDD.NAD:DSD_NAMAIN1@DF_QNA_EXPENDITURE_CAPITA(1.1),Quarterly GDP per capita,I,A,Annual,Y,Calendar and seasonally adjusted,JPN,Japan,S1,Total economy,S1,Total economy,B1GQ_POP,"Gross domestic product, per capita",_Z,Not applicable,_Z,Not applicable,_Z,Not applicable,USD_PPP_PS,"US dollars per person, PPP converted",V,Current prices,LA,Annual levels,T0102,Table 0102 - GDP identity from the expenditure side,2020,,43778.8,,,,,,F,Free (free for publication),1,One,A,Normal value,0,Units,USD,US dollar
DATAFLOW,OECD.SDD.NAD:DSD_NAMAIN1@DF_QNA_EXPENDITURE_CAPITA(1.1),Quarterly GDP per capita,I,A,Annual,Y,Calendar and seasonally adjusted,JPN,Japan,S1,Total economy,S1,Total economy,B1GQ_POP,"Gross domestic product, per capita",_Z,Not applicable,_Z,Not applicable,_Z,Not applicable,USD_PPP_PS,"US dollars per person, PPP converted",V,Current prices,LA,Annual levels,T0102,Table 0102 - GDP identity from the expenditure side,2019,,43967.5,,,,,,F,Free (free for publication),1,One,A,Normal value,0,Units,USD,US dollar
DATAFLOW,OECD.SDD.NAD:DSD_NAMAIN1@DF_QNA_EXPENDITURE_CAPITA(1.1),Quarterly GDP per capita,I,A,Annual,Y,Calendar and seasonally adjusted,JPN,Japan,S1,Total economy,S1,Total economy,B1GQ_POP,"Gross domestic product, per capita",_Z,Not applicable,_Z,Not applicable,_Z,Not applicable,USD_PPP_PS,"US dollars per person, PPP converted",V,Current prices,LA,Annual levels,T0102,Table 0102 - GDP identity from the expenditure side,2024,,54341.8,,,,,,F,Free (free for publication),1,One,A,Normal value,0,Units,USD,US dollar
DATAFLOW,OECD.SDD.NAD:DSD_NAMAIN1@DF_QNA_EXPENDITURE_CAPITA(1.1),Quarterly GDP per capita,I,A,Annual,Y,Calendar and seasonally adjusted,JPN,Japan,S1,Total economy,S1,Total economy,B1GQ_POP,"Gross domestic product, per capita",_Z,Not applicable,_Z,Not applicable,_Z,Not applicable,USD_PPP_PS,"US dollars per person, PPP converted",LR,Chain linked volume (rebased),LA,Annual levels,T0102,Table 0102 - GDP identity from the expenditure side,2020,,43778.8,,2020,,,,F,Free (free for publication),1,One,A,Normal value,0,Units,USD,US dollar
DATAFLOW,OECD.SDD.NAD:DSD_NAMAIN1@DF_QNA_EXPENDITURE_CAPITA(1.1),Quarterly GDP per capita,I,A,Annual,Y,Calendar and seasonally adjusted,JPN,Japan,S1,Total economy,S1,Total economy,B1GQ_POP,"Gross domestic product, per capita",_Z,Not applicable,_Z,Not applicable,_Z,Not applicable,USD_PPP_PS,"US dollars per person, PPP converted",LR,Chain linked volume (rebased),LA,Annual levels,T0102,Table 0102 - GDP identity from the expenditure side,2019,,45607.9,,2020,,,,F,Free (free for publication),1,One,A,Normal value,0,Units,USD,US dollar
DATAFLOW,OECD.SDD.NAD:DSD_NAMAIN1@DF_QNA_EXPENDITURE_CAPITA(1.1),Quarterly GDP per capita,I,A,Annual,Y,Calendar and seasonally adjusted,JPN,Japan,S1,Total economy,S1,Total economy,B1GQ_POP,"Gross domestic product, per capita",_Z,Not applicable,_Z,Not applicable,_Z,Not applicable,USD_PPP_PS,"US dollars per person, PPP converted",LR,Chain linked volume (rebased),LA,Annual levels,T0102,Table 0102 - GDP identity from the expenditure side,2018,,45629.9,,2020,,,,F,Free (free for publication),1,One,A,Normal value,0,Units,USD,US dollar
DATAFLOW,OECD.SDD.NAD:DSD_NAMAIN1@DF_QNA_EXPENDITURE_CAPITA(1.1),Quarterly GDP per capita,I,A,Annual,Y,Calendar and seasonally adjusted,JPN,Japan,S1,Total economy,S1,Total economy,B1GQ_POP,"Gross domestic product, per capita",_Z,Not applicable,_Z,Not applicable,_Z,Not applicable,USD_PPP_PS,"US dollars per person, PPP converted",LR,Chain linked volume (rebased),LA,Annual levels,T0102,Table 0102 - GDP identity from the expenditure side,2017,,45154.1,,2020,,,,F,Free (free for publication),1,One,A,Normal value,0,Units,USD,US dollar
DATAFLOW,OECD.SDD.NAD:DSD_NAMAIN1@DF_QNA_EXPENDITURE_CAPITA(1.1),Quarterly GDP per capita,I,A,Annual,Y,Calendar and seasonally adjusted,JPN,Japan,S1,Total economy,S1,Total economy,B1GQ_POP,"Gross domestic product, per capita",_Z,Not applicable,_Z,Not applicable,_Z,Not applicable,USD_PPP_PS,"US dollars per person, PPP converted",LR,Chain linked volume (rebased),LA,Annual levels,T0102,Table 0102 - GDP identity from the expenditure side,2008,,42027.5,,2020,,,,F,Free (free for publication),1,One,A,Normal value,0,Units,USD,US dollar
DATAFLOW,OECD.SDD.NAD:DSD_NAMAIN1@DF_QNA_EXPENDITURE_CAPITA(1.1),Quarterly GDP per capita,I,A,Annual,Y,Calendar and seasonally adjusted,JPN,Japan,S1,Total economy,S1,Total economy,B1GQ_POP,"Gross domestic product, per capita",_Z,Not applicable,_Z,Not applicable,_Z,Not applicable,USD_PPP_PS,"US dollars per person, PPP converted",LR,Chain linked volume (rebased),LA,Annual levels,T0102,Table 0102 - GDP identity from the expenditure side,2007,,42494.6,,2020,,,,F,Free (free for publication),1,One,A,Normal value,0,Units,USD,US dollar
DATAFLOW,OECD.SDD.NAD:DSD_NAMAIN1@DF_QNA_EXPENDITURE_CAPITA(1.1),Quarterly GDP per capita,I,A,Annual,Y,Calendar and seasonally adjusted,JPN,Japan,S1,Total economy,S1,Total economy,B1GQ_POP,"Gross domestic product, per capita",_Z,Not applicable,_Z,Not applicable,_Z,Not applicable,USD_PPP_PS,"US dollars per person, PPP converted",LR,Chain linked volume (rebased),LA,Annual levels,T0102,Table 0102 - GDP identity from the expenditure side,2024,,46938.3,,2020,,,,F,Free (free for publication),1,One,A,Normal value,0,Units,USD,US dollar
DATAFLOW,OECD.SDD.NAD:DSD_NAMAIN1@DF_QNA_EXPENDITURE_CAPITA(1.1),Quarterly GDP per capita,I,A,Annual,Y,Calendar and seasonally adjusted,JPN,Japan,S1,Total economy,S1,Total economy,B1GQ_POP,"Gross domestic product, per capita",_Z,Not applicable,_Z,Not applicable,_Z,Not applicable,USD_PPP_PS,"US dollars per person, PPP converted",LR,Chain linked volume (rebased),LA,Annual levels,T0102,Table 0102 - GDP identity from the expenditure side,2023,,46828.4,,2020,,,,F,Free (free for publication),1,One,A,Normal value,0,Units,USD,US dollar
DATAFLOW,OECD.SDD.NAD:DSD_NAMAIN1@DF_QNA_EXPENDITURE_CAPITA(1.1),Quarterly GDP per capita,I,A,Annual,Y,Calendar and seasonally adjusted,JPN,Japan,S1,Total economy,S1,Total economy,B1GQ_POP,"Gross domestic product, per capita",_Z,Not applicable,_Z,Not applicable,_Z,Not applicable,USD_PPP_PS,"US dollars per person, PPP converted",LR,Chain linked volume (rebased),LA,Annual levels,T0102,Table 0102 - GDP identity from the expenditure side,2015,,43965.1,,2020,,,,F,Free (free for publication),1,One,A,Normal value,0,Units,USD,US dollar
DATAFLOW,OECD.SDD.NAD:DSD_NAMAIN1@DF_QNA_EXPENDITURE_CAPITA(1.1),Quarterly GDP per capita,I,A,Annual,Y,Calendar and seasonally adjusted,LUX,Luxembourg,S1,Total economy,S1,Total economy,B1GQ_POP,"Gross domestic product, per capita",_Z,Not applicable,_Z,Not applicable,_Z,Not applicable,USD_PPP_PS,"US dollars per person, PPP converted",LR,Chain linked volume (rebased),LA,Annual levels,T0102,Table 0102 - GDP identity from the expenditure side,2011,,121830.3,,2020,,,,F,Free (free for publication),1,One,A,Normal value,0,Units,USD,US dollar
DATAFLOW,OECD.SDD.NAD:DSD_NAMAIN1@DF_QNA_EXPENDITURE_CAPITA(1.1),Quarterly GDP per capita,I,A,Annual,Y,Calendar and seasonally adjusted,LUX,Luxembourg,S1,Total economy,S1,Total economy,B1GQ_POP,"Gross domestic product, per capita",_Z,Not applicable,_Z,Not applicable,_Z,Not applicable,USD_PPP_PS,"US dollars per person, PPP converted",LR,Chain linked volume (rebased),LA,Annual levels,T0102,Table 0102 - GDP identity from the expenditure side,2010,,123395.5,,2020,,,,F,Free (free for publication),1,One,A,Normal value,0,Units,USD,US dollar
DATAFLOW,OECD.SDD.NAD:DSD_NAMAIN1@DF_QNA_EXPENDITURE_CAPITA(1.1),Quarterly GDP per capita,I,A,Annual,Y,Calendar and seasonally adjusted,LUX,Luxembourg,S1,Total economy,S1,Total economy,B1GQ_POP,"Gross domestic product, per capita",_Z,Not applicable,_Z,Not applicable,_Z,Not applicable,USD_PPP_PS,"US dollars per person, PPP converted",LR,Chain linked volume (rebased),LA,Annual levels,T0102,Table 0102 - GDP identity from the expenditure side,2009,,121153.5,,2020,,,,F,Free (free for publication),1,One,A,Normal value,0,Units,USD,US dollar
DATAFLOW,OECD.SDD.NAD:DSD_NAMAIN1@DF_QNA_EXPENDITURE_CAPITA(1.1),Quarterly GDP per capita,I,A,Annual,Y,Calendar and seasonally adjusted,LUX,Luxembourg,S1,Total economy,S1,Total economy,B1GQ_POP,"Gross domestic product, per capita",_Z,Not applicable,_Z,Not applicable,_Z,Not applicable,USD_PPP_PS,"US dollars per person, PPP converted",LR,Chain linked volume (rebased),LA,Annual levels,T0102,Table 0102 - GDP identity from the expenditure side,2008,,127509.7,,2020,,,,F,Free (free for publication),1,One,A,Normal value,0,Units,USD,US dollar
DATAFLOW,OECD.SDD.NAD:DSD_NAMAIN1@DF_QNA_EXPENDITURE_CAPITA(1.1),Quarterly GDP per capita,I,A,Annual,Y,Calendar and seasonally adjusted,LUX,Luxembourg,S1,Total economy,S1,Total economy,B1GQ_POP,"Gross domestic product, per capita",_Z,Not applicable,_Z,Not applicable,_Z,Not applicable,USD_PPP_PS,"US dollars per person, PPP converted",LR,Chain linked volume (rebased),LA,Annual levels,T0102,Table 0102 - GDP identity from the expenditure side,2007,,130164.3,,2020,,,,F,Free (free for publication),1,One,A,Normal value,0,Units,USD,US dollar
DATAFLOW,OECD.SDD.NAD:DSD_NAMAIN1@DF_QNA_EXPENDITURE_CAPITA(1.1),Quarterly GDP per capita,I,A,Annual,Y,Calendar and seasonally adjusted,LUX,Luxembourg,S1,Total economy,S1,Total economy,B1GQ_POP,"Gross domestic product, per capita",_Z,Not applicable,_Z,Not applicable,_Z,Not applicable,USD_PPP_PS,"US dollars per person, PPP converted",LR,Chain linked volume (rebased),LA,Annual levels,T0102,Table 0102 - GDP identity from the expenditure side,2006,,122392.3,,2020,,,,F,Free (free for publication),1,One,A,Normal value,0,Units,USD,US dollar
DATAFLOW,OECD.SDD.NAD:DSD_NAMAIN1@DF_QNA_EXPENDITURE_CAPITA(1.1),Quarterly GDP per capita,I,A,Annual,Y,Calendar and seasonally adjusted,LUX,Luxembourg,S1,Total economy,S1,Total economy,B1GQ_POP,"Gross domestic product, per capita",_Z,Not applicable,_Z,Not applicable,_Z,Not applicable,USD_PPP_PS,"US dollars per person, PPP converted",LR,Chain linked volume (rebased),LA,Annual levels,T0102,Table 0102 - GDP identity from the expenditure side,2021,,128342.1,,2020,,,,F,Free (free for publication),1,One,A,Normal value,0,Units,USD,US dollar
DATAFLOW,OECD.SDD.NAD:DSD_NAMAIN1@DF_QNA_EXPENDITURE_CAPITA(1.1),Quarterly GDP per capita,I,A,Annual,Y,Calendar and seasonally adjusted,LUX,Luxembourg,S1,Total economy,S1,Total economy,B1GQ_POP,"Gross domestic product, per capita",_Z,Not applicable,_Z,Not applicable,_Z,Not applicable,USD_PPP_PS,"US dollars per person, PPP converted",LR,Chain linked volume (rebased),LA,Annual levels,T0102,Table 0102 - GDP identity from the expenditure side,2020,,121923.7,,2020,,,,F,Free (free for publication),1,One,A,Normal value,0,Units,USD,US dollar
DATAFLOW,OECD.SDD.NAD:DSD_NAMAIN1@DF_QNA_EXPENDITURE_CAPITA(1.1),Quarterly GDP per capita,I,A,Annual,Y,Calendar and seasonally adjusted,LUX,Luxembourg,S1,Total economy,S1,Total economy,B1GQ_POP,"Gross domestic product, per capita",_Z,Not applicable,_Z,Not applicable,_Z,Not applicable,USD_PPP_PS,"US dollars per person, PPP converted",LR,Chain linked volume (rebased),LA,Annual levels,T0102,Table 0102 - GDP identity from the expenditure side,2015,,122333,,2020,,,,F,Free (free for publication),1,One,A,Normal value,0,Units,USD,US dollar
DATAFLOW,OECD.SDD.NAD:DSD_NAMAIN1@DF_QNA_EXPENDITURE_CAPITA(1.1),Quarterly GDP per capita,I,A,Annual,Y,Calendar and seasonally adjusted,LUX,Luxembourg,S1,Total economy,S1,Total economy,B1GQ_POP,"Gross domestic product, per capita",_Z,Not applicable,_Z,Not applicable,_Z,Not applicable,USD_PPP_PS,"US dollars per person, PPP converted",V,Current prices,LA,Annual levels,T0102,Table 0102 - GDP identity from the expenditure side,2015,,107902.4,,,,,,F,Free (free for publication),1,One,A,Normal value,0,Units,USD,US dollar
DATAFLOW,OECD.SDD.NAD:DSD_NAMAIN1@DF_QNA_EXPENDITURE_CAPITA(1.1),Quarterly GDP per capita,I,A,Annual,Y,Calendar and seasonally adjusted,LTU,Lithuania,S1,Total economy,S1,Total economy,B1GQ_POP,"Gross domestic product, per capita",_Z,Not applicable,_Z,Not applicable,_Z,Not applicable,USD_PPP_PS,"US dollars per person, PPP converted",V,Current prices,LA,Annual levels,T0102,Table 0102 - GDP identity from the expenditure side,2014,,26274.8,,,,,,F,Free (free for publication),1,One,A,Normal value,0,Units,USD,US dollar
DATAFLOW,OECD.SDD.NAD:DSD_NAMAIN1@DF_QNA_EXPENDITURE_CAPITA(1.1),Quarterly GDP per capita,I,A,Annual,Y,Calendar and seasonally adjusted,LTU,Lithuania,S1,Total economy,S1,Total economy,B1GQ_POP,"Gross domestic product, per capita",_Z,Not applicable,_Z,Not applicable,_Z,Not applicable,USD_PPP_PS,"US dollars per person, PPP converted",V,Current prices,LA,Annual levels,T0102,Table 0102 - GDP identity from the expenditure side,2007,,17968.6,,,,,,F,Free (free for publication),1,One,A,Normal value,0,Units,USD,US dollar
DATAFLOW,OECD.SDD.NAD:DSD_NAMAIN1@DF_QNA_EXPENDITURE_CAPITA(1.1),Quarterly GDP per capita,I,A,Annual,Y,Calendar and seasonally adjusted,LTU,Lithuania,S1,Total economy,S1,Total economy,B1GQ_POP,"Gross domestic product, per capita",_Z,Not applicable,_Z,Not applicable,_Z,Not applicable,USD_PPP_PS,"US dollars per person, PPP converted",V,Current prices,LA,Annual levels,T0102,Table 0102 - GDP identity from the expenditure side,2006,,15522.4,,,,,,F,Free (free for publication),1,One,A,Normal value,0,Units,USD,US dollar
DATAFLOW,OECD.SDD.NAD:DSD_NAMAIN1@DF_QNA_EXPENDITURE_CAPITA(1.1),Quarterly GDP per capita,I,A,Annual,Y,Calendar and seasonally adjusted,LTU,Lithuania,S1,Total economy,S1,Total economy,B1GQ_POP,"Gross domestic product, per capita",_Z,Not applicable,_Z,Not applicable,_Z,Not applicable,USD_PPP_PS,"US dollars per person, PPP converted",V,Current prices,LA,Annual levels,T0102,Table 0102 - GDP identity from the expenditure side,2005,,13951.3,,,,,,F,Free (free for publication),1,One,A,Normal value,0,Units,USD,US dollar
DATAFLOW,OECD.SDD.NAD:DSD_NAMAIN1@DF_QNA_EXPENDITURE_CAPITA(1.1),Quarterly GDP per capita,I,A,Annual,Y,Calendar and seasonally adjusted,LTU,Lithuania,S1,Total economy,S1,Total economy,B1GQ_POP,"Gross domestic product, per capita",_Z,Not applicable,_Z,Not applicable,_Z,Not applicable,USD_PPP_PS,"US dollars per person, PPP converted",V,Current prices,LA,Annual levels,T0102,Table 0102 - GDP identity from the expenditure side,2004,,12605,,,,,,F,Free (free for publication),1,One,A,Normal value,0,Units,USD,US dollar
DATAFLOW,OECD.SDD.NAD:DSD_NAMAIN1@DF_QNA_EXPENDITURE_CAPITA(1.1),Quarterly GDP per capita,I,A,Annual,Y,Calendar and seasonally adjusted,IRL,Ireland,S1,Total economy,S1,Total economy,B1GQ_POP,"Gross domestic product, per capita",_Z,Not applicable,_Z,Not applicable,_Z,Not applicable,USD_PPP_PS,"US dollars per person, PPP converted",V,Current prices,LA,Annual levels,T0102,Table 0102 - GDP identity from the expenditure side,2005,,40465.3,,,,,,F,Free (free for publication),1,One,A,Normal value,0,Units,USD,US dollar
DATAFLOW,OECD.SDD.NAD:DSD_NAMAIN1@DF_QNA_EXPENDITURE_CAPITA(1.1),Quarterly GDP per capita,I,A,Annual,Y,Calendar and seasonally adjusted,IRL,Ireland,S1,Total economy,S1,Total economy,B1GQ_POP,"Gross domestic product, per capita",_Z,Not applicable,_Z,Not applicable,_Z,Not applicable,USD_PPP_PS,"US dollars per person, PPP converted",V,Current prices,LA,Annual levels,T0102,Table 0102 - GDP identity from the expenditure side,2004,,38757,,,,,,F,Free (free for publication),1,One,A,Normal value,0,Units,USD,US dollar
DATAFLOW,OECD.SDD.NAD:DSD_NAMAIN1@DF_QNA_EXPENDITURE_CAPITA(1.1),Quarterly GDP per capita,I,A,Annual,Y,Calendar and seasonally adjusted,IRL,Ireland,S1,Total economy,S1,Total economy,B1GQ_POP,"Gross domestic product, per capita",_Z,Not applicable,_Z,Not applicable,_Z,Not applicable,USD_PPP_PS,"US dollars per person, PPP converted",V,Current prices,LA,Annual levels,T0102,Table 0102 - GDP identity from the expenditure side,2003,,36276.2,,,,,,F,Free (free for publication),1,One,A,Normal value,0,Units,USD,US dollar
DATAFLOW,OECD.SDD.NAD:DSD_NAMAIN1@DF_QNA_EXPENDITURE_CAPITA(1.1),Quarterly GDP per capita,I,A,Annual,Y,Calendar and seasonally adjusted,IRL,Ireland,S1,Total economy,S1,Total economy,B1GQ_POP,"Gross domestic product, per capita",_Z,Not applicable,_Z,Not applicable,_Z,Not applicable,USD_PPP_PS,"US dollars per person, PPP converted",V,Current prices,LA,Annual levels,T0102,Table 0102 - GDP identity from the expenditure side,2002,,35222.9,,,,,,F,Free (free for publication),1,One,A,Normal value,0,Units,USD,US dollar
DATAFLOW,OECD.SDD.NAD:DSD_NAMAIN1@DF_QNA_EXPENDITURE_CAPITA(1.1),Quarterly GDP per capita,I,A,Annual,Y,Calendar and seasonally adjusted,IRL,Ireland,S1,Total economy,S1,Total economy,B1GQ_POP,"Gross domestic product, per capita",_Z,Not applicable,_Z,Not applicable,_Z,Not applicable,USD_PPP_PS,"US dollars per person, PPP converted",V,Current prices,LA,Annual levels,T0102,Table 0102 - GDP identity from the expenditure side,2001,,32594.1,,,,,,F,Free (free for publication),1,One,A,Normal value,0,Units,USD,US dollar
DATAFLOW,OECD.SDD.NAD:DSD_NAMAIN1@DF_QNA_EXPENDITURE_CAPITA(1.1),Quarterly GDP per capita,I,A,Annual,Y,Calendar and seasonally adjusted,IRL,Ireland,S1,Total economy,S1,Total economy,B1GQ_POP,"Gross domestic product, per capita",_Z,Not applicable,_Z,Not applicable,_Z,Not applicable,USD_PPP_PS,"US dollars per person, PPP converted",V,Current prices,LA,Annual levels,T0102,Table 0102 - GDP identity from the expenditure side,2000,,30223.3,,,,,,F,Free (free for publication),1,One,A,Normal value,0,Units,USD,US dollar
DATAFLOW,OECD.SDD.NAD:DSD_NAMAIN1@DF_QNA_EXPENDITURE_CAPITA(1.1),Quarterly GDP per capita,I,A,Annual,Y,Calendar and seasonally adjusted,IRL,Ireland,S1,Total economy,S1,Total economy,B1GQ_POP,"Gross domestic product, per capita",_Z,Not applicable,_Z,Not applicable,_Z,Not applicable,USD_PPP_PS,"US dollars per person, PPP converted",V,Current prices,LA,Annual levels,T0102,Table 0102 - GDP identity from the expenditure side,2020,,97780.6,,,,,,F,Free (free for publication),1,One,A,Normal value,0,Units,USD,US dollar
DATAFLOW,OECD.SDD.NAD:DSD_NAMAIN1@DF_QNA_EXPENDITURE_CAPITA(1.1),Quarterly GDP per capita,I,A,Annual,Y,Calendar and seasonally adjusted,IRL,Ireland,S1,Total economy,S1,Total economy,B1GQ_POP,"Gross domestic product, per capita",_Z,Not applicable,_Z,Not applicable,_Z,Not applicable,USD_PPP_PS,"US dollars per person, PPP converted",V,Current prices,LA,Annual levels,T0102,Table 0102 - GDP identity from the expenditure side,2019,,92208.9,,,,,,F,Free (free for publication),1,One,A,Normal value,0,Units,USD,US dollar
DATAFLOW,OECD.SDD.NAD:DSD_NAMAIN1@DF_QNA_EXPENDITURE_CAPITA(1.1),Quarterly GDP per capita,I,A,Annual,Y,Calendar and seasonally adjusted,IRL,Ireland,S1,Total economy,S1,Total economy,B1GQ_POP,"Gross domestic product, per capita",_Z,Not applicable,_Z,Not applicable,_Z,Not applicable,USD_PPP_PS,"US dollars per person, PPP converted",V,Current prices,LA,Annual levels,T0102,Table 0102 - GDP identity from the expenditure side,2024,,141061.5,,,,,,F,Free (free for publication),1,One,A,Normal value,0,Units,USD,US dollar
DATAFLOW,OECD.SDD.NAD:DSD_NAMAIN1@DF_QNA_EXPENDITURE_CAPITA(1.1),Quarterly GDP per capita,I,A,Annual,Y,Calendar and seasonally adjusted,IRL,Ireland,S1,Total economy,S1,Total economy,B1GQ_POP,"Gross domestic product, per capita",_Z,Not applicable,_Z,Not applicable,_Z,Not applicable,USD_PPP_PS,"US dollars per person, PPP converted",V,Current prices,LA,Annual levels,T0102,Table 0102 - GDP identity from the expenditure side,2023,,133835.3,,,,,,F,Free (free for publication),1,One,A,Normal value,0,Units,USD,US dollar
DATAFLOW,OECD.SDD.NAD:DSD_NAMAIN1@DF_QNA_EXPENDITURE_CAPITA(1.1),Quarterly GDP per capita,I,A,Annual,Y,Calendar and seasonally adjusted,IRL,Ireland,S1,Total economy,S1,Total economy,B1GQ_POP,"Gross domestic product, per capita",_Z,Not applicable,_Z,Not applicable,_Z,Not applicable,USD_PPP_PS,"US dollars per person, PPP converted",V,Current prices,LA,Annual levels,T0102,Table 0102 - GDP identity from the expenditure side,2022,,138813.3,,,,,,F,Free (free for publication),1,One,A,Normal value,0,Units,USD,US dollar
DATAFLOW,OECD.SDD.NAD:DSD_NAMAIN1@DF_QNA_EXPENDITURE_CAPITA(1.1),Quarterly GDP per capita,I,A,Annual,Y,Calendar and seasonally adjusted,IRL,Ireland,S1,Total economy,S1,Total economy,B1GQ_POP,"Gross domestic product, per capita",_Z,Not applicable,_Z,Not applicable,_Z,Not applicable,USD_PPP_PS,"US dollars per person, PPP converted",V,Current prices,LA,Annual levels,T0102,Table 0102 - GDP identity from the expenditure side,2021,,117132.3,,,,,,F,Free (free for publication),1,One,A,Normal value,0,Units,USD,US dollar
DATAFLOW,OECD.SDD.NAD:DSD_NAMAIN1@DF_QNA_EXPENDITURE_CAPITA(1.1),Quarterly GDP per capita,I,A,Annual,Y,Calendar and seasonally adjusted,IRL,Ireland,S1,Total economy,S1,Total economy,B1GQ_POP,"Gross domestic product, per capita",_Z,Not applicable,_Z,Not applicable,_Z,Not applicable,USD_PPP_PS,"US dollars per person, PPP converted",LR,Chain linked volume (rebased),LA,Annual levels,T0102,Table 0102 - GDP identity from the expenditure side,2008,,59611.9,,2020,,,,F,Free (free for publication),1,One,A,Normal value,0,Units,USD,US dollar
DATAFLOW,OECD.SDD.NAD:DSD_NAMAIN1@DF_QNA_EXPENDITURE_CAPITA(1.1),Quarterly GDP per capita,I,A,Annual,Y,Calendar and seasonally adjusted,IRL,Ireland,S1,Total economy,S1,Total economy,B1GQ_POP,"Gross domestic product, per capita",_Z,Not applicable,_Z,Not applicable,_Z,Not applicable,USD_PPP_PS,"US dollars per person, PPP converted",LR,Chain linked volume (rebased),LA,Annual levels,T0102,Table 0102 - GDP identity from the expenditure side,2007,,63769.9,,2020,,,,F,Free (free for publication),1,One,A,Normal value,0,Units,USD,US dollar
DATAFLOW,OECD.SDD.NAD:DSD_NAMAIN1@DF_QNA_EXPENDITURE_CAPITA(1.1),Quarterly GDP per capita,I,A,Annual,Y,Calendar and seasonally adjusted,IRL,Ireland,S1,Total economy,S1,Total economy,B1GQ_POP,"Gross domestic product, per capita",_Z,Not applicable,_Z,Not applicable,_Z,Not applicable,USD_PPP_PS,"US dollars per person, PPP converted",LR,Chain linked volume (rebased),LA,Annual levels,T0102,Table 0102 - GDP identity from the expenditure side,2006,,62403.2,,2020,,,,F,Free (free for publication),1,One,A,Normal value,0,Units,USD,US dollar
DATAFLOW,OECD.SDD.NAD:DSD_NAMAIN1@DF_QNA_EXPENDITURE_CAPITA(1.1),Quarterly GDP per capita,I,A,Annual,Y,Calendar and seasonally adjusted,IRL,Ireland,S1,Total economy,S1,Total economy,B1GQ_POP,"Gross domestic product, per capita",_Z,Not applicable,_Z,Not applicable,_Z,Not applicable,USD_PPP_PS,"US dollars per person, PPP converted",LR,Chain linked volume (rebased),LA,Annual levels,T0102,Table 0102 - GDP identity from the expenditure side,2005,,61007.5,,2020,,,,F,Free (free for publication),1,One,A,Normal value,0,Units,USD,US dollar
DATAFLOW,OECD.SDD.NAD:DSD_NAMAIN1@DF_QNA_EXPENDITURE_CAPITA(1.1),Quarterly GDP per capita,I,A,Annual,Y,Calendar and seasonally adjusted,IRL,Ireland,S1,Total economy,S1,Total economy,B1GQ_POP,"Gross domestic product, per capita",_Z,Not applicable,_Z,Not applicable,_Z,Not applicable,USD_PPP_PS,"US dollars per person, PPP converted",LR,Chain linked volume (rebased),LA,Annual levels,T0102,Table 0102 - GDP identity from the expenditure side,2020,,97780.6,,2020,,,,F,Free (free for publication),1,One,A,Normal value,0,Units,USD,US dollar
DATAFLOW,OECD.SDD.NAD:DSD_NAMAIN1@DF_QNA_EXPENDITURE_CAPITA(1.1),Quarterly GDP per capita,I,A,Annual,Y,Calendar and seasonally adjusted,IRL,Ireland,S1,Total economy,S1,Total economy,B1GQ_POP,"Gross domestic product, per capita",_Z,Not applicable,_Z,Not applicable,_Z,Not applicable,USD_PPP_PS,"US dollars per person, PPP converted",LR,Chain linked volume (rebased),LA,Annual levels,T0102,Table 0102 - GDP identity from the expenditure side,2019,,92482.9,,2020,,,,F,Free (free for publication),1,One,A,Normal value,0,Units,USD,US dollar
DATAFLOW,OECD.SDD.NAD:DSD_NAMAIN1@DF_QNA_EXPENDITURE_CAPITA(1.1),Quarterly GDP per capita,I,A,Annual,Y,Calendar and seasonally adjusted,IRL,Ireland,S1,Total economy,S1,Total economy,B1GQ_POP,"Gross domestic product, per capita",_Z,Not applicable,_Z,Not applicable,_Z,Not applicable,USD_PPP_PS,"US dollars per person, PPP converted",LR,Chain linked volume (rebased),LA,Annual levels,T0102,Table 0102 - GDP identity from the expenditure side,2018,,89489.8,,2020,,,,F,Free (free for publication),1,One,A,Normal value,0,Units,USD,US dollar
DATAFLOW,OECD.SDD.NAD:DSD_NAMAIN1@DF_QNA_EXPENDITURE_CAPITA(1.1),Quarterly GDP per capita,I,A,Annual,Y,Calendar and seasonally adjusted,IRL,Ireland,S1,Total economy,S1,Total economy,B1GQ_POP,"Gross domestic product, per capita",_Z,Not applicable,_Z,Not applicable,_Z,Not applicable,USD_PPP_PS,"US dollars per person, PPP converted",LR,Chain linked volume (rebased),LA,Annual levels,T0102,Table 0102 - GDP identity from the expenditure side,2017,,84295.5,,2020,,,,F,Free (free for publication),1,One,A,Normal value,0,Units,USD,US dollar
DATAFLOW,OECD.SDD.NAD:DSD_NAMAIN1@DF_QNA_EXPENDITURE_CAPITA(1.1),Quarterly GDP per capita,I,A,Annual,Y,Calendar and seasonally adjusted,IRL,Ireland,S1,Total economy,S1,Total economy,B1GQ_POP,"Gross domestic product, per capita",_Z,Not applicable,_Z,Not applicable,_Z,Not applicable,USD_PPP_PS,"US dollars per person, PPP converted",LR,Chain linked volume (rebased),LA,Annual levels,T0102,Table 0102 - GDP identity from the expenditure side,2004,,59010.3,,2020,,,,F,Free (free for publication),1,One,A,Normal value,0,Units,USD,US dollar
DATAFLOW,OECD.SDD.NAD:DSD_NAMAIN1@DF_QNA_EXPENDITURE_CAPITA(1.1),Quarterly GDP per capita,I,A,Annual,Y,Calendar and seasonally adjusted,LTU,Lithuania,S1,Total economy,S1,Total economy,B1GQ_POP,"Gross domestic product, per capita",_Z,Not applicable,_Z,Not applicable,_Z,Not applicable,USD_PPP_PS,"US dollars per person, PPP converted",V,Current prices,LA,Annual levels,T0102,Table 0102 - GDP identity from the expenditure side,2010,,18718.9,,,,,,F,Free (free for publication),1,One,A,Normal value,0,Units,USD,US dollar
DATAFLOW,OECD.SDD.NAD:DSD_NAMAIN1@DF_QNA_EXPENDITURE_CAPITA(1.1),Quarterly GDP per capita,I,A,Annual,Y,Calendar and seasonally adjusted,LTU,Lithuania,S1,Total economy,S1,Total economy,B1GQ_POP,"Gross domestic product, per capita",_Z,Not applicable,_Z,Not applicable,_Z,Not applicable,USD_PPP_PS,"US dollars per person, PPP converted",V,Current prices,LA,Annual levels,T0102,Table 0102 - GDP identity from the expenditure side,2009,,17054.6,,,,,,F,Free (free for publication),1,One,A,Normal value,0,Units,USD,US dollar
DATAFLOW,OECD.SDD.NAD:DSD_NAMAIN1@DF_QNA_EXPENDITURE_CAPITA(1.1),Quarterly GDP per capita,I,A,Annual,Y,Calendar and seasonally adjusted,LTU,Lithuania,S1,Total economy,S1,Total economy,B1GQ_POP,"Gross domestic product, per capita",_Z,Not applicable,_Z,Not applicable,_Z,Not applicable,USD_PPP_PS,"US dollars per person, PPP converted",V,Current prices,LA,Annual levels,T0102,Table 0102 - GDP identity from the expenditure side,2008,,19410,,,,,,F,Free (free for publication),1,One,A,Normal value,0,Units,USD,US dollar
DATAFLOW,OECD.SDD.NAD:DSD_NAMAIN1@DF_QNA_EXPENDITURE_CAPITA(1.1),Quarterly GDP per capita,I,A,Annual,Y,Calendar and seasonally adjusted,LTU,Lithuania,S1,Total economy,S1,Total economy,B1GQ_POP,"Gross domestic product, per capita",_Z,Not applicable,_Z,Not applicable,_Z,Not applicable,USD_PPP_PS,"US dollars per person, PPP converted",V,Current prices,LA,Annual levels,T0102,Table 0102 - GDP identity from the expenditure side,2017,,31305,,,,,,F,Free (free for publication),1,One,A,Normal value,0,Units,USD,US dollar
DATAFLOW,OECD.SDD.NAD:DSD_NAMAIN1@DF_QNA_EXPENDITURE_CAPITA(1.1),Quarterly GDP per capita,I,A,Annual,Y,Calendar and seasonally adjusted,LTU,Lithuania,S1,Total economy,S1,Total economy,B1GQ_POP,"Gross domestic product, per capita",_Z,Not applicable,_Z,Not applicable,_Z,Not applicable,USD_PPP_PS,"US dollars per person, PPP converted",LR,Chain linked volume (rebased),LA,Annual levels,T0102,Table 0102 - GDP identity from the expenditure side,2021,,43932.5,,2020,,,,F,Free (free for publication),1,One,A,Normal value,0,Units,USD,US dollar
DATAFLOW,OECD.SDD.NAD:DSD_NAMAIN1@DF_QNA_EXPENDITURE_CAPITA(1.1),Quarterly GDP per capita,I,A,Annual,Y,Calendar and seasonally adjusted,NZL,New Zealand,S1,Total economy,S1,Total economy,B1GQ_POP,"Gross domestic product, per capita",_Z,Not applicable,_Z,Not applicable,_Z,Not applicable,USD_PPP_PS,"US dollars per person, PPP converted",LR,Chain linked volume (rebased),LA,Annual levels,T0102,Table 0102 - GDP identity from the expenditure side,2008,,39545,,2020,,,,F,Free (free for publication),1,One,A,Normal value,0,Units,USD,US dollar
DATAFLOW,OECD.SDD.NAD:DSD_NAMAIN1@DF_QNA_EXPENDITURE_CAPITA(1.1),Quarterly GDP per capita,I,A,Annual,Y,Calendar and seasonally adjusted,NZL,New Zealand,S1,Total economy,S1,Total economy,B1GQ_POP,"Gross domestic product, per capita",_Z,Not applicable,_Z,Not applicable,_Z,Not applicable,USD_PPP_PS,"US dollars per person, PPP converted",LR,Chain linked volume (rebased),LA,Annual levels,T0102,Table 0102 - GDP identity from the expenditure side,2007,,39999.1,,2020,,,,F,Free (free for publication),1,One,A,Normal value,0,Units,USD,US dollar
DATAFLOW,OECD.SDD.NAD:DSD_NAMAIN1@DF_QNA_EXPENDITURE_CAPITA(1.1),Quarterly GDP per capita,I,A,Annual,Y,Calendar and seasonally adjusted,NZL,New Zealand,S1,Total economy,S1,Total economy,B1GQ_POP,"Gross domestic product, per capita",_Z,Not applicable,_Z,Not applicable,_Z,Not applicable,USD_PPP_PS,"US dollars per person, PPP converted",LR,Chain linked volume (rebased),LA,Annual levels,T0102,Table 0102 - GDP identity from the expenditure side,2006,,38902.5,,2020,,,,F,Free (free for publication),1,One,A,Normal value,0,Units,USD,US dollar
DATAFLOW,OECD.SDD.NAD:DSD_NAMAIN1@DF_QNA_EXPENDITURE_CAPITA(1.1),Quarterly GDP per capita,I,A,Annual,Y,Calendar and seasonally adjusted,NZL,New Zealand,S1,Total economy,S1,Total economy,B1GQ_POP,"Gross domestic product, per capita",_Z,Not applicable,_Z,Not applicable,_Z,Not applicable,USD_PPP_PS,"US dollars per person, PPP converted",LR,Chain linked volume (rebased),LA,Annual levels,T0102,Table 0102 - GDP identity from the expenditure side,2001,,34726.1,,2020,,,,F,Free (free for publication),1,One,A,Normal value,0,Units,USD,US dollar
DATAFLOW,OECD.SDD.NAD:DSD_NAMAIN1@DF_QNA_EXPENDITURE_CAPITA(1.1),Quarterly GDP per capita,I,A,Annual,Y,Calendar and seasonally adjusted,NZL,New Zealand,S1,Total economy,S1,Total economy,B1GQ_POP,"Gross domestic product, per capita",_Z,Not applicable,_Z,Not applicable,_Z,Not applicable,USD_PPP_PS,"US dollars per person, PPP converted",LR,Chain linked volume (rebased),LA,Annual levels,T0102,Table 0102 - GDP identity from the expenditure side,2003,,36829.2,,2020,,,,F,Free (free for publication),1,One,A,Normal value,0,Units,USD,US dollar
DATAFLOW,OECD.SDD.NAD:DSD_NAMAIN1@DF_QNA_EXPENDITURE_CAPITA(1.1),Quarterly GDP per capita,I,A,Annual,Y,Calendar and seasonally adjusted,NZL,New Zealand,S1,Total economy,S1,Total economy,B1GQ_POP,"Gross domestic product, per capita",_Z,Not applicable,_Z,Not applicable,_Z,Not applicable,USD_PPP_PS,"US dollars per person, PPP converted",LR,Chain linked volume (rebased),LA,Annual levels,T0102,Table 0102 - GDP identity from the expenditure side,2002,,35900.1,,2020,,,,F,Free (free for publication),1,One,A,Normal value,0,Units,USD,US dollar
DATAFLOW,OECD.SDD.NAD:DSD_NAMAIN1@DF_QNA_EXPENDITURE_CAPITA(1.1),Quarterly GDP per capita,I,A,Annual,Y,Calendar and seasonally adjusted,NZL,New Zealand,S1,Total economy,S1,Total economy,B1GQ_POP,"Gross domestic product, per capita",_Z,Not applicable,_Z,Not applicable,_Z,Not applicable,USD_PPP_PS,"US dollars per person, PPP converted",LR,Chain linked volume (rebased),LA,Annual levels,T0102,Table 0102 - GDP identity from the expenditure side,2024,,47772.9,,2020,,,,F,Free (free for publication),1,One,A,Normal value,0,Units,USD,US dollar
DATAFLOW,OECD.SDD.NAD:DSD_NAMAIN1@DF_QNA_EXPENDITURE_CAPITA(1.1),Quarterly GDP per capita,I,A,Annual,Y,Calendar and seasonally adjusted,NZL,New Zealand,S1,Total economy,S1,Total economy,B1GQ_POP,"Gross domestic product, per capita",_Z,Not applicable,_Z,Not applicable,_Z,Not applicable,USD_PPP_PS,"US dollars per person, PPP converted",LR,Chain linked volume (rebased),LA,Annual levels,T0102,Table 0102 - GDP identity from the expenditure side,2023,,48764.9,,2020,,,,F,Free (free for publication),1,One,A,Normal value,0,Units,USD,US dollar
DATAFLOW,OECD.SDD.NAD:DSD_NAMAIN1@DF_QNA_EXPENDITURE_CAPITA(1.1),Quarterly GDP per capita,I,A,Annual,Y,Calendar and seasonally adjusted,NZL,New Zealand,S1,Total economy,S1,Total economy,B1GQ_POP,"Gross domestic product, per capita",_Z,Not applicable,_Z,Not applicable,_Z,Not applicable,USD_PPP_PS,"US dollars per person, PPP converted",LR,Chain linked volume (rebased),LA,Annual levels,T0102,Table 0102 - GDP identity from the expenditure side,2022,,48801.4,,2020,,,,F,Free (free for publication),1,One,A,Normal value,0,Units,USD,US dollar
DATAFLOW,OECD.SDD.NAD:DSD_NAMAIN1@DF_QNA_EXPENDITURE_CAPITA(1.1),Quarterly GDP per capita,I,A,Annual,Y,Calendar and seasonally adjusted,NZL,New Zealand,S1,Total economy,S1,Total economy,B1GQ_POP,"Gross domestic product, per capita",_Z,Not applicable,_Z,Not applicable,_Z,Not applicable,USD_PPP_PS,"US dollars per person, PPP converted",LR,Chain linked volume (rebased),LA,Annual levels,T0102,Table 0102 - GDP identity from the expenditure side,2000,,34167.8,,2020,,,,F,Free (free for publication),1,One,A,Normal value,0,Units,USD,US dollar
DATAFLOW,OECD.SDD.NAD:DSD_NAMAIN1@DF_QNA_EXPENDITURE_CAPITA(1.1),Quarterly GDP per capita,I,A,Annual,Y,Calendar and seasonally adjusted,NZL,New Zealand,S1,Total economy,S1,Total economy,B1GQ_POP,"Gross domestic product, per capita",_Z,Not applicable,_Z,Not applicable,_Z,Not applicable,USD_PPP_PS,"US dollars per person, PPP converted",V,Current prices,LA,Annual levels,T0102,Table 0102 - GDP identity from the expenditure side,2008,,29871.1,,,,,,F,Free (free for publication),1,One,A,Normal value,0,Units,USD,US dollar
DATAFLOW,OECD.SDD.NAD:DSD_NAMAIN1@DF_QNA_EXPENDITURE_CAPITA(1.1),Quarterly GDP per capita,I,A,Annual,Y,Calendar and seasonally adjusted,NZL,New Zealand,S1,Total economy,S1,Total economy,B1GQ_POP,"Gross domestic product, per capita",_Z,Not applicable,_Z,Not applicable,_Z,Not applicable,USD_PPP_PS,"US dollars per person, PPP converted",V,Current prices,LA,Annual levels,T0102,Table 0102 - GDP identity from the expenditure side,2007,,28767.3,,,,,,F,Free (free for publication),1,One,A,Normal value,0,Units,USD,US dollar
DATAFLOW,OECD.SDD.NAD:DSD_NAMAIN1@DF_QNA_EXPENDITURE_CAPITA(1.1),Quarterly GDP per capita,I,A,Annual,Y,Calendar and seasonally adjusted,LTU,Lithuania,S1,Total economy,S1,Total economy,B1GQ_POP,"Gross domestic product, per capita",_Z,Not applicable,_Z,Not applicable,_Z,Not applicable,USD_PPP_PS,"US dollars per person, PPP converted",LR,Chain linked volume (rebased),LA,Annual levels,T0102,Table 0102 - GDP identity from the expenditure side,2012,,29607.9,,2020,,,,F,Free (free for publication),1,One,A,Normal value,0,Units,USD,US dollar
DATAFLOW,OECD.SDD.NAD:DSD_NAMAIN1@DF_QNA_EXPENDITURE_CAPITA(1.1),Quarterly GDP per capita,I,A,Annual,Y,Calendar and seasonally adjusted,LTU,Lithuania,S1,Total economy,S1,Total economy,B1GQ_POP,"Gross domestic product, per capita",_Z,Not applicable,_Z,Not applicable,_Z,Not applicable,USD_PPP_PS,"US dollars per person, PPP converted",LR,Chain linked volume (rebased),LA,Annual levels,T0102,Table 0102 - GDP identity from the expenditure side,2011,,27999.6,,2020,,,,F,Free (free for publication),1,One,A,Normal value,0,Units,USD,US dollar
DATAFLOW,OECD.SDD.NAD:DSD_NAMAIN1@DF_QNA_EXPENDITURE_CAPITA(1.1),Quarterly GDP per capita,I,A,Annual,Y,Calendar and seasonally adjusted,LTU,Lithuania,S1,Total economy,S1,Total economy,B1GQ_POP,"Gross domestic product, per capita",_Z,Not applicable,_Z,Not applicable,_Z,Not applicable,USD_PPP_PS,"US dollars per person, PPP converted",LR,Chain linked volume (rebased),LA,Annual levels,T0102,Table 0102 - GDP identity from the expenditure side,2010,,25746.2,,2020,,,,F,Free (free for publication),1,One,A,Normal value,0,Units,USD,US dollar
DATAFLOW,OECD.SDD.NAD:DSD_NAMAIN1@DF_QNA_EXPENDITURE_CAPITA(1.1),Quarterly GDP per capita,I,A,Annual,Y,Calendar and seasonally adjusted,LTU,Lithuania,S1,Total economy,S1,Total economy,B1GQ_POP,"Gross domestic product, per capita",_Z,Not applicable,_Z,Not applicable,_Z,Not applicable,USD_PPP_PS,"US dollars per person, PPP converted",LR,Chain linked volume (rebased),LA,Annual levels,T0102,Table 0102 - GDP identity from the expenditure side,2009,,25104.7,,2020,,,,F,Free (free for publication),1,One,A,Normal value,0,Units,USD,US dollar
DATAFLOW,OECD.SDD.NAD:DSD_NAMAIN1@DF_QNA_EXPENDITURE_CAPITA(1.1),Quarterly GDP per capita,I,A,Annual,Y,Calendar and seasonally adjusted,LTU,Lithuania,S1,Total economy,S1,Total economy,B1GQ_POP,"Gross domestic product, per capita",_Z,Not applicable,_Z,Not applicable,_Z,Not applicable,USD_PPP_PS,"US dollars per person, PPP converted",LR,Chain linked volume (rebased),LA,Annual levels,T0102,Table 0102 - GDP identity from the expenditure side,2024,,45430.1,,2020,,,,F,Free (free for publication),1,One,A,Normal value,0,Units,USD,US dollar
DATAFLOW,OECD.SDD.NAD:DSD_NAMAIN1@DF_QNA_EXPENDITURE_CAPITA(1.1),Quarterly GDP per capita,I,A,Annual,Y,Calendar and seasonally adjusted,LTU,Lithuania,S1,Total economy,S1,Total economy,B1GQ_POP,"Gross domestic product, per capita",_Z,Not applicable,_Z,Not applicable,_Z,Not applicable,USD_PPP_PS,"US dollars per person, PPP converted",LR,Chain linked volume (rebased),LA,Annual levels,T0102,Table 0102 - GDP identity from the expenditure side,2023,,44350.3,,2020,,,,F,Free (free for publication),1,One,A,Normal value,0,Units,USD,US dollar
DATAFLOW,OECD.SDD.NAD:DSD_NAMAIN1@DF_QNA_EXPENDITURE_CAPITA(1.1),Quarterly GDP per capita,I,A,Annual,Y,Calendar and seasonally adjusted,LTU,Lithuania,S1,Total economy,S1,Total economy,B1GQ_POP,"Gross domestic product, per capita",_Z,Not applicable,_Z,Not applicable,_Z,Not applicable,USD_PPP_PS,"US dollars per person, PPP converted",LR,Chain linked volume (rebased),LA,Annual levels,T0102,Table 0102 - GDP identity from the expenditure side,2022,,44645.8,,2020,,,,F,Free (free for publication),1,One,A,Normal value,0,Units,USD,US dollar
DATAFLOW,OECD.SDD.NAD:DSD_NAMAIN1@DF_QNA_EXPENDITURE_CAPITA(1.1),Quarterly GDP per capita,I,A,Annual,Y,Calendar and seasonally adjusted,LTU,Lithuania,S1,Total economy,S1,Total economy,B1GQ_POP,"Gross domestic product, per capita",_Z,Not applicable,_Z,Not applicable,_Z,Not applicable,USD_PPP_PS,"US dollars per person, PPP converted",V,Current prices,LA,Annual levels,T0102,Table 0102 - GDP identity from the expenditure side,2016,,28699,,,,,,F,Free (free for publication),1,One,A,Normal value,0,Units,USD,US dollar
DATAFLOW,OECD.SDD.NAD:DSD_NAMAIN1@DF_QNA_EXPENDITURE_CAPITA(1.1),Quarterly GDP per capita,I,A,Annual,Y,Calendar and seasonally adjusted,LVA,Latvia,S1,Total economy,S1,Total economy,B1GQ_POP,"Gross domestic product, per capita",_Z,Not applicable,_Z,Not applicable,_Z,Not applicable,USD_PPP_PS,"US dollars per person, PPP converted",V,Current prices,LA,Annual levels,T0102,Table 0102 - GDP identity from the expenditure side,2015,,22546.4,,,,,,F,Free (free for publication),1,One,A,Normal value,0,Units,USD,US dollar
DATAFLOW,OECD.SDD.NAD:DSD_NAMAIN1@DF_QNA_EXPENDITURE_CAPITA(1.1),Quarterly GDP per capita,I,A,Annual,Y,Calendar and seasonally adjusted,LVA,Latvia,S1,Total economy,S1,Total economy,B1GQ_POP,"Gross domestic product, per capita",_Z,Not applicable,_Z,Not applicable,_Z,Not applicable,USD_PPP_PS,"US dollars per person, PPP converted",V,Current prices,LA,Annual levels,T0102,Table 0102 - GDP identity from the expenditure side,2014,,21548.6,,,,,,F,Free (free for publication),1,One,A,Normal value,0,Units,USD,US dollar
DATAFLOW,OECD.SDD.NAD:DSD_NAMAIN1@DF_QNA_EXPENDITURE_CAPITA(1.1),Quarterly GDP per capita,I,A,Annual,Y,Calendar and seasonally adjusted,LVA,Latvia,S1,Total economy,S1,Total economy,B1GQ_POP,"Gross domestic product, per capita",_Z,Not applicable,_Z,Not applicable,_Z,Not applicable,USD_PPP_PS,"US dollars per person, PPP converted",V,Current prices,LA,Annual levels,T0102,Table 0102 - GDP identity from the expenditure side,2013,,20471.8,,,,,,F,Free (free for publication),1,One,A,Normal value,0,Units,USD,US dollar
DATAFLOW,OECD.SDD.NAD:DSD_NAMAIN1@DF_QNA_EXPENDITURE_CAPITA(1.1),Quarterly GDP per capita,I,A,Annual,Y,Calendar and seasonally adjusted,LVA,Latvia,S1,Total economy,S1,Total economy,B1GQ_POP,"Gross domestic product, per capita",_Z,Not applicable,_Z,Not applicable,_Z,Not applicable,USD_PPP_PS,"US dollars per person, PPP converted",V,Current prices,LA,Annual levels,T0102,Table 0102 - GDP identity from the expenditure side,2006,,14178.1,,,,,,F,Free (free for publication),1,One,A,Normal value,0,Units,USD,US dollar
DATAFLOW,OECD.SDD.NAD:DSD_NAMAIN1@DF_QNA_EXPENDITURE_CAPITA(1.1),Quarterly GDP per capita,I,A,Annual,Y,Calendar and seasonally adjusted,LVA,Latvia,S1,Total economy,S1,Total economy,B1GQ_POP,"Gross domestic product, per capita",_Z,Not applicable,_Z,Not applicable,_Z,Not applicable,USD_PPP_PS,"US dollars per person, PPP converted",V,Current prices,LA,Annual levels,T0102,Table 0102 - GDP identity from the expenditure side,2005,,12826.2,,,,,,F,Free (free for publication),1,One,A,Normal value,0,Units,USD,US dollar
DATAFLOW,OECD.SDD.NAD:DSD_NAMAIN1@DF_QNA_EXPENDITURE_CAPITA(1.1),Quarterly GDP per capita,I,A,Annual,Y,Calendar and seasonally adjusted,LVA,Latvia,S1,Total economy,S1,Total economy,B1GQ_POP,"Gross domestic product, per capita",_Z,Not applicable,_Z,Not applicable,_Z,Not applicable,USD_PPP_PS,"US dollars per person, PPP converted",V,Current prices,LA,Annual levels,T0102,Table 0102 - GDP identity from the expenditure side,2004,,11319.8,,,,,,F,Free (free for publication),1,One,A,Normal value,0,Units,USD,US dollar
DATAFLOW,OECD.SDD.NAD:DSD_NAMAIN1@DF_QNA_EXPENDITURE_CAPITA(1.1),Quarterly GDP per capita,I,A,Annual,Y,Calendar and seasonally adjusted,LVA,Latvia,S1,Total economy,S1,Total economy,B1GQ_POP,"Gross domestic product, per capita",_Z,Not applicable,_Z,Not applicable,_Z,Not applicable,USD_PPP_PS,"US dollars per person, PPP converted",V,Current prices,LA,Annual levels,T0102,Table 0102 - GDP identity from the expenditure side,2003,,10192.7,,,,,,F,Free (free for publication),1,One,A,Normal value,0,Units,USD,US dollar
DATAFLOW,OECD.SDD.NAD:DSD_NAMAIN1@DF_QNA_EXPENDITURE_CAPITA(1.1),Quarterly GDP per capita,I,A,Annual,Y,Calendar and seasonally adjusted,LVA,Latvia,S1,Total economy,S1,Total economy,B1GQ_POP,"Gross domestic product, per capita",_Z,Not applicable,_Z,Not applicable,_Z,Not applicable,USD_PPP_PS,"US dollars per person, PPP converted",V,Current prices,LA,Annual levels,T0102,Table 0102 - GDP identity from the expenditure side,2002,,9567.9,,,,,,F,Free (free for publication),1,One,A,Normal value,0,Units,USD,US dollar
DATAFLOW,OECD.SDD.NAD:DSD_NAMAIN1@DF_QNA_EXPENDITURE_CAPITA(1.1),Quarterly GDP per capita,I,A,Annual,Y,Calendar and seasonally adjusted,LVA,Latvia,S1,Total economy,S1,Total economy,B1GQ_POP,"Gross domestic product, per capita",_Z,Not applicable,_Z,Not applicable,_Z,Not applicable,USD_PPP_PS,"US dollars per person, PPP converted",V,Current prices,LA,Annual levels,T0102,Table 0102 - GDP identity from the expenditure side,2001,,8805.8,,,,,,F,Free (free for publication),1,One,A,Normal value,0,Units,USD,US dollar
DATAFLOW,OECD.SDD.NAD:DSD_NAMAIN1@DF_QNA_EXPENDITURE_CAPITA(1.1),Quarterly GDP per capita,I,A,Annual,Y,Calendar and seasonally adjusted,LVA,Latvia,S1,Total economy,S1,Total economy,B1GQ_POP,"Gross domestic product, per capita",_Z,Not applicable,_Z,Not applicable,_Z,Not applicable,USD_PPP_PS,"US dollars per person, PPP converted",V,Current prices,LA,Annual levels,T0102,Table 0102 - GDP identity from the expenditure side,2000,,7848.7,,,,,,F,Free (free for publication),1,One,A,Normal value,0,Units,USD,US dollar
DATAFLOW,OECD.SDD.NAD:DSD_NAMAIN1@DF_QNA_EXPENDITURE_CAPITA(1.1),Quarterly GDP per capita,I,A,Annual,Y,Calendar and seasonally adjusted,LVA,Latvia,S1,Total economy,S1,Total economy,B1GQ_POP,"Gross domestic product, per capita",_Z,Not applicable,_Z,Not applicable,_Z,Not applicable,USD_PPP_PS,"US dollars per person, PPP converted",V,Current prices,LA,Annual levels,T0102,Table 0102 - GDP identity from the expenditure side,2024,,43902.2,,,,,,F,Free (free for publication),1,One,A,Normal value,0,Units,USD,US dollar
DATAFLOW,OECD.SDD.NAD:DSD_NAMAIN1@DF_QNA_EXPENDITURE_CAPITA(1.1),Quarterly GDP per capita,I,A,Annual,Y,Calendar and seasonally adjusted,LVA,Latvia,S1,Total economy,S1,Total economy,B1GQ_POP,"Gross domestic product, per capita",_Z,Not applicable,_Z,Not applicable,_Z,Not applicable,USD_PPP_PS,"US dollars per person, PPP converted",V,Current prices,LA,Annual levels,T0102,Table 0102 - GDP identity from the expenditure side,2020,,32734.3,,,,,,F,Free (free for publication),1,One,A,Normal value,0,Units,USD,US dollar
DATAFLOW,OECD.SDD.NAD:DSD_NAMAIN1@DF_QNA_EXPENDITURE_CAPITA(1.1),Quarterly GDP per capita,I,A,Annual,Y,Calendar and seasonally adjusted,LVA,Latvia,S1,Total economy,S1,Total economy,B1GQ_POP,"Gross domestic product, per capita",_Z,Not applicable,_Z,Not applicable,_Z,Not applicable,USD_PPP_PS,"US dollars per person, PPP converted",V,Current prices,LA,Annual levels,T0102,Table 0102 - GDP identity from the expenditure side,2019,,32209.8,,,,,,F,Free (free for publication),1,One,A,Normal value,0,Units,USD,US dollar
DATAFLOW,OECD.SDD.NAD:DSD_NAMAIN1@DF_QNA_EXPENDITURE_CAPITA(1.1),Quarterly GDP per capita,I,A,Annual,Y,Calendar and seasonally adjusted,LVA,Latvia,S1,Total economy,S1,Total economy,B1GQ_POP,"Gross domestic product, per capita",_Z,Not applicable,_Z,Not applicable,_Z,Not applicable,USD_PPP_PS,"US dollars per person, PPP converted",V,Current prices,LA,Annual levels,T0102,Table 0102 - GDP identity from the expenditure side,2023,,42833.2,,,,,,F,Free (free for publication),1,One,A,Normal value,0,Units,USD,US dollar
DATAFLOW,OECD.SDD.NAD:DSD_NAMAIN1@DF_QNA_EXPENDITURE_CAPITA(1.1),Quarterly GDP per capita,I,A,Annual,Y,Calendar and seasonally adjusted,LVA,Latvia,S1,Total economy,S1,Total economy,B1GQ_POP,"Gross domestic product, per capita",_Z,Not applicable,_Z,Not applicable,_Z,Not applicable,USD_PPP_PS,"US dollars per person, PPP converted",V,Current prices,LA,Annual levels,T0102,Table 0102 - GDP identity from the expenditure side,2022,,40399.4,,,,,,F,Free (free for publication),1,One,A,Normal value,0,Units,USD,US dollar
DATAFLOW,OECD.SDD.NAD:DSD_NAMAIN1@DF_QNA_EXPENDITURE_CAPITA(1.1),Quarterly GDP per capita,I,A,Annual,Y,Calendar and seasonally adjusted,LVA,Latvia,S1,Total economy,S1,Total economy,B1GQ_POP,"Gross domestic product, per capita",_Z,Not applicable,_Z,Not applicable,_Z,Not applicable,USD_PPP_PS,"US dollars per person, PPP converted",V,Current prices,LA,Annual levels,T0102,Table 0102 - GDP identity from the expenditure side,2021,,36907,,,,,,F,Free (free for publication),1,One,A,Normal value,0,Units,USD,US dollar
DATAFLOW,OECD.SDD.NAD:DSD_NAMAIN1@DF_QNA_EXPENDITURE_CAPITA(1.1),Quarterly GDP per capita,I,A,Annual,Y,Calendar and seasonally adjusted,LVA,Latvia,S1,Total economy,S1,Total economy,B1GQ_POP,"Gross domestic product, per capita",_Z,Not applicable,_Z,Not applicable,_Z,Not applicable,USD_PPP_PS,"US dollars per person, PPP converted",LR,Chain linked volume (rebased),LA,Annual levels,T0102,Table 0102 - GDP identity from the expenditure side,2007,,28138.6,,2020,,,,F,Free (free for publication),1,One,A,Normal value,0,Units,USD,US dollar
DATAFLOW,OECD.SDD.NAD:DSD_NAMAIN1@DF_QNA_EXPENDITURE_CAPITA(1.1),Quarterly GDP per capita,I,A,Annual,Y,Calendar and seasonally adjusted,LVA,Latvia,S1,Total economy,S1,Total economy,B1GQ_POP,"Gross domestic product, per capita",_Z,Not applicable,_Z,Not applicable,_Z,Not applicable,USD_PPP_PS,"US dollars per person, PPP converted",LR,Chain linked volume (rebased),LA,Annual levels,T0102,Table 0102 - GDP identity from the expenditure side,2006,,25281.9,,2020,,,,F,Free (free for publication),1,One,A,Normal value,0,Units,USD,US dollar
DATAFLOW,OECD.SDD.NAD:DSD_NAMAIN1@DF_QNA_EXPENDITURE_CAPITA(1.1),Quarterly GDP per capita,I,A,Annual,Y,Calendar and seasonally adjusted,LVA,Latvia,S1,Total economy,S1,Total economy,B1GQ_POP,"Gross domestic product, per capita",_Z,Not applicable,_Z,Not applicable,_Z,Not applicable,USD_PPP_PS,"US dollars per person, PPP converted",LR,Chain linked volume (rebased),LA,Annual levels,T0102,Table 0102 - GDP identity from the expenditure side,2005,,22207,,2020,,,,F,Free (free for publication),1,One,A,Normal value,0,Units,USD,US dollar
DATAFLOW,OECD.SDD.NAD:DSD_NAMAIN1@DF_QNA_EXPENDITURE_CAPITA(1.1),Quarterly GDP per capita,I,A,Annual,Y,Calendar and seasonally adjusted,LVA,Latvia,S1,Total economy,S1,Total economy,B1GQ_POP,"Gross domestic product, per capita",_Z,Not applicable,_Z,Not applicable,_Z,Not applicable,USD_PPP_PS,"US dollars per person, PPP converted",LR,Chain linked volume (rebased),LA,Annual levels,T0102,Table 0102 - GDP identity from the expenditure side,2020,,32734.3,,2020,,,,F,Free (free for publication),1,One,A,Normal value,0,Units,USD,US dollar
DATAFLOW,OECD.SDD.NAD:DSD_NAMAIN1@DF_QNA_EXPENDITURE_CAPITA(1.1),Quarterly GDP per capita,I,A,Annual,Y,Calendar and seasonally adjusted,LVA,Latvia,S1,Total economy,S1,Total economy,B1GQ_POP,"Gross domestic product, per capita",_Z,Not applicable,_Z,Not applicable,_Z,Not applicable,USD_PPP_PS,"US dollars per person, PPP converted",LR,Chain linked volume (rebased),LA,Annual levels,T0102,Table 0102 - GDP identity from the expenditure side,2019,,33692.3,,2020,,,,F,Free (free for publication),1,One,A,Normal value,0,Units,USD,US dollar
DATAFLOW,OECD.SDD.NAD:DSD_NAMAIN1@DF_QNA_EXPENDITURE_CAPITA(1.1),Quarterly GDP per capita,I,A,Annual,Y,Calendar and seasonally adjusted,LVA,Latvia,S1,Total economy,S1,Total economy,B1GQ_POP,"Gross domestic product, per capita",_Z,Not applicable,_Z,Not applicable,_Z,Not applicable,USD_PPP_PS,"US dollars per person, PPP converted",LR,Chain linked volume (rebased),LA,Annual levels,T0102,Table 0102 - GDP identity from the expenditure side,2018,,33239.3,,2020,,,,F,Free (free for publication),1,One,A,Normal value,0,Units,USD,US dollar
DATAFLOW,OECD.SDD.NAD:DSD_NAMAIN1@DF_QNA_EXPENDITURE_CAPITA(1.1),Quarterly GDP per capita,I,A,Annual,Y,Calendar and seasonally adjusted,LVA,Latvia,S1,Total economy,S1,Total economy,B1GQ_POP,"Gross domestic product, per capita",_Z,Not applicable,_Z,Not applicable,_Z,Not applicable,USD_PPP_PS,"US dollars per person, PPP converted",LR,Chain linked volume (rebased),LA,Annual levels,T0102,Table 0102 - GDP identity from the expenditure side,2017,,31621.2,,2020,,,,F,Free (free for publication),1,One,A,Normal value,0,Units,USD,US dollar
DATAFLOW,OECD.SDD.NAD:DSD_NAMAIN1@DF_QNA_EXPENDITURE_CAPITA(1.1),Quarterly GDP per capita,I,A,Annual,Y,Calendar and seasonally adjusted,LVA,Latvia,S1,Total economy,S1,Total economy,B1GQ_POP,"Gross domestic product, per capita",_Z,Not applicable,_Z,Not applicable,_Z,Not applicable,USD_PPP_PS,"US dollars per person, PPP converted",LR,Chain linked volume (rebased),LA,Annual levels,T0102,Table 0102 - GDP identity from the expenditure side,2004,,19682.8,,2020,,,,F,Free (free for publication),1,One,A,Normal value,0,Units,USD,US dollar
DATAFLOW,OECD.SDD.NAD:DSD_NAMAIN1@DF_QNA_EXPENDITURE_CAPITA(1.1),Quarterly GDP per capita,I,A,Annual,Y,Calendar and seasonally adjusted,LVA,Latvia,S1,Total economy,S1,Total economy,B1GQ_POP,"Gross domestic product, per capita",_Z,Not applicable,_Z,Not applicable,_Z,Not applicable,USD_PPP_PS,"US dollars per person, PPP converted",LR,Chain linked volume (rebased),LA,Annual levels,T0102,Table 0102 - GDP identity from the expenditure side,2003,,17904.8,,2020,,,,F,Free (free for publication),1,One,A,Normal value,0,Units,USD,US dollar
DATAFLOW,OECD.SDD.NAD:DSD_NAMAIN1@DF_QNA_EXPENDITURE_CAPITA(1.1),Quarterly GDP per capita,I,A,Annual,Y,Calendar and seasonally adjusted,LVA,Latvia,S1,Total economy,S1,Total economy,B1GQ_POP,"Gross domestic product, per capita",_Z,Not applicable,_Z,Not applicable,_Z,Not applicable,USD_PPP_PS,"US dollars per person, PPP converted",LR,Chain linked volume (rebased),LA,Annual levels,T0102,Table 0102 - GDP identity from the expenditure side,2002,,16353.6,,2020,,,,F,Free (free for publication),1,One,A,Normal value,0,Units,USD,US dollar
DATAFLOW,OECD.SDD.NAD:DSD_NAMAIN1@DF_QNA_EXPENDITURE_CAPITA(1.1),Quarterly GDP per capita,I,A,Annual,Y,Calendar and seasonally adjusted,LVA,Latvia,S1,Total economy,S1,Total economy,B1GQ_POP,"Gross domestic product, per capita",_Z,Not applicable,_Z,Not applicable,_Z,Not applicable,USD_PPP_PS,"US dollars per person, PPP converted",LR,Chain linked volume (rebased),LA,Annual levels,T0102,Table 0102 - GDP identity from the expenditure side,2001,,15011.7,,2020,,,,F,Free (free for publication),1,One,A,Normal value,0,Units,USD,US dollar
DATAFLOW,OECD.SDD.NAD:DSD_NAMAIN1@DF_QNA_EXPENDITURE_CAPITA(1.1),Quarterly GDP per capita,I,A,Annual,Y,Calendar and seasonally adjusted,LVA,Latvia,S1,Total economy,S1,Total economy,B1GQ_POP,"Gross domestic product, per capita",_Z,Not applicable,_Z,Not applicable,_Z,Not applicable,USD_PPP_PS,"US dollars per person, PPP converted",LR,Chain linked volume (rebased),LA,Annual levels,T0102,Table 0102 - GDP identity from the expenditure side,2000,,13922.6,,2020,,,,F,Free (free for publication),1,One,A,Normal value,0,Units,USD,US dollar
DATAFLOW,OECD.SDD.NAD:DSD_NAMAIN1@DF_QNA_EXPENDITURE_CAPITA(1.1),Quarterly GDP per capita,I,A,Annual,Y,Calendar and seasonally adjusted,LVA,Latvia,S1,Total economy,S1,Total economy,B1GQ_POP,"Gross domestic product, per capita",_Z,Not applicable,_Z,Not applicable,_Z,Not applicable,USD_PPP_PS,"US dollars per person, PPP converted",LR,Chain linked volume (rebased),LA,Annual levels,T0102,Table 0102 - GDP identity from the expenditure side,2024,,36007.2,,2020,,,,F,Free (free for publication),1,One,A,Normal value,0,Units,USD,US dollar
DATAFLOW,OECD.SDD.NAD:DSD_NAMAIN1@DF_QNA_EXPENDITURE_CAPITA(1.1),Quarterly GDP per capita,I,A,Annual,Y,Calendar and seasonally adjusted,LVA,Latvia,S1,Total economy,S1,Total economy,B1GQ_POP,"Gross domestic product, per capita",_Z,Not applicable,_Z,Not applicable,_Z,Not applicable,USD_PPP_PS,"US dollars per person, PPP converted",V,Current prices,LA,Annual levels,T0102,Table 0102 - GDP identity from the expenditure side,2008,,17440.2,,,,,,F,Free (free for publication),1,One,A,Normal value,0,Units,USD,US dollar
DATAFLOW,OECD.SDD.NAD:DSD_NAMAIN1@DF_QNA_EXPENDITURE_CAPITA(1.1),Quarterly GDP per capita,I,A,Annual,Y,Calendar and seasonally adjusted,LVA,Latvia,S1,Total economy,S1,Total economy,B1GQ_POP,"Gross domestic product, per capita",_Z,Not applicable,_Z,Not applicable,_Z,Not applicable,USD_PPP_PS,"US dollars per person, PPP converted",V,Current prices,LA,Annual levels,T0102,Table 0102 - GDP identity from the expenditure side,2007,,16240.4,,,,,,F,Free (free for publication),1,One,A,Normal value,0,Units,USD,US dollar
DATAFLOW,OECD.SDD.NAD:DSD_NAMAIN1@DF_QNA_EXPENDITURE_CAPITA(1.1),Quarterly GDP per capita,I,A,Annual,Y,Calendar and seasonally adjusted,LVA,Latvia,S1,Total economy,S1,Total economy,B1GQ_POP,"Gross domestic product, per capita",_Z,Not applicable,_Z,Not applicable,_Z,Not applicable,USD_PPP_PS,"US dollars per person, PPP converted",V,Current prices,LA,Annual levels,T0102,Table 0102 - GDP identity from the expenditure side,2012,,19422.9,,,,,,F,Free (free for publication),1,One,A,Normal value,0,Units,USD,US dollar
DATAFLOW,OECD.SDD.NAD:DSD_NAMAIN1@DF_QNA_EXPENDITURE_CAPITA(1.1),Quarterly GDP per capita,I,A,Annual,Y,Calendar and seasonally adjusted,LVA,Latvia,S1,Total economy,S1,Total economy,B1GQ_POP,"Gross domestic product, per capita",_Z,Not applicable,_Z,Not applicable,_Z,Not applicable,USD_PPP_PS,"US dollars per person, PPP converted",V,Current prices,LA,Annual levels,T0102,Table 0102 - GDP identity from the expenditure side,2011,,17688.1,,,,,,F,Free (free for publication),1,One,A,Normal value,0,Units,USD,US dollar
DATAFLOW,OECD.SDD.NAD:DSD_NAMAIN1@DF_QNA_EXPENDITURE_CAPITA(1.1),Quarterly GDP per capita,I,A,Annual,Y,Calendar and seasonally adjusted,ITA,Italy,S1,Total economy,S1,Total economy,B1GQ_POP,"Gross domestic product, per capita",_Z,Not applicable,_Z,Not applicable,_Z,Not applicable,USD_PPP_PS,"US dollars per person, PPP converted",V,Current prices,LA,Annual levels,T0102,Table 0102 - GDP identity from the expenditure side,2015,,37384.4,,,,,,F,Free (free for publication),1,One,A,Normal value,0,Units,USD,US dollar
DATAFLOW,OECD.SDD.NAD:DSD_NAMAIN1@DF_QNA_EXPENDITURE_CAPITA(1.1),Quarterly GDP per capita,I,A,Annual,Y,Calendar and seasonally adjusted,ITA,Italy,S1,Total economy,S1,Total economy,B1GQ_POP,"Gross domestic product, per capita",_Z,Not applicable,_Z,Not applicable,_Z,Not applicable,USD_PPP_PS,"US dollars per person, PPP converted",V,Current prices,LA,Annual levels,T0102,Table 0102 - GDP identity from the expenditure side,2014,,36665.7,,,,,,F,Free (free for publication),1,One,A,Normal value,0,Units,USD,US dollar
DATAFLOW,OECD.SDD.NAD:DSD_NAMAIN1@DF_QNA_EXPENDITURE_CAPITA(1.1),Quarterly GDP per capita,I,A,Annual,Y,Calendar and seasonally adjusted,ITA,Italy,S1,Total economy,S1,Total economy,B1GQ_POP,"Gross domestic product, per capita",_Z,Not applicable,_Z,Not applicable,_Z,Not applicable,USD_PPP_PS,"US dollars per person, PPP converted",V,Current prices,LA,Annual levels,T0102,Table 0102 - GDP identity from the expenditure side,2007,,34107.6,,,,,,F,Free (free for publication),1,One,A,Normal value,0,Units,USD,US dollar
DATAFLOW,OECD.SDD.NAD:DSD_NAMAIN1@DF_QNA_EXPENDITURE_CAPITA(1.1),Quarterly GDP per capita,I,A,Annual,Y,Calendar and seasonally adjusted,ITA,Italy,S1,Total economy,S1,Total economy,B1GQ_POP,"Gross domestic product, per capita",_Z,Not applicable,_Z,Not applicable,_Z,Not applicable,USD_PPP_PS,"US dollars per person, PPP converted",V,Current prices,LA,Annual levels,T0102,Table 0102 - GDP identity from the expenditure side,2006,,32453.6,,,,,,F,Free (free for publication),1,One,A,Normal value,0,Units,USD,US dollar
DATAFLOW,OECD.SDD.NAD:DSD_NAMAIN1@DF_QNA_EXPENDITURE_CAPITA(1.1),Quarterly GDP per capita,I,A,Annual,Y,Calendar and seasonally adjusted,ITA,Italy,S1,Total economy,S1,Total economy,B1GQ_POP,"Gross domestic product, per capita",_Z,Not applicable,_Z,Not applicable,_Z,Not applicable,USD_PPP_PS,"US dollars per person, PPP converted",V,Current prices,LA,Annual levels,T0102,Table 0102 - GDP identity from the expenditure side,2005,,30137.8,,,,,,F,Free (free for publication),1,One,A,Normal value,0,Units,USD,US dollar
DATAFLOW,OECD.SDD.NAD:DSD_NAMAIN1@DF_QNA_EXPENDITURE_CAPITA(1.1),Quarterly GDP per capita,I,A,Annual,Y,Calendar and seasonally adjusted,ITA,Italy,S1,Total economy,S1,Total economy,B1GQ_POP,"Gross domestic product, per capita",_Z,Not applicable,_Z,Not applicable,_Z,Not applicable,USD_PPP_PS,"US dollars per person, PPP converted",V,Current prices,LA,Annual levels,T0102,Table 0102 - GDP identity from the expenditure side,2004,,29580.8,,,,,,F,Free (free for publication),1,One,A,Normal value,0,Units,USD,US dollar
DATAFLOW,OECD.SDD.NAD:DSD_NAMAIN1@DF_QNA_EXPENDITURE_CAPITA(1.1),Quarterly GDP per capita,I,A,Annual,Y,Calendar and seasonally adjusted,ITA,Italy,S1,Total economy,S1,Total economy,B1GQ_POP,"Gross domestic product, per capita",_Z,Not applicable,_Z,Not applicable,_Z,Not applicable,USD_PPP_PS,"US dollars per person, PPP converted",V,Current prices,LA,Annual levels,T0102,Table 0102 - GDP identity from the expenditure side,2003,,29249.2,,,,,,F,Free (free for publication),1,One,A,Normal value,0,Units,USD,US dollar
DATAFLOW,OECD.SDD.NAD:DSD_NAMAIN1@DF_QNA_EXPENDITURE_CAPITA(1.1),Quarterly GDP per capita,I,A,Annual,Y,Calendar and seasonally adjusted,ITA,Italy,S1,Total economy,S1,Total economy,B1GQ_POP,"Gross domestic product, per capita",_Z,Not applicable,_Z,Not applicable,_Z,Not applicable,USD_PPP_PS,"US dollars per person, PPP converted",V,Current prices,LA,Annual levels,T0102,Table 0102 - GDP identity from the expenditure side,2002,,28833,,,,,,F,Free (free for publication),1,One,A,Normal value,0,Units,USD,US dollar
DATAFLOW,OECD.SDD.NAD:DSD_NAMAIN1@DF_QNA_EXPENDITURE_CAPITA(1.1),Quarterly GDP per capita,I,A,Annual,Y,Calendar and seasonally adjusted,ITA,Italy,S1,Total economy,S1,Total economy,B1GQ_POP,"Gross domestic product, per capita",_Z,Not applicable,_Z,Not applicable,_Z,Not applicable,USD_PPP_PS,"US dollars per person, PPP converted",V,Current prices,LA,Annual levels,T0102,Table 0102 - GDP identity from the expenditure side,2001,,28132.7,,,,,,F,Free (free for publication),1,One,A,Normal value,0,Units,USD,US dollar
DATAFLOW,OECD.SDD.NAD:DSD_NAMAIN1@DF_QNA_EXPENDITURE_CAPITA(1.1),Quarterly GDP per capita,I,A,Annual,Y,Calendar and seasonally adjusted,ITA,Italy,S1,Total economy,S1,Total economy,B1GQ_POP,"Gross domestic product, per capita",_Z,Not applicable,_Z,Not applicable,_Z,Not applicable,USD_PPP_PS,"US dollars per person, PPP converted",V,Current prices,LA,Annual levels,T0102,Table 0102 - GDP identity from the expenditure side,2000,,27152.1,,,,,,F,Free (free for publication),1,One,A,Normal value,0,Units,USD,US dollar
DATAFLOW,OECD.SDD.NAD:DSD_NAMAIN1@DF_QNA_EXPENDITURE_CAPITA(1.1),Quarterly GDP per capita,I,A,Annual,Y,Calendar and seasonally adjusted,ITA,Italy,S1,Total economy,S1,Total economy,B1GQ_POP,"Gross domestic product, per capita",_Z,Not applicable,_Z,Not applicable,_Z,Not applicable,USD_PPP_PS,"US dollars per person, PPP converted",V,Current prices,LA,Annual levels,T0102,Table 0102 - GDP identity from the expenditure side,2024,,62288.1,,,,,,F,Free (free for publication),1,One,A,Normal value,0,Units,USD,US dollar
DATAFLOW,OECD.SDD.NAD:DSD_NAMAIN1@DF_QNA_EXPENDITURE_CAPITA(1.1),Quarterly GDP per capita,I,A,Annual,Y,Calendar and seasonally adjusted,ITA,Italy,S1,Total economy,S1,Total economy,B1GQ_POP,"Gross domestic product, per capita",_Z,Not applicable,_Z,Not applicable,_Z,Not applicable,USD_PPP_PS,"US dollars per person, PPP converted",V,Current prices,LA,Annual levels,T0102,Table 0102 - GDP identity from the expenditure side,2023,,60349.7,,,,,,F,Free (free for publication),1,One,A,Normal value,0,Units,USD,US dollar
DATAFLOW,OECD.SDD.NAD:DSD_NAMAIN1@DF_QNA_EXPENDITURE_CAPITA(1.1),Quarterly GDP per capita,I,A,Annual,Y,Calendar and seasonally adjusted,ITA,Italy,S1,Total economy,S1,Total economy,B1GQ_POP,"Gross domestic product, per capita",_Z,Not applicable,_Z,Not applicable,_Z,Not applicable,USD_PPP_PS,"US dollars per person, PPP converted",V,Current prices,LA,Annual levels,T0102,Table 0102 - GDP identity from the expenditure side,2019,,46661.9,,,,,,F,Free (free for publication),1,One,A,Normal value,0,Units,USD,US dollar
DATAFLOW,OECD.SDD.NAD:DSD_NAMAIN1@DF_QNA_EXPENDITURE_CAPITA(1.1),Quarterly GDP per capita,I,A,Annual,Y,Calendar and seasonally adjusted,ITA,Italy,S1,Total economy,S1,Total economy,B1GQ_POP,"Gross domestic product, per capita",_Z,Not applicable,_Z,Not applicable,_Z,Not applicable,USD_PPP_PS,"US dollars per person, PPP converted",V,Current prices,LA,Annual levels,T0102,Table 0102 - GDP identity from the expenditure side,2022,,57260.9,,,,,,F,Free (free for publication),1,One,A,Normal value,0,Units,USD,US dollar
DATAFLOW,OECD.SDD.NAD:DSD_NAMAIN1@DF_QNA_EXPENDITURE_CAPITA(1.1),Quarterly GDP per capita,I,A,Annual,Y,Calendar and seasonally adjusted,ITA,Italy,S1,Total economy,S1,Total economy,B1GQ_POP,"Gross domestic product, per capita",_Z,Not applicable,_Z,Not applicable,_Z,Not applicable,USD_PPP_PS,"US dollars per person, PPP converted",V,Current prices,LA,Annual levels,T0102,Table 0102 - GDP identity from the expenditure side,2021,,49825.3,,,,,,F,Free (free for publication),1,One,A,Normal value,0,Units,USD,US dollar
DATAFLOW,OECD.SDD.NAD:DSD_NAMAIN1@DF_QNA_EXPENDITURE_CAPITA(1.1),Quarterly GDP per capita,I,A,Annual,Y,Calendar and seasonally adjusted,ITA,Italy,S1,Total economy,S1,Total economy,B1GQ_POP,"Gross domestic product, per capita",_Z,Not applicable,_Z,Not applicable,_Z,Not applicable,USD_PPP_PS,"US dollars per person, PPP converted",V,Current prices,LA,Annual levels,T0102,Table 0102 - GDP identity from the expenditure side,2020,,44435.6,,,,,,F,Free (free for publication),1,One,A,Normal value,0,Units,USD,US dollar
DATAFLOW,OECD.SDD.NAD:DSD_NAMAIN1@DF_QNA_EXPENDITURE_CAPITA(1.1),Quarterly GDP per capita,I,A,Annual,Y,Calendar and seasonally adjusted,ITA,Italy,S1,Total economy,S1,Total economy,B1GQ_POP,"Gross domestic product, per capita",_Z,Not applicable,_Z,Not applicable,_Z,Not applicable,USD_PPP_PS,"US dollars per person, PPP converted",LR,Chain linked volume (rebased),LA,Annual levels,T0102,Table 0102 - GDP identity from the expenditure side,2000,,49170,,2020,,,,F,Free (free for publication),1,One,A,Normal value,0,Units,USD,US dollar
DATAFLOW,OECD.SDD.NAD:DSD_NAMAIN1@DF_QNA_EXPENDITURE_CAPITA(1.1),Quarterly GDP per capita,I,A,Annual,Y,Calendar and seasonally adjusted,ITA,Italy,S1,Total economy,S1,Total economy,B1GQ_POP,"Gross domestic product, per capita",_Z,Not applicable,_Z,Not applicable,_Z,Not applicable,USD_PPP_PS,"US dollars per person, PPP converted",LR,Chain linked volume (rebased),LA,Annual levels,T0102,Table 0102 - GDP identity from the expenditure side,2016,,46860.1,,2020,,,,F,Free (free for publication),1,One,A,Normal value,0,Units,USD,US dollar
DATAFLOW,OECD.SDD.NAD:DSD_NAMAIN1@DF_QNA_EXPENDITURE_CAPITA(1.1),Quarterly GDP per capita,I,A,Annual,Y,Calendar and seasonally adjusted,ITA,Italy,S1,Total economy,S1,Total economy,B1GQ_POP,"Gross domestic product, per capita",_Z,Not applicable,_Z,Not applicable,_Z,Not applicable,USD_PPP_PS,"US dollars per person, PPP converted",LR,Chain linked volume (rebased),LA,Annual levels,T0102,Table 0102 - GDP identity from the expenditure side,2015,,46199.9,,2020,,,,F,Free (free for publication),1,One,A,Normal value,0,Units,USD,US dollar
DATAFLOW,OECD.SDD.NAD:DSD_NAMAIN1@DF_QNA_EXPENDITURE_CAPITA(1.1),Quarterly GDP per capita,I,A,Annual,Y,Calendar and seasonally adjusted,ITA,Italy,S1,Total economy,S1,Total economy,B1GQ_POP,"Gross domestic product, per capita",_Z,Not applicable,_Z,Not applicable,_Z,Not applicable,USD_PPP_PS,"US dollars per person, PPP converted",LR,Chain linked volume (rebased),LA,Annual levels,T0102,Table 0102 - GDP identity from the expenditure side,2014,,45725.2,,2020,,,,F,Free (free for publication),1,One,A,Normal value,0,Units,USD,US dollar
DATAFLOW,OECD.SDD.NAD:DSD_NAMAIN1@DF_QNA_EXPENDITURE_CAPITA(1.1),Quarterly GDP per capita,I,A,Annual,Y,Calendar and seasonally adjusted,ITA,Italy,S1,Total economy,S1,Total economy,B1GQ_POP,"Gross domestic product, per capita",_Z,Not applicable,_Z,Not applicable,_Z,Not applicable,USD_PPP_PS,"US dollars per person, PPP converted",LR,Chain linked volume (rebased),LA,Annual levels,T0102,Table 0102 - GDP identity from the expenditure side,2013,,45732.7,,2020,,,,F,Free (free for publication),1,One,A,Normal value,0,Units,USD,US dollar
DATAFLOW,OECD.SDD.NAD:DSD_NAMAIN1@DF_QNA_EXPENDITURE_CAPITA(1.1),Quarterly GDP per capita,I,A,Annual,Y,Calendar and seasonally adjusted,ITA,Italy,S1,Total economy,S1,Total economy,B1GQ_POP,"Gross domestic product, per capita",_Z,Not applicable,_Z,Not applicable,_Z,Not applicable,USD_PPP_PS,"US dollars per person, PPP converted",LR,Chain linked volume (rebased),LA,Annual levels,T0102,Table 0102 - GDP identity from the expenditure side,2012,,46672.8,,2020,,,,F,Free (free for publication),1,One,A,Normal value,0,Units,USD,US dollar
DATAFLOW,OECD.SDD.NAD:DSD_NAMAIN1@DF_QNA_EXPENDITURE_CAPITA(1.1),Quarterly GDP per capita,I,A,Annual,Y,Calendar and seasonally adjusted,ITA,Italy,S1,Total economy,S1,Total economy,B1GQ_POP,"Gross domestic product, per capita",_Z,Not applicable,_Z,Not applicable,_Z,Not applicable,USD_PPP_PS,"US dollars per person, PPP converted",LR,Chain linked volume (rebased),LA,Annual levels,T0102,Table 0102 - GDP identity from the expenditure side,2011,,48310.4,,2020,,,,F,Free (free for publication),1,One,A,Normal value,0,Units,USD,US dollar
DATAFLOW,OECD.SDD.NAD:DSD_NAMAIN1@DF_QNA_EXPENDITURE_CAPITA(1.1),Quarterly GDP per capita,I,A,Annual,Y,Calendar and seasonally adjusted,ITA,Italy,S1,Total economy,S1,Total economy,B1GQ_POP,"Gross domestic product, per capita",_Z,Not applicable,_Z,Not applicable,_Z,Not applicable,USD_PPP_PS,"US dollars per person, PPP converted",LR,Chain linked volume (rebased),LA,Annual levels,T0102,Table 0102 - GDP identity from the expenditure side,2010,,48143,,2020,,,,F,Free (free for publication),1,One,A,Normal value,0,Units,USD,US dollar
DATAFLOW,OECD.SDD.NAD:DSD_NAMAIN1@DF_QNA_EXPENDITURE_CAPITA(1.1),Quarterly GDP per capita,I,A,Annual,Y,Calendar and seasonally adjusted,MEX,Mexico,S1,Total economy,S1,Total economy,B1GQ_POP,"Gross domestic product, per capita",_Z,Not applicable,_Z,Not applicable,_Z,Not applicable,USD_PPP_PS,"US dollars per person, PPP converted",V,Current prices,LA,Annual levels,T0102,Table 0102 - GDP identity from the expenditure side,2011,,17502.4,,,,,,F,Free (free for publication),1,One,A,Normal value,0,Units,USD,US dollar
DATAFLOW,OECD.SDD.NAD:DSD_NAMAIN1@DF_QNA_EXPENDITURE_CAPITA(1.1),Quarterly GDP per capita,I,A,Annual,Y,Calendar and seasonally adjusted,MEX,Mexico,S1,Total economy,S1,Total economy,B1GQ_POP,"Gross domestic product, per capita",_Z,Not applicable,_Z,Not applicable,_Z,Not applicable,USD_PPP_PS,"US dollars per person, PPP converted",V,Current prices,LA,Annual levels,T0102,Table 0102 - GDP identity from the expenditure side,2010,,16087.7,,,,,,F,Free (free for publication),1,One,A,Normal value,0,Units,USD,US dollar
DATAFLOW,OECD.SDD.NAD:DSD_NAMAIN1@DF_QNA_EXPENDITURE_CAPITA(1.1),Quarterly GDP per capita,I,A,Annual,Y,Calendar and seasonally adjusted,MEX,Mexico,S1,Total economy,S1,Total economy,B1GQ_POP,"Gross domestic product, per capita",_Z,Not applicable,_Z,Not applicable,_Z,Not applicable,USD_PPP_PS,"US dollars per person, PPP converted",V,Current prices,LA,Annual levels,T0102,Table 0102 - GDP identity from the expenditure side,2009,,15348.2,,,,,,F,Free (free for publication),1,One,A,Normal value,0,Units,USD,US dollar
DATAFLOW,OECD.SDD.NAD:DSD_NAMAIN1@DF_QNA_EXPENDITURE_CAPITA(1.1),Quarterly GDP per capita,I,A,Annual,Y,Calendar and seasonally adjusted,MEX,Mexico,S1,Total economy,S1,Total economy,B1GQ_POP,"Gross domestic product, per capita",_Z,Not applicable,_Z,Not applicable,_Z,Not applicable,USD_PPP_PS,"US dollars per person, PPP converted",V,Current prices,LA,Annual levels,T0102,Table 0102 - GDP identity from the expenditure side,2018,,21131.4,,,,,,F,Free (free for publication),1,One,A,Normal value,0,Units,USD,US dollar
DATAFLOW,OECD.SDD.NAD:DSD_NAMAIN1@DF_QNA_EXPENDITURE_CAPITA(1.1),Quarterly GDP per capita,I,A,Annual,Y,Calendar and seasonally adjusted,MEX,Mexico,S1,Total economy,S1,Total economy,B1GQ_POP,"Gross domestic product, per capita",_Z,Not applicable,_Z,Not applicable,_Z,Not applicable,USD_PPP_PS,"US dollars per person, PPP converted",V,Current prices,LA,Annual levels,T0102,Table 0102 - GDP identity from the expenditure side,2017,,20756.4,,,,,,F,Free (free for publication),1,One,A,Normal value,0,Units,USD,US dollar
DATAFLOW,OECD.SDD.NAD:DSD_NAMAIN1@DF_QNA_EXPENDITURE_CAPITA(1.1),Quarterly GDP per capita,I,A,Annual,Y,Calendar and seasonally adjusted,POL,Poland,S1,Total economy,S1,Total economy,B1GQ_POP,"Gross domestic product, per capita",_Z,Not applicable,_Z,Not applicable,_Z,Not applicable,USD_PPP_PS,"US dollars per person, PPP converted",LR,Chain linked volume (rebased),LA,Annual levels,T0102,Table 0102 - GDP identity from the expenditure side,2014,,29724.3,,2020,,,,F,Free (free for publication),1,One,A,Normal value,0,Units,USD,US dollar
DATAFLOW,OECD.SDD.NAD:DSD_NAMAIN1@DF_QNA_EXPENDITURE_CAPITA(1.1),Quarterly GDP per capita,I,A,Annual,Y,Calendar and seasonally adjusted,POL,Poland,S1,Total economy,S1,Total economy,B1GQ_POP,"Gross domestic product, per capita",_Z,Not applicable,_Z,Not applicable,_Z,Not applicable,USD_PPP_PS,"US dollars per person, PPP converted",LR,Chain linked volume (rebased),LA,Annual levels,T0102,Table 0102 - GDP identity from the expenditure side,2013,,28582.3,,2020,,,,F,Free (free for publication),1,One,A,Normal value,0,Units,USD,US dollar
DATAFLOW,OECD.SDD.NAD:DSD_NAMAIN1@DF_QNA_EXPENDITURE_CAPITA(1.1),Quarterly GDP per capita,I,A,Annual,Y,Calendar and seasonally adjusted,POL,Poland,S1,Total economy,S1,Total economy,B1GQ_POP,"Gross domestic product, per capita",_Z,Not applicable,_Z,Not applicable,_Z,Not applicable,USD_PPP_PS,"US dollars per person, PPP converted",LR,Chain linked volume (rebased),LA,Annual levels,T0102,Table 0102 - GDP identity from the expenditure side,2012,,28369.5,,2020,,,,F,Free (free for publication),1,One,A,Normal value,0,Units,USD,US dollar
DATAFLOW,OECD.SDD.NAD:DSD_NAMAIN1@DF_QNA_EXPENDITURE_CAPITA(1.1),Quarterly GDP per capita,I,A,Annual,Y,Calendar and seasonally adjusted,POL,Poland,S1,Total economy,S1,Total economy,B1GQ_POP,"Gross domestic product, per capita",_Z,Not applicable,_Z,Not applicable,_Z,Not applicable,USD_PPP_PS,"US dollars per person, PPP converted",LR,Chain linked volume (rebased),LA,Annual levels,T0102,Table 0102 - GDP identity from the expenditure side,2011,,27950.3,,2020,,,,F,Free (free for publication),1,One,A,Normal value,0,Units,USD,US dollar
DATAFLOW,OECD.SDD.NAD:DSD_NAMAIN1@DF_QNA_EXPENDITURE_CAPITA(1.1),Quarterly GDP per capita,I,A,Annual,Y,Calendar and seasonally adjusted,POL,Poland,S1,Total economy,S1,Total economy,B1GQ_POP,"Gross domestic product, per capita",_Z,Not applicable,_Z,Not applicable,_Z,Not applicable,USD_PPP_PS,"US dollars per person, PPP converted",LR,Chain linked volume (rebased),LA,Annual levels,T0102,Table 0102 - GDP identity from the expenditure side,2009,,25665,,2020,,,,F,Free (free for publication),1,One,A,Normal value,0,Units,USD,US dollar
DATAFLOW,OECD.SDD.NAD:DSD_NAMAIN1@DF_QNA_EXPENDITURE_CAPITA(1.1),Quarterly GDP per capita,I,A,Annual,Y,Calendar and seasonally adjusted,POL,Poland,S1,Total economy,S1,Total economy,B1GQ_POP,"Gross domestic product, per capita",_Z,Not applicable,_Z,Not applicable,_Z,Not applicable,USD_PPP_PS,"US dollars per person, PPP converted",LR,Chain linked volume (rebased),LA,Annual levels,T0102,Table 0102 - GDP identity from the expenditure side,2008,,25040.9,,2020,,,,F,Free (free for publication),1,One,A,Normal value,0,Units,USD,US dollar
DATAFLOW,OECD.SDD.NAD:DSD_NAMAIN1@DF_QNA_EXPENDITURE_CAPITA(1.1),Quarterly GDP per capita,I,A,Annual,Y,Calendar and seasonally adjusted,POL,Poland,S1,Total economy,S1,Total economy,B1GQ_POP,"Gross domestic product, per capita",_Z,Not applicable,_Z,Not applicable,_Z,Not applicable,USD_PPP_PS,"US dollars per person, PPP converted",LR,Chain linked volume (rebased),LA,Annual levels,T0102,Table 0102 - GDP identity from the expenditure side,2007,,23990.8,,2020,,,,F,Free (free for publication),1,One,A,Normal value,0,Units,USD,US dollar
DATAFLOW,OECD.SDD.NAD:DSD_NAMAIN1@DF_QNA_EXPENDITURE_CAPITA(1.1),Quarterly GDP per capita,I,A,Annual,Y,Calendar and seasonally adjusted,POL,Poland,S1,Total economy,S1,Total economy,B1GQ_POP,"Gross domestic product, per capita",_Z,Not applicable,_Z,Not applicable,_Z,Not applicable,USD_PPP_PS,"US dollars per person, PPP converted",LR,Chain linked volume (rebased),LA,Annual levels,T0102,Table 0102 - GDP identity from the expenditure side,2006,,22460.3,,2020,,,,F,Free (free for publication),1,One,A,Normal value,0,Units,USD,US dollar
DATAFLOW,OECD.SDD.NAD:DSD_NAMAIN1@DF_QNA_EXPENDITURE_CAPITA(1.1),Quarterly GDP per capita,I,A,Annual,Y,Calendar and seasonally adjusted,POL,Poland,S1,Total economy,S1,Total economy,B1GQ_POP,"Gross domestic product, per capita",_Z,Not applicable,_Z,Not applicable,_Z,Not applicable,USD_PPP_PS,"US dollars per person, PPP converted",LR,Chain linked volume (rebased),LA,Annual levels,T0102,Table 0102 - GDP identity from the expenditure side,2001,,18420.7,,2020,,,,F,Free (free for publication),1,One,A,Normal value,0,Units,USD,US dollar
DATAFLOW,OECD.SDD.NAD:DSD_NAMAIN1@DF_QNA_EXPENDITURE_CAPITA(1.1),Quarterly GDP per capita,I,A,Annual,Y,Calendar and seasonally adjusted,POL,Poland,S1,Total economy,S1,Total economy,B1GQ_POP,"Gross domestic product, per capita",_Z,Not applicable,_Z,Not applicable,_Z,Not applicable,USD_PPP_PS,"US dollars per person, PPP converted",LR,Chain linked volume (rebased),LA,Annual levels,T0102,Table 0102 - GDP identity from the expenditure side,2000,,18192.6,,2020,,,,F,Free (free for publication),1,One,A,Normal value,0,Units,USD,US dollar
DATAFLOW,OECD.SDD.NAD:DSD_NAMAIN1@DF_QNA_EXPENDITURE_CAPITA(1.1),Quarterly GDP per capita,I,A,Annual,Y,Calendar and seasonally adjusted,POL,Poland,S1,Total economy,S1,Total economy,B1GQ_POP,"Gross domestic product, per capita",_Z,Not applicable,_Z,Not applicable,_Z,Not applicable,USD_PPP_PS,"US dollars per person, PPP converted",LR,Chain linked volume (rebased),LA,Annual levels,T0102,Table 0102 - GDP identity from the expenditure side,2002,,18778.5,,2020,,,,F,Free (free for publication),1,One,A,Normal value,0,Units,USD,US dollar
DATAFLOW,OECD.SDD.NAD:DSD_NAMAIN1@DF_QNA_EXPENDITURE_CAPITA(1.1),Quarterly GDP per capita,I,A,Annual,Y,Calendar and seasonally adjusted,POL,Poland,S1,Total economy,S1,Total economy,B1GQ_POP,"Gross domestic product, per capita",_Z,Not applicable,_Z,Not applicable,_Z,Not applicable,USD_PPP_PS,"US dollars per person, PPP converted",V,Current prices,LA,Annual levels,T0102,Table 0102 - GDP identity from the expenditure side,2012,,23728.6,,,,,,F,Free (free for publication),1,One,A,Normal value,0,Units,USD,US dollar
DATAFLOW,OECD.SDD.NAD:DSD_NAMAIN1@DF_QNA_EXPENDITURE_CAPITA(1.1),Quarterly GDP per capita,I,A,Annual,Y,Calendar and seasonally adjusted,POL,Poland,S1,Total economy,S1,Total economy,B1GQ_POP,"Gross domestic product, per capita",_Z,Not applicable,_Z,Not applicable,_Z,Not applicable,USD_PPP_PS,"US dollars per person, PPP converted",V,Current prices,LA,Annual levels,T0102,Table 0102 - GDP identity from the expenditure side,2024,,49943.1,,,,,,F,Free (free for publication),1,One,A,Normal value,0,Units,USD,US dollar
DATAFLOW,OECD.SDD.NAD:DSD_NAMAIN1@DF_QNA_EXPENDITURE_CAPITA(1.1),Quarterly GDP per capita,I,A,Annual,Y,Calendar and seasonally adjusted,MEX,Mexico,S1,Total economy,S1,Total economy,B1GQ_POP,"Gross domestic product, per capita",_Z,Not applicable,_Z,Not applicable,_Z,Not applicable,USD_PPP_PS,"US dollars per person, PPP converted",LR,Chain linked volume (rebased),LA,Annual levels,T0102,Table 0102 - GDP identity from the expenditure side,2016,,21490.8,,2020,,,,F,Free (free for publication),1,One,A,Normal value,0,Units,USD,US dollar
DATAFLOW,OECD.SDD.NAD:DSD_NAMAIN1@DF_QNA_EXPENDITURE_CAPITA(1.1),Quarterly GDP per capita,I,A,Annual,Y,Calendar and seasonally adjusted,MEX,Mexico,S1,Total economy,S1,Total economy,B1GQ_POP,"Gross domestic product, per capita",_Z,Not applicable,_Z,Not applicable,_Z,Not applicable,USD_PPP_PS,"US dollars per person, PPP converted",LR,Chain linked volume (rebased),LA,Annual levels,T0102,Table 0102 - GDP identity from the expenditure side,2015,,21359.4,,2020,,,,F,Free (free for publication),1,One,A,Normal value,0,Units,USD,US dollar
DATAFLOW,OECD.SDD.NAD:DSD_NAMAIN1@DF_QNA_EXPENDITURE_CAPITA(1.1),Quarterly GDP per capita,I,A,Annual,Y,Calendar and seasonally adjusted,MEX,Mexico,S1,Total economy,S1,Total economy,B1GQ_POP,"Gross domestic product, per capita",_Z,Not applicable,_Z,Not applicable,_Z,Not applicable,USD_PPP_PS,"US dollars per person, PPP converted",LR,Chain linked volume (rebased),LA,Annual levels,T0102,Table 0102 - GDP identity from the expenditure side,2014,,21035.8,,2020,,,,F,Free (free for publication),1,One,A,Normal value,0,Units,USD,US dollar
DATAFLOW,OECD.SDD.NAD:DSD_NAMAIN1@DF_QNA_EXPENDITURE_CAPITA(1.1),Quarterly GDP per capita,I,A,Annual,Y,Calendar and seasonally adjusted,MEX,Mexico,S1,Total economy,S1,Total economy,B1GQ_POP,"Gross domestic product, per capita",_Z,Not applicable,_Z,Not applicable,_Z,Not applicable,USD_PPP_PS,"US dollars per person, PPP converted",LR,Chain linked volume (rebased),LA,Annual levels,T0102,Table 0102 - GDP identity from the expenditure side,2013,,20759.6,,2020,,,,F,Free (free for publication),1,One,A,Normal value,0,Units,USD,US dollar
DATAFLOW,OECD.SDD.NAD:DSD_NAMAIN1@DF_QNA_EXPENDITURE_CAPITA(1.1),Quarterly GDP per capita,I,A,Annual,Y,Calendar and seasonally adjusted,MEX,Mexico,S1,Total economy,S1,Total economy,B1GQ_POP,"Gross domestic product, per capita",_Z,Not applicable,_Z,Not applicable,_Z,Not applicable,USD_PPP_PS,"US dollars per person, PPP converted",V,Current prices,LA,Annual levels,T0102,Table 0102 - GDP identity from the expenditure side,2005,,13375.7,,,,,,F,Free (free for publication),1,One,A,Normal value,0,Units,USD,US dollar
DATAFLOW,OECD.SDD.NAD:DSD_NAMAIN1@DF_QNA_EXPENDITURE_CAPITA(1.1),Quarterly GDP per capita,I,A,Annual,Y,Calendar and seasonally adjusted,LUX,Luxembourg,S1,Total economy,S1,Total economy,B1GQ_POP,"Gross domestic product, per capita",_Z,Not applicable,_Z,Not applicable,_Z,Not applicable,USD_PPP_PS,"US dollars per person, PPP converted",V,Current prices,LA,Annual levels,T0102,Table 0102 - GDP identity from the expenditure side,2013,,100562.8,,,,,,F,Free (free for publication),1,One,A,Normal value,0,Units,USD,US dollar
DATAFLOW,OECD.SDD.NAD:DSD_NAMAIN1@DF_QNA_EXPENDITURE_CAPITA(1.1),Quarterly GDP per capita,I,A,Annual,Y,Calendar and seasonally adjusted,LUX,Luxembourg,S1,Total economy,S1,Total economy,B1GQ_POP,"Gross domestic product, per capita",_Z,Not applicable,_Z,Not applicable,_Z,Not applicable,USD_PPP_PS,"US dollars per person, PPP converted",V,Current prices,LA,Annual levels,T0102,Table 0102 - GDP identity from the expenditure side,2007,,85001.7,,,,,,F,Free (free for publication),1,One,A,Normal value,0,Units,USD,US dollar
DATAFLOW,OECD.SDD.NAD:DSD_NAMAIN1@DF_QNA_EXPENDITURE_CAPITA(1.1),Quarterly GDP per capita,I,A,Annual,Y,Calendar and seasonally adjusted,LUX,Luxembourg,S1,Total economy,S1,Total economy,B1GQ_POP,"Gross domestic product, per capita",_Z,Not applicable,_Z,Not applicable,_Z,Not applicable,USD_PPP_PS,"US dollars per person, PPP converted",V,Current prices,LA,Annual levels,T0102,Table 0102 - GDP identity from the expenditure side,2006,,78813.9,,,,,,F,Free (free for publication),1,One,A,Normal value,0,Units,USD,US dollar
DATAFLOW,OECD.SDD.NAD:DSD_NAMAIN1@DF_QNA_EXPENDITURE_CAPITA(1.1),Quarterly GDP per capita,I,A,Annual,Y,Calendar and seasonally adjusted,LUX,Luxembourg,S1,Total economy,S1,Total economy,B1GQ_POP,"Gross domestic product, per capita",_Z,Not applicable,_Z,Not applicable,_Z,Not applicable,USD_PPP_PS,"US dollars per person, PPP converted",V,Current prices,LA,Annual levels,T0102,Table 0102 - GDP identity from the expenditure side,2005,,68708.6,,,,,,F,Free (free for publication),1,One,A,Normal value,0,Units,USD,US dollar
DATAFLOW,OECD.SDD.NAD:DSD_NAMAIN1@DF_QNA_EXPENDITURE_CAPITA(1.1),Quarterly GDP per capita,I,A,Annual,Y,Calendar and seasonally adjusted,LUX,Luxembourg,S1,Total economy,S1,Total economy,B1GQ_POP,"Gross domestic product, per capita",_Z,Not applicable,_Z,Not applicable,_Z,Not applicable,USD_PPP_PS,"US dollars per person, PPP converted",V,Current prices,LA,Annual levels,T0102,Table 0102 - GDP identity from the expenditure side,2004,,64627.5,,,,,,F,Free (free for publication),1,One,A,Normal value,0,Units,USD,US dollar
DATAFLOW,OECD.SDD.NAD:DSD_NAMAIN1@DF_QNA_EXPENDITURE_CAPITA(1.1),Quarterly GDP per capita,I,A,Annual,Y,Calendar and seasonally adjusted,LUX,Luxembourg,S1,Total economy,S1,Total economy,B1GQ_POP,"Gross domestic product, per capita",_Z,Not applicable,_Z,Not applicable,_Z,Not applicable,USD_PPP_PS,"US dollars per person, PPP converted",V,Current prices,LA,Annual levels,T0102,Table 0102 - GDP identity from the expenditure side,2003,,60108.8,,,,,,F,Free (free for publication),1,One,A,Normal value,0,Units,USD,US dollar
DATAFLOW,OECD.SDD.NAD:DSD_NAMAIN1@DF_QNA_EXPENDITURE_CAPITA(1.1),Quarterly GDP per capita,I,A,Annual,Y,Calendar and seasonally adjusted,LUX,Luxembourg,S1,Total economy,S1,Total economy,B1GQ_POP,"Gross domestic product, per capita",_Z,Not applicable,_Z,Not applicable,_Z,Not applicable,USD_PPP_PS,"US dollars per person, PPP converted",V,Current prices,LA,Annual levels,T0102,Table 0102 - GDP identity from the expenditure side,2002,,58514.2,,,,,,F,Free (free for publication),1,One,A,Normal value,0,Units,USD,US dollar
DATAFLOW,OECD.SDD.NAD:DSD_NAMAIN1@DF_QNA_EXPENDITURE_CAPITA(1.1),Quarterly GDP per capita,I,A,Annual,Y,Calendar and seasonally adjusted,LUX,Luxembourg,S1,Total economy,S1,Total economy,B1GQ_POP,"Gross domestic product, per capita",_Z,Not applicable,_Z,Not applicable,_Z,Not applicable,USD_PPP_PS,"US dollars per person, PPP converted",V,Current prices,LA,Annual levels,T0102,Table 0102 - GDP identity from the expenditure side,2001,,56093.5,,,,,,F,Free (free for publication),1,One,A,Normal value,0,Units,USD,US dollar
DATAFLOW,OECD.SDD.NAD:DSD_NAMAIN1@DF_QNA_EXPENDITURE_CAPITA(1.1),Quarterly GDP per capita,I,A,Annual,Y,Calendar and seasonally adjusted,LUX,Luxembourg,S1,Total economy,S1,Total economy,B1GQ_POP,"Gross domestic product, per capita",_Z,Not applicable,_Z,Not applicable,_Z,Not applicable,USD_PPP_PS,"US dollars per person, PPP converted",V,Current prices,LA,Annual levels,T0102,Table 0102 - GDP identity from the expenditure side,2000,,55051.1,,,,,,F,Free (free for publication),1,One,A,Normal value,0,Units,USD,US dollar
DATAFLOW,OECD.SDD.NAD:DSD_NAMAIN1@DF_QNA_EXPENDITURE_CAPITA(1.1),Quarterly GDP per capita,I,A,Annual,Y,Calendar and seasonally adjusted,LUX,Luxembourg,S1,Total economy,S1,Total economy,B1GQ_POP,"Gross domestic product, per capita",_Z,Not applicable,_Z,Not applicable,_Z,Not applicable,USD_PPP_PS,"US dollars per person, PPP converted",V,Current prices,LA,Annual levels,T0102,Table 0102 - GDP identity from the expenditure side,2016,,112958.6,,,,,,F,Free (free for publication),1,One,A,Normal value,0,Units,USD,US dollar
DATAFLOW,OECD.SDD.NAD:DSD_NAMAIN1@DF_QNA_EXPENDITURE_CAPITA(1.1),Quarterly GDP per capita,I,A,Annual,Y,Calendar and seasonally adjusted,LUX,Luxembourg,S1,Total economy,S1,Total economy,B1GQ_POP,"Gross domestic product, per capita",_Z,Not applicable,_Z,Not applicable,_Z,Not applicable,USD_PPP_PS,"US dollars per person, PPP converted",V,Current prices,LA,Annual levels,T0102,Table 0102 - GDP identity from the expenditure side,2024,,155750.2,,,,,,F,Free (free for publication),1,One,A,Normal value,0,Units,USD,US dollar
DATAFLOW,OECD.SDD.NAD:DSD_NAMAIN1@DF_QNA_EXPENDITURE_CAPITA(1.1),Quarterly GDP per capita,I,A,Annual,Y,Calendar and seasonally adjusted,LUX,Luxembourg,S1,Total economy,S1,Total economy,B1GQ_POP,"Gross domestic product, per capita",_Z,Not applicable,_Z,Not applicable,_Z,Not applicable,USD_PPP_PS,"US dollars per person, PPP converted",V,Current prices,LA,Annual levels,T0102,Table 0102 - GDP identity from the expenditure side,2023,,152293,,,,,,F,Free (free for publication),1,One,A,Normal value,0,Units,USD,US dollar
DATAFLOW,OECD.SDD.NAD:DSD_NAMAIN1@DF_QNA_EXPENDITURE_CAPITA(1.1),Quarterly GDP per capita,I,A,Annual,Y,Calendar and seasonally adjusted,LUX,Luxembourg,S1,Total economy,S1,Total economy,B1GQ_POP,"Gross domestic product, per capita",_Z,Not applicable,_Z,Not applicable,_Z,Not applicable,USD_PPP_PS,"US dollars per person, PPP converted",V,Current prices,LA,Annual levels,T0102,Table 0102 - GDP identity from the expenditure side,2022,,146430.6,,,,,,F,Free (free for publication),1,One,A,Normal value,0,Units,USD,US dollar
DATAFLOW,OECD.SDD.NAD:DSD_NAMAIN1@DF_QNA_EXPENDITURE_CAPITA(1.1),Quarterly GDP per capita,I,A,Annual,Y,Calendar and seasonally adjusted,LUX,Luxembourg,S1,Total economy,S1,Total economy,B1GQ_POP,"Gross domestic product, per capita",_Z,Not applicable,_Z,Not applicable,_Z,Not applicable,USD_PPP_PS,"US dollars per person, PPP converted",V,Current prices,LA,Annual levels,T0102,Table 0102 - GDP identity from the expenditure side,2019,,121071.1,,,,,,F,Free (free for publication),1,One,A,Normal value,0,Units,USD,US dollar
DATAFLOW,OECD.SDD.NAD:DSD_NAMAIN1@DF_QNA_EXPENDITURE_CAPITA(1.1),Quarterly GDP per capita,I,A,Annual,Y,Calendar and seasonally adjusted,LUX,Luxembourg,S1,Total economy,S1,Total economy,B1GQ_POP,"Gross domestic product, per capita",_Z,Not applicable,_Z,Not applicable,_Z,Not applicable,USD_PPP_PS,"US dollars per person, PPP converted",V,Current prices,LA,Annual levels,T0102,Table 0102 - GDP identity from the expenditure side,2021,,136542,,,,,,F,Free (free for publication),1,One,A,Normal value,0,Units,USD,US dollar
DATAFLOW,OECD.SDD.NAD:DSD_NAMAIN1@DF_QNA_EXPENDITURE_CAPITA(1.1),Quarterly GDP per capita,I,A,Annual,Y,Calendar and seasonally adjusted,LUX,Luxembourg,S1,Total economy,S1,Total economy,B1GQ_POP,"Gross domestic product, per capita",_Z,Not applicable,_Z,Not applicable,_Z,Not applicable,USD_PPP_PS,"US dollars per person, PPP converted",V,Current prices,LA,Annual levels,T0102,Table 0102 - GDP identity from the expenditure side,2020,,121923.7,,,,,,F,Free (free for publication),1,One,A,Normal value,0,Units,USD,US dollar
DATAFLOW,OECD.SDD.NAD:DSD_NAMAIN1@DF_QNA_EXPENDITURE_CAPITA(1.1),Quarterly GDP per capita,I,A,Annual,Y,Calendar and seasonally adjusted,LUX,Luxembourg,S1,Total economy,S1,Total economy,B1GQ_POP,"Gross domestic product, per capita",_Z,Not applicable,_Z,Not applicable,_Z,Not applicable,USD_PPP_PS,"US dollars per person, PPP converted",LR,Chain linked volume (rebased),LA,Annual levels,T0102,Table 0102 - GDP identity from the expenditure side,2005,,117237.7,,2020,,,,F,Free (free for publication),1,One,A,Normal value,0,Units,USD,US dollar
DATAFLOW,OECD.SDD.NAD:DSD_NAMAIN1@DF_QNA_EXPENDITURE_CAPITA(1.1),Quarterly GDP per capita,I,A,Annual,Y,Calendar and seasonally adjusted,LUX,Luxembourg,S1,Total economy,S1,Total economy,B1GQ_POP,"Gross domestic product, per capita",_Z,Not applicable,_Z,Not applicable,_Z,Not applicable,USD_PPP_PS,"US dollars per person, PPP converted",LR,Chain linked volume (rebased),LA,Annual levels,T0102,Table 0102 - GDP identity from the expenditure side,2019,,124445.1,,2020,,,,F,Free (free for publication),1,One,A,Normal value,0,Units,USD,US dollar
DATAFLOW,OECD.SDD.NAD:DSD_NAMAIN1@DF_QNA_EXPENDITURE_CAPITA(1.1),Quarterly GDP per capita,I,A,Annual,Y,Calendar and seasonally adjusted,LUX,Luxembourg,S1,Total economy,S1,Total economy,B1GQ_POP,"Gross domestic product, per capita",_Z,Not applicable,_Z,Not applicable,_Z,Not applicable,USD_PPP_PS,"US dollars per person, PPP converted",LR,Chain linked volume (rebased),LA,Annual levels,T0102,Table 0102 - GDP identity from the expenditure side,2018,,123647.4,,2020,,,,F,Free (free for publication),1,One,A,Normal value,0,Units,USD,US dollar
DATAFLOW,OECD.SDD.NAD:DSD_NAMAIN1@DF_QNA_EXPENDITURE_CAPITA(1.1),Quarterly GDP per capita,I,A,Annual,Y,Calendar and seasonally adjusted,LUX,Luxembourg,S1,Total economy,S1,Total economy,B1GQ_POP,"Gross domestic product, per capita",_Z,Not applicable,_Z,Not applicable,_Z,Not applicable,USD_PPP_PS,"US dollars per person, PPP converted",LR,Chain linked volume (rebased),LA,Annual levels,T0102,Table 0102 - GDP identity from the expenditure side,2017,,124100.7,,2020,,,,F,Free (free for publication),1,One,A,Normal value,0,Units,USD,US dollar
DATAFLOW,OECD.SDD.NAD:DSD_NAMAIN1@DF_QNA_EXPENDITURE_CAPITA(1.1),Quarterly GDP per capita,I,A,Annual,Y,Calendar and seasonally adjusted,LUX,Luxembourg,S1,Total economy,S1,Total economy,B1GQ_POP,"Gross domestic product, per capita",_Z,Not applicable,_Z,Not applicable,_Z,Not applicable,USD_PPP_PS,"US dollars per person, PPP converted",LR,Chain linked volume (rebased),LA,Annual levels,T0102,Table 0102 - GDP identity from the expenditure side,2004,,116190.8,,2020,,,,F,Free (free for publication),1,One,A,Normal value,0,Units,USD,US dollar
DATAFLOW,OECD.SDD.NAD:DSD_NAMAIN1@DF_QNA_EXPENDITURE_CAPITA(1.1),Quarterly GDP per capita,I,A,Annual,Y,Calendar and seasonally adjusted,LUX,Luxembourg,S1,Total economy,S1,Total economy,B1GQ_POP,"Gross domestic product, per capita",_Z,Not applicable,_Z,Not applicable,_Z,Not applicable,USD_PPP_PS,"US dollars per person, PPP converted",LR,Chain linked volume (rebased),LA,Annual levels,T0102,Table 0102 - GDP identity from the expenditure side,2003,,113015.7,,2020,,,,F,Free (free for publication),1,One,A,Normal value,0,Units,USD,US dollar
DATAFLOW,OECD.SDD.NAD:DSD_NAMAIN1@DF_QNA_EXPENDITURE_CAPITA(1.1),Quarterly GDP per capita,I,A,Annual,Y,Calendar and seasonally adjusted,LUX,Luxembourg,S1,Total economy,S1,Total economy,B1GQ_POP,"Gross domestic product, per capita",_Z,Not applicable,_Z,Not applicable,_Z,Not applicable,USD_PPP_PS,"US dollars per person, PPP converted",LR,Chain linked volume (rebased),LA,Annual levels,T0102,Table 0102 - GDP identity from the expenditure side,2002,,111514.9,,2020,,,,F,Free (free for publication),1,One,A,Normal value,0,Units,USD,US dollar
DATAFLOW,OECD.SDD.NAD:DSD_NAMAIN1@DF_QNA_EXPENDITURE_CAPITA(1.1),Quarterly GDP per capita,I,A,Annual,Y,Calendar and seasonally adjusted,LUX,Luxembourg,S1,Total economy,S1,Total economy,B1GQ_POP,"Gross domestic product, per capita",_Z,Not applicable,_Z,Not applicable,_Z,Not applicable,USD_PPP_PS,"US dollars per person, PPP converted",LR,Chain linked volume (rebased),LA,Annual levels,T0102,Table 0102 - GDP identity from the expenditure side,2001,,109200.6,,2020,,,,F,Free (free for publication),1,One,A,Normal value,0,Units,USD,US dollar
DATAFLOW,OECD.SDD.NAD:DSD_NAMAIN1@DF_QNA_EXPENDITURE_CAPITA(1.1),Quarterly GDP per capita,I,A,Annual,Y,Calendar and seasonally adjusted,LUX,Luxembourg,S1,Total economy,S1,Total economy,B1GQ_POP,"Gross domestic product, per capita",_Z,Not applicable,_Z,Not applicable,_Z,Not applicable,USD_PPP_PS,"US dollars per person, PPP converted",LR,Chain linked volume (rebased),LA,Annual levels,T0102,Table 0102 - GDP identity from the expenditure side,2000,,107127.8,,2020,,,,F,Free (free for publication),1,One,A,Normal value,0,Units,USD,US dollar
DATAFLOW,OECD.SDD.NAD:DSD_NAMAIN1@DF_QNA_EXPENDITURE_CAPITA(1.1),Quarterly GDP per capita,I,A,Annual,Y,Calendar and seasonally adjusted,LUX,Luxembourg,S1,Total economy,S1,Total economy,B1GQ_POP,"Gross domestic product, per capita",_Z,Not applicable,_Z,Not applicable,_Z,Not applicable,USD_PPP_PS,"US dollars per person, PPP converted",LR,Chain linked volume (rebased),LA,Annual levels,T0102,Table 0102 - GDP identity from the expenditure side,2024,,120505.3,,2020,,,,F,Free (free for publication),1,One,A,Normal value,0,Units,USD,US dollar
DATAFLOW,OECD.SDD.NAD:DSD_NAMAIN1@DF_QNA_EXPENDITURE_CAPITA(1.1),Quarterly GDP per capita,I,A,Annual,Y,Calendar and seasonally adjusted,LUX,Luxembourg,S1,Total economy,S1,Total economy,B1GQ_POP,"Gross domestic product, per capita",_Z,Not applicable,_Z,Not applicable,_Z,Not applicable,USD_PPP_PS,"US dollars per person, PPP converted",LR,Chain linked volume (rebased),LA,Annual levels,T0102,Table 0102 - GDP identity from the expenditure side,2023,,121996.2,,2020,,,,F,Free (free for publication),1,One,A,Normal value,0,Units,USD,US dollar
DATAFLOW,OECD.SDD.NAD:DSD_NAMAIN1@DF_QNA_EXPENDITURE_CAPITA(1.1),Quarterly GDP per capita,I,A,Annual,Y,Calendar and seasonally adjusted,LUX,Luxembourg,S1,Total economy,S1,Total economy,B1GQ_POP,"Gross domestic product, per capita",_Z,Not applicable,_Z,Not applicable,_Z,Not applicable,USD_PPP_PS,"US dollars per person, PPP converted",LR,Chain linked volume (rebased),LA,Annual levels,T0102,Table 0102 - GDP identity from the expenditure side,2022,,124195.1,,2020,,,,F,Free (free for publication),1,One,A,Normal value,0,Units,USD,US dollar
DATAFLOW,OECD.SDD.NAD:DSD_NAMAIN1@DF_QNA_EXPENDITURE_CAPITA(1.1),Quarterly GDP per capita,I,A,Annual,Y,Calendar and seasonally adjusted,LUX,Luxembourg,S1,Total economy,S1,Total economy,B1GQ_POP,"Gross domestic product, per capita",_Z,Not applicable,_Z,Not applicable,_Z,Not applicable,USD_PPP_PS,"US dollars per person, PPP converted",LR,Chain linked volume (rebased),LA,Annual levels,T0102,Table 0102 - GDP identity from the expenditure side,2016,,125184.3,,2020,,,,F,Free (free for publication),1,One,A,Normal value,0,Units,USD,US dollar
DATAFLOW,OECD.SDD.NAD:DSD_NAMAIN1@DF_QNA_EXPENDITURE_CAPITA(1.1),Quarterly GDP per capita,I,A,Annual,Y,Calendar and seasonally adjusted,LUX,Luxembourg,S1,Total economy,S1,Total economy,B1GQ_POP,"Gross domestic product, per capita",_Z,Not applicable,_Z,Not applicable,_Z,Not applicable,USD_PPP_PS,"US dollars per person, PPP converted",V,Current prices,LA,Annual levels,T0102,Table 0102 - GDP identity from the expenditure side,2008,,90864.7,,,,,,F,Free (free for publication),1,One,A,Normal value,0,Units,USD,US dollar
DATAFLOW,OECD.SDD.NAD:DSD_NAMAIN1@DF_QNA_EXPENDITURE_CAPITA(1.1),Quarterly GDP per capita,I,A,Annual,Y,Calendar and seasonally adjusted,LUX,Luxembourg,S1,Total economy,S1,Total economy,B1GQ_POP,"Gross domestic product, per capita",_Z,Not applicable,_Z,Not applicable,_Z,Not applicable,USD_PPP_PS,"US dollars per person, PPP converted",V,Current prices,LA,Annual levels,T0102,Table 0102 - GDP identity from the expenditure side,2012,,96534.5,,,,,,F,Free (free for publication),1,One,A,Normal value,0,Units,USD,US dollar
DATAFLOW,OECD.SDD.NAD:DSD_NAMAIN1@DF_QNA_EXPENDITURE_CAPITA(1.1),Quarterly GDP per capita,I,A,Annual,Y,Calendar and seasonally adjusted,LUX,Luxembourg,S1,Total economy,S1,Total economy,B1GQ_POP,"Gross domestic product, per capita",_Z,Not applicable,_Z,Not applicable,_Z,Not applicable,USD_PPP_PS,"US dollars per person, PPP converted",V,Current prices,LA,Annual levels,T0102,Table 0102 - GDP identity from the expenditure side,2011,,94276,,,,,,F,Free (free for publication),1,One,A,Normal value,0,Units,USD,US dollar
DATAFLOW,OECD.SDD.NAD:DSD_NAMAIN1@DF_QNA_EXPENDITURE_CAPITA(1.1),Quarterly GDP per capita,I,A,Annual,Y,Calendar and seasonally adjusted,LUX,Luxembourg,S1,Total economy,S1,Total economy,B1GQ_POP,"Gross domestic product, per capita",_Z,Not applicable,_Z,Not applicable,_Z,Not applicable,USD_PPP_PS,"US dollars per person, PPP converted",V,Current prices,LA,Annual levels,T0102,Table 0102 - GDP identity from the expenditure side,2010,,90229.5,,,,,,F,Free (free for publication),1,One,A,Normal value,0,Units,USD,US dollar
DATAFLOW,OECD.SDD.NAD:DSD_NAMAIN1@DF_QNA_EXPENDITURE_CAPITA(1.1),Quarterly GDP per capita,I,A,Annual,Y,Calendar and seasonally adjusted,LTU,Lithuania,S1,Total economy,S1,Total economy,B1GQ_POP,"Gross domestic product, per capita",_Z,Not applicable,_Z,Not applicable,_Z,Not applicable,USD_PPP_PS,"US dollars per person, PPP converted",V,Current prices,LA,Annual levels,T0102,Table 0102 - GDP identity from the expenditure side,2003,,11659.9,,,,,,F,Free (free for publication),1,One,A,Normal value,0,Units,USD,US dollar
DATAFLOW,OECD.SDD.NAD:DSD_NAMAIN1@DF_QNA_EXPENDITURE_CAPITA(1.1),Quarterly GDP per capita,I,A,Annual,Y,Calendar and seasonally adjusted,LTU,Lithuania,S1,Total economy,S1,Total economy,B1GQ_POP,"Gross domestic product, per capita",_Z,Not applicable,_Z,Not applicable,_Z,Not applicable,USD_PPP_PS,"US dollars per person, PPP converted",V,Current prices,LA,Annual levels,T0102,Table 0102 - GDP identity from the expenditure side,2002,,10295.5,,,,,,F,Free (free for publication),1,One,A,Normal value,0,Units,USD,US dollar
DATAFLOW,OECD.SDD.NAD:DSD_NAMAIN1@DF_QNA_EXPENDITURE_CAPITA(1.1),Quarterly GDP per capita,I,A,Annual,Y,Calendar and seasonally adjusted,LTU,Lithuania,S1,Total economy,S1,Total economy,B1GQ_POP,"Gross domestic product, per capita",_Z,Not applicable,_Z,Not applicable,_Z,Not applicable,USD_PPP_PS,"US dollars per person, PPP converted",V,Current prices,LA,Annual levels,T0102,Table 0102 - GDP identity from the expenditure side,2001,,9399.3,,,,,,F,Free (free for publication),1,One,A,Normal value,0,Units,USD,US dollar
DATAFLOW,OECD.SDD.NAD:DSD_NAMAIN1@DF_QNA_EXPENDITURE_CAPITA(1.1),Quarterly GDP per capita,I,A,Annual,Y,Calendar and seasonally adjusted,LTU,Lithuania,S1,Total economy,S1,Total economy,B1GQ_POP,"Gross domestic product, per capita",_Z,Not applicable,_Z,Not applicable,_Z,Not applicable,USD_PPP_PS,"US dollars per person, PPP converted",V,Current prices,LA,Annual levels,T0102,Table 0102 - GDP identity from the expenditure side,2000,,8474.6,,,,,,F,Free (free for publication),1,One,A,Normal value,0,Units,USD,US dollar
DATAFLOW,OECD.SDD.NAD:DSD_NAMAIN1@DF_QNA_EXPENDITURE_CAPITA(1.1),Quarterly GDP per capita,I,A,Annual,Y,Calendar and seasonally adjusted,LTU,Lithuania,S1,Total economy,S1,Total economy,B1GQ_POP,"Gross domestic product, per capita",_Z,Not applicable,_Z,Not applicable,_Z,Not applicable,USD_PPP_PS,"US dollars per person, PPP converted",V,Current prices,LA,Annual levels,T0102,Table 0102 - GDP identity from the expenditure side,2019,,40563.9,,,,,,F,Free (free for publication),1,One,A,Normal value,0,Units,USD,US dollar
DATAFLOW,OECD.SDD.NAD:DSD_NAMAIN1@DF_QNA_EXPENDITURE_CAPITA(1.1),Quarterly GDP per capita,I,A,Annual,Y,Calendar and seasonally adjusted,LTU,Lithuania,S1,Total economy,S1,Total economy,B1GQ_POP,"Gross domestic product, per capita",_Z,Not applicable,_Z,Not applicable,_Z,Not applicable,USD_PPP_PS,"US dollars per person, PPP converted",V,Current prices,LA,Annual levels,T0102,Table 0102 - GDP identity from the expenditure side,2018,,36491.9,,,,,,F,Free (free for publication),1,One,A,Normal value,0,Units,USD,US dollar
DATAFLOW,OECD.SDD.NAD:DSD_NAMAIN1@DF_QNA_EXPENDITURE_CAPITA(1.1),Quarterly GDP per capita,I,A,Annual,Y,Calendar and seasonally adjusted,LTU,Lithuania,S1,Total economy,S1,Total economy,B1GQ_POP,"Gross domestic product, per capita",_Z,Not applicable,_Z,Not applicable,_Z,Not applicable,USD_PPP_PS,"US dollars per person, PPP converted",V,Current prices,LA,Annual levels,T0102,Table 0102 - GDP identity from the expenditure side,2024,,55699.4,,,,,,F,Free (free for publication),1,One,A,Normal value,0,Units,USD,US dollar
DATAFLOW,OECD.SDD.NAD:DSD_NAMAIN1@DF_QNA_EXPENDITURE_CAPITA(1.1),Quarterly GDP per capita,I,A,Annual,Y,Calendar and seasonally adjusted,LTU,Lithuania,S1,Total economy,S1,Total economy,B1GQ_POP,"Gross domestic product, per capita",_Z,Not applicable,_Z,Not applicable,_Z,Not applicable,USD_PPP_PS,"US dollars per person, PPP converted",V,Current prices,LA,Annual levels,T0102,Table 0102 - GDP identity from the expenditure side,2023,,52720.1,,,,,,F,Free (free for publication),1,One,A,Normal value,0,Units,USD,US dollar
DATAFLOW,OECD.SDD.NAD:DSD_NAMAIN1@DF_QNA_EXPENDITURE_CAPITA(1.1),Quarterly GDP per capita,I,A,Annual,Y,Calendar and seasonally adjusted,LTU,Lithuania,S1,Total economy,S1,Total economy,B1GQ_POP,"Gross domestic product, per capita",_Z,Not applicable,_Z,Not applicable,_Z,Not applicable,USD_PPP_PS,"US dollars per person, PPP converted",V,Current prices,LA,Annual levels,T0102,Table 0102 - GDP identity from the expenditure side,2022,,50653.3,,,,,,F,Free (free for publication),1,One,A,Normal value,0,Units,USD,US dollar
DATAFLOW,OECD.SDD.NAD:DSD_NAMAIN1@DF_QNA_EXPENDITURE_CAPITA(1.1),Quarterly GDP per capita,I,A,Annual,Y,Calendar and seasonally adjusted,LTU,Lithuania,S1,Total economy,S1,Total economy,B1GQ_POP,"Gross domestic product, per capita",_Z,Not applicable,_Z,Not applicable,_Z,Not applicable,USD_PPP_PS,"US dollars per person, PPP converted",V,Current prices,LA,Annual levels,T0102,Table 0102 - GDP identity from the expenditure side,2021,,45897.4,,,,,,F,Free (free for publication),1,One,A,Normal value,0,Units,USD,US dollar
DATAFLOW,OECD.SDD.NAD:DSD_NAMAIN1@DF_QNA_EXPENDITURE_CAPITA(1.1),Quarterly GDP per capita,I,A,Annual,Y,Calendar and seasonally adjusted,LTU,Lithuania,S1,Total economy,S1,Total economy,B1GQ_POP,"Gross domestic product, per capita",_Z,Not applicable,_Z,Not applicable,_Z,Not applicable,USD_PPP_PS,"US dollars per person, PPP converted",V,Current prices,LA,Annual levels,T0102,Table 0102 - GDP identity from the expenditure side,2020,,41262.7,,,,,,F,Free (free for publication),1,One,A,Normal value,0,Units,USD,US dollar
DATAFLOW,OECD.SDD.NAD:DSD_NAMAIN1@DF_QNA_EXPENDITURE_CAPITA(1.1),Quarterly GDP per capita,I,A,Annual,Y,Calendar and seasonally adjusted,LTU,Lithuania,S1,Total economy,S1,Total economy,B1GQ_POP,"Gross domestic product, per capita",_Z,Not applicable,_Z,Not applicable,_Z,Not applicable,USD_PPP_PS,"US dollars per person, PPP converted",LR,Chain linked volume (rebased),LA,Annual levels,T0102,Table 0102 - GDP identity from the expenditure side,2008,,29153.5,,2020,,,,F,Free (free for publication),1,One,A,Normal value,0,Units,USD,US dollar
DATAFLOW,OECD.SDD.NAD:DSD_NAMAIN1@DF_QNA_EXPENDITURE_CAPITA(1.1),Quarterly GDP per capita,I,A,Annual,Y,Calendar and seasonally adjusted,LTU,Lithuania,S1,Total economy,S1,Total economy,B1GQ_POP,"Gross domestic product, per capita",_Z,Not applicable,_Z,Not applicable,_Z,Not applicable,USD_PPP_PS,"US dollars per person, PPP converted",LR,Chain linked volume (rebased),LA,Annual levels,T0102,Table 0102 - GDP identity from the expenditure side,2007,,28124.1,,2020,,,,F,Free (free for publication),1,One,A,Normal value,0,Units,USD,US dollar
DATAFLOW,OECD.SDD.NAD:DSD_NAMAIN1@DF_QNA_EXPENDITURE_CAPITA(1.1),Quarterly GDP per capita,I,A,Annual,Y,Calendar and seasonally adjusted,LTU,Lithuania,S1,Total economy,S1,Total economy,B1GQ_POP,"Gross domestic product, per capita",_Z,Not applicable,_Z,Not applicable,_Z,Not applicable,USD_PPP_PS,"US dollars per person, PPP converted",LR,Chain linked volume (rebased),LA,Annual levels,T0102,Table 0102 - GDP identity from the expenditure side,2006,,25020.2,,2020,,,,F,Free (free for publication),1,One,A,Normal value,0,Units,USD,US dollar
DATAFLOW,OECD.SDD.NAD:DSD_NAMAIN1@DF_QNA_EXPENDITURE_CAPITA(1.1),Quarterly GDP per capita,I,A,Annual,Y,Calendar and seasonally adjusted,LTU,Lithuania,S1,Total economy,S1,Total economy,B1GQ_POP,"Gross domestic product, per capita",_Z,Not applicable,_Z,Not applicable,_Z,Not applicable,USD_PPP_PS,"US dollars per person, PPP converted",LR,Chain linked volume (rebased),LA,Annual levels,T0102,Table 0102 - GDP identity from the expenditure side,2005,,22928.3,,2020,,,,F,Free (free for publication),1,One,A,Normal value,0,Units,USD,US dollar
DATAFLOW,OECD.SDD.NAD:DSD_NAMAIN1@DF_QNA_EXPENDITURE_CAPITA(1.1),Quarterly GDP per capita,I,A,Annual,Y,Calendar and seasonally adjusted,LTU,Lithuania,S1,Total economy,S1,Total economy,B1GQ_POP,"Gross domestic product, per capita",_Z,Not applicable,_Z,Not applicable,_Z,Not applicable,USD_PPP_PS,"US dollars per person, PPP converted",LR,Chain linked volume (rebased),LA,Annual levels,T0102,Table 0102 - GDP identity from the expenditure side,2020,,41262.7,,2020,,,,F,Free (free for publication),1,One,A,Normal value,0,Units,USD,US dollar
DATAFLOW,OECD.SDD.NAD:DSD_NAMAIN1@DF_QNA_EXPENDITURE_CAPITA(1.1),Quarterly GDP per capita,I,A,Annual,Y,Calendar and seasonally adjusted,LTU,Lithuania,S1,Total economy,S1,Total economy,B1GQ_POP,"Gross domestic product, per capita",_Z,Not applicable,_Z,Not applicable,_Z,Not applicable,USD_PPP_PS,"US dollars per person, PPP converted",LR,Chain linked volume (rebased),LA,Annual levels,T0102,Table 0102 - GDP identity from the expenditure side,2019,,41234.5,,2020,,,,F,Free (free for publication),1,One,A,Normal value,0,Units,USD,US dollar
DATAFLOW,OECD.SDD.NAD:DSD_NAMAIN1@DF_QNA_EXPENDITURE_CAPITA(1.1),Quarterly GDP per capita,I,A,Annual,Y,Calendar and seasonally adjusted,LTU,Lithuania,S1,Total economy,S1,Total economy,B1GQ_POP,"Gross domestic product, per capita",_Z,Not applicable,_Z,Not applicable,_Z,Not applicable,USD_PPP_PS,"US dollars per person, PPP converted",LR,Chain linked volume (rebased),LA,Annual levels,T0102,Table 0102 - GDP identity from the expenditure side,2018,,39278.6,,2020,,,,F,Free (free for publication),1,One,A,Normal value,0,Units,USD,US dollar
DATAFLOW,OECD.SDD.NAD:DSD_NAMAIN1@DF_QNA_EXPENDITURE_CAPITA(1.1),Quarterly GDP per capita,I,A,Annual,Y,Calendar and seasonally adjusted,LTU,Lithuania,S1,Total economy,S1,Total economy,B1GQ_POP,"Gross domestic product, per capita",_Z,Not applicable,_Z,Not applicable,_Z,Not applicable,USD_PPP_PS,"US dollars per person, PPP converted",LR,Chain linked volume (rebased),LA,Annual levels,T0102,Table 0102 - GDP identity from the expenditure side,2017,,37128.6,,2020,,,,F,Free (free for publication),1,One,A,Normal value,0,Units,USD,US dollar
DATAFLOW,OECD.SDD.NAD:DSD_NAMAIN1@DF_QNA_EXPENDITURE_CAPITA(1.1),Quarterly GDP per capita,I,A,Annual,Y,Calendar and seasonally adjusted,LTU,Lithuania,S1,Total economy,S1,Total economy,B1GQ_POP,"Gross domestic product, per capita",_Z,Not applicable,_Z,Not applicable,_Z,Not applicable,USD_PPP_PS,"US dollars per person, PPP converted",LR,Chain linked volume (rebased),LA,Annual levels,T0102,Table 0102 - GDP identity from the expenditure side,2004,,20939.1,,2020,,,,F,Free (free for publication),1,One,A,Normal value,0,Units,USD,US dollar
DATAFLOW,OECD.SDD.NAD:DSD_NAMAIN1@DF_QNA_EXPENDITURE_CAPITA(1.1),Quarterly GDP per capita,I,A,Annual,Y,Calendar and seasonally adjusted,LTU,Lithuania,S1,Total economy,S1,Total economy,B1GQ_POP,"Gross domestic product, per capita",_Z,Not applicable,_Z,Not applicable,_Z,Not applicable,USD_PPP_PS,"US dollars per person, PPP converted",LR,Chain linked volume (rebased),LA,Annual levels,T0102,Table 0102 - GDP identity from the expenditure side,2003,,19441.2,,2020,,,,F,Free (free for publication),1,One,A,Normal value,0,Units,USD,US dollar
DATAFLOW,OECD.SDD.NAD:DSD_NAMAIN1@DF_QNA_EXPENDITURE_CAPITA(1.1),Quarterly GDP per capita,I,A,Annual,Y,Calendar and seasonally adjusted,LTU,Lithuania,S1,Total economy,S1,Total economy,B1GQ_POP,"Gross domestic product, per capita",_Z,Not applicable,_Z,Not applicable,_Z,Not applicable,USD_PPP_PS,"US dollars per person, PPP converted",LR,Chain linked volume (rebased),LA,Annual levels,T0102,Table 0102 - GDP identity from the expenditure side,2002,,17443.3,,2020,,,,F,Free (free for publication),1,One,A,Normal value,0,Units,USD,US dollar
DATAFLOW,OECD.SDD.NAD:DSD_NAMAIN1@DF_QNA_EXPENDITURE_CAPITA(1.1),Quarterly GDP per capita,I,A,Annual,Y,Calendar and seasonally adjusted,LTU,Lithuania,S1,Total economy,S1,Total economy,B1GQ_POP,"Gross domestic product, per capita",_Z,Not applicable,_Z,Not applicable,_Z,Not applicable,USD_PPP_PS,"US dollars per person, PPP converted",LR,Chain linked volume (rebased),LA,Annual levels,T0102,Table 0102 - GDP identity from the expenditure side,2001,,16214.3,,2020,,,,F,Free (free for publication),1,One,A,Normal value,0,Units,USD,US dollar
DATAFLOW,OECD.SDD.NAD:DSD_NAMAIN1@DF_QNA_EXPENDITURE_CAPITA(1.1),Quarterly GDP per capita,I,A,Annual,Y,Calendar and seasonally adjusted,LTU,Lithuania,S1,Total economy,S1,Total economy,B1GQ_POP,"Gross domestic product, per capita",_Z,Not applicable,_Z,Not applicable,_Z,Not applicable,USD_PPP_PS,"US dollars per person, PPP converted",LR,Chain linked volume (rebased),LA,Annual levels,T0102,Table 0102 - GDP identity from the expenditure side,2000,,15102,,2020,,,,F,Free (free for publication),1,One,A,Normal value,0,Units,USD,US dollar
DATAFLOW,OECD.SDD.NAD:DSD_NAMAIN1@DF_QNA_EXPENDITURE_CAPITA(1.1),Quarterly GDP per capita,I,A,Annual,Y,Calendar and seasonally adjusted,LTU,Lithuania,S1,Total economy,S1,Total economy,B1GQ_POP,"Gross domestic product, per capita",_Z,Not applicable,_Z,Not applicable,_Z,Not applicable,USD_PPP_PS,"US dollars per person, PPP converted",V,Current prices,LA,Annual levels,T0102,Table 0102 - GDP identity from the expenditure side,2013,,24889.9,,,,,,F,Free (free for publication),1,One,A,Normal value,0,Units,USD,US dollar
DATAFLOW,OECD.SDD.NAD:DSD_NAMAIN1@DF_QNA_EXPENDITURE_CAPITA(1.1),Quarterly GDP per capita,I,A,Annual,Y,Calendar and seasonally adjusted,LTU,Lithuania,S1,Total economy,S1,Total economy,B1GQ_POP,"Gross domestic product, per capita",_Z,Not applicable,_Z,Not applicable,_Z,Not applicable,USD_PPP_PS,"US dollars per person, PPP converted",V,Current prices,LA,Annual levels,T0102,Table 0102 - GDP identity from the expenditure side,2012,,23275.3,,,,,,F,Free (free for publication),1,One,A,Normal value,0,Units,USD,US dollar
DATAFLOW,OECD.SDD.NAD:DSD_NAMAIN1@DF_QNA_EXPENDITURE_CAPITA(1.1),Quarterly GDP per capita,I,A,Annual,Y,Calendar and seasonally adjusted,LTU,Lithuania,S1,Total economy,S1,Total economy,B1GQ_POP,"Gross domestic product, per capita",_Z,Not applicable,_Z,Not applicable,_Z,Not applicable,USD_PPP_PS,"US dollars per person, PPP converted",V,Current prices,LA,Annual levels,T0102,Table 0102 - GDP identity from the expenditure side,2011,,21557.7,,,,,,F,Free (free for publication),1,One,A,Normal value,0,Units,USD,US dollar
DATAFLOW,OECD.SDD.NAD:DSD_NAMAIN1@DF_QNA_EXPENDITURE_CAPITA(1.1),Quarterly GDP per capita,I,A,Annual,Y,Calendar and seasonally adjusted,NZL,New Zealand,S1,Total economy,S1,Total economy,B1GQ_POP,"Gross domestic product, per capita",_Z,Not applicable,_Z,Not applicable,_Z,Not applicable,USD_PPP_PS,"US dollars per person, PPP converted",V,Current prices,LA,Annual levels,T0102,Table 0102 - GDP identity from the expenditure side,2023,,54308.9,,,,,,F,Free (free for publication),1,One,A,Normal value,0,Units,USD,US dollar
DATAFLOW,OECD.SDD.NAD:DSD_NAMAIN1@DF_QNA_EXPENDITURE_CAPITA(1.1),Quarterly GDP per capita,I,A,Annual,Y,Calendar and seasonally adjusted,NZL,New Zealand,S1,Total economy,S1,Total economy,B1GQ_POP,"Gross domestic product, per capita",_Z,Not applicable,_Z,Not applicable,_Z,Not applicable,USD_PPP_PS,"US dollars per person, PPP converted",LR,Chain linked volume (rebased),LA,Annual levels,T0102,Table 0102 - GDP identity from the expenditure side,2011,,40048.5,,2020,,,,F,Free (free for publication),1,One,A,Normal value,0,Units,USD,US dollar
DATAFLOW,OECD.SDD.NAD:DSD_NAMAIN1@DF_QNA_EXPENDITURE_CAPITA(1.1),Quarterly GDP per capita,I,A,Annual,Y,Calendar and seasonally adjusted,NZL,New Zealand,S1,Total economy,S1,Total economy,B1GQ_POP,"Gross domestic product, per capita",_Z,Not applicable,_Z,Not applicable,_Z,Not applicable,USD_PPP_PS,"US dollars per person, PPP converted",LR,Chain linked volume (rebased),LA,Annual levels,T0102,Table 0102 - GDP identity from the expenditure side,2010,,39706.4,,2020,,,,F,Free (free for publication),1,One,A,Normal value,0,Units,USD,US dollar
DATAFLOW,OECD.SDD.NAD:DSD_NAMAIN1@DF_QNA_EXPENDITURE_CAPITA(1.1),Quarterly GDP per capita,I,A,Annual,Y,Calendar and seasonally adjusted,NZL,New Zealand,S1,Total economy,S1,Total economy,B1GQ_POP,"Gross domestic product, per capita",_Z,Not applicable,_Z,Not applicable,_Z,Not applicable,USD_PPP_PS,"US dollars per person, PPP converted",LR,Chain linked volume (rebased),LA,Annual levels,T0102,Table 0102 - GDP identity from the expenditure side,2009,,39344.5,,2020,,,,F,Free (free for publication),1,One,A,Normal value,0,Units,USD,US dollar
DATAFLOW,OECD.SDD.NAD:DSD_NAMAIN1@DF_QNA_EXPENDITURE_CAPITA(1.1),Quarterly GDP per capita,I,A,Annual,Y,Calendar and seasonally adjusted,SVK,Slovak Republic,S1,Total economy,S1,Total economy,B1GQ_POP,"Gross domestic product, per capita",_Z,Not applicable,_Z,Not applicable,_Z,Not applicable,USD_PPP_PS,"US dollars per person, PPP converted",V,Current prices,LA,Annual levels,T0102,Table 0102 - GDP identity from the expenditure side,2004,,15137.5,,,,,,F,Free (free for publication),1,One,A,Normal value,0,Units,USD,US dollar
DATAFLOW,OECD.SDD.NAD:DSD_NAMAIN1@DF_QNA_EXPENDITURE_CAPITA(1.1),Quarterly GDP per capita,I,A,Annual,Y,Calendar and seasonally adjusted,SVK,Slovak Republic,S1,Total economy,S1,Total economy,B1GQ_POP,"Gross domestic product, per capita",_Z,Not applicable,_Z,Not applicable,_Z,Not applicable,USD_PPP_PS,"US dollars per person, PPP converted",V,Current prices,LA,Annual levels,T0102,Table 0102 - GDP identity from the expenditure side,2003,,14072.7,,,,,,F,Free (free for publication),1,One,A,Normal value,0,Units,USD,US dollar
DATAFLOW,OECD.SDD.NAD:DSD_NAMAIN1@DF_QNA_EXPENDITURE_CAPITA(1.1),Quarterly GDP per capita,I,A,Annual,Y,Calendar and seasonally adjusted,SVK,Slovak Republic,S1,Total economy,S1,Total economy,B1GQ_POP,"Gross domestic product, per capita",_Z,Not applicable,_Z,Not applicable,_Z,Not applicable,USD_PPP_PS,"US dollars per person, PPP converted",V,Current prices,LA,Annual levels,T0102,Table 0102 - GDP identity from the expenditure side,2002,,13287.5,,,,,,F,Free (free for publication),1,One,A,Normal value,0,Units,USD,US dollar
DATAFLOW,OECD.SDD.NAD:DSD_NAMAIN1@DF_QNA_EXPENDITURE_CAPITA(1.1),Quarterly GDP per capita,I,A,Annual,Y,Calendar and seasonally adjusted,SVK,Slovak Republic,S1,Total economy,S1,Total economy,B1GQ_POP,"Gross domestic product, per capita",_Z,Not applicable,_Z,Not applicable,_Z,Not applicable,USD_PPP_PS,"US dollars per person, PPP converted",V,Current prices,LA,Annual levels,T0102,Table 0102 - GDP identity from the expenditure side,2010,,25201.5,,,,,,F,Free (free for publication),1,One,A,Normal value,0,Units,USD,US dollar
DATAFLOW,OECD.SDD.NAD:DSD_NAMAIN1@DF_QNA_EXPENDITURE_CAPITA(1.1),Quarterly GDP per capita,I,A,Annual,Y,Calendar and seasonally adjusted,SVK,Slovak Republic,S1,Total economy,S1,Total economy,B1GQ_POP,"Gross domestic product, per capita",_Z,Not applicable,_Z,Not applicable,_Z,Not applicable,USD_PPP_PS,"US dollars per person, PPP converted",V,Current prices,LA,Annual levels,T0102,Table 0102 - GDP identity from the expenditure side,2009,,22943.8,,,,,,F,Free (free for publication),1,One,A,Normal value,0,Units,USD,US dollar
DATAFLOW,OECD.SDD.NAD:DSD_NAMAIN1@DF_QNA_EXPENDITURE_CAPITA(1.1),Quarterly GDP per capita,I,A,Annual,Y,Calendar and seasonally adjusted,SVK,Slovak Republic,S1,Total economy,S1,Total economy,B1GQ_POP,"Gross domestic product, per capita",_Z,Not applicable,_Z,Not applicable,_Z,Not applicable,USD_PPP_PS,"US dollars per person, PPP converted",V,Current prices,LA,Annual levels,T0102,Table 0102 - GDP identity from the expenditure side,2008,,23597.3,,,,,,F,Free (free for publication),1,One,A,Normal value,0,Units,USD,US dollar
DATAFLOW,OECD.SDD.NAD:DSD_NAMAIN1@DF_QNA_EXPENDITURE_CAPITA(1.1),Quarterly GDP per capita,I,A,Annual,Y,Calendar and seasonally adjusted,SVK,Slovak Republic,S1,Total economy,S1,Total economy,B1GQ_POP,"Gross domestic product, per capita",_Z,Not applicable,_Z,Not applicable,_Z,Not applicable,USD_PPP_PS,"US dollars per person, PPP converted",V,Current prices,LA,Annual levels,T0102,Table 0102 - GDP identity from the expenditure side,2007,,21145.9,,,,,,F,Free (free for publication),1,One,A,Normal value,0,Units,USD,US dollar
DATAFLOW,OECD.SDD.NAD:DSD_NAMAIN1@DF_QNA_EXPENDITURE_CAPITA(1.1),Quarterly GDP per capita,I,A,Annual,Y,Calendar and seasonally adjusted,SVK,Slovak Republic,S1,Total economy,S1,Total economy,B1GQ_POP,"Gross domestic product, per capita",_Z,Not applicable,_Z,Not applicable,_Z,Not applicable,USD_PPP_PS,"US dollars per person, PPP converted",LR,Chain linked volume (rebased),LA,Annual levels,T0102,Table 0102 - GDP identity from the expenditure side,2020,,35317.1,,2020,,,,F,Free (free for publication),1,One,A,Normal value,0,Units,USD,US dollar
DATAFLOW,OECD.SDD.NAD:DSD_NAMAIN1@DF_QNA_EXPENDITURE_CAPITA(1.1),Quarterly GDP per capita,I,A,Annual,Y,Calendar and seasonally adjusted,SVK,Slovak Republic,S1,Total economy,S1,Total economy,B1GQ_POP,"Gross domestic product, per capita",_Z,Not applicable,_Z,Not applicable,_Z,Not applicable,USD_PPP_PS,"US dollars per person, PPP converted",LR,Chain linked volume (rebased),LA,Annual levels,T0102,Table 0102 - GDP identity from the expenditure side,2019,,36302.8,,2020,,,,F,Free (free for publication),1,One,A,Normal value,0,Units,USD,US dollar
DATAFLOW,OECD.SDD.NAD:DSD_NAMAIN1@DF_QNA_EXPENDITURE_CAPITA(1.1),Quarterly GDP per capita,I,A,Annual,Y,Calendar and seasonally adjusted,SVK,Slovak Republic,S1,Total economy,S1,Total economy,B1GQ_POP,"Gross domestic product, per capita",_Z,Not applicable,_Z,Not applicable,_Z,Not applicable,USD_PPP_PS,"US dollars per person, PPP converted",LR,Chain linked volume (rebased),LA,Annual levels,T0102,Table 0102 - GDP identity from the expenditure side,2018,,35542.1,,2020,,,,F,Free (free for publication),1,One,A,Normal value,0,Units,USD,US dollar
DATAFLOW,OECD.SDD.NAD:DSD_NAMAIN1@DF_QNA_EXPENDITURE_CAPITA(1.1),Quarterly GDP per capita,I,A,Annual,Y,Calendar and seasonally adjusted,SVK,Slovak Republic,S1,Total economy,S1,Total economy,B1GQ_POP,"Gross domestic product, per capita",_Z,Not applicable,_Z,Not applicable,_Z,Not applicable,USD_PPP_PS,"US dollars per person, PPP converted",LR,Chain linked volume (rebased),LA,Annual levels,T0102,Table 0102 - GDP identity from the expenditure side,2017,,34202.5,,2020,,,,F,Free (free for publication),1,One,A,Normal value,0,Units,USD,US dollar
DATAFLOW,OECD.SDD.NAD:DSD_NAMAIN1@DF_QNA_EXPENDITURE_CAPITA(1.1),Quarterly GDP per capita,I,A,Annual,Y,Calendar and seasonally adjusted,SVK,Slovak Republic,S1,Total economy,S1,Total economy,B1GQ_POP,"Gross domestic product, per capita",_Z,Not applicable,_Z,Not applicable,_Z,Not applicable,USD_PPP_PS,"US dollars per person, PPP converted",LR,Chain linked volume (rebased),LA,Annual levels,T0102,Table 0102 - GDP identity from the expenditure side,2016,,33293.2,,2020,,,,F,Free (free for publication),1,One,A,Normal value,0,Units,USD,US dollar
DATAFLOW,OECD.SDD.NAD:DSD_NAMAIN1@DF_QNA_EXPENDITURE_CAPITA(1.1),Quarterly GDP per capita,I,A,Annual,Y,Calendar and seasonally adjusted,SVK,Slovak Republic,S1,Total economy,S1,Total economy,B1GQ_POP,"Gross domestic product, per capita",_Z,Not applicable,_Z,Not applicable,_Z,Not applicable,USD_PPP_PS,"US dollars per person, PPP converted",LR,Chain linked volume (rebased),LA,Annual levels,T0102,Table 0102 - GDP identity from the expenditure side,2015,,32708.1,,2020,,,,F,Free (free for publication),1,One,A,Normal value,0,Units,USD,US dollar
DATAFLOW,OECD.SDD.NAD:DSD_NAMAIN1@DF_QNA_EXPENDITURE_CAPITA(1.1),Quarterly GDP per capita,I,A,Annual,Y,Calendar and seasonally adjusted,SVK,Slovak Republic,S1,Total economy,S1,Total economy,B1GQ_POP,"Gross domestic product, per capita",_Z,Not applicable,_Z,Not applicable,_Z,Not applicable,USD_PPP_PS,"US dollars per person, PPP converted",LR,Chain linked volume (rebased),LA,Annual levels,T0102,Table 0102 - GDP identity from the expenditure side,2014,,31119.9,,2020,,,,F,Free (free for publication),1,One,A,Normal value,0,Units,USD,US dollar
DATAFLOW,OECD.SDD.NAD:DSD_NAMAIN1@DF_QNA_EXPENDITURE_CAPITA(1.1),Quarterly GDP per capita,I,A,Annual,Y,Calendar and seasonally adjusted,SVK,Slovak Republic,S1,Total economy,S1,Total economy,B1GQ_POP,"Gross domestic product, per capita",_Z,Not applicable,_Z,Not applicable,_Z,Not applicable,USD_PPP_PS,"US dollars per person, PPP converted",LR,Chain linked volume (rebased),LA,Annual levels,T0102,Table 0102 - GDP identity from the expenditure side,2013,,30330.5,,2020,,,,F,Free (free for publication),1,One,A,Normal value,0,Units,USD,US dollar
DATAFLOW,OECD.SDD.NAD:DSD_NAMAIN1@DF_QNA_EXPENDITURE_CAPITA(1.1),Quarterly GDP per capita,I,A,Annual,Y,Calendar and seasonally adjusted,SVK,Slovak Republic,S1,Total economy,S1,Total economy,B1GQ_POP,"Gross domestic product, per capita",_Z,Not applicable,_Z,Not applicable,_Z,Not applicable,USD_PPP_PS,"US dollars per person, PPP converted",LR,Chain linked volume (rebased),LA,Annual levels,T0102,Table 0102 - GDP identity from the expenditure side,2012,,30156.3,,2020,,,,F,Free (free for publication),1,One,A,Normal value,0,Units,USD,US dollar
DATAFLOW,OECD.SDD.NAD:DSD_NAMAIN1@DF_QNA_EXPENDITURE_CAPITA(1.1),Quarterly GDP per capita,I,A,Annual,Y,Calendar and seasonally adjusted,NZL,New Zealand,S1,Total economy,S1,Total economy,B1GQ_POP,"Gross domestic product, per capita",_Z,Not applicable,_Z,Not applicable,_Z,Not applicable,USD_PPP_PS,"US dollars per person, PPP converted",V,Current prices,LA,Annual levels,T0102,Table 0102 - GDP identity from the expenditure side,2006,,27237.8,,,,,,F,Free (free for publication),1,One,A,Normal value,0,Units,USD,US dollar
DATAFLOW,OECD.SDD.NAD:DSD_NAMAIN1@DF_QNA_EXPENDITURE_CAPITA(1.1),Quarterly GDP per capita,I,A,Annual,Y,Calendar and seasonally adjusted,NZL,New Zealand,S1,Total economy,S1,Total economy,B1GQ_POP,"Gross domestic product, per capita",_Z,Not applicable,_Z,Not applicable,_Z,Not applicable,USD_PPP_PS,"US dollars per person, PPP converted",V,Current prices,LA,Annual levels,T0102,Table 0102 - GDP identity from the expenditure side,2005,,25328.6,,,,,,F,Free (free for publication),1,One,A,Normal value,0,Units,USD,US dollar
DATAFLOW,OECD.SDD.NAD:DSD_NAMAIN1@DF_QNA_EXPENDITURE_CAPITA(1.1),Quarterly GDP per capita,I,A,Annual,Y,Calendar and seasonally adjusted,NZL,New Zealand,S1,Total economy,S1,Total economy,B1GQ_POP,"Gross domestic product, per capita",_Z,Not applicable,_Z,Not applicable,_Z,Not applicable,USD_PPP_PS,"US dollars per person, PPP converted",V,Current prices,LA,Annual levels,T0102,Table 0102 - GDP identity from the expenditure side,2004,,24864.5,,,,,,F,Free (free for publication),1,One,A,Normal value,0,Units,USD,US dollar
DATAFLOW,OECD.SDD.NAD:DSD_NAMAIN1@DF_QNA_EXPENDITURE_CAPITA(1.1),Quarterly GDP per capita,I,A,Annual,Y,Calendar and seasonally adjusted,NZL,New Zealand,S1,Total economy,S1,Total economy,B1GQ_POP,"Gross domestic product, per capita",_Z,Not applicable,_Z,Not applicable,_Z,Not applicable,USD_PPP_PS,"US dollars per person, PPP converted",V,Current prices,LA,Annual levels,T0102,Table 0102 - GDP identity from the expenditure side,2003,,23500.1,,,,,,F,Free (free for publication),1,One,A,Normal value,0,Units,USD,US dollar
DATAFLOW,OECD.SDD.NAD:DSD_NAMAIN1@DF_QNA_EXPENDITURE_CAPITA(1.1),Quarterly GDP per capita,I,A,Annual,Y,Calendar and seasonally adjusted,NZL,New Zealand,S1,Total economy,S1,Total economy,B1GQ_POP,"Gross domestic product, per capita",_Z,Not applicable,_Z,Not applicable,_Z,Not applicable,USD_PPP_PS,"US dollars per person, PPP converted",V,Current prices,LA,Annual levels,T0102,Table 0102 - GDP identity from the expenditure side,2002,,23033.4,,,,,,F,Free (free for publication),1,One,A,Normal value,0,Units,USD,US dollar
DATAFLOW,OECD.SDD.NAD:DSD_NAMAIN1@DF_QNA_EXPENDITURE_CAPITA(1.1),Quarterly GDP per capita,I,A,Annual,Y,Calendar and seasonally adjusted,NZL,New Zealand,S1,Total economy,S1,Total economy,B1GQ_POP,"Gross domestic product, per capita",_Z,Not applicable,_Z,Not applicable,_Z,Not applicable,USD_PPP_PS,"US dollars per person, PPP converted",LR,Chain linked volume (rebased),LA,Annual levels,T0102,Table 0102 - GDP identity from the expenditure side,2020,,44976.6,,2020,,,,F,Free (free for publication),1,One,A,Normal value,0,Units,USD,US dollar
DATAFLOW,OECD.SDD.NAD:DSD_NAMAIN1@DF_QNA_EXPENDITURE_CAPITA(1.1),Quarterly GDP per capita,I,A,Annual,Y,Calendar and seasonally adjusted,NZL,New Zealand,S1,Total economy,S1,Total economy,B1GQ_POP,"Gross domestic product, per capita",_Z,Not applicable,_Z,Not applicable,_Z,Not applicable,USD_PPP_PS,"US dollars per person, PPP converted",LR,Chain linked volume (rebased),LA,Annual levels,T0102,Table 0102 - GDP identity from the expenditure side,2019,,46229,,2020,,,,F,Free (free for publication),1,One,A,Normal value,0,Units,USD,US dollar
DATAFLOW,OECD.SDD.NAD:DSD_NAMAIN1@DF_QNA_EXPENDITURE_CAPITA(1.1),Quarterly GDP per capita,I,A,Annual,Y,Calendar and seasonally adjusted,NZL,New Zealand,S1,Total economy,S1,Total economy,B1GQ_POP,"Gross domestic product, per capita",_Z,Not applicable,_Z,Not applicable,_Z,Not applicable,USD_PPP_PS,"US dollars per person, PPP converted",LR,Chain linked volume (rebased),LA,Annual levels,T0102,Table 0102 - GDP identity from the expenditure side,2018,,45446.5,,2020,,,,F,Free (free for publication),1,One,A,Normal value,0,Units,USD,US dollar
DATAFLOW,OECD.SDD.NAD:DSD_NAMAIN1@DF_QNA_EXPENDITURE_CAPITA(1.1),Quarterly GDP per capita,I,A,Annual,Y,Calendar and seasonally adjusted,NZL,New Zealand,S1,Total economy,S1,Total economy,B1GQ_POP,"Gross domestic product, per capita",_Z,Not applicable,_Z,Not applicable,_Z,Not applicable,USD_PPP_PS,"US dollars per person, PPP converted",LR,Chain linked volume (rebased),LA,Annual levels,T0102,Table 0102 - GDP identity from the expenditure side,2017,,44476.6,,2020,,,,F,Free (free for publication),1,One,A,Normal value,0,Units,USD,US dollar
DATAFLOW,OECD.SDD.NAD:DSD_NAMAIN1@DF_QNA_EXPENDITURE_CAPITA(1.1),Quarterly GDP per capita,I,A,Annual,Y,Calendar and seasonally adjusted,NZL,New Zealand,S1,Total economy,S1,Total economy,B1GQ_POP,"Gross domestic product, per capita",_Z,Not applicable,_Z,Not applicable,_Z,Not applicable,USD_PPP_PS,"US dollars per person, PPP converted",LR,Chain linked volume (rebased),LA,Annual levels,T0102,Table 0102 - GDP identity from the expenditure side,2016,,43651.2,,2020,,,,F,Free (free for publication),1,One,A,Normal value,0,Units,USD,US dollar
DATAFLOW,OECD.SDD.NAD:DSD_NAMAIN1@DF_QNA_EXPENDITURE_CAPITA(1.1),Quarterly GDP per capita,I,A,Annual,Y,Calendar and seasonally adjusted,NZL,New Zealand,S1,Total economy,S1,Total economy,B1GQ_POP,"Gross domestic product, per capita",_Z,Not applicable,_Z,Not applicable,_Z,Not applicable,USD_PPP_PS,"US dollars per person, PPP converted",LR,Chain linked volume (rebased),LA,Annual levels,T0102,Table 0102 - GDP identity from the expenditure side,2015,,42911.2,,2020,,,,F,Free (free for publication),1,One,A,Normal value,0,Units,USD,US dollar
DATAFLOW,OECD.SDD.NAD:DSD_NAMAIN1@DF_QNA_EXPENDITURE_CAPITA(1.1),Quarterly GDP per capita,I,A,Annual,Y,Calendar and seasonally adjusted,NZL,New Zealand,S1,Total economy,S1,Total economy,B1GQ_POP,"Gross domestic product, per capita",_Z,Not applicable,_Z,Not applicable,_Z,Not applicable,USD_PPP_PS,"US dollars per person, PPP converted",LR,Chain linked volume (rebased),LA,Annual levels,T0102,Table 0102 - GDP identity from the expenditure side,2014,,42053.4,,2020,,,,F,Free (free for publication),1,One,A,Normal value,0,Units,USD,US dollar
DATAFLOW,OECD.SDD.NAD:DSD_NAMAIN1@DF_QNA_EXPENDITURE_CAPITA(1.1),Quarterly GDP per capita,I,A,Annual,Y,Calendar and seasonally adjusted,NZL,New Zealand,S1,Total economy,S1,Total economy,B1GQ_POP,"Gross domestic product, per capita",_Z,Not applicable,_Z,Not applicable,_Z,Not applicable,USD_PPP_PS,"US dollars per person, PPP converted",LR,Chain linked volume (rebased),LA,Annual levels,T0102,Table 0102 - GDP identity from the expenditure side,2013,,41407.1,,2020,,,,F,Free (free for publication),1,One,A,Normal value,0,Units,USD,US dollar
DATAFLOW,OECD.SDD.NAD:DSD_NAMAIN1@DF_QNA_EXPENDITURE_CAPITA(1.1),Quarterly GDP per capita,I,A,Annual,Y,Calendar and seasonally adjusted,NZL,New Zealand,S1,Total economy,S1,Total economy,B1GQ_POP,"Gross domestic product, per capita",_Z,Not applicable,_Z,Not applicable,_Z,Not applicable,USD_PPP_PS,"US dollars per person, PPP converted",LR,Chain linked volume (rebased),LA,Annual levels,T0102,Table 0102 - GDP identity from the expenditure side,2012,,40892.3,,2020,,,,F,Free (free for publication),1,One,A,Normal value,0,Units,USD,US dollar
DATAFLOW,OECD.SDD.NAD:DSD_NAMAIN1@DF_QNA_EXPENDITURE_CAPITA(1.1),Quarterly GDP per capita,I,A,Annual,Y,Calendar and seasonally adjusted,NZL,New Zealand,S1,Total economy,S1,Total economy,B1GQ_POP,"Gross domestic product, per capita",_Z,Not applicable,_Z,Not applicable,_Z,Not applicable,USD_PPP_PS,"US dollars per person, PPP converted",LR,Chain linked volume (rebased),LA,Annual levels,T0102,Table 0102 - GDP identity from the expenditure side,2005,,38417.5,,2020,,,,F,Free (free for publication),1,One,A,Normal value,0,Units,USD,US dollar
DATAFLOW,OECD.SDD.NAD:DSD_NAMAIN1@DF_QNA_EXPENDITURE_CAPITA(1.1),Quarterly GDP per capita,I,A,Annual,Y,Calendar and seasonally adjusted,NZL,New Zealand,S1,Total economy,S1,Total economy,B1GQ_POP,"Gross domestic product, per capita",_Z,Not applicable,_Z,Not applicable,_Z,Not applicable,USD_PPP_PS,"US dollars per person, PPP converted",LR,Chain linked volume (rebased),LA,Annual levels,T0102,Table 0102 - GDP identity from the expenditure side,2004,,37936.9,,2020,,,,F,Free (free for publication),1,One,A,Normal value,0,Units,USD,US dollar
DATAFLOW,OECD.SDD.NAD:DSD_NAMAIN1@DF_QNA_EXPENDITURE_CAPITA(1.1),Quarterly GDP per capita,I,A,Annual,Y,Calendar and seasonally adjusted,NZL,New Zealand,S1,Total economy,S1,Total economy,B1GQ_POP,"Gross domestic product, per capita",_Z,Not applicable,_Z,Not applicable,_Z,Not applicable,USD_PPP_PS,"US dollars per person, PPP converted",LR,Chain linked volume (rebased),LA,Annual levels,T0102,Table 0102 - GDP identity from the expenditure side,2021,,47356.4,,2020,,,,F,Free (free for publication),1,One,A,Normal value,0,Units,USD,US dollar
DATAFLOW,OECD.SDD.NAD:DSD_NAMAIN1@DF_QNA_EXPENDITURE_CAPITA(1.1),Quarterly GDP per capita,I,A,Annual,Y,Calendar and seasonally adjusted,NZL,New Zealand,S1,Total economy,S1,Total economy,B1GQ_POP,"Gross domestic product, per capita",_Z,Not applicable,_Z,Not applicable,_Z,Not applicable,USD_PPP_PS,"US dollars per person, PPP converted",V,Current prices,LA,Annual levels,T0102,Table 0102 - GDP identity from the expenditure side,2001,,22054.2,,,,,,F,Free (free for publication),1,One,A,Normal value,0,Units,USD,US dollar
DATAFLOW,OECD.SDD.NAD:DSD_NAMAIN1@DF_QNA_EXPENDITURE_CAPITA(1.1),Quarterly GDP per capita,I,A,Annual,Y,Calendar and seasonally adjusted,NLD,Netherlands,S1,Total economy,S1,Total economy,B1GQ_POP,"Gross domestic product, per capita",_Z,Not applicable,_Z,Not applicable,_Z,Not applicable,USD_PPP_PS,"US dollars per person, PPP converted",V,Current prices,LA,Annual levels,T0102,Table 0102 - GDP identity from the expenditure side,2015,,50957.2,,,,,,F,Free (free for publication),1,One,A,Normal value,0,Units,USD,US dollar
DATAFLOW,OECD.SDD.NAD:DSD_NAMAIN1@DF_QNA_EXPENDITURE_CAPITA(1.1),Quarterly GDP per capita,I,A,Annual,Y,Calendar and seasonally adjusted,NLD,Netherlands,S1,Total economy,S1,Total economy,B1GQ_POP,"Gross domestic product, per capita",_Z,Not applicable,_Z,Not applicable,_Z,Not applicable,USD_PPP_PS,"US dollars per person, PPP converted",V,Current prices,LA,Annual levels,T0102,Table 0102 - GDP identity from the expenditure side,2014,,49751.3,,,,,,F,Free (free for publication),1,One,A,Normal value,0,Units,USD,US dollar
DATAFLOW,OECD.SDD.NAD:DSD_NAMAIN1@DF_QNA_EXPENDITURE_CAPITA(1.1),Quarterly GDP per capita,I,A,Annual,Y,Calendar and seasonally adjusted,NLD,Netherlands,S1,Total economy,S1,Total economy,B1GQ_POP,"Gross domestic product, per capita",_Z,Not applicable,_Z,Not applicable,_Z,Not applicable,USD_PPP_PS,"US dollars per person, PPP converted",V,Current prices,LA,Annual levels,T0102,Table 0102 - GDP identity from the expenditure side,2013,,49621.9,,,,,,F,Free (free for publication),1,One,A,Normal value,0,Units,USD,US dollar
DATAFLOW,OECD.SDD.NAD:DSD_NAMAIN1@DF_QNA_EXPENDITURE_CAPITA(1.1),Quarterly GDP per capita,I,A,Annual,Y,Calendar and seasonally adjusted,NLD,Netherlands,S1,Total economy,S1,Total economy,B1GQ_POP,"Gross domestic product, per capita",_Z,Not applicable,_Z,Not applicable,_Z,Not applicable,USD_PPP_PS,"US dollars per person, PPP converted",V,Current prices,LA,Annual levels,T0102,Table 0102 - GDP identity from the expenditure side,2006,,41208.3,,,,,,F,Free (free for publication),1,One,A,Normal value,0,Units,USD,US dollar
DATAFLOW,OECD.SDD.NAD:DSD_NAMAIN1@DF_QNA_EXPENDITURE_CAPITA(1.1),Quarterly GDP per capita,I,A,Annual,Y,Calendar and seasonally adjusted,NLD,Netherlands,S1,Total economy,S1,Total economy,B1GQ_POP,"Gross domestic product, per capita",_Z,Not applicable,_Z,Not applicable,_Z,Not applicable,USD_PPP_PS,"US dollars per person, PPP converted",V,Current prices,LA,Annual levels,T0102,Table 0102 - GDP identity from the expenditure side,2005,,37778.8,,,,,,F,Free (free for publication),1,One,A,Normal value,0,Units,USD,US dollar
DATAFLOW,OECD.SDD.NAD:DSD_NAMAIN1@DF_QNA_EXPENDITURE_CAPITA(1.1),Quarterly GDP per capita,I,A,Annual,Y,Calendar and seasonally adjusted,NLD,Netherlands,S1,Total economy,S1,Total economy,B1GQ_POP,"Gross domestic product, per capita",_Z,Not applicable,_Z,Not applicable,_Z,Not applicable,USD_PPP_PS,"US dollars per person, PPP converted",V,Current prices,LA,Annual levels,T0102,Table 0102 - GDP identity from the expenditure side,2004,,35960.2,,,,,,F,Free (free for publication),1,One,A,Normal value,0,Units,USD,US dollar
DATAFLOW,OECD.SDD.NAD:DSD_NAMAIN1@DF_QNA_EXPENDITURE_CAPITA(1.1),Quarterly GDP per capita,I,A,Annual,Y,Calendar and seasonally adjusted,NLD,Netherlands,S1,Total economy,S1,Total economy,B1GQ_POP,"Gross domestic product, per capita",_Z,Not applicable,_Z,Not applicable,_Z,Not applicable,USD_PPP_PS,"US dollars per person, PPP converted",V,Current prices,LA,Annual levels,T0102,Table 0102 - GDP identity from the expenditure side,2003,,34286.5,,,,,,F,Free (free for publication),1,One,A,Normal value,0,Units,USD,US dollar
DATAFLOW,OECD.SDD.NAD:DSD_NAMAIN1@DF_QNA_EXPENDITURE_CAPITA(1.1),Quarterly GDP per capita,I,A,Annual,Y,Calendar and seasonally adjusted,NLD,Netherlands,S1,Total economy,S1,Total economy,B1GQ_POP,"Gross domestic product, per capita",_Z,Not applicable,_Z,Not applicable,_Z,Not applicable,USD_PPP_PS,"US dollars per person, PPP converted",V,Current prices,LA,Annual levels,T0102,Table 0102 - GDP identity from the expenditure side,2002,,34568.8,,,,,,F,Free (free for publication),1,One,A,Normal value,0,Units,USD,US dollar
DATAFLOW,OECD.SDD.NAD:DSD_NAMAIN1@DF_QNA_EXPENDITURE_CAPITA(1.1),Quarterly GDP per capita,I,A,Annual,Y,Calendar and seasonally adjusted,NLD,Netherlands,S1,Total economy,S1,Total economy,B1GQ_POP,"Gross domestic product, per capita",_Z,Not applicable,_Z,Not applicable,_Z,Not applicable,USD_PPP_PS,"US dollars per person, PPP converted",V,Current prices,LA,Annual levels,T0102,Table 0102 - GDP identity from the expenditure side,2001,,33259.3,,,,,,F,Free (free for publication),1,One,A,Normal value,0,Units,USD,US dollar
DATAFLOW,OECD.SDD.NAD:DSD_NAMAIN1@DF_QNA_EXPENDITURE_CAPITA(1.1),Quarterly GDP per capita,I,A,Annual,Y,Calendar and seasonally adjusted,NLD,Netherlands,S1,Total economy,S1,Total economy,B1GQ_POP,"Gross domestic product, per capita",_Z,Not applicable,_Z,Not applicable,_Z,Not applicable,USD_PPP_PS,"US dollars per person, PPP converted",V,Current prices,LA,Annual levels,T0102,Table 0102 - GDP identity from the expenditure side,2000,,31894.7,,,,,,F,Free (free for publication),1,One,A,Normal value,0,Units,USD,US dollar
DATAFLOW,OECD.SDD.NAD:DSD_NAMAIN1@DF_QNA_EXPENDITURE_CAPITA(1.1),Quarterly GDP per capita,I,A,Annual,Y,Calendar and seasonally adjusted,NLD,Netherlands,S1,Total economy,S1,Total economy,B1GQ_POP,"Gross domestic product, per capita",_Z,Not applicable,_Z,Not applicable,_Z,Not applicable,USD_PPP_PS,"US dollars per person, PPP converted",V,Current prices,LA,Annual levels,T0102,Table 0102 - GDP identity from the expenditure side,2019,,62344.8,,,,,,F,Free (free for publication),1,One,A,Normal value,0,Units,USD,US dollar
DATAFLOW,OECD.SDD.NAD:DSD_NAMAIN1@DF_QNA_EXPENDITURE_CAPITA(1.1),Quarterly GDP per capita,I,A,Annual,Y,Calendar and seasonally adjusted,NLD,Netherlands,S1,Total economy,S1,Total economy,B1GQ_POP,"Gross domestic product, per capita",_Z,Not applicable,_Z,Not applicable,_Z,Not applicable,USD_PPP_PS,"US dollars per person, PPP converted",V,Current prices,LA,Annual levels,T0102,Table 0102 - GDP identity from the expenditure side,2022,,78630.3,,,,,,F,Free (free for publication),1,One,A,Normal value,0,Units,USD,US dollar
DATAFLOW,OECD.SDD.NAD:DSD_NAMAIN1@DF_QNA_EXPENDITURE_CAPITA(1.1),Quarterly GDP per capita,I,A,Annual,Y,Calendar and seasonally adjusted,NLD,Netherlands,S1,Total economy,S1,Total economy,B1GQ_POP,"Gross domestic product, per capita",_Z,Not applicable,_Z,Not applicable,_Z,Not applicable,USD_PPP_PS,"US dollars per person, PPP converted",V,Current prices,LA,Annual levels,T0102,Table 0102 - GDP identity from the expenditure side,2021,,68572.8,,,,,,F,Free (free for publication),1,One,A,Normal value,0,Units,USD,US dollar
DATAFLOW,OECD.SDD.NAD:DSD_NAMAIN1@DF_QNA_EXPENDITURE_CAPITA(1.1),Quarterly GDP per capita,I,A,Annual,Y,Calendar and seasonally adjusted,NLD,Netherlands,S1,Total economy,S1,Total economy,B1GQ_POP,"Gross domestic product, per capita",_Z,Not applicable,_Z,Not applicable,_Z,Not applicable,USD_PPP_PS,"US dollars per person, PPP converted",V,Current prices,LA,Annual levels,T0102,Table 0102 - GDP identity from the expenditure side,2020,,62596.6,,,,,,F,Free (free for publication),1,One,A,Normal value,0,Units,USD,US dollar
DATAFLOW,OECD.SDD.NAD:DSD_NAMAIN1@DF_QNA_EXPENDITURE_CAPITA(1.1),Quarterly GDP per capita,I,A,Annual,Y,Calendar and seasonally adjusted,NLD,Netherlands,S1,Total economy,S1,Total economy,B1GQ_POP,"Gross domestic product, per capita",_Z,Not applicable,_Z,Not applicable,_Z,Not applicable,USD_PPP_PS,"US dollars per person, PPP converted",LR,Chain linked volume (rebased),LA,Annual levels,T0102,Table 0102 - GDP identity from the expenditure side,2008,,61461.4,,2020,,,,F,Free (free for publication),1,One,A,Normal value,0,Units,USD,US dollar
DATAFLOW,OECD.SDD.NAD:DSD_NAMAIN1@DF_QNA_EXPENDITURE_CAPITA(1.1),Quarterly GDP per capita,I,A,Annual,Y,Calendar and seasonally adjusted,LVA,Latvia,S1,Total economy,S1,Total economy,B1GQ_POP,"Gross domestic product, per capita",_Z,Not applicable,_Z,Not applicable,_Z,Not applicable,USD_PPP_PS,"US dollars per person, PPP converted",V,Current prices,LA,Annual levels,T0102,Table 0102 - GDP identity from the expenditure side,2010,,16375.5,,,,,,F,Free (free for publication),1,One,A,Normal value,0,Units,USD,US dollar
DATAFLOW,OECD.SDD.NAD:DSD_NAMAIN1@DF_QNA_EXPENDITURE_CAPITA(1.1),Quarterly GDP per capita,I,A,Annual,Y,Calendar and seasonally adjusted,LVA,Latvia,S1,Total economy,S1,Total economy,B1GQ_POP,"Gross domestic product, per capita",_Z,Not applicable,_Z,Not applicable,_Z,Not applicable,USD_PPP_PS,"US dollars per person, PPP converted",V,Current prices,LA,Annual levels,T0102,Table 0102 - GDP identity from the expenditure side,2009,,15542.8,,,,,,F,Free (free for publication),1,One,A,Normal value,0,Units,USD,US dollar
DATAFLOW,OECD.SDD.NAD:DSD_NAMAIN1@DF_QNA_EXPENDITURE_CAPITA(1.1),Quarterly GDP per capita,I,A,Annual,Y,Calendar and seasonally adjusted,NLD,Netherlands,S1,Total economy,S1,Total economy,B1GQ_POP,"Gross domestic product, per capita",_Z,Not applicable,_Z,Not applicable,_Z,Not applicable,USD_PPP_PS,"US dollars per person, PPP converted",V,Current prices,LA,Annual levels,T0102,Table 0102 - GDP identity from the expenditure side,2010,,45301,,,,,,F,Free (free for publication),1,One,A,Normal value,0,Units,USD,US dollar
DATAFLOW,OECD.SDD.NAD:DSD_NAMAIN1@DF_QNA_EXPENDITURE_CAPITA(1.1),Quarterly GDP per capita,I,A,Annual,Y,Calendar and seasonally adjusted,NLD,Netherlands,S1,Total economy,S1,Total economy,B1GQ_POP,"Gross domestic product, per capita",_Z,Not applicable,_Z,Not applicable,_Z,Not applicable,USD_PPP_PS,"US dollars per person, PPP converted",V,Current prices,LA,Annual levels,T0102,Table 0102 - GDP identity from the expenditure side,2009,,44959.6,,,,,,F,Free (free for publication),1,One,A,Normal value,0,Units,USD,US dollar
DATAFLOW,OECD.SDD.NAD:DSD_NAMAIN1@DF_QNA_EXPENDITURE_CAPITA(1.1),Quarterly GDP per capita,I,A,Annual,Y,Calendar and seasonally adjusted,NLD,Netherlands,S1,Total economy,S1,Total economy,B1GQ_POP,"Gross domestic product, per capita",_Z,Not applicable,_Z,Not applicable,_Z,Not applicable,USD_PPP_PS,"US dollars per person, PPP converted",V,Current prices,LA,Annual levels,T0102,Table 0102 - GDP identity from the expenditure side,2018,,58819.7,,,,,,F,Free (free for publication),1,One,A,Normal value,0,Units,USD,US dollar
DATAFLOW,OECD.SDD.NAD:DSD_NAMAIN1@DF_QNA_EXPENDITURE_CAPITA(1.1),Quarterly GDP per capita,I,A,Annual,Y,Calendar and seasonally adjusted,NLD,Netherlands,S1,Total economy,S1,Total economy,B1GQ_POP,"Gross domestic product, per capita",_Z,Not applicable,_Z,Not applicable,_Z,Not applicable,USD_PPP_PS,"US dollars per person, PPP converted",LR,Chain linked volume (rebased),LA,Annual levels,T0102,Table 0102 - GDP identity from the expenditure side,2021,,66178.2,,2020,,,,F,Free (free for publication),1,One,A,Normal value,0,Units,USD,US dollar
DATAFLOW,OECD.SDD.NAD:DSD_NAMAIN1@DF_QNA_EXPENDITURE_CAPITA(1.1),Quarterly GDP per capita,I,A,Annual,Y,Calendar and seasonally adjusted,NLD,Netherlands,S1,Total economy,S1,Total economy,B1GQ_POP,"Gross domestic product, per capita",_Z,Not applicable,_Z,Not applicable,_Z,Not applicable,USD_PPP_PS,"US dollars per person, PPP converted",LR,Chain linked volume (rebased),LA,Annual levels,T0102,Table 0102 - GDP identity from the expenditure side,2016,,62027.1,,2020,,,,F,Free (free for publication),1,One,A,Normal value,0,Units,USD,US dollar
DATAFLOW,OECD.SDD.NAD:DSD_NAMAIN1@DF_QNA_EXPENDITURE_CAPITA(1.1),Quarterly GDP per capita,I,A,Annual,Y,Calendar and seasonally adjusted,NLD,Netherlands,S1,Total economy,S1,Total economy,B1GQ_POP,"Gross domestic product, per capita",_Z,Not applicable,_Z,Not applicable,_Z,Not applicable,USD_PPP_PS,"US dollars per person, PPP converted",LR,Chain linked volume (rebased),LA,Annual levels,T0102,Table 0102 - GDP identity from the expenditure side,2015,,60882.2,,2020,,,,F,Free (free for publication),1,One,A,Normal value,0,Units,USD,US dollar
DATAFLOW,OECD.SDD.NAD:DSD_NAMAIN1@DF_QNA_EXPENDITURE_CAPITA(1.1),Quarterly GDP per capita,I,A,Annual,Y,Calendar and seasonally adjusted,NLD,Netherlands,S1,Total economy,S1,Total economy,B1GQ_POP,"Gross domestic product, per capita",_Z,Not applicable,_Z,Not applicable,_Z,Not applicable,USD_PPP_PS,"US dollars per person, PPP converted",LR,Chain linked volume (rebased),LA,Annual levels,T0102,Table 0102 - GDP identity from the expenditure side,2014,,59881.9,,2020,,,,F,Free (free for publication),1,One,A,Normal value,0,Units,USD,US dollar
DATAFLOW,OECD.SDD.NAD:DSD_NAMAIN1@DF_QNA_EXPENDITURE_CAPITA(1.1),Quarterly GDP per capita,I,A,Annual,Y,Calendar and seasonally adjusted,NLD,Netherlands,S1,Total economy,S1,Total economy,B1GQ_POP,"Gross domestic product, per capita",_Z,Not applicable,_Z,Not applicable,_Z,Not applicable,USD_PPP_PS,"US dollars per person, PPP converted",LR,Chain linked volume (rebased),LA,Annual levels,T0102,Table 0102 - GDP identity from the expenditure side,2013,,59143.9,,2020,,,,F,Free (free for publication),1,One,A,Normal value,0,Units,USD,US dollar
DATAFLOW,OECD.SDD.NAD:DSD_NAMAIN1@DF_QNA_EXPENDITURE_CAPITA(1.1),Quarterly GDP per capita,I,A,Annual,Y,Calendar and seasonally adjusted,NLD,Netherlands,S1,Total economy,S1,Total economy,B1GQ_POP,"Gross domestic product, per capita",_Z,Not applicable,_Z,Not applicable,_Z,Not applicable,USD_PPP_PS,"US dollars per person, PPP converted",LR,Chain linked volume (rebased),LA,Annual levels,T0102,Table 0102 - GDP identity from the expenditure side,2012,,59337.6,,2020,,,,F,Free (free for publication),1,One,A,Normal value,0,Units,USD,US dollar
DATAFLOW,OECD.SDD.NAD:DSD_NAMAIN1@DF_QNA_EXPENDITURE_CAPITA(1.1),Quarterly GDP per capita,I,A,Annual,Y,Calendar and seasonally adjusted,NLD,Netherlands,S1,Total economy,S1,Total economy,B1GQ_POP,"Gross domestic product, per capita",_Z,Not applicable,_Z,Not applicable,_Z,Not applicable,USD_PPP_PS,"US dollars per person, PPP converted",LR,Chain linked volume (rebased),LA,Annual levels,T0102,Table 0102 - GDP identity from the expenditure side,2011,,60145,,2020,,,,F,Free (free for publication),1,One,A,Normal value,0,Units,USD,US dollar
DATAFLOW,OECD.SDD.NAD:DSD_NAMAIN1@DF_QNA_EXPENDITURE_CAPITA(1.1),Quarterly GDP per capita,I,A,Annual,Y,Calendar and seasonally adjusted,NLD,Netherlands,S1,Total economy,S1,Total economy,B1GQ_POP,"Gross domestic product, per capita",_Z,Not applicable,_Z,Not applicable,_Z,Not applicable,USD_PPP_PS,"US dollars per person, PPP converted",LR,Chain linked volume (rebased),LA,Annual levels,T0102,Table 0102 - GDP identity from the expenditure side,2010,,59371.5,,2020,,,,F,Free (free for publication),1,One,A,Normal value,0,Units,USD,US dollar
DATAFLOW,OECD.SDD.NAD:DSD_NAMAIN1@DF_QNA_EXPENDITURE_CAPITA(1.1),Quarterly GDP per capita,I,A,Annual,Y,Calendar and seasonally adjusted,NLD,Netherlands,S1,Total economy,S1,Total economy,B1GQ_POP,"Gross domestic product, per capita",_Z,Not applicable,_Z,Not applicable,_Z,Not applicable,USD_PPP_PS,"US dollars per person, PPP converted",LR,Chain linked volume (rebased),LA,Annual levels,T0102,Table 0102 - GDP identity from the expenditure side,2009,,58902,,2020,,,,F,Free (free for publication),1,One,A,Normal value,0,Units,USD,US dollar
DATAFLOW,OECD.SDD.NAD:DSD_NAMAIN1@DF_QNA_EXPENDITURE_CAPITA(1.1),Quarterly GDP per capita,I,A,Annual,Y,Calendar and seasonally adjusted,NLD,Netherlands,S1,Total economy,S1,Total economy,B1GQ_POP,"Gross domestic product, per capita",_Z,Not applicable,_Z,Not applicable,_Z,Not applicable,USD_PPP_PS,"US dollars per person, PPP converted",LR,Chain linked volume (rebased),LA,Annual levels,T0102,Table 0102 - GDP identity from the expenditure side,2022,,68833.4,,2020,,,,F,Free (free for publication),1,One,A,Normal value,0,Units,USD,US dollar
DATAFLOW,OECD.SDD.NAD:DSD_NAMAIN1@DF_QNA_EXPENDITURE_CAPITA(1.1),Quarterly GDP per capita,I,A,Annual,Y,Calendar and seasonally adjusted,NLD,Netherlands,S1,Total economy,S1,Total economy,B1GQ_POP,"Gross domestic product, per capita",_Z,Not applicable,_Z,Not applicable,_Z,Not applicable,USD_PPP_PS,"US dollars per person, PPP converted",V,Current prices,LA,Annual levels,T0102,Table 0102 - GDP identity from the expenditure side,2017,,56036.9,,,,,,F,Free (free for publication),1,One,A,Normal value,0,Units,USD,US dollar
DATAFLOW,OECD.SDD.NAD:DSD_NAMAIN1@DF_QNA_EXPENDITURE_CAPITA(1.1),Quarterly GDP per capita,I,A,Annual,Y,Calendar and seasonally adjusted,MEX,Mexico,S1,Total economy,S1,Total economy,B1GQ_POP,"Gross domestic product, per capita",_Z,Not applicable,_Z,Not applicable,_Z,Not applicable,USD_PPP_PS,"US dollars per person, PPP converted",V,Current prices,LA,Annual levels,T0102,Table 0102 - GDP identity from the expenditure side,2019,,21099,,,,,,F,Free (free for publication),1,One,A,Normal value,0,Units,USD,US dollar
DATAFLOW,OECD.SDD.NAD:DSD_NAMAIN1@DF_QNA_EXPENDITURE_CAPITA(1.1),Quarterly GDP per capita,I,A,Annual,Y,Calendar and seasonally adjusted,MEX,Mexico,S1,Total economy,S1,Total economy,B1GQ_POP,"Gross domestic product, per capita",_Z,Not applicable,_Z,Not applicable,_Z,Not applicable,USD_PPP_PS,"US dollars per person, PPP converted",V,Current prices,LA,Annual levels,T0102,Table 0102 - GDP identity from the expenditure side,2020,,19417.8,,,,,,F,Free (free for publication),1,One,A,Normal value,0,Units,USD,US dollar
DATAFLOW,OECD.SDD.NAD:DSD_NAMAIN1@DF_QNA_EXPENDITURE_CAPITA(1.1),Quarterly GDP per capita,I,A,Annual,Y,Calendar and seasonally adjusted,MEX,Mexico,S1,Total economy,S1,Total economy,B1GQ_POP,"Gross domestic product, per capita",_Z,Not applicable,_Z,Not applicable,_Z,Not applicable,USD_PPP_PS,"US dollars per person, PPP converted",V,Current prices,LA,Annual levels,T0102,Table 0102 - GDP identity from the expenditure side,2021,,20788,,,,,,F,Free (free for publication),1,One,A,Normal value,0,Units,USD,US dollar
DATAFLOW,OECD.SDD.NAD:DSD_NAMAIN1@DF_QNA_EXPENDITURE_CAPITA(1.1),Quarterly GDP per capita,I,A,Annual,Y,Calendar and seasonally adjusted,MEX,Mexico,S1,Total economy,S1,Total economy,B1GQ_POP,"Gross domestic product, per capita",_Z,Not applicable,_Z,Not applicable,_Z,Not applicable,USD_PPP_PS,"US dollars per person, PPP converted",LR,Chain linked volume (rebased),LA,Annual levels,T0102,Table 0102 - GDP identity from the expenditure side,2012,,20824.1,,2020,,,,F,Free (free for publication),1,One,A,Normal value,0,Units,USD,US dollar
DATAFLOW,OECD.SDD.NAD:DSD_NAMAIN1@DF_QNA_EXPENDITURE_CAPITA(1.1),Quarterly GDP per capita,I,A,Annual,Y,Calendar and seasonally adjusted,MEX,Mexico,S1,Total economy,S1,Total economy,B1GQ_POP,"Gross domestic product, per capita",_Z,Not applicable,_Z,Not applicable,_Z,Not applicable,USD_PPP_PS,"US dollars per person, PPP converted",LR,Chain linked volume (rebased),LA,Annual levels,T0102,Table 0102 - GDP identity from the expenditure side,2011,,20343.2,,2020,,,,F,Free (free for publication),1,One,A,Normal value,0,Units,USD,US dollar
DATAFLOW,OECD.SDD.NAD:DSD_NAMAIN1@DF_QNA_EXPENDITURE_CAPITA(1.1),Quarterly GDP per capita,I,A,Annual,Y,Calendar and seasonally adjusted,MEX,Mexico,S1,Total economy,S1,Total economy,B1GQ_POP,"Gross domestic product, per capita",_Z,Not applicable,_Z,Not applicable,_Z,Not applicable,USD_PPP_PS,"US dollars per person, PPP converted",LR,Chain linked volume (rebased),LA,Annual levels,T0102,Table 0102 - GDP identity from the expenditure side,2010,,19898.6,,2020,,,,F,Free (free for publication),1,One,A,Normal value,0,Units,USD,US dollar
DATAFLOW,OECD.SDD.NAD:DSD_NAMAIN1@DF_QNA_EXPENDITURE_CAPITA(1.1),Quarterly GDP per capita,I,A,Annual,Y,Calendar and seasonally adjusted,MEX,Mexico,S1,Total economy,S1,Total economy,B1GQ_POP,"Gross domestic product, per capita",_Z,Not applicable,_Z,Not applicable,_Z,Not applicable,USD_PPP_PS,"US dollars per person, PPP converted",LR,Chain linked volume (rebased),LA,Annual levels,T0102,Table 0102 - GDP identity from the expenditure side,2009,,19214.6,,2020,,,,F,Free (free for publication),1,One,A,Normal value,0,Units,USD,US dollar
DATAFLOW,OECD.SDD.NAD:DSD_NAMAIN1@DF_QNA_EXPENDITURE_CAPITA(1.1),Quarterly GDP per capita,I,A,Annual,Y,Calendar and seasonally adjusted,MEX,Mexico,S1,Total economy,S1,Total economy,B1GQ_POP,"Gross domestic product, per capita",_Z,Not applicable,_Z,Not applicable,_Z,Not applicable,USD_PPP_PS,"US dollars per person, PPP converted",LR,Chain linked volume (rebased),LA,Annual levels,T0102,Table 0102 - GDP identity from the expenditure side,2008,,20791.5,,2020,,,,F,Free (free for publication),1,One,A,Normal value,0,Units,USD,US dollar
DATAFLOW,OECD.SDD.NAD:DSD_NAMAIN1@DF_QNA_EXPENDITURE_CAPITA(1.1),Quarterly GDP per capita,I,A,Annual,Y,Calendar and seasonally adjusted,MEX,Mexico,S1,Total economy,S1,Total economy,B1GQ_POP,"Gross domestic product, per capita",_Z,Not applicable,_Z,Not applicable,_Z,Not applicable,USD_PPP_PS,"US dollars per person, PPP converted",LR,Chain linked volume (rebased),LA,Annual levels,T0102,Table 0102 - GDP identity from the expenditure side,2007,,20883.9,,2020,,,,F,Free (free for publication),1,One,A,Normal value,0,Units,USD,US dollar
DATAFLOW,OECD.SDD.NAD:DSD_NAMAIN1@DF_QNA_EXPENDITURE_CAPITA(1.1),Quarterly GDP per capita,I,A,Annual,Y,Calendar and seasonally adjusted,MEX,Mexico,S1,Total economy,S1,Total economy,B1GQ_POP,"Gross domestic product, per capita",_Z,Not applicable,_Z,Not applicable,_Z,Not applicable,USD_PPP_PS,"US dollars per person, PPP converted",LR,Chain linked volume (rebased),LA,Annual levels,T0102,Table 0102 - GDP identity from the expenditure side,2006,,20742.7,,2020,,,,F,Free (free for publication),1,One,A,Normal value,0,Units,USD,US dollar
DATAFLOW,OECD.SDD.NAD:DSD_NAMAIN1@DF_QNA_EXPENDITURE_CAPITA(1.1),Quarterly GDP per capita,I,A,Annual,Y,Calendar and seasonally adjusted,MEX,Mexico,S1,Total economy,S1,Total economy,B1GQ_POP,"Gross domestic product, per capita",_Z,Not applicable,_Z,Not applicable,_Z,Not applicable,USD_PPP_PS,"US dollars per person, PPP converted",LR,Chain linked volume (rebased),LA,Annual levels,T0102,Table 0102 - GDP identity from the expenditure side,2005,,20065.7,,2020,,,,F,Free (free for publication),1,One,A,Normal value,0,Units,USD,US dollar
DATAFLOW,OECD.SDD.NAD:DSD_NAMAIN1@DF_QNA_EXPENDITURE_CAPITA(1.1),Quarterly GDP per capita,I,A,Annual,Y,Calendar and seasonally adjusted,MEX,Mexico,S1,Total economy,S1,Total economy,B1GQ_POP,"Gross domestic product, per capita",_Z,Not applicable,_Z,Not applicable,_Z,Not applicable,USD_PPP_PS,"US dollars per person, PPP converted",V,Current prices,LA,Annual levels,T0102,Table 0102 - GDP identity from the expenditure side,2008,,15830.8,,,,,,F,Free (free for publication),1,One,A,Normal value,0,Units,USD,US dollar
DATAFLOW,OECD.SDD.NAD:DSD_NAMAIN1@DF_QNA_EXPENDITURE_CAPITA(1.1),Quarterly GDP per capita,I,A,Annual,Y,Calendar and seasonally adjusted,MEX,Mexico,S1,Total economy,S1,Total economy,B1GQ_POP,"Gross domestic product, per capita",_Z,Not applicable,_Z,Not applicable,_Z,Not applicable,USD_PPP_PS,"US dollars per person, PPP converted",V,Current prices,LA,Annual levels,T0102,Table 0102 - GDP identity from the expenditure side,2007,,15163.7,,,,,,F,Free (free for publication),1,One,A,Normal value,0,Units,USD,US dollar
DATAFLOW,OECD.SDD.NAD:DSD_NAMAIN1@DF_QNA_EXPENDITURE_CAPITA(1.1),Quarterly GDP per capita,I,A,Annual,Y,Calendar and seasonally adjusted,MEX,Mexico,S1,Total economy,S1,Total economy,B1GQ_POP,"Gross domestic product, per capita",_Z,Not applicable,_Z,Not applicable,_Z,Not applicable,USD_PPP_PS,"US dollars per person, PPP converted",V,Current prices,LA,Annual levels,T0102,Table 0102 - GDP identity from the expenditure side,2012,,18287.4,,,,,,F,Free (free for publication),1,One,A,Normal value,0,Units,USD,US dollar
DATAFLOW,OECD.SDD.NAD:DSD_NAMAIN1@DF_QNA_EXPENDITURE_CAPITA(1.1),Quarterly GDP per capita,I,A,Annual,Y,Calendar and seasonally adjusted,POL,Poland,S1,Total economy,S1,Total economy,B1GQ_POP,"Gross domestic product, per capita",_Z,Not applicable,_Z,Not applicable,_Z,Not applicable,USD_PPP_PS,"US dollars per person, PPP converted",V,Current prices,LA,Annual levels,T0102,Table 0102 - GDP identity from the expenditure side,2006,,15205.9,,,,,,F,Free (free for publication),1,One,A,Normal value,0,Units,USD,US dollar
DATAFLOW,OECD.SDD.NAD:DSD_NAMAIN1@DF_QNA_EXPENDITURE_CAPITA(1.1),Quarterly GDP per capita,I,A,Annual,Y,Calendar and seasonally adjusted,POL,Poland,S1,Total economy,S1,Total economy,B1GQ_POP,"Gross domestic product, per capita",_Z,Not applicable,_Z,Not applicable,_Z,Not applicable,USD_PPP_PS,"US dollars per person, PPP converted",LR,Chain linked volume (rebased),LA,Annual levels,T0102,Table 0102 - GDP identity from the expenditure side,2016,,32022,,2020,,,,F,Free (free for publication),1,One,A,Normal value,0,Units,USD,US dollar
DATAFLOW,OECD.SDD.NAD:DSD_NAMAIN1@DF_QNA_EXPENDITURE_CAPITA(1.1),Quarterly GDP per capita,I,A,Annual,Y,Calendar and seasonally adjusted,POL,Poland,S1,Total economy,S1,Total economy,B1GQ_POP,"Gross domestic product, per capita",_Z,Not applicable,_Z,Not applicable,_Z,Not applicable,USD_PPP_PS,"US dollars per person, PPP converted",LR,Chain linked volume (rebased),LA,Annual levels,T0102,Table 0102 - GDP identity from the expenditure side,2015,,31060.9,,2020,,,,F,Free (free for publication),1,One,A,Normal value,0,Units,USD,US dollar
DATAFLOW,OECD.SDD.NAD:DSD_NAMAIN1@DF_QNA_EXPENDITURE_CAPITA(1.1),Quarterly GDP per capita,I,A,Annual,Y,Calendar and seasonally adjusted,ESP,Spain,S1,Total economy,S1,Total economy,B1GQ_POP,"Gross domestic product, per capita",_Z,Not applicable,_Z,Not applicable,_Z,Not applicable,USD_PPP_PS,"US dollars per person, PPP converted",V,Current prices,LA,Annual levels,T0102,Table 0102 - GDP identity from the expenditure side,2001,,22999.9,,,,,,F,Free (free for publication),1,One,A,Normal value,0,Units,USD,US dollar
DATAFLOW,OECD.SDD.NAD:DSD_NAMAIN1@DF_QNA_EXPENDITURE_CAPITA(1.1),Quarterly GDP per capita,I,A,Annual,Y,Calendar and seasonally adjusted,ESP,Spain,S1,Total economy,S1,Total economy,B1GQ_POP,"Gross domestic product, per capita",_Z,Not applicable,_Z,Not applicable,_Z,Not applicable,USD_PPP_PS,"US dollars per person, PPP converted",V,Current prices,LA,Annual levels,T0102,Table 0102 - GDP identity from the expenditure side,2000,,21589.4,,,,,,F,Free (free for publication),1,One,A,Normal value,0,Units,USD,US dollar
DATAFLOW,OECD.SDD.NAD:DSD_NAMAIN1@DF_QNA_EXPENDITURE_CAPITA(1.1),Quarterly GDP per capita,I,A,Annual,Y,Calendar and seasonally adjusted,ESP,Spain,S1,Total economy,S1,Total economy,B1GQ_POP,"Gross domestic product, per capita",_Z,Not applicable,_Z,Not applicable,_Z,Not applicable,USD_PPP_PS,"US dollars per person, PPP converted",LR,Chain linked volume (rebased),LA,Annual levels,T0102,Table 0102 - GDP identity from the expenditure side,2012,,38856,,2020,,,,F,Free (free for publication),1,One,A,Normal value,0,Units,USD,US dollar
DATAFLOW,OECD.SDD.NAD:DSD_NAMAIN1@DF_QNA_EXPENDITURE_CAPITA(1.1),Quarterly GDP per capita,I,A,Annual,Y,Calendar and seasonally adjusted,ESP,Spain,S1,Total economy,S1,Total economy,B1GQ_POP,"Gross domestic product, per capita",_Z,Not applicable,_Z,Not applicable,_Z,Not applicable,USD_PPP_PS,"US dollars per person, PPP converted",LR,Chain linked volume (rebased),LA,Annual levels,T0102,Table 0102 - GDP identity from the expenditure side,2011,,40013.3,,2020,,,,F,Free (free for publication),1,One,A,Normal value,0,Units,USD,US dollar
DATAFLOW,OECD.SDD.NAD:DSD_NAMAIN1@DF_QNA_EXPENDITURE_CAPITA(1.1),Quarterly GDP per capita,I,A,Annual,Y,Calendar and seasonally adjusted,ESP,Spain,S1,Total economy,S1,Total economy,B1GQ_POP,"Gross domestic product, per capita",_Z,Not applicable,_Z,Not applicable,_Z,Not applicable,USD_PPP_PS,"US dollars per person, PPP converted",LR,Chain linked volume (rebased),LA,Annual levels,T0102,Table 0102 - GDP identity from the expenditure side,2010,,40421.3,,2020,,,,F,Free (free for publication),1,One,A,Normal value,0,Units,USD,US dollar
DATAFLOW,OECD.SDD.NAD:DSD_NAMAIN1@DF_QNA_EXPENDITURE_CAPITA(1.1),Quarterly GDP per capita,I,A,Annual,Y,Calendar and seasonally adjusted,ESP,Spain,S1,Total economy,S1,Total economy,B1GQ_POP,"Gross domestic product, per capita",_Z,Not applicable,_Z,Not applicable,_Z,Not applicable,USD_PPP_PS,"US dollars per person, PPP converted",LR,Chain linked volume (rebased),LA,Annual levels,T0102,Table 0102 - GDP identity from the expenditure side,2009,,40553.1,,2020,,,,F,Free (free for publication),1,One,A,Normal value,0,Units,USD,US dollar
DATAFLOW,OECD.SDD.NAD:DSD_NAMAIN1@DF_QNA_EXPENDITURE_CAPITA(1.1),Quarterly GDP per capita,I,A,Annual,Y,Calendar and seasonally adjusted,ESP,Spain,S1,Total economy,S1,Total economy,B1GQ_POP,"Gross domestic product, per capita",_Z,Not applicable,_Z,Not applicable,_Z,Not applicable,USD_PPP_PS,"US dollars per person, PPP converted",LR,Chain linked volume (rebased),LA,Annual levels,T0102,Table 0102 - GDP identity from the expenditure side,2008,,42493.3,,2020,,,,F,Free (free for publication),1,One,A,Normal value,0,Units,USD,US dollar
DATAFLOW,OECD.SDD.NAD:DSD_NAMAIN1@DF_QNA_EXPENDITURE_CAPITA(1.1),Quarterly GDP per capita,I,A,Annual,Y,Calendar and seasonally adjusted,ESP,Spain,S1,Total economy,S1,Total economy,B1GQ_POP,"Gross domestic product, per capita",_Z,Not applicable,_Z,Not applicable,_Z,Not applicable,USD_PPP_PS,"US dollars per person, PPP converted",LR,Chain linked volume (rebased),LA,Annual levels,T0102,Table 0102 - GDP identity from the expenditure side,2007,,42866.3,,2020,,,,F,Free (free for publication),1,One,A,Normal value,0,Units,USD,US dollar
DATAFLOW,OECD.SDD.NAD:DSD_NAMAIN1@DF_QNA_EXPENDITURE_CAPITA(1.1),Quarterly GDP per capita,I,A,Annual,Y,Calendar and seasonally adjusted,ESP,Spain,S1,Total economy,S1,Total economy,B1GQ_POP,"Gross domestic product, per capita",_Z,Not applicable,_Z,Not applicable,_Z,Not applicable,USD_PPP_PS,"US dollars per person, PPP converted",LR,Chain linked volume (rebased),LA,Annual levels,T0102,Table 0102 - GDP identity from the expenditure side,2006,,42220.4,,2020,,,,F,Free (free for publication),1,One,A,Normal value,0,Units,USD,US dollar
DATAFLOW,OECD.SDD.NAD:DSD_NAMAIN1@DF_QNA_EXPENDITURE_CAPITA(1.1),Quarterly GDP per capita,I,A,Annual,Y,Calendar and seasonally adjusted,ESP,Spain,S1,Total economy,S1,Total economy,B1GQ_POP,"Gross domestic product, per capita",_Z,Not applicable,_Z,Not applicable,_Z,Not applicable,USD_PPP_PS,"US dollars per person, PPP converted",LR,Chain linked volume (rebased),LA,Annual levels,T0102,Table 0102 - GDP identity from the expenditure side,2005,,41228.2,,2020,,,,F,Free (free for publication),1,One,A,Normal value,0,Units,USD,US dollar
DATAFLOW,OECD.SDD.NAD:DSD_NAMAIN1@DF_QNA_EXPENDITURE_CAPITA(1.1),Quarterly GDP per capita,I,A,Annual,Y,Calendar and seasonally adjusted,ESP,Spain,S1,Total economy,S1,Total economy,B1GQ_POP,"Gross domestic product, per capita",_Z,Not applicable,_Z,Not applicable,_Z,Not applicable,USD_PPP_PS,"US dollars per person, PPP converted",LR,Chain linked volume (rebased),LA,Annual levels,T0102,Table 0102 - GDP identity from the expenditure side,2004,,40560.7,,2020,,,,F,Free (free for publication),1,One,A,Normal value,0,Units,USD,US dollar
DATAFLOW,OECD.SDD.NAD:DSD_NAMAIN1@DF_QNA_EXPENDITURE_CAPITA(1.1),Quarterly GDP per capita,I,A,Annual,Y,Calendar and seasonally adjusted,ESP,Spain,S1,Total economy,S1,Total economy,B1GQ_POP,"Gross domestic product, per capita",_Z,Not applicable,_Z,Not applicable,_Z,Not applicable,USD_PPP_PS,"US dollars per person, PPP converted",LR,Chain linked volume (rebased),LA,Annual levels,T0102,Table 0102 - GDP identity from the expenditure side,2003,,39953.6,,2020,,,,F,Free (free for publication),1,One,A,Normal value,0,Units,USD,US dollar
DATAFLOW,OECD.SDD.NAD:DSD_NAMAIN1@DF_QNA_EXPENDITURE_CAPITA(1.1),Quarterly GDP per capita,I,A,Annual,Y,Calendar and seasonally adjusted,ESP,Spain,S1,Total economy,S1,Total economy,B1GQ_POP,"Gross domestic product, per capita",_Z,Not applicable,_Z,Not applicable,_Z,Not applicable,USD_PPP_PS,"US dollars per person, PPP converted",LR,Chain linked volume (rebased),LA,Annual levels,T0102,Table 0102 - GDP identity from the expenditure side,2002,,39536.7,,2020,,,,F,Free (free for publication),1,One,A,Normal value,0,Units,USD,US dollar
DATAFLOW,OECD.SDD.NAD:DSD_NAMAIN1@DF_QNA_EXPENDITURE_CAPITA(1.1),Quarterly GDP per capita,I,A,Annual,Y,Calendar and seasonally adjusted,ESP,Spain,S1,Total economy,S1,Total economy,B1GQ_POP,"Gross domestic product, per capita",_Z,Not applicable,_Z,Not applicable,_Z,Not applicable,USD_PPP_PS,"US dollars per person, PPP converted",LR,Chain linked volume (rebased),LA,Annual levels,T0102,Table 0102 - GDP identity from the expenditure side,2001,,39097.1,,2020,,,,F,Free (free for publication),1,One,A,Normal value,0,Units,USD,US dollar
DATAFLOW,OECD.SDD.NAD:DSD_NAMAIN1@DF_QNA_EXPENDITURE_CAPITA(1.1),Quarterly GDP per capita,I,A,Annual,Y,Calendar and seasonally adjusted,ESP,Spain,S1,Total economy,S1,Total economy,B1GQ_POP,"Gross domestic product, per capita",_Z,Not applicable,_Z,Not applicable,_Z,Not applicable,USD_PPP_PS,"US dollars per person, PPP converted",LR,Chain linked volume (rebased),LA,Annual levels,T0102,Table 0102 - GDP identity from the expenditure side,2000,,37819,,2020,,,,F,Free (free for publication),1,One,A,Normal value,0,Units,USD,US dollar
DATAFLOW,OECD.SDD.NAD:DSD_NAMAIN1@DF_QNA_EXPENDITURE_CAPITA(1.1),Quarterly GDP per capita,I,A,Annual,Y,Calendar and seasonally adjusted,ESP,Spain,S1,Total economy,S1,Total economy,B1GQ_POP,"Gross domestic product, per capita",_Z,Not applicable,_Z,Not applicable,_Z,Not applicable,USD_PPP_PS,"US dollars per person, PPP converted",V,Current prices,LA,Annual levels,T0102,Table 0102 - GDP identity from the expenditure side,2010,,31814.5,,,,,,F,Free (free for publication),1,One,A,Normal value,0,Units,USD,US dollar
DATAFLOW,OECD.SDD.NAD:DSD_NAMAIN1@DF_QNA_EXPENDITURE_CAPITA(1.1),Quarterly GDP per capita,I,A,Annual,Y,Calendar and seasonally adjusted,ESP,Spain,S1,Total economy,S1,Total economy,B1GQ_POP,"Gross domestic product, per capita",_Z,Not applicable,_Z,Not applicable,_Z,Not applicable,USD_PPP_PS,"US dollars per person, PPP converted",V,Current prices,LA,Annual levels,T0102,Table 0102 - GDP identity from the expenditure side,2013,,32629.8,,,,,,F,Free (free for publication),1,One,A,Normal value,0,Units,USD,US dollar
DATAFLOW,OECD.SDD.NAD:DSD_NAMAIN1@DF_QNA_EXPENDITURE_CAPITA(1.1),Quarterly GDP per capita,I,A,Annual,Y,Calendar and seasonally adjusted,ESP,Spain,S1,Total economy,S1,Total economy,B1GQ_POP,"Gross domestic product, per capita",_Z,Not applicable,_Z,Not applicable,_Z,Not applicable,USD_PPP_PS,"US dollars per person, PPP converted",V,Current prices,LA,Annual levels,T0102,Table 0102 - GDP identity from the expenditure side,2012,,31886,,,,,,F,Free (free for publication),1,One,A,Normal value,0,Units,USD,US dollar
DATAFLOW,OECD.SDD.NAD:DSD_NAMAIN1@DF_QNA_EXPENDITURE_CAPITA(1.1),Quarterly GDP per capita,I,A,Annual,Y,Calendar and seasonally adjusted,POL,Poland,S1,Total economy,S1,Total economy,B1GQ_POP,"Gross domestic product, per capita",_Z,Not applicable,_Z,Not applicable,_Z,Not applicable,USD_PPP_PS,"US dollars per person, PPP converted",V,Current prices,LA,Annual levels,T0102,Table 0102 - GDP identity from the expenditure side,2023,,47250.7,,,,,,F,Free (free for publication),1,One,A,Normal value,0,Units,USD,US dollar
DATAFLOW,OECD.SDD.NAD:DSD_NAMAIN1@DF_QNA_EXPENDITURE_CAPITA(1.1),Quarterly GDP per capita,I,A,Annual,Y,Calendar and seasonally adjusted,POL,Poland,S1,Total economy,S1,Total economy,B1GQ_POP,"Gross domestic product, per capita",_Z,Not applicable,_Z,Not applicable,_Z,Not applicable,USD_PPP_PS,"US dollars per person, PPP converted",V,Current prices,LA,Annual levels,T0102,Table 0102 - GDP identity from the expenditure side,2021,,41058,,,,,,F,Free (free for publication),1,One,A,Normal value,0,Units,USD,US dollar
DATAFLOW,OECD.SDD.NAD:DSD_NAMAIN1@DF_QNA_EXPENDITURE_CAPITA(1.1),Quarterly GDP per capita,I,A,Annual,Y,Calendar and seasonally adjusted,POL,Poland,S1,Total economy,S1,Total economy,B1GQ_POP,"Gross domestic product, per capita",_Z,Not applicable,_Z,Not applicable,_Z,Not applicable,USD_PPP_PS,"US dollars per person, PPP converted",V,Current prices,LA,Annual levels,T0102,Table 0102 - GDP identity from the expenditure side,2019,,35891.1,,,,,,F,Free (free for publication),1,One,A,Normal value,0,Units,USD,US dollar
DATAFLOW,OECD.SDD.NAD:DSD_NAMAIN1@DF_QNA_EXPENDITURE_CAPITA(1.1),Quarterly GDP per capita,I,A,Annual,Y,Calendar and seasonally adjusted,POL,Poland,S1,Total economy,S1,Total economy,B1GQ_POP,"Gross domestic product, per capita",_Z,Not applicable,_Z,Not applicable,_Z,Not applicable,USD_PPP_PS,"US dollars per person, PPP converted",V,Current prices,LA,Annual levels,T0102,Table 0102 - GDP identity from the expenditure side,2018,,32354.8,,,,,,F,Free (free for publication),1,One,A,Normal value,0,Units,USD,US dollar
DATAFLOW,OECD.SDD.NAD:DSD_NAMAIN1@DF_QNA_EXPENDITURE_CAPITA(1.1),Quarterly GDP per capita,I,A,Annual,Y,Calendar and seasonally adjusted,POL,Poland,S1,Total economy,S1,Total economy,B1GQ_POP,"Gross domestic product, per capita",_Z,Not applicable,_Z,Not applicable,_Z,Not applicable,USD_PPP_PS,"US dollars per person, PPP converted",V,Current prices,LA,Annual levels,T0102,Table 0102 - GDP identity from the expenditure side,2017,,30175.9,,,,,,F,Free (free for publication),1,One,A,Normal value,0,Units,USD,US dollar
DATAFLOW,OECD.SDD.NAD:DSD_NAMAIN1@DF_QNA_EXPENDITURE_CAPITA(1.1),Quarterly GDP per capita,I,A,Annual,Y,Calendar and seasonally adjusted,POL,Poland,S1,Total economy,S1,Total economy,B1GQ_POP,"Gross domestic product, per capita",_Z,Not applicable,_Z,Not applicable,_Z,Not applicable,USD_PPP_PS,"US dollars per person, PPP converted",LR,Chain linked volume (rebased),LA,Annual levels,T0102,Table 0102 - GDP identity from the expenditure side,2024,,43103.5,,2020,,,,F,Free (free for publication),1,One,A,Normal value,0,Units,USD,US dollar
DATAFLOW,OECD.SDD.NAD:DSD_NAMAIN1@DF_QNA_EXPENDITURE_CAPITA(1.1),Quarterly GDP per capita,I,A,Annual,Y,Calendar and seasonally adjusted,POL,Poland,S1,Total economy,S1,Total economy,B1GQ_POP,"Gross domestic product, per capita",_Z,Not applicable,_Z,Not applicable,_Z,Not applicable,USD_PPP_PS,"US dollars per person, PPP converted",LR,Chain linked volume (rebased),LA,Annual levels,T0102,Table 0102 - GDP identity from the expenditure side,2023,,41712.8,,2020,,,,F,Free (free for publication),1,One,A,Normal value,0,Units,USD,US dollar
DATAFLOW,OECD.SDD.NAD:DSD_NAMAIN1@DF_QNA_EXPENDITURE_CAPITA(1.1),Quarterly GDP per capita,I,A,Annual,Y,Calendar and seasonally adjusted,POL,Poland,S1,Total economy,S1,Total economy,B1GQ_POP,"Gross domestic product, per capita",_Z,Not applicable,_Z,Not applicable,_Z,Not applicable,USD_PPP_PS,"US dollars per person, PPP converted",LR,Chain linked volume (rebased),LA,Annual levels,T0102,Table 0102 - GDP identity from the expenditure side,2021,,40229.8,,2020,,,,F,Free (free for publication),1,One,A,Normal value,0,Units,USD,US dollar
DATAFLOW,OECD.SDD.NAD:DSD_NAMAIN1@DF_QNA_EXPENDITURE_CAPITA(1.1),Quarterly GDP per capita,I,A,Annual,Y,Calendar and seasonally adjusted,POL,Poland,S1,Total economy,S1,Total economy,B1GQ_POP,"Gross domestic product, per capita",_Z,Not applicable,_Z,Not applicable,_Z,Not applicable,USD_PPP_PS,"US dollars per person, PPP converted",LR,Chain linked volume (rebased),LA,Annual levels,T0102,Table 0102 - GDP identity from the expenditure side,2019,,37420.5,,2020,,,,F,Free (free for publication),1,One,A,Normal value,0,Units,USD,US dollar
DATAFLOW,OECD.SDD.NAD:DSD_NAMAIN1@DF_QNA_EXPENDITURE_CAPITA(1.1),Quarterly GDP per capita,I,A,Annual,Y,Calendar and seasonally adjusted,POL,Poland,S1,Total economy,S1,Total economy,B1GQ_POP,"Gross domestic product, per capita",_Z,Not applicable,_Z,Not applicable,_Z,Not applicable,USD_PPP_PS,"US dollars per person, PPP converted",LR,Chain linked volume (rebased),LA,Annual levels,T0102,Table 0102 - GDP identity from the expenditure side,2018,,35774.9,,2020,,,,F,Free (free for publication),1,One,A,Normal value,0,Units,USD,US dollar
DATAFLOW,OECD.SDD.NAD:DSD_NAMAIN1@DF_QNA_EXPENDITURE_CAPITA(1.1),Quarterly GDP per capita,I,A,Annual,Y,Calendar and seasonally adjusted,POL,Poland,S1,Total economy,S1,Total economy,B1GQ_POP,"Gross domestic product, per capita",_Z,Not applicable,_Z,Not applicable,_Z,Not applicable,USD_PPP_PS,"US dollars per person, PPP converted",LR,Chain linked volume (rebased),LA,Annual levels,T0102,Table 0102 - GDP identity from the expenditure side,2017,,33667.9,,2020,,,,F,Free (free for publication),1,One,A,Normal value,0,Units,USD,US dollar
DATAFLOW,OECD.SDD.NAD:DSD_NAMAIN1@DF_QNA_EXPENDITURE_CAPITA(1.1),Quarterly GDP per capita,I,A,Annual,Y,Calendar and seasonally adjusted,POL,Poland,S1,Total economy,S1,Total economy,B1GQ_POP,"Gross domestic product, per capita",_Z,Not applicable,_Z,Not applicable,_Z,Not applicable,USD_PPP_PS,"US dollars per person, PPP converted",LR,Chain linked volume (rebased),LA,Annual levels,T0102,Table 0102 - GDP identity from the expenditure side,2005,,21134.5,,2020,,,,F,Free (free for publication),1,One,A,Normal value,0,Units,USD,US dollar
DATAFLOW,OECD.SDD.NAD:DSD_NAMAIN1@DF_QNA_EXPENDITURE_CAPITA(1.1),Quarterly GDP per capita,I,A,Annual,Y,Calendar and seasonally adjusted,POL,Poland,S1,Total economy,S1,Total economy,B1GQ_POP,"Gross domestic product, per capita",_Z,Not applicable,_Z,Not applicable,_Z,Not applicable,USD_PPP_PS,"US dollars per person, PPP converted",LR,Chain linked volume (rebased),LA,Annual levels,T0102,Table 0102 - GDP identity from the expenditure side,2004,,20457.4,,2020,,,,F,Free (free for publication),1,One,A,Normal value,0,Units,USD,US dollar
DATAFLOW,OECD.SDD.NAD:DSD_NAMAIN1@DF_QNA_EXPENDITURE_CAPITA(1.1),Quarterly GDP per capita,I,A,Annual,Y,Calendar and seasonally adjusted,POL,Poland,S1,Total economy,S1,Total economy,B1GQ_POP,"Gross domestic product, per capita",_Z,Not applicable,_Z,Not applicable,_Z,Not applicable,USD_PPP_PS,"US dollars per person, PPP converted",LR,Chain linked volume (rebased),LA,Annual levels,T0102,Table 0102 - GDP identity from the expenditure side,2003,,19457.3,,2020,,,,F,Free (free for publication),1,One,A,Normal value,0,Units,USD,US dollar
DATAFLOW,OECD.SDD.NAD:DSD_NAMAIN1@DF_QNA_EXPENDITURE_CAPITA(1.1),Quarterly GDP per capita,I,A,Annual,Y,Calendar and seasonally adjusted,POL,Poland,S1,Total economy,S1,Total economy,B1GQ_POP,"Gross domestic product, per capita",_Z,Not applicable,_Z,Not applicable,_Z,Not applicable,USD_PPP_PS,"US dollars per person, PPP converted",V,Current prices,LA,Annual levels,T0102,Table 0102 - GDP identity from the expenditure side,2016,,28364.9,,,,,,F,Free (free for publication),1,One,A,Normal value,0,Units,USD,US dollar
DATAFLOW,OECD.SDD.NAD:DSD_NAMAIN1@DF_QNA_EXPENDITURE_CAPITA(1.1),Quarterly GDP per capita,I,A,Annual,Y,Calendar and seasonally adjusted,NOR,Norway,S1,Total economy,S1,Total economy,B1GQ_POP,"Gross domestic product, per capita",_Z,Not applicable,_Z,Not applicable,_Z,Not applicable,USD_PPP_PS,"US dollars per person, PPP converted",V,Current prices,LA,Annual levels,T0102,Table 0102 - GDP identity from the expenditure side,2015,,62675.4,,,,,,F,Free (free for publication),1,One,A,Normal value,0,Units,USD,US dollar
DATAFLOW,OECD.SDD.NAD:DSD_NAMAIN1@DF_QNA_EXPENDITURE_CAPITA(1.1),Quarterly GDP per capita,I,A,Annual,Y,Calendar and seasonally adjusted,NOR,Norway,S1,Total economy,S1,Total economy,B1GQ_POP,"Gross domestic product, per capita",_Z,Not applicable,_Z,Not applicable,_Z,Not applicable,USD_PPP_PS,"US dollars per person, PPP converted",V,Current prices,LA,Annual levels,T0102,Table 0102 - GDP identity from the expenditure side,2014,,68172.2,,,,,,F,Free (free for publication),1,One,A,Normal value,0,Units,USD,US dollar
DATAFLOW,OECD.SDD.NAD:DSD_NAMAIN1@DF_QNA_EXPENDITURE_CAPITA(1.1),Quarterly GDP per capita,I,A,Annual,Y,Calendar and seasonally adjusted,NOR,Norway,S1,Total economy,S1,Total economy,B1GQ_POP,"Gross domestic product, per capita",_Z,Not applicable,_Z,Not applicable,_Z,Not applicable,USD_PPP_PS,"US dollars per person, PPP converted",V,Current prices,LA,Annual levels,T0102,Table 0102 - GDP identity from the expenditure side,2013,,69188.1,,,,,,F,Free (free for publication),1,One,A,Normal value,0,Units,USD,US dollar
DATAFLOW,OECD.SDD.NAD:DSD_NAMAIN1@DF_QNA_EXPENDITURE_CAPITA(1.1),Quarterly GDP per capita,I,A,Annual,Y,Calendar and seasonally adjusted,NOR,Norway,S1,Total economy,S1,Total economy,B1GQ_POP,"Gross domestic product, per capita",_Z,Not applicable,_Z,Not applicable,_Z,Not applicable,USD_PPP_PS,"US dollars per person, PPP converted",V,Current prices,LA,Annual levels,T0102,Table 0102 - GDP identity from the expenditure side,2005,,48197.8,,,,,,F,Free (free for publication),1,One,A,Normal value,0,Units,USD,US dollar
DATAFLOW,OECD.SDD.NAD:DSD_NAMAIN1@DF_QNA_EXPENDITURE_CAPITA(1.1),Quarterly GDP per capita,I,A,Annual,Y,Calendar and seasonally adjusted,NOR,Norway,S1,Total economy,S1,Total economy,B1GQ_POP,"Gross domestic product, per capita",_Z,Not applicable,_Z,Not applicable,_Z,Not applicable,USD_PPP_PS,"US dollars per person, PPP converted",V,Current prices,LA,Annual levels,T0102,Table 0102 - GDP identity from the expenditure side,2003,,38644,,,,,,F,Free (free for publication),1,One,A,Normal value,0,Units,USD,US dollar
DATAFLOW,OECD.SDD.NAD:DSD_NAMAIN1@DF_QNA_EXPENDITURE_CAPITA(1.1),Quarterly GDP per capita,I,A,Annual,Y,Calendar and seasonally adjusted,NOR,Norway,S1,Total economy,S1,Total economy,B1GQ_POP,"Gross domestic product, per capita",_Z,Not applicable,_Z,Not applicable,_Z,Not applicable,USD_PPP_PS,"US dollars per person, PPP converted",V,Current prices,LA,Annual levels,T0102,Table 0102 - GDP identity from the expenditure side,2002,,37945.7,,,,,,F,Free (free for publication),1,One,A,Normal value,0,Units,USD,US dollar
DATAFLOW,OECD.SDD.NAD:DSD_NAMAIN1@DF_QNA_EXPENDITURE_CAPITA(1.1),Quarterly GDP per capita,I,A,Annual,Y,Calendar and seasonally adjusted,NOR,Norway,S1,Total economy,S1,Total economy,B1GQ_POP,"Gross domestic product, per capita",_Z,Not applicable,_Z,Not applicable,_Z,Not applicable,USD_PPP_PS,"US dollars per person, PPP converted",V,Current prices,LA,Annual levels,T0102,Table 0102 - GDP identity from the expenditure side,2001,,37690.8,,,,,,F,Free (free for publication),1,One,A,Normal value,0,Units,USD,US dollar
DATAFLOW,OECD.SDD.NAD:DSD_NAMAIN1@DF_QNA_EXPENDITURE_CAPITA(1.1),Quarterly GDP per capita,I,A,Annual,Y,Calendar and seasonally adjusted,NOR,Norway,S1,Total economy,S1,Total economy,B1GQ_POP,"Gross domestic product, per capita",_Z,Not applicable,_Z,Not applicable,_Z,Not applicable,USD_PPP_PS,"US dollars per person, PPP converted",V,Current prices,LA,Annual levels,T0102,Table 0102 - GDP identity from the expenditure side,2000,,36801.2,,,,,,F,Free (free for publication),1,One,A,Normal value,0,Units,USD,US dollar
DATAFLOW,OECD.SDD.NAD:DSD_NAMAIN1@DF_QNA_EXPENDITURE_CAPITA(1.1),Quarterly GDP per capita,I,A,Annual,Y,Calendar and seasonally adjusted,NOR,Norway,S1,Total economy,S1,Total economy,B1GQ_POP,"Gross domestic product, per capita",_Z,Not applicable,_Z,Not applicable,_Z,Not applicable,USD_PPP_PS,"US dollars per person, PPP converted",V,Current prices,LA,Annual levels,T0102,Table 0102 - GDP identity from the expenditure side,2016,,61221.1,,,,,,F,Free (free for publication),1,One,A,Normal value,0,Units,USD,US dollar
DATAFLOW,OECD.SDD.NAD:DSD_NAMAIN1@DF_QNA_EXPENDITURE_CAPITA(1.1),Quarterly GDP per capita,I,A,Annual,Y,Calendar and seasonally adjusted,NOR,Norway,S1,Total economy,S1,Total economy,B1GQ_POP,"Gross domestic product, per capita",_Z,Not applicable,_Z,Not applicable,_Z,Not applicable,USD_PPP_PS,"US dollars per person, PPP converted",V,Current prices,LA,Annual levels,T0102,Table 0102 - GDP identity from the expenditure side,2024,,105648.1,,,,,,F,Free (free for publication),1,One,A,Normal value,0,Units,USD,US dollar
DATAFLOW,OECD.SDD.NAD:DSD_NAMAIN1@DF_QNA_EXPENDITURE_CAPITA(1.1),Quarterly GDP per capita,I,A,Annual,Y,Calendar and seasonally adjusted,NOR,Norway,S1,Total economy,S1,Total economy,B1GQ_POP,"Gross domestic product, per capita",_Z,Not applicable,_Z,Not applicable,_Z,Not applicable,USD_PPP_PS,"US dollars per person, PPP converted",V,Current prices,LA,Annual levels,T0102,Table 0102 - GDP identity from the expenditure side,2023,,107799.2,,,,,,F,Free (free for publication),1,One,A,Normal value,0,Units,USD,US dollar
DATAFLOW,OECD.SDD.NAD:DSD_NAMAIN1@DF_QNA_EXPENDITURE_CAPITA(1.1),Quarterly GDP per capita,I,A,Annual,Y,Calendar and seasonally adjusted,NOR,Norway,S1,Total economy,S1,Total economy,B1GQ_POP,"Gross domestic product, per capita",_Z,Not applicable,_Z,Not applicable,_Z,Not applicable,USD_PPP_PS,"US dollars per person, PPP converted",V,Current prices,LA,Annual levels,T0102,Table 0102 - GDP identity from the expenditure side,2022,,129946.8,,,,,,F,Free (free for publication),1,One,A,Normal value,0,Units,USD,US dollar
DATAFLOW,OECD.SDD.NAD:DSD_NAMAIN1@DF_QNA_EXPENDITURE_CAPITA(1.1),Quarterly GDP per capita,I,A,Annual,Y,Calendar and seasonally adjusted,NOR,Norway,S1,Total economy,S1,Total economy,B1GQ_POP,"Gross domestic product, per capita",_Z,Not applicable,_Z,Not applicable,_Z,Not applicable,USD_PPP_PS,"US dollars per person, PPP converted",V,Current prices,LA,Annual levels,T0102,Table 0102 - GDP identity from the expenditure side,2021,,92245.3,,,,,,F,Free (free for publication),1,One,A,Normal value,0,Units,USD,US dollar
DATAFLOW,OECD.SDD.NAD:DSD_NAMAIN1@DF_QNA_EXPENDITURE_CAPITA(1.1),Quarterly GDP per capita,I,A,Annual,Y,Calendar and seasonally adjusted,LUX,Luxembourg,S1,Total economy,S1,Total economy,B1GQ_POP,"Gross domestic product, per capita",_Z,Not applicable,_Z,Not applicable,_Z,Not applicable,USD_PPP_PS,"US dollars per person, PPP converted",V,Current prices,LA,Annual levels,T0102,Table 0102 - GDP identity from the expenditure side,2009,,86844.1,,,,,,F,Free (free for publication),1,One,A,Normal value,0,Units,USD,US dollar
DATAFLOW,OECD.SDD.NAD:DSD_NAMAIN1@DF_QNA_EXPENDITURE_CAPITA(1.1),Quarterly GDP per capita,I,A,Annual,Y,Calendar and seasonally adjusted,LUX,Luxembourg,S1,Total economy,S1,Total economy,B1GQ_POP,"Gross domestic product, per capita",_Z,Not applicable,_Z,Not applicable,_Z,Not applicable,USD_PPP_PS,"US dollars per person, PPP converted",V,Current prices,LA,Annual levels,T0102,Table 0102 - GDP identity from the expenditure side,2018,,116473.2,,,,,,F,Free (free for publication),1,One,A,Normal value,0,Units,USD,US dollar
DATAFLOW,OECD.SDD.NAD:DSD_NAMAIN1@DF_QNA_EXPENDITURE_CAPITA(1.1),Quarterly GDP per capita,I,A,Annual,Y,Calendar and seasonally adjusted,LUX,Luxembourg,S1,Total economy,S1,Total economy,B1GQ_POP,"Gross domestic product, per capita",_Z,Not applicable,_Z,Not applicable,_Z,Not applicable,USD_PPP_PS,"US dollars per person, PPP converted",V,Current prices,LA,Annual levels,T0102,Table 0102 - GDP identity from the expenditure side,2017,,114863.7,,,,,,F,Free (free for publication),1,One,A,Normal value,0,Units,USD,US dollar
DATAFLOW,OECD.SDD.NAD:DSD_NAMAIN1@DF_QNA_EXPENDITURE_CAPITA(1.1),Quarterly GDP per capita,I,A,Annual,Y,Calendar and seasonally adjusted,LUX,Luxembourg,S1,Total economy,S1,Total economy,B1GQ_POP,"Gross domestic product, per capita",_Z,Not applicable,_Z,Not applicable,_Z,Not applicable,USD_PPP_PS,"US dollars per person, PPP converted",LR,Chain linked volume (rebased),LA,Annual levels,T0102,Table 0102 - GDP identity from the expenditure side,2014,,121991.7,,2020,,,,F,Free (free for publication),1,One,A,Normal value,0,Units,USD,US dollar
DATAFLOW,OECD.SDD.NAD:DSD_NAMAIN1@DF_QNA_EXPENDITURE_CAPITA(1.1),Quarterly GDP per capita,I,A,Annual,Y,Calendar and seasonally adjusted,LUX,Luxembourg,S1,Total economy,S1,Total economy,B1GQ_POP,"Gross domestic product, per capita",_Z,Not applicable,_Z,Not applicable,_Z,Not applicable,USD_PPP_PS,"US dollars per person, PPP converted",LR,Chain linked volume (rebased),LA,Annual levels,T0102,Table 0102 - GDP identity from the expenditure side,2013,,121705.1,,2020,,,,F,Free (free for publication),1,One,A,Normal value,0,Units,USD,US dollar
DATAFLOW,OECD.SDD.NAD:DSD_NAMAIN1@DF_QNA_EXPENDITURE_CAPITA(1.1),Quarterly GDP per capita,I,A,Annual,Y,Calendar and seasonally adjusted,LUX,Luxembourg,S1,Total economy,S1,Total economy,B1GQ_POP,"Gross domestic product, per capita",_Z,Not applicable,_Z,Not applicable,_Z,Not applicable,USD_PPP_PS,"US dollars per person, PPP converted",LR,Chain linked volume (rebased),LA,Annual levels,T0102,Table 0102 - GDP identity from the expenditure side,2012,,121028.8,,2020,,,,F,Free (free for publication),1,One,A,Normal value,0,Units,USD,US dollar
DATAFLOW,OECD.SDD.NAD:DSD_NAMAIN1@DF_QNA_EXPENDITURE_CAPITA(1.1),Quarterly GDP per capita,I,A,Annual,Y,Calendar and seasonally adjusted,NOR,Norway,S1,Total economy,S1,Total economy,B1GQ_POP,"Gross domestic product, per capita",_Z,Not applicable,_Z,Not applicable,_Z,Not applicable,USD_PPP_PS,"US dollars per person, PPP converted",LR,Chain linked volume (rebased),LA,Annual levels,T0102,Table 0102 - GDP identity from the expenditure side,2014,,68014.4,,2020,,,,F,Free (free for publication),1,One,A,Normal value,0,Units,USD,US dollar
DATAFLOW,OECD.SDD.NAD:DSD_NAMAIN1@DF_QNA_EXPENDITURE_CAPITA(1.1),Quarterly GDP per capita,I,A,Annual,Y,Calendar and seasonally adjusted,NOR,Norway,S1,Total economy,S1,Total economy,B1GQ_POP,"Gross domestic product, per capita",_Z,Not applicable,_Z,Not applicable,_Z,Not applicable,USD_PPP_PS,"US dollars per person, PPP converted",LR,Chain linked volume (rebased),LA,Annual levels,T0102,Table 0102 - GDP identity from the expenditure side,2012,,67350.7,,2020,,,,F,Free (free for publication),1,One,A,Normal value,0,Units,USD,US dollar
DATAFLOW,OECD.SDD.NAD:DSD_NAMAIN1@DF_QNA_EXPENDITURE_CAPITA(1.1),Quarterly GDP per capita,I,A,Annual,Y,Calendar and seasonally adjusted,NOR,Norway,S1,Total economy,S1,Total economy,B1GQ_POP,"Gross domestic product, per capita",_Z,Not applicable,_Z,Not applicable,_Z,Not applicable,USD_PPP_PS,"US dollars per person, PPP converted",LR,Chain linked volume (rebased),LA,Annual levels,T0102,Table 0102 - GDP identity from the expenditure side,2011,,66363.7,,2020,,,,F,Free (free for publication),1,One,A,Normal value,0,Units,USD,US dollar
DATAFLOW,OECD.SDD.NAD:DSD_NAMAIN1@DF_QNA_EXPENDITURE_CAPITA(1.1),Quarterly GDP per capita,I,A,Annual,Y,Calendar and seasonally adjusted,NOR,Norway,S1,Total economy,S1,Total economy,B1GQ_POP,"Gross domestic product, per capita",_Z,Not applicable,_Z,Not applicable,_Z,Not applicable,USD_PPP_PS,"US dollars per person, PPP converted",LR,Chain linked volume (rebased),LA,Annual levels,T0102,Table 0102 - GDP identity from the expenditure side,2010,,66317.2,,2020,,,,F,Free (free for publication),1,One,A,Normal value,0,Units,USD,US dollar
DATAFLOW,OECD.SDD.NAD:DSD_NAMAIN1@DF_QNA_EXPENDITURE_CAPITA(1.1),Quarterly GDP per capita,I,A,Annual,Y,Calendar and seasonally adjusted,NOR,Norway,S1,Total economy,S1,Total economy,B1GQ_POP,"Gross domestic product, per capita",_Z,Not applicable,_Z,Not applicable,_Z,Not applicable,USD_PPP_PS,"US dollars per person, PPP converted",LR,Chain linked volume (rebased),LA,Annual levels,T0102,Table 0102 - GDP identity from the expenditure side,2008,,68420.1,,2020,,,,F,Free (free for publication),1,One,A,Normal value,0,Units,USD,US dollar
DATAFLOW,OECD.SDD.NAD:DSD_NAMAIN1@DF_QNA_EXPENDITURE_CAPITA(1.1),Quarterly GDP per capita,I,A,Annual,Y,Calendar and seasonally adjusted,NOR,Norway,S1,Total economy,S1,Total economy,B1GQ_POP,"Gross domestic product, per capita",_Z,Not applicable,_Z,Not applicable,_Z,Not applicable,USD_PPP_PS,"US dollars per person, PPP converted",LR,Chain linked volume (rebased),LA,Annual levels,T0102,Table 0102 - GDP identity from the expenditure side,2007,,68766.5,,2020,,,,F,Free (free for publication),1,One,A,Normal value,0,Units,USD,US dollar
DATAFLOW,OECD.SDD.NAD:DSD_NAMAIN1@DF_QNA_EXPENDITURE_CAPITA(1.1),Quarterly GDP per capita,I,A,Annual,Y,Calendar and seasonally adjusted,NOR,Norway,S1,Total economy,S1,Total economy,B1GQ_POP,"Gross domestic product, per capita",_Z,Not applicable,_Z,Not applicable,_Z,Not applicable,USD_PPP_PS,"US dollars per person, PPP converted",LR,Chain linked volume (rebased),LA,Annual levels,T0102,Table 0102 - GDP identity from the expenditure side,2019,,71178.1,,2020,,,,F,Free (free for publication),1,One,A,Normal value,0,Units,USD,US dollar
DATAFLOW,OECD.SDD.NAD:DSD_NAMAIN1@DF_QNA_EXPENDITURE_CAPITA(1.1),Quarterly GDP per capita,I,A,Annual,Y,Calendar and seasonally adjusted,NOR,Norway,S1,Total economy,S1,Total economy,B1GQ_POP,"Gross domestic product, per capita",_Z,Not applicable,_Z,Not applicable,_Z,Not applicable,USD_PPP_PS,"US dollars per person, PPP converted",LR,Chain linked volume (rebased),LA,Annual levels,T0102,Table 0102 - GDP identity from the expenditure side,2017,,70277.2,,2020,,,,F,Free (free for publication),1,One,A,Normal value,0,Units,USD,US dollar
DATAFLOW,OECD.SDD.NAD:DSD_NAMAIN1@DF_QNA_EXPENDITURE_CAPITA(1.1),Quarterly GDP per capita,I,A,Annual,Y,Calendar and seasonally adjusted,NOR,Norway,S1,Total economy,S1,Total economy,B1GQ_POP,"Gross domestic product, per capita",_Z,Not applicable,_Z,Not applicable,_Z,Not applicable,USD_PPP_PS,"US dollars per person, PPP converted",LR,Chain linked volume (rebased),LA,Annual levels,T0102,Table 0102 - GDP identity from the expenditure side,2021,,72313.8,,2020,,,,F,Free (free for publication),1,One,A,Normal value,0,Units,USD,US dollar
DATAFLOW,OECD.SDD.NAD:DSD_NAMAIN1@DF_QNA_EXPENDITURE_CAPITA(1.1),Quarterly GDP per capita,I,A,Annual,Y,Calendar and seasonally adjusted,NOR,Norway,S1,Total economy,S1,Total economy,B1GQ_POP,"Gross domestic product, per capita",_Z,Not applicable,_Z,Not applicable,_Z,Not applicable,USD_PPP_PS,"US dollars per person, PPP converted",LR,Chain linked volume (rebased),LA,Annual levels,T0102,Table 0102 - GDP identity from the expenditure side,2020,,69798.4,,2020,,,,F,Free (free for publication),1,One,A,Normal value,0,Units,USD,US dollar
DATAFLOW,OECD.SDD.NAD:DSD_NAMAIN1@DF_QNA_EXPENDITURE_CAPITA(1.1),Quarterly GDP per capita,I,A,Annual,Y,Calendar and seasonally adjusted,NOR,Norway,S1,Total economy,S1,Total economy,B1GQ_POP,"Gross domestic product, per capita",_Z,Not applicable,_Z,Not applicable,_Z,Not applicable,USD_PPP_PS,"US dollars per person, PPP converted",LR,Chain linked volume (rebased),LA,Annual levels,T0102,Table 0102 - GDP identity from the expenditure side,2016,,68985.7,,2020,,,,F,Free (free for publication),1,One,A,Normal value,0,Units,USD,US dollar
DATAFLOW,OECD.SDD.NAD:DSD_NAMAIN1@DF_QNA_EXPENDITURE_CAPITA(1.1),Quarterly GDP per capita,I,A,Annual,Y,Calendar and seasonally adjusted,NOR,Norway,S1,Total economy,S1,Total economy,B1GQ_POP,"Gross domestic product, per capita",_Z,Not applicable,_Z,Not applicable,_Z,Not applicable,USD_PPP_PS,"US dollars per person, PPP converted",V,Current prices,LA,Annual levels,T0102,Table 0102 - GDP identity from the expenditure side,2018,,72606.8,,,,,,F,Free (free for publication),1,One,A,Normal value,0,Units,USD,US dollar
DATAFLOW,OECD.SDD.NAD:DSD_NAMAIN1@DF_QNA_EXPENDITURE_CAPITA(1.1),Quarterly GDP per capita,I,A,Annual,Y,Calendar and seasonally adjusted,NZL,New Zealand,S1,Total economy,S1,Total economy,B1GQ_POP,"Gross domestic product, per capita",_Z,Not applicable,_Z,Not applicable,_Z,Not applicable,USD_PPP_PS,"US dollars per person, PPP converted",V,Current prices,LA,Annual levels,T0102,Table 0102 - GDP identity from the expenditure side,2022,,52835.2,,,,,,F,Free (free for publication),1,One,A,Normal value,0,Units,USD,US dollar
DATAFLOW,OECD.SDD.NAD:DSD_NAMAIN1@DF_QNA_EXPENDITURE_CAPITA(1.1),Quarterly GDP per capita,I,A,Annual,Y,Calendar and seasonally adjusted,NZL,New Zealand,S1,Total economy,S1,Total economy,B1GQ_POP,"Gross domestic product, per capita",_Z,Not applicable,_Z,Not applicable,_Z,Not applicable,USD_PPP_PS,"US dollars per person, PPP converted",V,Current prices,LA,Annual levels,T0102,Table 0102 - GDP identity from the expenditure side,2021,,47428.2,,,,,,F,Free (free for publication),1,One,A,Normal value,0,Units,USD,US dollar
DATAFLOW,OECD.SDD.NAD:DSD_NAMAIN1@DF_QNA_EXPENDITURE_CAPITA(1.1),Quarterly GDP per capita,I,A,Annual,Y,Calendar and seasonally adjusted,NZL,New Zealand,S1,Total economy,S1,Total economy,B1GQ_POP,"Gross domestic product, per capita",_Z,Not applicable,_Z,Not applicable,_Z,Not applicable,USD_PPP_PS,"US dollars per person, PPP converted",V,Current prices,LA,Annual levels,T0102,Table 0102 - GDP identity from the expenditure side,2020,,44976.6,,,,,,F,Free (free for publication),1,One,A,Normal value,0,Units,USD,US dollar
DATAFLOW,OECD.SDD.NAD:DSD_NAMAIN1@DF_QNA_EXPENDITURE_CAPITA(1.1),Quarterly GDP per capita,I,A,Annual,Y,Calendar and seasonally adjusted,NZL,New Zealand,S1,Total economy,S1,Total economy,B1GQ_POP,"Gross domestic product, per capita",_Z,Not applicable,_Z,Not applicable,_Z,Not applicable,USD_PPP_PS,"US dollars per person, PPP converted",V,Current prices,LA,Annual levels,T0102,Table 0102 - GDP identity from the expenditure side,2019,,44754.5,,,,,,F,Free (free for publication),1,One,A,Normal value,0,Units,USD,US dollar
DATAFLOW,OECD.SDD.NAD:DSD_NAMAIN1@DF_QNA_EXPENDITURE_CAPITA(1.1),Quarterly GDP per capita,I,A,Annual,Y,Calendar and seasonally adjusted,NZL,New Zealand,S1,Total economy,S1,Total economy,B1GQ_POP,"Gross domestic product, per capita",_Z,Not applicable,_Z,Not applicable,_Z,Not applicable,USD_PPP_PS,"US dollars per person, PPP converted",V,Current prices,LA,Annual levels,T0102,Table 0102 - GDP identity from the expenditure side,2018,,41960.3,,,,,,F,Free (free for publication),1,One,A,Normal value,0,Units,USD,US dollar
DATAFLOW,OECD.SDD.NAD:DSD_NAMAIN1@DF_QNA_EXPENDITURE_CAPITA(1.1),Quarterly GDP per capita,I,A,Annual,Y,Calendar and seasonally adjusted,NZL,New Zealand,S1,Total economy,S1,Total economy,B1GQ_POP,"Gross domestic product, per capita",_Z,Not applicable,_Z,Not applicable,_Z,Not applicable,USD_PPP_PS,"US dollars per person, PPP converted",V,Current prices,LA,Annual levels,T0102,Table 0102 - GDP identity from the expenditure side,2017,,41582.2,,,,,,F,Free (free for publication),1,One,A,Normal value,0,Units,USD,US dollar
DATAFLOW,OECD.SDD.NAD:DSD_NAMAIN1@DF_QNA_EXPENDITURE_CAPITA(1.1),Quarterly GDP per capita,I,A,Annual,Y,Calendar and seasonally adjusted,NZL,New Zealand,S1,Total economy,S1,Total economy,B1GQ_POP,"Gross domestic product, per capita",_Z,Not applicable,_Z,Not applicable,_Z,Not applicable,USD_PPP_PS,"US dollars per person, PPP converted",V,Current prices,LA,Annual levels,T0102,Table 0102 - GDP identity from the expenditure side,2016,,39261.2,,,,,,F,Free (free for publication),1,One,A,Normal value,0,Units,USD,US dollar
DATAFLOW,OECD.SDD.NAD:DSD_NAMAIN1@DF_QNA_EXPENDITURE_CAPITA(1.1),Quarterly GDP per capita,I,A,Annual,Y,Calendar and seasonally adjusted,NZL,New Zealand,S1,Total economy,S1,Total economy,B1GQ_POP,"Gross domestic product, per capita",_Z,Not applicable,_Z,Not applicable,_Z,Not applicable,USD_PPP_PS,"US dollars per person, PPP converted",V,Current prices,LA,Annual levels,T0102,Table 0102 - GDP identity from the expenditure side,2015,,36942,,,,,,F,Free (free for publication),1,One,A,Normal value,0,Units,USD,US dollar
DATAFLOW,OECD.SDD.NAD:DSD_NAMAIN1@DF_QNA_EXPENDITURE_CAPITA(1.1),Quarterly GDP per capita,I,A,Annual,Y,Calendar and seasonally adjusted,NZL,New Zealand,S1,Total economy,S1,Total economy,B1GQ_POP,"Gross domestic product, per capita",_Z,Not applicable,_Z,Not applicable,_Z,Not applicable,USD_PPP_PS,"US dollars per person, PPP converted",V,Current prices,LA,Annual levels,T0102,Table 0102 - GDP identity from the expenditure side,2014,,37009.2,,,,,,F,Free (free for publication),1,One,A,Normal value,0,Units,USD,US dollar
DATAFLOW,OECD.SDD.NAD:DSD_NAMAIN1@DF_QNA_EXPENDITURE_CAPITA(1.1),Quarterly GDP per capita,I,A,Annual,Y,Calendar and seasonally adjusted,NZL,New Zealand,S1,Total economy,S1,Total economy,B1GQ_POP,"Gross domestic product, per capita",_Z,Not applicable,_Z,Not applicable,_Z,Not applicable,USD_PPP_PS,"US dollars per person, PPP converted",V,Current prices,LA,Annual levels,T0102,Table 0102 - GDP identity from the expenditure side,2013,,35485.8,,,,,,F,Free (free for publication),1,One,A,Normal value,0,Units,USD,US dollar
DATAFLOW,OECD.SDD.NAD:DSD_NAMAIN1@DF_QNA_EXPENDITURE_CAPITA(1.1),Quarterly GDP per capita,I,A,Annual,Y,Calendar and seasonally adjusted,NZL,New Zealand,S1,Total economy,S1,Total economy,B1GQ_POP,"Gross domestic product, per capita",_Z,Not applicable,_Z,Not applicable,_Z,Not applicable,USD_PPP_PS,"US dollars per person, PPP converted",V,Current prices,LA,Annual levels,T0102,Table 0102 - GDP identity from the expenditure side,2012,,32786.8,,,,,,F,Free (free for publication),1,One,A,Normal value,0,Units,USD,US dollar
DATAFLOW,OECD.SDD.NAD:DSD_NAMAIN1@DF_QNA_EXPENDITURE_CAPITA(1.1),Quarterly GDP per capita,I,A,Annual,Y,Calendar and seasonally adjusted,NZL,New Zealand,S1,Total economy,S1,Total economy,B1GQ_POP,"Gross domestic product, per capita",_Z,Not applicable,_Z,Not applicable,_Z,Not applicable,USD_PPP_PS,"US dollars per person, PPP converted",V,Current prices,LA,Annual levels,T0102,Table 0102 - GDP identity from the expenditure side,2011,,32415.3,,,,,,F,Free (free for publication),1,One,A,Normal value,0,Units,USD,US dollar
DATAFLOW,OECD.SDD.NAD:DSD_NAMAIN1@DF_QNA_EXPENDITURE_CAPITA(1.1),Quarterly GDP per capita,I,A,Annual,Y,Calendar and seasonally adjusted,NZL,New Zealand,S1,Total economy,S1,Total economy,B1GQ_POP,"Gross domestic product, per capita",_Z,Not applicable,_Z,Not applicable,_Z,Not applicable,USD_PPP_PS,"US dollars per person, PPP converted",V,Current prices,LA,Annual levels,T0102,Table 0102 - GDP identity from the expenditure side,2010,,31012.3,,,,,,F,Free (free for publication),1,One,A,Normal value,0,Units,USD,US dollar
DATAFLOW,OECD.SDD.NAD:DSD_NAMAIN1@DF_QNA_EXPENDITURE_CAPITA(1.1),Quarterly GDP per capita,I,A,Annual,Y,Calendar and seasonally adjusted,NZL,New Zealand,S1,Total economy,S1,Total economy,B1GQ_POP,"Gross domestic product, per capita",_Z,Not applicable,_Z,Not applicable,_Z,Not applicable,USD_PPP_PS,"US dollars per person, PPP converted",V,Current prices,LA,Annual levels,T0102,Table 0102 - GDP identity from the expenditure side,2009,,30348.3,,,,,,F,Free (free for publication),1,One,A,Normal value,0,Units,USD,US dollar
DATAFLOW,OECD.SDD.NAD:DSD_NAMAIN1@DF_QNA_EXPENDITURE_CAPITA(1.1),Quarterly GDP per capita,I,A,Annual,Y,Calendar and seasonally adjusted,NZL,New Zealand,S1,Total economy,S1,Total economy,B1GQ_POP,"Gross domestic product, per capita",_Z,Not applicable,_Z,Not applicable,_Z,Not applicable,USD_PPP_PS,"US dollars per person, PPP converted",V,Current prices,LA,Annual levels,T0102,Table 0102 - GDP identity from the expenditure side,2024,,55177.7,,,,,,F,Free (free for publication),1,One,A,Normal value,0,Units,USD,US dollar
DATAFLOW,OECD.SDD.NAD:DSD_NAMAIN1@DF_QNA_EXPENDITURE_CAPITA(1.1),Quarterly GDP per capita,I,A,Annual,Y,Calendar and seasonally adjusted,SVK,Slovak Republic,S1,Total economy,S1,Total economy,B1GQ_POP,"Gross domestic product, per capita",_Z,Not applicable,_Z,Not applicable,_Z,Not applicable,USD_PPP_PS,"US dollars per person, PPP converted",V,Current prices,LA,Annual levels,T0102,Table 0102 - GDP identity from the expenditure side,2012,,27029.5,,,,,,F,Free (free for publication),1,One,A,Normal value,0,Units,USD,US dollar
DATAFLOW,OECD.SDD.NAD:DSD_NAMAIN1@DF_QNA_EXPENDITURE_CAPITA(1.1),Quarterly GDP per capita,I,A,Annual,Y,Calendar and seasonally adjusted,SVK,Slovak Republic,S1,Total economy,S1,Total economy,B1GQ_POP,"Gross domestic product, per capita",_Z,Not applicable,_Z,Not applicable,_Z,Not applicable,USD_PPP_PS,"US dollars per person, PPP converted",V,Current prices,LA,Annual levels,T0102,Table 0102 - GDP identity from the expenditure side,2000,,11344.8,,,,,,F,Free (free for publication),1,One,A,Normal value,0,Units,USD,US dollar
DATAFLOW,OECD.SDD.NAD:DSD_NAMAIN1@DF_QNA_EXPENDITURE_CAPITA(1.1),Quarterly GDP per capita,I,A,Annual,Y,Calendar and seasonally adjusted,SVK,Slovak Republic,S1,Total economy,S1,Total economy,B1GQ_POP,"Gross domestic product, per capita",_Z,Not applicable,_Z,Not applicable,_Z,Not applicable,USD_PPP_PS,"US dollars per person, PPP converted",V,Current prices,LA,Annual levels,T0102,Table 0102 - GDP identity from the expenditure side,2005,,16526.3,,,,,,F,Free (free for publication),1,One,A,Normal value,0,Units,USD,US dollar
DATAFLOW,OECD.SDD.NAD:DSD_NAMAIN1@DF_QNA_EXPENDITURE_CAPITA(1.1),Quarterly GDP per capita,I,A,Annual,Y,Calendar and seasonally adjusted,CHE,Switzerland,S1,Total economy,S1,Total economy,B1GQ_POP,"Gross domestic product, per capita",_Z,Not applicable,_Z,Not applicable,_Z,Not applicable,USD_PPP_PS,"US dollars per person, PPP converted",V,Current prices,LA,Annual levels,T0102,Table 0102 - GDP identity from the expenditure side,2001,,37983,,,,,,F,Free (free for publication),1,One,A,Normal value,0,Units,USD,US dollar
DATAFLOW,OECD.SDD.NAD:DSD_NAMAIN1@DF_QNA_EXPENDITURE_CAPITA(1.1),Quarterly GDP per capita,I,A,Annual,Y,Calendar and seasonally adjusted,CHE,Switzerland,S1,Total economy,S1,Total economy,B1GQ_POP,"Gross domestic product, per capita",_Z,Not applicable,_Z,Not applicable,_Z,Not applicable,USD_PPP_PS,"US dollars per person, PPP converted",V,Current prices,LA,Annual levels,T0102,Table 0102 - GDP identity from the expenditure side,2000,,36762.3,,,,,,F,Free (free for publication),1,One,A,Normal value,0,Units,USD,US dollar
DATAFLOW,OECD.SDD.NAD:DSD_NAMAIN1@DF_QNA_EXPENDITURE_CAPITA(1.1),Quarterly GDP per capita,I,A,Annual,Y,Calendar and seasonally adjusted,CHE,Switzerland,S1,Total economy,S1,Total economy,B1GQ_POP,"Gross domestic product, per capita",_Z,Not applicable,_Z,Not applicable,_Z,Not applicable,USD_PPP_PS,"US dollars per person, PPP converted",LR,Chain linked volume (rebased),LA,Annual levels,T0102,Table 0102 - GDP identity from the expenditure side,2009,,69751.7,,2020,,,,F,Free (free for publication),1,One,A,Normal value,0,Units,USD,US dollar
DATAFLOW,OECD.SDD.NAD:DSD_NAMAIN1@DF_QNA_EXPENDITURE_CAPITA(1.1),Quarterly GDP per capita,I,A,Annual,Y,Calendar and seasonally adjusted,CHE,Switzerland,S1,Total economy,S1,Total economy,B1GQ_POP,"Gross domestic product, per capita",_Z,Not applicable,_Z,Not applicable,_Z,Not applicable,USD_PPP_PS,"US dollars per person, PPP converted",LR,Chain linked volume (rebased),LA,Annual levels,T0102,Table 0102 - GDP identity from the expenditure side,2008,,71933.2,,2020,,,,F,Free (free for publication),1,One,A,Normal value,0,Units,USD,US dollar
DATAFLOW,OECD.SDD.NAD:DSD_NAMAIN1@DF_QNA_EXPENDITURE_CAPITA(1.1),Quarterly GDP per capita,I,A,Annual,Y,Calendar and seasonally adjusted,CHE,Switzerland,S1,Total economy,S1,Total economy,B1GQ_POP,"Gross domestic product, per capita",_Z,Not applicable,_Z,Not applicable,_Z,Not applicable,USD_PPP_PS,"US dollars per person, PPP converted",LR,Chain linked volume (rebased),LA,Annual levels,T0102,Table 0102 - GDP identity from the expenditure side,2007,,70990.1,,2020,,,,F,Free (free for publication),1,One,A,Normal value,0,Units,USD,US dollar
DATAFLOW,OECD.SDD.NAD:DSD_NAMAIN1@DF_QNA_EXPENDITURE_CAPITA(1.1),Quarterly GDP per capita,I,A,Annual,Y,Calendar and seasonally adjusted,CHE,Switzerland,S1,Total economy,S1,Total economy,B1GQ_POP,"Gross domestic product, per capita",_Z,Not applicable,_Z,Not applicable,_Z,Not applicable,USD_PPP_PS,"US dollars per person, PPP converted",LR,Chain linked volume (rebased),LA,Annual levels,T0102,Table 0102 - GDP identity from the expenditure side,2006,,68882.1,,2020,,,,F,Free (free for publication),1,One,A,Normal value,0,Units,USD,US dollar
DATAFLOW,OECD.SDD.NAD:DSD_NAMAIN1@DF_QNA_EXPENDITURE_CAPITA(1.1),Quarterly GDP per capita,I,A,Annual,Y,Calendar and seasonally adjusted,CHE,Switzerland,S1,Total economy,S1,Total economy,B1GQ_POP,"Gross domestic product, per capita",_Z,Not applicable,_Z,Not applicable,_Z,Not applicable,USD_PPP_PS,"US dollars per person, PPP converted",LR,Chain linked volume (rebased),LA,Annual levels,T0102,Table 0102 - GDP identity from the expenditure side,2005,,66560.2,,2020,,,,F,Free (free for publication),1,One,A,Normal value,0,Units,USD,US dollar
DATAFLOW,OECD.SDD.NAD:DSD_NAMAIN1@DF_QNA_EXPENDITURE_CAPITA(1.1),Quarterly GDP per capita,I,A,Annual,Y,Calendar and seasonally adjusted,CHE,Switzerland,S1,Total economy,S1,Total economy,B1GQ_POP,"Gross domestic product, per capita",_Z,Not applicable,_Z,Not applicable,_Z,Not applicable,USD_PPP_PS,"US dollars per person, PPP converted",LR,Chain linked volume (rebased),LA,Annual levels,T0102,Table 0102 - GDP identity from the expenditure side,2004,,65035.1,,2020,,,,F,Free (free for publication),1,One,A,Normal value,0,Units,USD,US dollar
DATAFLOW,OECD.SDD.NAD:DSD_NAMAIN1@DF_QNA_EXPENDITURE_CAPITA(1.1),Quarterly GDP per capita,I,A,Annual,Y,Calendar and seasonally adjusted,CHE,Switzerland,S1,Total economy,S1,Total economy,B1GQ_POP,"Gross domestic product, per capita",_Z,Not applicable,_Z,Not applicable,_Z,Not applicable,USD_PPP_PS,"US dollars per person, PPP converted",LR,Chain linked volume (rebased),LA,Annual levels,T0102,Table 0102 - GDP identity from the expenditure side,2003,,63819,,2020,,,,F,Free (free for publication),1,One,A,Normal value,0,Units,USD,US dollar
DATAFLOW,OECD.SDD.NAD:DSD_NAMAIN1@DF_QNA_EXPENDITURE_CAPITA(1.1),Quarterly GDP per capita,I,A,Annual,Y,Calendar and seasonally adjusted,CHE,Switzerland,S1,Total economy,S1,Total economy,B1GQ_POP,"Gross domestic product, per capita",_Z,Not applicable,_Z,Not applicable,_Z,Not applicable,USD_PPP_PS,"US dollars per person, PPP converted",LR,Chain linked volume (rebased),LA,Annual levels,T0102,Table 0102 - GDP identity from the expenditure side,2002,,64467.1,,2020,,,,F,Free (free for publication),1,One,A,Normal value,0,Units,USD,US dollar
DATAFLOW,OECD.SDD.NAD:DSD_NAMAIN1@DF_QNA_EXPENDITURE_CAPITA(1.1),Quarterly GDP per capita,I,A,Annual,Y,Calendar and seasonally adjusted,CHE,Switzerland,S1,Total economy,S1,Total economy,B1GQ_POP,"Gross domestic product, per capita",_Z,Not applicable,_Z,Not applicable,_Z,Not applicable,USD_PPP_PS,"US dollars per person, PPP converted",LR,Chain linked volume (rebased),LA,Annual levels,T0102,Table 0102 - GDP identity from the expenditure side,2001,,64681.8,,2020,,,,F,Free (free for publication),1,One,A,Normal value,0,Units,USD,US dollar
DATAFLOW,OECD.SDD.NAD:DSD_NAMAIN1@DF_QNA_EXPENDITURE_CAPITA(1.1),Quarterly GDP per capita,I,A,Annual,Y,Calendar and seasonally adjusted,CHE,Switzerland,S1,Total economy,S1,Total economy,B1GQ_POP,"Gross domestic product, per capita",_Z,Not applicable,_Z,Not applicable,_Z,Not applicable,USD_PPP_PS,"US dollars per person, PPP converted",LR,Chain linked volume (rebased),LA,Annual levels,T0102,Table 0102 - GDP identity from the expenditure side,2000,,63983.1,,2020,,,,F,Free (free for publication),1,One,A,Normal value,0,Units,USD,US dollar
DATAFLOW,OECD.SDD.NAD:DSD_NAMAIN1@DF_QNA_EXPENDITURE_CAPITA(1.1),Quarterly GDP per capita,I,A,Annual,Y,Calendar and seasonally adjusted,CHE,Switzerland,S1,Total economy,S1,Total economy,B1GQ_POP,"Gross domestic product, per capita",_Z,Not applicable,_Z,Not applicable,_Z,Not applicable,USD_PPP_PS,"US dollars per person, PPP converted",LR,Chain linked volume (rebased),LA,Annual levels,T0102,Table 0102 - GDP identity from the expenditure side,2014,,73274.4,,2020,,,,F,Free (free for publication),1,One,A,Normal value,0,Units,USD,US dollar
DATAFLOW,OECD.SDD.NAD:DSD_NAMAIN1@DF_QNA_EXPENDITURE_CAPITA(1.1),Quarterly GDP per capita,I,A,Annual,Y,Calendar and seasonally adjusted,CHE,Switzerland,S1,Total economy,S1,Total economy,B1GQ_POP,"Gross domestic product, per capita",_Z,Not applicable,_Z,Not applicable,_Z,Not applicable,USD_PPP_PS,"US dollars per person, PPP converted",LR,Chain linked volume (rebased),LA,Annual levels,T0102,Table 0102 - GDP identity from the expenditure side,2013,,72334.9,,2020,,,,F,Free (free for publication),1,One,A,Normal value,0,Units,USD,US dollar
DATAFLOW,OECD.SDD.NAD:DSD_NAMAIN1@DF_QNA_EXPENDITURE_CAPITA(1.1),Quarterly GDP per capita,I,A,Annual,Y,Calendar and seasonally adjusted,CHE,Switzerland,S1,Total economy,S1,Total economy,B1GQ_POP,"Gross domestic product, per capita",_Z,Not applicable,_Z,Not applicable,_Z,Not applicable,USD_PPP_PS,"US dollars per person, PPP converted",LR,Chain linked volume (rebased),LA,Annual levels,T0102,Table 0102 - GDP identity from the expenditure side,2012,,71859.2,,2020,,,,F,Free (free for publication),1,One,A,Normal value,0,Units,USD,US dollar
DATAFLOW,OECD.SDD.NAD:DSD_NAMAIN1@DF_QNA_EXPENDITURE_CAPITA(1.1),Quarterly GDP per capita,I,A,Annual,Y,Calendar and seasonally adjusted,CHE,Switzerland,S1,Total economy,S1,Total economy,B1GQ_POP,"Gross domestic product, per capita",_Z,Not applicable,_Z,Not applicable,_Z,Not applicable,USD_PPP_PS,"US dollars per person, PPP converted",V,Current prices,LA,Annual levels,T0102,Table 0102 - GDP identity from the expenditure side,2013,,62750.4,,,,,,F,Free (free for publication),1,One,A,Normal value,0,Units,USD,US dollar
DATAFLOW,OECD.SDD.NAD:DSD_NAMAIN1@DF_QNA_EXPENDITURE_CAPITA(1.1),Quarterly GDP per capita,I,A,Annual,Y,Calendar and seasonally adjusted,CHE,Switzerland,S1,Total economy,S1,Total economy,B1GQ_POP,"Gross domestic product, per capita",_Z,Not applicable,_Z,Not applicable,_Z,Not applicable,USD_PPP_PS,"US dollars per person, PPP converted",V,Current prices,LA,Annual levels,T0102,Table 0102 - GDP identity from the expenditure side,2012,,60440.9,,,,,,F,Free (free for publication),1,One,A,Normal value,0,Units,USD,US dollar
DATAFLOW,OECD.SDD.NAD:DSD_NAMAIN1@DF_QNA_EXPENDITURE_CAPITA(1.1),Quarterly GDP per capita,I,A,Annual,Y,Calendar and seasonally adjusted,CHE,Switzerland,S1,Total economy,S1,Total economy,B1GQ_POP,"Gross domestic product, per capita",_Z,Not applicable,_Z,Not applicable,_Z,Not applicable,USD_PPP_PS,"US dollars per person, PPP converted",V,Current prices,LA,Annual levels,T0102,Table 0102 - GDP identity from the expenditure side,2011,,58426.6,,,,,,F,Free (free for publication),1,One,A,Normal value,0,Units,USD,US dollar
DATAFLOW,OECD.SDD.NAD:DSD_NAMAIN1@DF_QNA_EXPENDITURE_CAPITA(1.1),Quarterly GDP per capita,I,A,Annual,Y,Calendar and seasonally adjusted,CHE,Switzerland,S1,Total economy,S1,Total economy,B1GQ_POP,"Gross domestic product, per capita",_Z,Not applicable,_Z,Not applicable,_Z,Not applicable,USD_PPP_PS,"US dollars per person, PPP converted",V,Current prices,LA,Annual levels,T0102,Table 0102 - GDP identity from the expenditure side,2010,,55339.1,,,,,,F,Free (free for publication),1,One,A,Normal value,0,Units,USD,US dollar
DATAFLOW,OECD.SDD.NAD:DSD_NAMAIN1@DF_QNA_EXPENDITURE_CAPITA(1.1),Quarterly GDP per capita,I,A,Annual,Y,Calendar and seasonally adjusted,SVK,Slovak Republic,S1,Total economy,S1,Total economy,B1GQ_POP,"Gross domestic product, per capita",_Z,Not applicable,_Z,Not applicable,_Z,Not applicable,USD_PPP_PS,"US dollars per person, PPP converted",LR,Chain linked volume (rebased),LA,Annual levels,T0102,Table 0102 - GDP identity from the expenditure side,2010,,28822.1,,2020,,,,F,Free (free for publication),1,One,A,Normal value,0,Units,USD,US dollar
DATAFLOW,OECD.SDD.NAD:DSD_NAMAIN1@DF_QNA_EXPENDITURE_CAPITA(1.1),Quarterly GDP per capita,I,A,Annual,Y,Calendar and seasonally adjusted,SVK,Slovak Republic,S1,Total economy,S1,Total economy,B1GQ_POP,"Gross domestic product, per capita",_Z,Not applicable,_Z,Not applicable,_Z,Not applicable,USD_PPP_PS,"US dollars per person, PPP converted",LR,Chain linked volume (rebased),LA,Annual levels,T0102,Table 0102 - GDP identity from the expenditure side,2009,,27050.2,,2020,,,,F,Free (free for publication),1,One,A,Normal value,0,Units,USD,US dollar
DATAFLOW,OECD.SDD.NAD:DSD_NAMAIN1@DF_QNA_EXPENDITURE_CAPITA(1.1),Quarterly GDP per capita,I,A,Annual,Y,Calendar and seasonally adjusted,SVK,Slovak Republic,S1,Total economy,S1,Total economy,B1GQ_POP,"Gross domestic product, per capita",_Z,Not applicable,_Z,Not applicable,_Z,Not applicable,USD_PPP_PS,"US dollars per person, PPP converted",LR,Chain linked volume (rebased),LA,Annual levels,T0102,Table 0102 - GDP identity from the expenditure side,2008,,28689.2,,2020,,,,F,Free (free for publication),1,One,A,Normal value,0,Units,USD,US dollar
DATAFLOW,OECD.SDD.NAD:DSD_NAMAIN1@DF_QNA_EXPENDITURE_CAPITA(1.1),Quarterly GDP per capita,I,A,Annual,Y,Calendar and seasonally adjusted,SVK,Slovak Republic,S1,Total economy,S1,Total economy,B1GQ_POP,"Gross domestic product, per capita",_Z,Not applicable,_Z,Not applicable,_Z,Not applicable,USD_PPP_PS,"US dollars per person, PPP converted",LR,Chain linked volume (rebased),LA,Annual levels,T0102,Table 0102 - GDP identity from the expenditure side,2007,,27275.7,,2020,,,,F,Free (free for publication),1,One,A,Normal value,0,Units,USD,US dollar
DATAFLOW,OECD.SDD.NAD:DSD_NAMAIN1@DF_QNA_EXPENDITURE_CAPITA(1.1),Quarterly GDP per capita,I,A,Annual,Y,Calendar and seasonally adjusted,SVK,Slovak Republic,S1,Total economy,S1,Total economy,B1GQ_POP,"Gross domestic product, per capita",_Z,Not applicable,_Z,Not applicable,_Z,Not applicable,USD_PPP_PS,"US dollars per person, PPP converted",LR,Chain linked volume (rebased),LA,Annual levels,T0102,Table 0102 - GDP identity from the expenditure side,2006,,24638.7,,2020,,,,F,Free (free for publication),1,One,A,Normal value,0,Units,USD,US dollar
DATAFLOW,OECD.SDD.NAD:DSD_NAMAIN1@DF_QNA_EXPENDITURE_CAPITA(1.1),Quarterly GDP per capita,I,A,Annual,Y,Calendar and seasonally adjusted,SVK,Slovak Republic,S1,Total economy,S1,Total economy,B1GQ_POP,"Gross domestic product, per capita",_Z,Not applicable,_Z,Not applicable,_Z,Not applicable,USD_PPP_PS,"US dollars per person, PPP converted",LR,Chain linked volume (rebased),LA,Annual levels,T0102,Table 0102 - GDP identity from the expenditure side,2000,,17853.6,,2020,,,,F,Free (free for publication),1,One,A,Normal value,0,Units,USD,US dollar
DATAFLOW,OECD.SDD.NAD:DSD_NAMAIN1@DF_QNA_EXPENDITURE_CAPITA(1.1),Quarterly GDP per capita,I,A,Annual,Y,Calendar and seasonally adjusted,SVK,Slovak Republic,S1,Total economy,S1,Total economy,B1GQ_POP,"Gross domestic product, per capita",_Z,Not applicable,_Z,Not applicable,_Z,Not applicable,USD_PPP_PS,"US dollars per person, PPP converted",LR,Chain linked volume (rebased),LA,Annual levels,T0102,Table 0102 - GDP identity from the expenditure side,2002,,19266.1,,2020,,,,F,Free (free for publication),1,One,A,Normal value,0,Units,USD,US dollar
DATAFLOW,OECD.SDD.NAD:DSD_NAMAIN1@DF_QNA_EXPENDITURE_CAPITA(1.1),Quarterly GDP per capita,I,A,Annual,Y,Calendar and seasonally adjusted,SVK,Slovak Republic,S1,Total economy,S1,Total economy,B1GQ_POP,"Gross domestic product, per capita",_Z,Not applicable,_Z,Not applicable,_Z,Not applicable,USD_PPP_PS,"US dollars per person, PPP converted",LR,Chain linked volume (rebased),LA,Annual levels,T0102,Table 0102 - GDP identity from the expenditure side,2005,,22635.8,,2020,,,,F,Free (free for publication),1,One,A,Normal value,0,Units,USD,US dollar
DATAFLOW,OECD.SDD.NAD:DSD_NAMAIN1@DF_QNA_EXPENDITURE_CAPITA(1.1),Quarterly GDP per capita,I,A,Annual,Y,Calendar and seasonally adjusted,SVK,Slovak Republic,S1,Total economy,S1,Total economy,B1GQ_POP,"Gross domestic product, per capita",_Z,Not applicable,_Z,Not applicable,_Z,Not applicable,USD_PPP_PS,"US dollars per person, PPP converted",LR,Chain linked volume (rebased),LA,Annual levels,T0102,Table 0102 - GDP identity from the expenditure side,2004,,21276,,2020,,,,F,Free (free for publication),1,One,A,Normal value,0,Units,USD,US dollar
DATAFLOW,OECD.SDD.NAD:DSD_NAMAIN1@DF_QNA_EXPENDITURE_CAPITA(1.1),Quarterly GDP per capita,I,A,Annual,Y,Calendar and seasonally adjusted,SVK,Slovak Republic,S1,Total economy,S1,Total economy,B1GQ_POP,"Gross domestic product, per capita",_Z,Not applicable,_Z,Not applicable,_Z,Not applicable,USD_PPP_PS,"US dollars per person, PPP converted",LR,Chain linked volume (rebased),LA,Annual levels,T0102,Table 0102 - GDP identity from the expenditure side,2003,,20199.3,,2020,,,,F,Free (free for publication),1,One,A,Normal value,0,Units,USD,US dollar
DATAFLOW,OECD.SDD.NAD:DSD_NAMAIN1@DF_QNA_EXPENDITURE_CAPITA(1.1),Quarterly GDP per capita,I,A,Annual,Y,Calendar and seasonally adjusted,SVK,Slovak Republic,S1,Total economy,S1,Total economy,B1GQ_POP,"Gross domestic product, per capita",_Z,Not applicable,_Z,Not applicable,_Z,Not applicable,USD_PPP_PS,"US dollars per person, PPP converted",LR,Chain linked volume (rebased),LA,Annual levels,T0102,Table 0102 - GDP identity from the expenditure side,2024,,39064.8,,2020,,,,F,Free (free for publication),1,One,A,Normal value,0,Units,USD,US dollar
DATAFLOW,OECD.SDD.NAD:DSD_NAMAIN1@DF_QNA_EXPENDITURE_CAPITA(1.1),Quarterly GDP per capita,I,A,Annual,Y,Calendar and seasonally adjusted,SVK,Slovak Republic,S1,Total economy,S1,Total economy,B1GQ_POP,"Gross domestic product, per capita",_Z,Not applicable,_Z,Not applicable,_Z,Not applicable,USD_PPP_PS,"US dollars per person, PPP converted",LR,Chain linked volume (rebased),LA,Annual levels,T0102,Table 0102 - GDP identity from the expenditure side,2023,,38331.6,,2020,,,,F,Free (free for publication),1,One,A,Normal value,0,Units,USD,US dollar
DATAFLOW,OECD.SDD.NAD:DSD_NAMAIN1@DF_QNA_EXPENDITURE_CAPITA(1.1),Quarterly GDP per capita,I,A,Annual,Y,Calendar and seasonally adjusted,SVK,Slovak Republic,S1,Total economy,S1,Total economy,B1GQ_POP,"Gross domestic product, per capita",_Z,Not applicable,_Z,Not applicable,_Z,Not applicable,USD_PPP_PS,"US dollars per person, PPP converted",LR,Chain linked volume (rebased),LA,Annual levels,T0102,Table 0102 - GDP identity from the expenditure side,2022,,37540.7,,2020,,,,F,Free (free for publication),1,One,A,Normal value,0,Units,USD,US dollar
DATAFLOW,OECD.SDD.NAD:DSD_NAMAIN1@DF_QNA_EXPENDITURE_CAPITA(1.1),Quarterly GDP per capita,I,A,Annual,Y,Calendar and seasonally adjusted,SVK,Slovak Republic,S1,Total economy,S1,Total economy,B1GQ_POP,"Gross domestic product, per capita",_Z,Not applicable,_Z,Not applicable,_Z,Not applicable,USD_PPP_PS,"US dollars per person, PPP converted",V,Current prices,LA,Annual levels,T0102,Table 0102 - GDP identity from the expenditure side,2006,,18843.1,,,,,,F,Free (free for publication),1,One,A,Normal value,0,Units,USD,US dollar
DATAFLOW,OECD.SDD.NAD:DSD_NAMAIN1@DF_QNA_EXPENDITURE_CAPITA(1.1),Quarterly GDP per capita,I,A,Annual,Y,Calendar and seasonally adjusted,PRT,Portugal,S1,Total economy,S1,Total economy,B1GQ_POP,"Gross domestic product, per capita",_Z,Not applicable,_Z,Not applicable,_Z,Not applicable,USD_PPP_PS,"US dollars per person, PPP converted",V,Current prices,LA,Annual levels,T0102,Table 0102 - GDP identity from the expenditure side,2014,,28713.3,,,,,,F,Free (free for publication),1,One,A,Normal value,0,Units,USD,US dollar
DATAFLOW,OECD.SDD.NAD:DSD_NAMAIN1@DF_QNA_EXPENDITURE_CAPITA(1.1),Quarterly GDP per capita,I,A,Annual,Y,Calendar and seasonally adjusted,PRT,Portugal,S1,Total economy,S1,Total economy,B1GQ_POP,"Gross domestic product, per capita",_Z,Not applicable,_Z,Not applicable,_Z,Not applicable,USD_PPP_PS,"US dollars per person, PPP converted",V,Current prices,LA,Annual levels,T0102,Table 0102 - GDP identity from the expenditure side,2013,,27921.5,,,,,,F,Free (free for publication),1,One,A,Normal value,0,Units,USD,US dollar
DATAFLOW,OECD.SDD.NAD:DSD_NAMAIN1@DF_QNA_EXPENDITURE_CAPITA(1.1),Quarterly GDP per capita,I,A,Annual,Y,Calendar and seasonally adjusted,PRT,Portugal,S1,Total economy,S1,Total economy,B1GQ_POP,"Gross domestic product, per capita",_Z,Not applicable,_Z,Not applicable,_Z,Not applicable,USD_PPP_PS,"US dollars per person, PPP converted",V,Current prices,LA,Annual levels,T0102,Table 0102 - GDP identity from the expenditure side,2000,,18883.1,,,,,,F,Free (free for publication),1,One,A,Normal value,0,Units,USD,US dollar
DATAFLOW,OECD.SDD.NAD:DSD_NAMAIN1@DF_QNA_EXPENDITURE_CAPITA(1.1),Quarterly GDP per capita,I,A,Annual,Y,Calendar and seasonally adjusted,PRT,Portugal,S1,Total economy,S1,Total economy,B1GQ_POP,"Gross domestic product, per capita",_Z,Not applicable,_Z,Not applicable,_Z,Not applicable,USD_PPP_PS,"US dollars per person, PPP converted",V,Current prices,LA,Annual levels,T0102,Table 0102 - GDP identity from the expenditure side,2001,,19528.6,,,,,,F,Free (free for publication),1,One,A,Normal value,0,Units,USD,US dollar
DATAFLOW,OECD.SDD.NAD:DSD_NAMAIN1@DF_QNA_EXPENDITURE_CAPITA(1.1),Quarterly GDP per capita,I,A,Annual,Y,Calendar and seasonally adjusted,PRT,Portugal,S1,Total economy,S1,Total economy,B1GQ_POP,"Gross domestic product, per capita",_Z,Not applicable,_Z,Not applicable,_Z,Not applicable,USD_PPP_PS,"US dollars per person, PPP converted",V,Current prices,LA,Annual levels,T0102,Table 0102 - GDP identity from the expenditure side,2005,,22725.3,,,,,,F,Free (free for publication),1,One,A,Normal value,0,Units,USD,US dollar
DATAFLOW,OECD.SDD.NAD:DSD_NAMAIN1@DF_QNA_EXPENDITURE_CAPITA(1.1),Quarterly GDP per capita,I,A,Annual,Y,Calendar and seasonally adjusted,PRT,Portugal,S1,Total economy,S1,Total economy,B1GQ_POP,"Gross domestic product, per capita",_Z,Not applicable,_Z,Not applicable,_Z,Not applicable,USD_PPP_PS,"US dollars per person, PPP converted",V,Current prices,LA,Annual levels,T0102,Table 0102 - GDP identity from the expenditure side,2004,,21475.6,,,,,,F,Free (free for publication),1,One,A,Normal value,0,Units,USD,US dollar
DATAFLOW,OECD.SDD.NAD:DSD_NAMAIN1@DF_QNA_EXPENDITURE_CAPITA(1.1),Quarterly GDP per capita,I,A,Annual,Y,Calendar and seasonally adjusted,PRT,Portugal,S1,Total economy,S1,Total economy,B1GQ_POP,"Gross domestic product, per capita",_Z,Not applicable,_Z,Not applicable,_Z,Not applicable,USD_PPP_PS,"US dollars per person, PPP converted",V,Current prices,LA,Annual levels,T0102,Table 0102 - GDP identity from the expenditure side,2003,,20849.6,,,,,,F,Free (free for publication),1,One,A,Normal value,0,Units,USD,US dollar
DATAFLOW,OECD.SDD.NAD:DSD_NAMAIN1@DF_QNA_EXPENDITURE_CAPITA(1.1),Quarterly GDP per capita,I,A,Annual,Y,Calendar and seasonally adjusted,PRT,Portugal,S1,Total economy,S1,Total economy,B1GQ_POP,"Gross domestic product, per capita",_Z,Not applicable,_Z,Not applicable,_Z,Not applicable,USD_PPP_PS,"US dollars per person, PPP converted",V,Current prices,LA,Annual levels,T0102,Table 0102 - GDP identity from the expenditure side,2002,,20356.7,,,,,,F,Free (free for publication),1,One,A,Normal value,0,Units,USD,US dollar
DATAFLOW,OECD.SDD.NAD:DSD_NAMAIN1@DF_QNA_EXPENDITURE_CAPITA(1.1),Quarterly GDP per capita,I,A,Annual,Y,Calendar and seasonally adjusted,PRT,Portugal,S1,Total economy,S1,Total economy,B1GQ_POP,"Gross domestic product, per capita",_Z,Not applicable,_Z,Not applicable,_Z,Not applicable,USD_PPP_PS,"US dollars per person, PPP converted",V,Current prices,LA,Annual levels,T0102,Table 0102 - GDP identity from the expenditure side,2012,,26434.6,,,,,,F,Free (free for publication),1,One,A,Normal value,0,Units,USD,US dollar
DATAFLOW,OECD.SDD.NAD:DSD_NAMAIN1@DF_QNA_EXPENDITURE_CAPITA(1.1),Quarterly GDP per capita,I,A,Annual,Y,Calendar and seasonally adjusted,PRT,Portugal,S1,Total economy,S1,Total economy,B1GQ_POP,"Gross domestic product, per capita",_Z,Not applicable,_Z,Not applicable,_Z,Not applicable,USD_PPP_PS,"US dollars per person, PPP converted",V,Current prices,LA,Annual levels,T0102,Table 0102 - GDP identity from the expenditure side,2011,,26760.2,,,,,,F,Free (free for publication),1,One,A,Normal value,0,Units,USD,US dollar
DATAFLOW,OECD.SDD.NAD:DSD_NAMAIN1@DF_QNA_EXPENDITURE_CAPITA(1.1),Quarterly GDP per capita,I,A,Annual,Y,Calendar and seasonally adjusted,NLD,Netherlands,S1,Total economy,S1,Total economy,B1GQ_POP,"Gross domestic product, per capita",_Z,Not applicable,_Z,Not applicable,_Z,Not applicable,USD_PPP_PS,"US dollars per person, PPP converted",LR,Chain linked volume (rebased),LA,Annual levels,T0102,Table 0102 - GDP identity from the expenditure side,2007,,60415.6,,2020,,,,F,Free (free for publication),1,One,A,Normal value,0,Units,USD,US dollar
DATAFLOW,OECD.SDD.NAD:DSD_NAMAIN1@DF_QNA_EXPENDITURE_CAPITA(1.1),Quarterly GDP per capita,I,A,Annual,Y,Calendar and seasonally adjusted,NLD,Netherlands,S1,Total economy,S1,Total economy,B1GQ_POP,"Gross domestic product, per capita",_Z,Not applicable,_Z,Not applicable,_Z,Not applicable,USD_PPP_PS,"US dollars per person, PPP converted",LR,Chain linked volume (rebased),LA,Annual levels,T0102,Table 0102 - GDP identity from the expenditure side,2006,,58285.1,,2020,,,,F,Free (free for publication),1,One,A,Normal value,0,Units,USD,US dollar
DATAFLOW,OECD.SDD.NAD:DSD_NAMAIN1@DF_QNA_EXPENDITURE_CAPITA(1.1),Quarterly GDP per capita,I,A,Annual,Y,Calendar and seasonally adjusted,NLD,Netherlands,S1,Total economy,S1,Total economy,B1GQ_POP,"Gross domestic product, per capita",_Z,Not applicable,_Z,Not applicable,_Z,Not applicable,USD_PPP_PS,"US dollars per person, PPP converted",LR,Chain linked volume (rebased),LA,Annual levels,T0102,Table 0102 - GDP identity from the expenditure side,2005,,56383.5,,2020,,,,F,Free (free for publication),1,One,A,Normal value,0,Units,USD,US dollar
DATAFLOW,OECD.SDD.NAD:DSD_NAMAIN1@DF_QNA_EXPENDITURE_CAPITA(1.1),Quarterly GDP per capita,I,A,Annual,Y,Calendar and seasonally adjusted,NLD,Netherlands,S1,Total economy,S1,Total economy,B1GQ_POP,"Gross domestic product, per capita",_Z,Not applicable,_Z,Not applicable,_Z,Not applicable,USD_PPP_PS,"US dollars per person, PPP converted",LR,Chain linked volume (rebased),LA,Annual levels,T0102,Table 0102 - GDP identity from the expenditure side,2020,,62596.6,,2020,,,,F,Free (free for publication),1,One,A,Normal value,0,Units,USD,US dollar
DATAFLOW,OECD.SDD.NAD:DSD_NAMAIN1@DF_QNA_EXPENDITURE_CAPITA(1.1),Quarterly GDP per capita,I,A,Annual,Y,Calendar and seasonally adjusted,NLD,Netherlands,S1,Total economy,S1,Total economy,B1GQ_POP,"Gross domestic product, per capita",_Z,Not applicable,_Z,Not applicable,_Z,Not applicable,USD_PPP_PS,"US dollars per person, PPP converted",LR,Chain linked volume (rebased),LA,Annual levels,T0102,Table 0102 - GDP identity from the expenditure side,2019,,65483.4,,2020,,,,F,Free (free for publication),1,One,A,Normal value,0,Units,USD,US dollar
DATAFLOW,OECD.SDD.NAD:DSD_NAMAIN1@DF_QNA_EXPENDITURE_CAPITA(1.1),Quarterly GDP per capita,I,A,Annual,Y,Calendar and seasonally adjusted,NLD,Netherlands,S1,Total economy,S1,Total economy,B1GQ_POP,"Gross domestic product, per capita",_Z,Not applicable,_Z,Not applicable,_Z,Not applicable,USD_PPP_PS,"US dollars per person, PPP converted",LR,Chain linked volume (rebased),LA,Annual levels,T0102,Table 0102 - GDP identity from the expenditure side,2018,,64432.8,,2020,,,,F,Free (free for publication),1,One,A,Normal value,0,Units,USD,US dollar
DATAFLOW,OECD.SDD.NAD:DSD_NAMAIN1@DF_QNA_EXPENDITURE_CAPITA(1.1),Quarterly GDP per capita,I,A,Annual,Y,Calendar and seasonally adjusted,NLD,Netherlands,S1,Total economy,S1,Total economy,B1GQ_POP,"Gross domestic product, per capita",_Z,Not applicable,_Z,Not applicable,_Z,Not applicable,USD_PPP_PS,"US dollars per person, PPP converted",LR,Chain linked volume (rebased),LA,Annual levels,T0102,Table 0102 - GDP identity from the expenditure side,2017,,63376.5,,2020,,,,F,Free (free for publication),1,One,A,Normal value,0,Units,USD,US dollar
DATAFLOW,OECD.SDD.NAD:DSD_NAMAIN1@DF_QNA_EXPENDITURE_CAPITA(1.1),Quarterly GDP per capita,I,A,Annual,Y,Calendar and seasonally adjusted,NLD,Netherlands,S1,Total economy,S1,Total economy,B1GQ_POP,"Gross domestic product, per capita",_Z,Not applicable,_Z,Not applicable,_Z,Not applicable,USD_PPP_PS,"US dollars per person, PPP converted",LR,Chain linked volume (rebased),LA,Annual levels,T0102,Table 0102 - GDP identity from the expenditure side,2004,,55390.3,,2020,,,,F,Free (free for publication),1,One,A,Normal value,0,Units,USD,US dollar
DATAFLOW,OECD.SDD.NAD:DSD_NAMAIN1@DF_QNA_EXPENDITURE_CAPITA(1.1),Quarterly GDP per capita,I,A,Annual,Y,Calendar and seasonally adjusted,NLD,Netherlands,S1,Total economy,S1,Total economy,B1GQ_POP,"Gross domestic product, per capita",_Z,Not applicable,_Z,Not applicable,_Z,Not applicable,USD_PPP_PS,"US dollars per person, PPP converted",LR,Chain linked volume (rebased),LA,Annual levels,T0102,Table 0102 - GDP identity from the expenditure side,2003,,54486.9,,2020,,,,F,Free (free for publication),1,One,A,Normal value,0,Units,USD,US dollar
DATAFLOW,OECD.SDD.NAD:DSD_NAMAIN1@DF_QNA_EXPENDITURE_CAPITA(1.1),Quarterly GDP per capita,I,A,Annual,Y,Calendar and seasonally adjusted,NLD,Netherlands,S1,Total economy,S1,Total economy,B1GQ_POP,"Gross domestic product, per capita",_Z,Not applicable,_Z,Not applicable,_Z,Not applicable,USD_PPP_PS,"US dollars per person, PPP converted",LR,Chain linked volume (rebased),LA,Annual levels,T0102,Table 0102 - GDP identity from the expenditure side,2002,,54691.5,,2020,,,,F,Free (free for publication),1,One,A,Normal value,0,Units,USD,US dollar
DATAFLOW,OECD.SDD.NAD:DSD_NAMAIN1@DF_QNA_EXPENDITURE_CAPITA(1.1),Quarterly GDP per capita,I,A,Annual,Y,Calendar and seasonally adjusted,NLD,Netherlands,S1,Total economy,S1,Total economy,B1GQ_POP,"Gross domestic product, per capita",_Z,Not applicable,_Z,Not applicable,_Z,Not applicable,USD_PPP_PS,"US dollars per person, PPP converted",LR,Chain linked volume (rebased),LA,Annual levels,T0102,Table 0102 - GDP identity from the expenditure side,2001,,54905.6,,2020,,,,F,Free (free for publication),1,One,A,Normal value,0,Units,USD,US dollar
DATAFLOW,OECD.SDD.NAD:DSD_NAMAIN1@DF_QNA_EXPENDITURE_CAPITA(1.1),Quarterly GDP per capita,I,A,Annual,Y,Calendar and seasonally adjusted,NLD,Netherlands,S1,Total economy,S1,Total economy,B1GQ_POP,"Gross domestic product, per capita",_Z,Not applicable,_Z,Not applicable,_Z,Not applicable,USD_PPP_PS,"US dollars per person, PPP converted",LR,Chain linked volume (rebased),LA,Annual levels,T0102,Table 0102 - GDP identity from the expenditure side,2000,,54063.3,,2020,,,,F,Free (free for publication),1,One,A,Normal value,0,Units,USD,US dollar
DATAFLOW,OECD.SDD.NAD:DSD_NAMAIN1@DF_QNA_EXPENDITURE_CAPITA(1.1),Quarterly GDP per capita,I,A,Annual,Y,Calendar and seasonally adjusted,NLD,Netherlands,S1,Total economy,S1,Total economy,B1GQ_POP,"Gross domestic product, per capita",_Z,Not applicable,_Z,Not applicable,_Z,Not applicable,USD_PPP_PS,"US dollars per person, PPP converted",V,Current prices,LA,Annual levels,T0102,Table 0102 - GDP identity from the expenditure side,2008,,46714.6,,,,,,F,Free (free for publication),1,One,A,Normal value,0,Units,USD,US dollar
DATAFLOW,OECD.SDD.NAD:DSD_NAMAIN1@DF_QNA_EXPENDITURE_CAPITA(1.1),Quarterly GDP per capita,I,A,Annual,Y,Calendar and seasonally adjusted,NLD,Netherlands,S1,Total economy,S1,Total economy,B1GQ_POP,"Gross domestic product, per capita",_Z,Not applicable,_Z,Not applicable,_Z,Not applicable,USD_PPP_PS,"US dollars per person, PPP converted",V,Current prices,LA,Annual levels,T0102,Table 0102 - GDP identity from the expenditure side,2007,,44203.3,,,,,,F,Free (free for publication),1,One,A,Normal value,0,Units,USD,US dollar
DATAFLOW,OECD.SDD.NAD:DSD_NAMAIN1@DF_QNA_EXPENDITURE_CAPITA(1.1),Quarterly GDP per capita,I,A,Annual,Y,Calendar and seasonally adjusted,NLD,Netherlands,S1,Total economy,S1,Total economy,B1GQ_POP,"Gross domestic product, per capita",_Z,Not applicable,_Z,Not applicable,_Z,Not applicable,USD_PPP_PS,"US dollars per person, PPP converted",V,Current prices,LA,Annual levels,T0102,Table 0102 - GDP identity from the expenditure side,2012,,47653.2,,,,,,F,Free (free for publication),1,One,A,Normal value,0,Units,USD,US dollar
DATAFLOW,OECD.SDD.NAD:DSD_NAMAIN1@DF_QNA_EXPENDITURE_CAPITA(1.1),Quarterly GDP per capita,I,A,Annual,Y,Calendar and seasonally adjusted,NLD,Netherlands,S1,Total economy,S1,Total economy,B1GQ_POP,"Gross domestic product, per capita",_Z,Not applicable,_Z,Not applicable,_Z,Not applicable,USD_PPP_PS,"US dollars per person, PPP converted",V,Current prices,LA,Annual levels,T0102,Table 0102 - GDP identity from the expenditure side,2011,,47003.6,,,,,,F,Free (free for publication),1,One,A,Normal value,0,Units,USD,US dollar
DATAFLOW,OECD.SDD.NAD:DSD_NAMAIN1@DF_QNA_EXPENDITURE_CAPITA(1.1),Quarterly GDP per capita,I,A,Annual,Y,Calendar and seasonally adjusted,PRT,Portugal,S1,Total economy,S1,Total economy,B1GQ_POP,"Gross domestic product, per capita",_Z,Not applicable,_Z,Not applicable,_Z,Not applicable,USD_PPP_PS,"US dollars per person, PPP converted",LR,Chain linked volume (rebased),LA,Annual levels,T0102,Table 0102 - GDP identity from the expenditure side,2016,,35648.7,,2020,,,,F,Free (free for publication),1,One,A,Normal value,0,Units,USD,US dollar
DATAFLOW,OECD.SDD.NAD:DSD_NAMAIN1@DF_QNA_EXPENDITURE_CAPITA(1.1),Quarterly GDP per capita,I,A,Annual,Y,Calendar and seasonally adjusted,PRT,Portugal,S1,Total economy,S1,Total economy,B1GQ_POP,"Gross domestic product, per capita",_Z,Not applicable,_Z,Not applicable,_Z,Not applicable,USD_PPP_PS,"US dollars per person, PPP converted",LR,Chain linked volume (rebased),LA,Annual levels,T0102,Table 0102 - GDP identity from the expenditure side,2015,,34863.1,,2020,,,,F,Free (free for publication),1,One,A,Normal value,0,Units,USD,US dollar
DATAFLOW,OECD.SDD.NAD:DSD_NAMAIN1@DF_QNA_EXPENDITURE_CAPITA(1.1),Quarterly GDP per capita,I,A,Annual,Y,Calendar and seasonally adjusted,PRT,Portugal,S1,Total economy,S1,Total economy,B1GQ_POP,"Gross domestic product, per capita",_Z,Not applicable,_Z,Not applicable,_Z,Not applicable,USD_PPP_PS,"US dollars per person, PPP converted",LR,Chain linked volume (rebased),LA,Annual levels,T0102,Table 0102 - GDP identity from the expenditure side,2014,,34193.1,,2020,,,,F,Free (free for publication),1,One,A,Normal value,0,Units,USD,US dollar
DATAFLOW,OECD.SDD.NAD:DSD_NAMAIN1@DF_QNA_EXPENDITURE_CAPITA(1.1),Quarterly GDP per capita,I,A,Annual,Y,Calendar and seasonally adjusted,PRT,Portugal,S1,Total economy,S1,Total economy,B1GQ_POP,"Gross domestic product, per capita",_Z,Not applicable,_Z,Not applicable,_Z,Not applicable,USD_PPP_PS,"US dollars per person, PPP converted",LR,Chain linked volume (rebased),LA,Annual levels,T0102,Table 0102 - GDP identity from the expenditure side,2013,,33765.2,,2020,,,,F,Free (free for publication),1,One,A,Normal value,0,Units,USD,US dollar
DATAFLOW,OECD.SDD.NAD:DSD_NAMAIN1@DF_QNA_EXPENDITURE_CAPITA(1.1),Quarterly GDP per capita,I,A,Annual,Y,Calendar and seasonally adjusted,PRT,Portugal,S1,Total economy,S1,Total economy,B1GQ_POP,"Gross domestic product, per capita",_Z,Not applicable,_Z,Not applicable,_Z,Not applicable,USD_PPP_PS,"US dollars per person, PPP converted",LR,Chain linked volume (rebased),LA,Annual levels,T0102,Table 0102 - GDP identity from the expenditure side,2023,,40764.6,,2020,,,,F,Free (free for publication),1,One,A,Normal value,0,Units,USD,US dollar
DATAFLOW,OECD.SDD.NAD:DSD_NAMAIN1@DF_QNA_EXPENDITURE_CAPITA(1.1),Quarterly GDP per capita,I,A,Annual,Y,Calendar and seasonally adjusted,PRT,Portugal,S1,Total economy,S1,Total economy,B1GQ_POP,"Gross domestic product, per capita",_Z,Not applicable,_Z,Not applicable,_Z,Not applicable,USD_PPP_PS,"US dollars per person, PPP converted",LR,Chain linked volume (rebased),LA,Annual levels,T0102,Table 0102 - GDP identity from the expenditure side,2022,,39951.8,,2020,,,,F,Free (free for publication),1,One,A,Normal value,0,Units,USD,US dollar
DATAFLOW,OECD.SDD.NAD:DSD_NAMAIN1@DF_QNA_EXPENDITURE_CAPITA(1.1),Quarterly GDP per capita,I,A,Annual,Y,Calendar and seasonally adjusted,PRT,Portugal,S1,Total economy,S1,Total economy,B1GQ_POP,"Gross domestic product, per capita",_Z,Not applicable,_Z,Not applicable,_Z,Not applicable,USD_PPP_PS,"US dollars per person, PPP converted",V,Current prices,LA,Annual levels,T0102,Table 0102 - GDP identity from the expenditure side,2016,,31494.5,,,,,,F,Free (free for publication),1,One,A,Normal value,0,Units,USD,US dollar
DATAFLOW,OECD.SDD.NAD:DSD_NAMAIN1@DF_QNA_EXPENDITURE_CAPITA(1.1),Quarterly GDP per capita,I,A,Annual,Y,Calendar and seasonally adjusted,POL,Poland,S1,Total economy,S1,Total economy,B1GQ_POP,"Gross domestic product, per capita",_Z,Not applicable,_Z,Not applicable,_Z,Not applicable,USD_PPP_PS,"US dollars per person, PPP converted",V,Current prices,LA,Annual levels,T0102,Table 0102 - GDP identity from the expenditure side,2014,,25460.9,,,,,,F,Free (free for publication),1,One,A,Normal value,0,Units,USD,US dollar
DATAFLOW,OECD.SDD.NAD:DSD_NAMAIN1@DF_QNA_EXPENDITURE_CAPITA(1.1),Quarterly GDP per capita,I,A,Annual,Y,Calendar and seasonally adjusted,POL,Poland,S1,Total economy,S1,Total economy,B1GQ_POP,"Gross domestic product, per capita",_Z,Not applicable,_Z,Not applicable,_Z,Not applicable,USD_PPP_PS,"US dollars per person, PPP converted",V,Current prices,LA,Annual levels,T0102,Table 0102 - GDP identity from the expenditure side,2013,,24435.6,,,,,,F,Free (free for publication),1,One,A,Normal value,0,Units,USD,US dollar
DATAFLOW,OECD.SDD.NAD:DSD_NAMAIN1@DF_QNA_EXPENDITURE_CAPITA(1.1),Quarterly GDP per capita,I,A,Annual,Y,Calendar and seasonally adjusted,POL,Poland,S1,Total economy,S1,Total economy,B1GQ_POP,"Gross domestic product, per capita",_Z,Not applicable,_Z,Not applicable,_Z,Not applicable,USD_PPP_PS,"US dollars per person, PPP converted",V,Current prices,LA,Annual levels,T0102,Table 0102 - GDP identity from the expenditure side,2000,,10721.7,,,,,,F,Free (free for publication),1,One,A,Normal value,0,Units,USD,US dollar
DATAFLOW,OECD.SDD.NAD:DSD_NAMAIN1@DF_QNA_EXPENDITURE_CAPITA(1.1),Quarterly GDP per capita,I,A,Annual,Y,Calendar and seasonally adjusted,POL,Poland,S1,Total economy,S1,Total economy,B1GQ_POP,"Gross domestic product, per capita",_Z,Not applicable,_Z,Not applicable,_Z,Not applicable,USD_PPP_PS,"US dollars per person, PPP converted",V,Current prices,LA,Annual levels,T0102,Table 0102 - GDP identity from the expenditure side,2001,,11174.9,,,,,,F,Free (free for publication),1,One,A,Normal value,0,Units,USD,US dollar
DATAFLOW,OECD.SDD.NAD:DSD_NAMAIN1@DF_QNA_EXPENDITURE_CAPITA(1.1),Quarterly GDP per capita,I,A,Annual,Y,Calendar and seasonally adjusted,POL,Poland,S1,Total economy,S1,Total economy,B1GQ_POP,"Gross domestic product, per capita",_Z,Not applicable,_Z,Not applicable,_Z,Not applicable,USD_PPP_PS,"US dollars per person, PPP converted",V,Current prices,LA,Annual levels,T0102,Table 0102 - GDP identity from the expenditure side,2005,,13936,,,,,,F,Free (free for publication),1,One,A,Normal value,0,Units,USD,US dollar
DATAFLOW,OECD.SDD.NAD:DSD_NAMAIN1@DF_QNA_EXPENDITURE_CAPITA(1.1),Quarterly GDP per capita,I,A,Annual,Y,Calendar and seasonally adjusted,POL,Poland,S1,Total economy,S1,Total economy,B1GQ_POP,"Gross domestic product, per capita",_Z,Not applicable,_Z,Not applicable,_Z,Not applicable,USD_PPP_PS,"US dollars per person, PPP converted",V,Current prices,LA,Annual levels,T0102,Table 0102 - GDP identity from the expenditure side,2004,,13413,,,,,,F,Free (free for publication),1,One,A,Normal value,0,Units,USD,US dollar
DATAFLOW,OECD.SDD.NAD:DSD_NAMAIN1@DF_QNA_EXPENDITURE_CAPITA(1.1),Quarterly GDP per capita,I,A,Annual,Y,Calendar and seasonally adjusted,POL,Poland,S1,Total economy,S1,Total economy,B1GQ_POP,"Gross domestic product, per capita",_Z,Not applicable,_Z,Not applicable,_Z,Not applicable,USD_PPP_PS,"US dollars per person, PPP converted",V,Current prices,LA,Annual levels,T0102,Table 0102 - GDP identity from the expenditure side,2003,,12330.3,,,,,,F,Free (free for publication),1,One,A,Normal value,0,Units,USD,US dollar
DATAFLOW,OECD.SDD.NAD:DSD_NAMAIN1@DF_QNA_EXPENDITURE_CAPITA(1.1),Quarterly GDP per capita,I,A,Annual,Y,Calendar and seasonally adjusted,POL,Poland,S1,Total economy,S1,Total economy,B1GQ_POP,"Gross domestic product, per capita",_Z,Not applicable,_Z,Not applicable,_Z,Not applicable,USD_PPP_PS,"US dollars per person, PPP converted",V,Current prices,LA,Annual levels,T0102,Table 0102 - GDP identity from the expenditure side,2002,,11840.1,,,,,,F,Free (free for publication),1,One,A,Normal value,0,Units,USD,US dollar
DATAFLOW,OECD.SDD.NAD:DSD_NAMAIN1@DF_QNA_EXPENDITURE_CAPITA(1.1),Quarterly GDP per capita,I,A,Annual,Y,Calendar and seasonally adjusted,POL,Poland,S1,Total economy,S1,Total economy,B1GQ_POP,"Gross domestic product, per capita",_Z,Not applicable,_Z,Not applicable,_Z,Not applicable,USD_PPP_PS,"US dollars per person, PPP converted",V,Current prices,LA,Annual levels,T0102,Table 0102 - GDP identity from the expenditure side,2011,,22811.8,,,,,,F,Free (free for publication),1,One,A,Normal value,0,Units,USD,US dollar
DATAFLOW,OECD.SDD.NAD:DSD_NAMAIN1@DF_QNA_EXPENDITURE_CAPITA(1.1),Quarterly GDP per capita,I,A,Annual,Y,Calendar and seasonally adjusted,POL,Poland,S1,Total economy,S1,Total economy,B1GQ_POP,"Gross domestic product, per capita",_Z,Not applicable,_Z,Not applicable,_Z,Not applicable,USD_PPP_PS,"US dollars per person, PPP converted",V,Current prices,LA,Annual levels,T0102,Table 0102 - GDP identity from the expenditure side,2009,,19292,,,,,,F,Free (free for publication),1,One,A,Normal value,0,Units,USD,US dollar
DATAFLOW,OECD.SDD.NAD:DSD_NAMAIN1@DF_QNA_EXPENDITURE_CAPITA(1.1),Quarterly GDP per capita,I,A,Annual,Y,Calendar and seasonally adjusted,POL,Poland,S1,Total economy,S1,Total economy,B1GQ_POP,"Gross domestic product, per capita",_Z,Not applicable,_Z,Not applicable,_Z,Not applicable,USD_PPP_PS,"US dollars per person, PPP converted",V,Current prices,LA,Annual levels,T0102,Table 0102 - GDP identity from the expenditure side,2008,,18374.2,,,,,,F,Free (free for publication),1,One,A,Normal value,0,Units,USD,US dollar
DATAFLOW,OECD.SDD.NAD:DSD_NAMAIN1@DF_QNA_EXPENDITURE_CAPITA(1.1),Quarterly GDP per capita,I,A,Annual,Y,Calendar and seasonally adjusted,POL,Poland,S1,Total economy,S1,Total economy,B1GQ_POP,"Gross domestic product, per capita",_Z,Not applicable,_Z,Not applicable,_Z,Not applicable,USD_PPP_PS,"US dollars per person, PPP converted",V,Current prices,LA,Annual levels,T0102,Table 0102 - GDP identity from the expenditure side,2007,,16833.7,,,,,,F,Free (free for publication),1,One,A,Normal value,0,Units,USD,US dollar
DATAFLOW,OECD.SDD.NAD:DSD_NAMAIN1@DF_QNA_EXPENDITURE_CAPITA(1.1),Quarterly GDP per capita,I,A,Annual,Y,Calendar and seasonally adjusted,ESP,Spain,S1,Total economy,S1,Total economy,B1GQ_POP,"Gross domestic product, per capita",_Z,Not applicable,_Z,Not applicable,_Z,Not applicable,USD_PPP_PS,"US dollars per person, PPP converted",V,Current prices,LA,Annual levels,T0102,Table 0102 - GDP identity from the expenditure side,2005,,27623.7,,,,,,F,Free (free for publication),1,One,A,Normal value,0,Units,USD,US dollar
DATAFLOW,OECD.SDD.NAD:DSD_NAMAIN1@DF_QNA_EXPENDITURE_CAPITA(1.1),Quarterly GDP per capita,I,A,Annual,Y,Calendar and seasonally adjusted,ESP,Spain,S1,Total economy,S1,Total economy,B1GQ_POP,"Gross domestic product, per capita",_Z,Not applicable,_Z,Not applicable,_Z,Not applicable,USD_PPP_PS,"US dollars per person, PPP converted",V,Current prices,LA,Annual levels,T0102,Table 0102 - GDP identity from the expenditure side,2004,,26198.1,,,,,,F,Free (free for publication),1,One,A,Normal value,0,Units,USD,US dollar
DATAFLOW,OECD.SDD.NAD:DSD_NAMAIN1@DF_QNA_EXPENDITURE_CAPITA(1.1),Quarterly GDP per capita,I,A,Annual,Y,Calendar and seasonally adjusted,ESP,Spain,S1,Total economy,S1,Total economy,B1GQ_POP,"Gross domestic product, per capita",_Z,Not applicable,_Z,Not applicable,_Z,Not applicable,USD_PPP_PS,"US dollars per person, PPP converted",V,Current prices,LA,Annual levels,T0102,Table 0102 - GDP identity from the expenditure side,2003,,25052.2,,,,,,F,Free (free for publication),1,One,A,Normal value,0,Units,USD,US dollar
DATAFLOW,OECD.SDD.NAD:DSD_NAMAIN1@DF_QNA_EXPENDITURE_CAPITA(1.1),Quarterly GDP per capita,I,A,Annual,Y,Calendar and seasonally adjusted,ESP,Spain,S1,Total economy,S1,Total economy,B1GQ_POP,"Gross domestic product, per capita",_Z,Not applicable,_Z,Not applicable,_Z,Not applicable,USD_PPP_PS,"US dollars per person, PPP converted",V,Current prices,LA,Annual levels,T0102,Table 0102 - GDP identity from the expenditure side,2002,,24382.6,,,,,,F,Free (free for publication),1,One,A,Normal value,0,Units,USD,US dollar
DATAFLOW,OECD.SDD.NAD:DSD_NAMAIN1@DF_QNA_EXPENDITURE_CAPITA(1.1),Quarterly GDP per capita,I,A,Annual,Y,Calendar and seasonally adjusted,GBR,United Kingdom,S1,Total economy,S1,Total economy,B1GQ_POP,"Gross domestic product, per capita",_Z,Not applicable,_Z,Not applicable,_Z,Not applicable,USD_PPP_PS,"US dollars per person, PPP converted",V,Current prices,LA,Annual levels,T0102,Table 0102 - GDP identity from the expenditure side,2023,,60710.3,,,,,,F,Free (free for publication),1,One,A,Normal value,0,Units,USD,US dollar
DATAFLOW,OECD.SDD.NAD:DSD_NAMAIN1@DF_QNA_EXPENDITURE_CAPITA(1.1),Quarterly GDP per capita,I,A,Annual,Y,Calendar and seasonally adjusted,GBR,United Kingdom,S1,Total economy,S1,Total economy,B1GQ_POP,"Gross domestic product, per capita",_Z,Not applicable,_Z,Not applicable,_Z,Not applicable,USD_PPP_PS,"US dollars per person, PPP converted",LR,Chain linked volume (rebased),LA,Annual levels,T0102,Table 0102 - GDP identity from the expenditure side,2021,,52608.9,,2020,,,,F,Free (free for publication),1,One,A,Normal value,0,Units,USD,US dollar
DATAFLOW,OECD.SDD.NAD:DSD_NAMAIN1@DF_QNA_EXPENDITURE_CAPITA(1.1),Quarterly GDP per capita,I,A,Annual,Y,Calendar and seasonally adjusted,GBR,United Kingdom,S1,Total economy,S1,Total economy,B1GQ_POP,"Gross domestic product, per capita",_Z,Not applicable,_Z,Not applicable,_Z,Not applicable,USD_PPP_PS,"US dollars per person, PPP converted",LR,Chain linked volume (rebased),LA,Annual levels,T0102,Table 0102 - GDP identity from the expenditure side,2020,,48692.5,,2020,,,,F,Free (free for publication),1,One,A,Normal value,0,Units,USD,US dollar
DATAFLOW,OECD.SDD.NAD:DSD_NAMAIN1@DF_QNA_EXPENDITURE_CAPITA(1.1),Quarterly GDP per capita,I,A,Annual,Y,Calendar and seasonally adjusted,GBR,United Kingdom,S1,Total economy,S1,Total economy,B1GQ_POP,"Gross domestic product, per capita",_Z,Not applicable,_Z,Not applicable,_Z,Not applicable,USD_PPP_PS,"US dollars per person, PPP converted",LR,Chain linked volume (rebased),LA,Annual levels,T0102,Table 0102 - GDP identity from the expenditure side,2019,,54253.5,,2020,,,,F,Free (free for publication),1,One,A,Normal value,0,Units,USD,US dollar
DATAFLOW,OECD.SDD.NAD:DSD_NAMAIN1@DF_QNA_EXPENDITURE_CAPITA(1.1),Quarterly GDP per capita,I,A,Annual,Y,Calendar and seasonally adjusted,GBR,United Kingdom,S1,Total economy,S1,Total economy,B1GQ_POP,"Gross domestic product, per capita",_Z,Not applicable,_Z,Not applicable,_Z,Not applicable,USD_PPP_PS,"US dollars per person, PPP converted",LR,Chain linked volume (rebased),LA,Annual levels,T0102,Table 0102 - GDP identity from the expenditure side,2018,,53820.2,,2020,,,,F,Free (free for publication),1,One,A,Normal value,0,Units,USD,US dollar
DATAFLOW,OECD.SDD.NAD:DSD_NAMAIN1@DF_QNA_EXPENDITURE_CAPITA(1.1),Quarterly GDP per capita,I,A,Annual,Y,Calendar and seasonally adjusted,GBR,United Kingdom,S1,Total economy,S1,Total economy,B1GQ_POP,"Gross domestic product, per capita",_Z,Not applicable,_Z,Not applicable,_Z,Not applicable,USD_PPP_PS,"US dollars per person, PPP converted",LR,Chain linked volume (rebased),LA,Annual levels,T0102,Table 0102 - GDP identity from the expenditure side,2017,,53261.4,,2020,,,,F,Free (free for publication),1,One,A,Normal value,0,Units,USD,US dollar
DATAFLOW,OECD.SDD.NAD:DSD_NAMAIN1@DF_QNA_EXPENDITURE_CAPITA(1.1),Quarterly GDP per capita,I,A,Annual,Y,Calendar and seasonally adjusted,GBR,United Kingdom,S1,Total economy,S1,Total economy,B1GQ_POP,"Gross domestic product, per capita",_Z,Not applicable,_Z,Not applicable,_Z,Not applicable,USD_PPP_PS,"US dollars per person, PPP converted",LR,Chain linked volume (rebased),LA,Annual levels,T0102,Table 0102 - GDP identity from the expenditure side,2016,,51983.6,,2020,,,,F,Free (free for publication),1,One,A,Normal value,0,Units,USD,US dollar
DATAFLOW,OECD.SDD.NAD:DSD_NAMAIN1@DF_QNA_EXPENDITURE_CAPITA(1.1),Quarterly GDP per capita,I,A,Annual,Y,Calendar and seasonally adjusted,GBR,United Kingdom,S1,Total economy,S1,Total economy,B1GQ_POP,"Gross domestic product, per capita",_Z,Not applicable,_Z,Not applicable,_Z,Not applicable,USD_PPP_PS,"US dollars per person, PPP converted",LR,Chain linked volume (rebased),LA,Annual levels,T0102,Table 0102 - GDP identity from the expenditure side,2015,,51240.3,,2020,,,,F,Free (free for publication),1,One,A,Normal value,0,Units,USD,US dollar
DATAFLOW,OECD.SDD.NAD:DSD_NAMAIN1@DF_QNA_EXPENDITURE_CAPITA(1.1),Quarterly GDP per capita,I,A,Annual,Y,Calendar and seasonally adjusted,GBR,United Kingdom,S1,Total economy,S1,Total economy,B1GQ_POP,"Gross domestic product, per capita",_Z,Not applicable,_Z,Not applicable,_Z,Not applicable,USD_PPP_PS,"US dollars per person, PPP converted",LR,Chain linked volume (rebased),LA,Annual levels,T0102,Table 0102 - GDP identity from the expenditure side,2014,,50537.5,,2020,,,,F,Free (free for publication),1,One,A,Normal value,0,Units,USD,US dollar
DATAFLOW,OECD.SDD.NAD:DSD_NAMAIN1@DF_QNA_EXPENDITURE_CAPITA(1.1),Quarterly GDP per capita,I,A,Annual,Y,Calendar and seasonally adjusted,GBR,United Kingdom,S1,Total economy,S1,Total economy,B1GQ_POP,"Gross domestic product, per capita",_Z,Not applicable,_Z,Not applicable,_Z,Not applicable,USD_PPP_PS,"US dollars per person, PPP converted",LR,Chain linked volume (rebased),LA,Annual levels,T0102,Table 0102 - GDP identity from the expenditure side,2013,,49352.2,,2020,,,,F,Free (free for publication),1,One,A,Normal value,0,Units,USD,US dollar
DATAFLOW,OECD.SDD.NAD:DSD_NAMAIN1@DF_QNA_EXPENDITURE_CAPITA(1.1),Quarterly GDP per capita,I,A,Annual,Y,Calendar and seasonally adjusted,GBR,United Kingdom,S1,Total economy,S1,Total economy,B1GQ_POP,"Gross domestic product, per capita",_Z,Not applicable,_Z,Not applicable,_Z,Not applicable,USD_PPP_PS,"US dollars per person, PPP converted",LR,Chain linked volume (rebased),LA,Annual levels,T0102,Table 0102 - GDP identity from the expenditure side,2012,,48851.1,,2020,,,,F,Free (free for publication),1,One,A,Normal value,0,Units,USD,US dollar
DATAFLOW,OECD.SDD.NAD:DSD_NAMAIN1@DF_QNA_EXPENDITURE_CAPITA(1.1),Quarterly GDP per capita,I,A,Annual,Y,Calendar and seasonally adjusted,GBR,United Kingdom,S1,Total economy,S1,Total economy,B1GQ_POP,"Gross domestic product, per capita",_Z,Not applicable,_Z,Not applicable,_Z,Not applicable,USD_PPP_PS,"US dollars per person, PPP converted",LR,Chain linked volume (rebased),LA,Annual levels,T0102,Table 0102 - GDP identity from the expenditure side,2011,,48444,,2020,,,,F,Free (free for publication),1,One,A,Normal value,0,Units,USD,US dollar
DATAFLOW,OECD.SDD.NAD:DSD_NAMAIN1@DF_QNA_EXPENDITURE_CAPITA(1.1),Quarterly GDP per capita,I,A,Annual,Y,Calendar and seasonally adjusted,GBR,United Kingdom,S1,Total economy,S1,Total economy,B1GQ_POP,"Gross domestic product, per capita",_Z,Not applicable,_Z,Not applicable,_Z,Not applicable,USD_PPP_PS,"US dollars per person, PPP converted",LR,Chain linked volume (rebased),LA,Annual levels,T0102,Table 0102 - GDP identity from the expenditure side,2010,,48421.1,,2020,,,,F,Free (free for publication),1,One,A,Normal value,0,Units,USD,US dollar
DATAFLOW,OECD.SDD.NAD:DSD_NAMAIN1@DF_QNA_EXPENDITURE_CAPITA(1.1),Quarterly GDP per capita,I,A,Annual,Y,Calendar and seasonally adjusted,GBR,United Kingdom,S1,Total economy,S1,Total economy,B1GQ_POP,"Gross domestic product, per capita",_Z,Not applicable,_Z,Not applicable,_Z,Not applicable,USD_PPP_PS,"US dollars per person, PPP converted",LR,Chain linked volume (rebased),LA,Annual levels,T0102,Table 0102 - GDP identity from the expenditure side,2024,,54298.1,,2020,,,,F,Free (free for publication),1,One,A,Normal value,0,Units,USD,US dollar
DATAFLOW,OECD.SDD.NAD:DSD_NAMAIN1@DF_QNA_EXPENDITURE_CAPITA(1.1),Quarterly GDP per capita,I,A,Annual,Y,Calendar and seasonally adjusted,GBR,United Kingdom,S1,Total economy,S1,Total economy,B1GQ_POP,"Gross domestic product, per capita",_Z,Not applicable,_Z,Not applicable,_Z,Not applicable,USD_PPP_PS,"US dollars per person, PPP converted",V,Current prices,LA,Annual levels,T0102,Table 0102 - GDP identity from the expenditure side,2022,,60154.7,,,,,,F,Free (free for publication),1,One,A,Normal value,0,Units,USD,US dollar
DATAFLOW,OECD.SDD.NAD:DSD_NAMAIN1@DF_QNA_EXPENDITURE_CAPITA(1.1),Quarterly GDP per capita,I,A,Annual,Y,Calendar and seasonally adjusted,GBR,United Kingdom,S1,Total economy,S1,Total economy,B1GQ_POP,"Gross domestic product, per capita",_Z,Not applicable,_Z,Not applicable,_Z,Not applicable,USD_PPP_PS,"US dollars per person, PPP converted",V,Current prices,LA,Annual levels,T0102,Table 0102 - GDP identity from the expenditure side,2021,,51756.6,,,,,,F,Free (free for publication),1,One,A,Normal value,0,Units,USD,US dollar
DATAFLOW,OECD.SDD.NAD:DSD_NAMAIN1@DF_QNA_EXPENDITURE_CAPITA(1.1),Quarterly GDP per capita,I,A,Annual,Y,Calendar and seasonally adjusted,GBR,United Kingdom,S1,Total economy,S1,Total economy,B1GQ_POP,"Gross domestic product, per capita",_Z,Not applicable,_Z,Not applicable,_Z,Not applicable,USD_PPP_PS,"US dollars per person, PPP converted",V,Current prices,LA,Annual levels,T0102,Table 0102 - GDP identity from the expenditure side,2020,,48692.5,,,,,,F,Free (free for publication),1,One,A,Normal value,0,Units,USD,US dollar
DATAFLOW,OECD.SDD.NAD:DSD_NAMAIN1@DF_QNA_EXPENDITURE_CAPITA(1.1),Quarterly GDP per capita,I,A,Annual,Y,Calendar and seasonally adjusted,GBR,United Kingdom,S1,Total economy,S1,Total economy,B1GQ_POP,"Gross domestic product, per capita",_Z,Not applicable,_Z,Not applicable,_Z,Not applicable,USD_PPP_PS,"US dollars per person, PPP converted",V,Current prices,LA,Annual levels,T0102,Table 0102 - GDP identity from the expenditure side,2019,,50494.3,,,,,,F,Free (free for publication),1,One,A,Normal value,0,Units,USD,US dollar
DATAFLOW,OECD.SDD.NAD:DSD_NAMAIN1@DF_QNA_EXPENDITURE_CAPITA(1.1),Quarterly GDP per capita,I,A,Annual,Y,Calendar and seasonally adjusted,GBR,United Kingdom,S1,Total economy,S1,Total economy,B1GQ_POP,"Gross domestic product, per capita",_Z,Not applicable,_Z,Not applicable,_Z,Not applicable,USD_PPP_PS,"US dollars per person, PPP converted",V,Current prices,LA,Annual levels,T0102,Table 0102 - GDP identity from the expenditure side,2018,,47604.7,,,,,,F,Free (free for publication),1,One,A,Normal value,0,Units,USD,US dollar
DATAFLOW,OECD.SDD.NAD:DSD_NAMAIN1@DF_QNA_EXPENDITURE_CAPITA(1.1),Quarterly GDP per capita,I,A,Annual,Y,Calendar and seasonally adjusted,GBR,United Kingdom,S1,Total economy,S1,Total economy,B1GQ_POP,"Gross domestic product, per capita",_Z,Not applicable,_Z,Not applicable,_Z,Not applicable,USD_PPP_PS,"US dollars per person, PPP converted",V,Current prices,LA,Annual levels,T0102,Table 0102 - GDP identity from the expenditure side,2017,,46413.7,,,,,,F,Free (free for publication),1,One,A,Normal value,0,Units,USD,US dollar
DATAFLOW,OECD.SDD.NAD:DSD_NAMAIN1@DF_QNA_EXPENDITURE_CAPITA(1.1),Quarterly GDP per capita,I,A,Annual,Y,Calendar and seasonally adjusted,ESP,Spain,S1,Total economy,S1,Total economy,B1GQ_POP,"Gross domestic product, per capita",_Z,Not applicable,_Z,Not applicable,_Z,Not applicable,USD_PPP_PS,"US dollars per person, PPP converted",V,Current prices,LA,Annual levels,T0102,Table 0102 - GDP identity from the expenditure side,2011,,32020,,,,,,F,Free (free for publication),1,One,A,Normal value,0,Units,USD,US dollar
DATAFLOW,OECD.SDD.NAD:DSD_NAMAIN1@DF_QNA_EXPENDITURE_CAPITA(1.1),Quarterly GDP per capita,I,A,Annual,Y,Calendar and seasonally adjusted,ESP,Spain,S1,Total economy,S1,Total economy,B1GQ_POP,"Gross domestic product, per capita",_Z,Not applicable,_Z,Not applicable,_Z,Not applicable,USD_PPP_PS,"US dollars per person, PPP converted",V,Current prices,LA,Annual levels,T0102,Table 0102 - GDP identity from the expenditure side,2015,,35257.4,,,,,,F,Free (free for publication),1,One,A,Normal value,0,Units,USD,US dollar
DATAFLOW,OECD.SDD.NAD:DSD_NAMAIN1@DF_QNA_EXPENDITURE_CAPITA(1.1),Quarterly GDP per capita,I,A,Annual,Y,Calendar and seasonally adjusted,ESP,Spain,S1,Total economy,S1,Total economy,B1GQ_POP,"Gross domestic product, per capita",_Z,Not applicable,_Z,Not applicable,_Z,Not applicable,USD_PPP_PS,"US dollars per person, PPP converted",V,Current prices,LA,Annual levels,T0102,Table 0102 - GDP identity from the expenditure side,2014,,33781.1,,,,,,F,Free (free for publication),1,One,A,Normal value,0,Units,USD,US dollar
DATAFLOW,OECD.SDD.NAD:DSD_NAMAIN1@DF_QNA_EXPENDITURE_CAPITA(1.1),Quarterly GDP per capita,I,A,Annual,Y,Calendar and seasonally adjusted,ESP,Spain,S1,Total economy,S1,Total economy,B1GQ_POP,"Gross domestic product, per capita",_Z,Not applicable,_Z,Not applicable,_Z,Not applicable,USD_PPP_PS,"US dollars per person, PPP converted",LR,Chain linked volume (rebased),LA,Annual levels,T0102,Table 0102 - GDP identity from the expenditure side,2021,,41967.4,,2020,,,,F,Free (free for publication),1,One,A,Normal value,0,Units,USD,US dollar
DATAFLOW,OECD.SDD.NAD:DSD_NAMAIN1@DF_QNA_EXPENDITURE_CAPITA(1.1),Quarterly GDP per capita,I,A,Annual,Y,Calendar and seasonally adjusted,ESP,Spain,S1,Total economy,S1,Total economy,B1GQ_POP,"Gross domestic product, per capita",_Z,Not applicable,_Z,Not applicable,_Z,Not applicable,USD_PPP_PS,"US dollars per person, PPP converted",LR,Chain linked volume (rebased),LA,Annual levels,T0102,Table 0102 - GDP identity from the expenditure side,2020,,39340,,2020,,,,F,Free (free for publication),1,One,A,Normal value,0,Units,USD,US dollar
DATAFLOW,OECD.SDD.NAD:DSD_NAMAIN1@DF_QNA_EXPENDITURE_CAPITA(1.1),Quarterly GDP per capita,I,A,Annual,Y,Calendar and seasonally adjusted,ESP,Spain,S1,Total economy,S1,Total economy,B1GQ_POP,"Gross domestic product, per capita",_Z,Not applicable,_Z,Not applicable,_Z,Not applicable,USD_PPP_PS,"US dollars per person, PPP converted",LR,Chain linked volume (rebased),LA,Annual levels,T0102,Table 0102 - GDP identity from the expenditure side,2019,,44413.7,,2020,,,,F,Free (free for publication),1,One,A,Normal value,0,Units,USD,US dollar
DATAFLOW,OECD.SDD.NAD:DSD_NAMAIN1@DF_QNA_EXPENDITURE_CAPITA(1.1),Quarterly GDP per capita,I,A,Annual,Y,Calendar and seasonally adjusted,ESP,Spain,S1,Total economy,S1,Total economy,B1GQ_POP,"Gross domestic product, per capita",_Z,Not applicable,_Z,Not applicable,_Z,Not applicable,USD_PPP_PS,"US dollars per person, PPP converted",LR,Chain linked volume (rebased),LA,Annual levels,T0102,Table 0102 - GDP identity from the expenditure side,2018,,43906.6,,2020,,,,F,Free (free for publication),1,One,A,Normal value,0,Units,USD,US dollar
DATAFLOW,OECD.SDD.NAD:DSD_NAMAIN1@DF_QNA_EXPENDITURE_CAPITA(1.1),Quarterly GDP per capita,I,A,Annual,Y,Calendar and seasonally adjusted,ESP,Spain,S1,Total economy,S1,Total economy,B1GQ_POP,"Gross domestic product, per capita",_Z,Not applicable,_Z,Not applicable,_Z,Not applicable,USD_PPP_PS,"US dollars per person, PPP converted",LR,Chain linked volume (rebased),LA,Annual levels,T0102,Table 0102 - GDP identity from the expenditure side,2017,,43068.4,,2020,,,,F,Free (free for publication),1,One,A,Normal value,0,Units,USD,US dollar
DATAFLOW,OECD.SDD.NAD:DSD_NAMAIN1@DF_QNA_EXPENDITURE_CAPITA(1.1),Quarterly GDP per capita,I,A,Annual,Y,Calendar and seasonally adjusted,ESP,Spain,S1,Total economy,S1,Total economy,B1GQ_POP,"Gross domestic product, per capita",_Z,Not applicable,_Z,Not applicable,_Z,Not applicable,USD_PPP_PS,"US dollars per person, PPP converted",LR,Chain linked volume (rebased),LA,Annual levels,T0102,Table 0102 - GDP identity from the expenditure side,2016,,41931.4,,2020,,,,F,Free (free for publication),1,One,A,Normal value,0,Units,USD,US dollar
DATAFLOW,OECD.SDD.NAD:DSD_NAMAIN1@DF_QNA_EXPENDITURE_CAPITA(1.1),Quarterly GDP per capita,I,A,Annual,Y,Calendar and seasonally adjusted,ESP,Spain,S1,Total economy,S1,Total economy,B1GQ_POP,"Gross domestic product, per capita",_Z,Not applicable,_Z,Not applicable,_Z,Not applicable,USD_PPP_PS,"US dollars per person, PPP converted",LR,Chain linked volume (rebased),LA,Annual levels,T0102,Table 0102 - GDP identity from the expenditure side,2015,,40781.2,,2020,,,,F,Free (free for publication),1,One,A,Normal value,0,Units,USD,US dollar
DATAFLOW,OECD.SDD.NAD:DSD_NAMAIN1@DF_QNA_EXPENDITURE_CAPITA(1.1),Quarterly GDP per capita,I,A,Annual,Y,Calendar and seasonally adjusted,ESP,Spain,S1,Total economy,S1,Total economy,B1GQ_POP,"Gross domestic product, per capita",_Z,Not applicable,_Z,Not applicable,_Z,Not applicable,USD_PPP_PS,"US dollars per person, PPP converted",LR,Chain linked volume (rebased),LA,Annual levels,T0102,Table 0102 - GDP identity from the expenditure side,2014,,39148.6,,2020,,,,F,Free (free for publication),1,One,A,Normal value,0,Units,USD,US dollar
DATAFLOW,OECD.SDD.NAD:DSD_NAMAIN1@DF_QNA_EXPENDITURE_CAPITA(1.1),Quarterly GDP per capita,I,A,Annual,Y,Calendar and seasonally adjusted,ESP,Spain,S1,Total economy,S1,Total economy,B1GQ_POP,"Gross domestic product, per capita",_Z,Not applicable,_Z,Not applicable,_Z,Not applicable,USD_PPP_PS,"US dollars per person, PPP converted",LR,Chain linked volume (rebased),LA,Annual levels,T0102,Table 0102 - GDP identity from the expenditure side,2013,,38439.7,,2020,,,,F,Free (free for publication),1,One,A,Normal value,0,Units,USD,US dollar
DATAFLOW,OECD.SDD.NAD:DSD_NAMAIN1@DF_QNA_EXPENDITURE_CAPITA(1.1),Quarterly GDP per capita,I,A,Annual,Y,Calendar and seasonally adjusted,ESP,Spain,S1,Total economy,S1,Total economy,B1GQ_POP,"Gross domestic product, per capita",_Z,Not applicable,_Z,Not applicable,_Z,Not applicable,USD_PPP_PS,"US dollars per person, PPP converted",LR,Chain linked volume (rebased),LA,Annual levels,T0102,Table 0102 - GDP identity from the expenditure side,2022,,44230.6,,2020,,,,F,Free (free for publication),1,One,A,Normal value,0,Units,USD,US dollar
DATAFLOW,OECD.SDD.NAD:DSD_NAMAIN1@DF_QNA_EXPENDITURE_CAPITA(1.1),Quarterly GDP per capita,I,A,Annual,Y,Calendar and seasonally adjusted,SVN,Slovenia,S1,Total economy,S1,Total economy,B1GQ_POP,"Gross domestic product, per capita",_Z,Not applicable,_Z,Not applicable,_Z,Not applicable,USD_PPP_PS,"US dollars per person, PPP converted",V,Current prices,LA,Annual levels,T0102,Table 0102 - GDP identity from the expenditure side,2015,,31339.8,,,,,,F,Free (free for publication),1,One,A,Normal value,0,Units,USD,US dollar
DATAFLOW,OECD.SDD.NAD:DSD_NAMAIN1@DF_QNA_EXPENDITURE_CAPITA(1.1),Quarterly GDP per capita,I,A,Annual,Y,Calendar and seasonally adjusted,SVN,Slovenia,S1,Total economy,S1,Total economy,B1GQ_POP,"Gross domestic product, per capita",_Z,Not applicable,_Z,Not applicable,_Z,Not applicable,USD_PPP_PS,"US dollars per person, PPP converted",V,Current prices,LA,Annual levels,T0102,Table 0102 - GDP identity from the expenditure side,2014,,30574.6,,,,,,F,Free (free for publication),1,One,A,Normal value,0,Units,USD,US dollar
DATAFLOW,OECD.SDD.NAD:DSD_NAMAIN1@DF_QNA_EXPENDITURE_CAPITA(1.1),Quarterly GDP per capita,I,A,Annual,Y,Calendar and seasonally adjusted,SVN,Slovenia,S1,Total economy,S1,Total economy,B1GQ_POP,"Gross domestic product, per capita",_Z,Not applicable,_Z,Not applicable,_Z,Not applicable,USD_PPP_PS,"US dollars per person, PPP converted",V,Current prices,LA,Annual levels,T0102,Table 0102 - GDP identity from the expenditure side,2013,,29639.9,,,,,,F,Free (free for publication),1,One,A,Normal value,0,Units,USD,US dollar
DATAFLOW,OECD.SDD.NAD:DSD_NAMAIN1@DF_QNA_EXPENDITURE_CAPITA(1.1),Quarterly GDP per capita,I,A,Annual,Y,Calendar and seasonally adjusted,SVN,Slovenia,S1,Total economy,S1,Total economy,B1GQ_POP,"Gross domestic product, per capita",_Z,Not applicable,_Z,Not applicable,_Z,Not applicable,USD_PPP_PS,"US dollars per person, PPP converted",V,Current prices,LA,Annual levels,T0102,Table 0102 - GDP identity from the expenditure side,2012,,28792.2,,,,,,F,Free (free for publication),1,One,A,Normal value,0,Units,USD,US dollar
DATAFLOW,OECD.SDD.NAD:DSD_NAMAIN1@DF_QNA_EXPENDITURE_CAPITA(1.1),Quarterly GDP per capita,I,A,Annual,Y,Calendar and seasonally adjusted,SVN,Slovenia,S1,Total economy,S1,Total economy,B1GQ_POP,"Gross domestic product, per capita",_Z,Not applicable,_Z,Not applicable,_Z,Not applicable,USD_PPP_PS,"US dollars per person, PPP converted",V,Current prices,LA,Annual levels,T0102,Table 0102 - GDP identity from the expenditure side,2001,,18764.5,,,,,,F,Free (free for publication),1,One,A,Normal value,0,Units,USD,US dollar
DATAFLOW,OECD.SDD.NAD:DSD_NAMAIN1@DF_QNA_EXPENDITURE_CAPITA(1.1),Quarterly GDP per capita,I,A,Annual,Y,Calendar and seasonally adjusted,SVN,Slovenia,S1,Total economy,S1,Total economy,B1GQ_POP,"Gross domestic product, per capita",_Z,Not applicable,_Z,Not applicable,_Z,Not applicable,USD_PPP_PS,"US dollars per person, PPP converted",V,Current prices,LA,Annual levels,T0102,Table 0102 - GDP identity from the expenditure side,2000,,17887.4,,,,,,F,Free (free for publication),1,One,A,Normal value,0,Units,USD,US dollar
DATAFLOW,OECD.SDD.NAD:DSD_NAMAIN1@DF_QNA_EXPENDITURE_CAPITA(1.1),Quarterly GDP per capita,I,A,Annual,Y,Calendar and seasonally adjusted,SVN,Slovenia,S1,Total economy,S1,Total economy,B1GQ_POP,"Gross domestic product, per capita",_Z,Not applicable,_Z,Not applicable,_Z,Not applicable,USD_PPP_PS,"US dollars per person, PPP converted",V,Current prices,LA,Annual levels,T0102,Table 0102 - GDP identity from the expenditure side,2005,,23678.4,,,,,,F,Free (free for publication),1,One,A,Normal value,0,Units,USD,US dollar
DATAFLOW,OECD.SDD.NAD:DSD_NAMAIN1@DF_QNA_EXPENDITURE_CAPITA(1.1),Quarterly GDP per capita,I,A,Annual,Y,Calendar and seasonally adjusted,NOR,Norway,S1,Total economy,S1,Total economy,B1GQ_POP,"Gross domestic product, per capita",_Z,Not applicable,_Z,Not applicable,_Z,Not applicable,USD_PPP_PS,"US dollars per person, PPP converted",V,Current prices,LA,Annual levels,T0102,Table 0102 - GDP identity from the expenditure side,2006,,54804.6,,,,,,F,Free (free for publication),1,One,A,Normal value,0,Units,USD,US dollar
DATAFLOW,OECD.SDD.NAD:DSD_NAMAIN1@DF_QNA_EXPENDITURE_CAPITA(1.1),Quarterly GDP per capita,I,A,Annual,Y,Calendar and seasonally adjusted,NOR,Norway,S1,Total economy,S1,Total economy,B1GQ_POP,"Gross domestic product, per capita",_Z,Not applicable,_Z,Not applicable,_Z,Not applicable,USD_PPP_PS,"US dollars per person, PPP converted",V,Current prices,LA,Annual levels,T0102,Table 0102 - GDP identity from the expenditure side,2004,,42741.5,,,,,,F,Free (free for publication),1,One,A,Normal value,0,Units,USD,US dollar
DATAFLOW,OECD.SDD.NAD:DSD_NAMAIN1@DF_QNA_EXPENDITURE_CAPITA(1.1),Quarterly GDP per capita,I,A,Annual,Y,Calendar and seasonally adjusted,NOR,Norway,S1,Total economy,S1,Total economy,B1GQ_POP,"Gross domestic product, per capita",_Z,Not applicable,_Z,Not applicable,_Z,Not applicable,USD_PPP_PS,"US dollars per person, PPP converted",V,Current prices,LA,Annual levels,T0102,Table 0102 - GDP identity from the expenditure side,2019,,73649.3,,,,,,F,Free (free for publication),1,One,A,Normal value,0,Units,USD,US dollar
DATAFLOW,OECD.SDD.NAD:DSD_NAMAIN1@DF_QNA_EXPENDITURE_CAPITA(1.1),Quarterly GDP per capita,I,A,Annual,Y,Calendar and seasonally adjusted,NOR,Norway,S1,Total economy,S1,Total economy,B1GQ_POP,"Gross domestic product, per capita",_Z,Not applicable,_Z,Not applicable,_Z,Not applicable,USD_PPP_PS,"US dollars per person, PPP converted",LR,Chain linked volume (rebased),LA,Annual levels,T0102,Table 0102 - GDP identity from the expenditure side,2005,,65826.3,,2020,,,,F,Free (free for publication),1,One,A,Normal value,0,Units,USD,US dollar
DATAFLOW,OECD.SDD.NAD:DSD_NAMAIN1@DF_QNA_EXPENDITURE_CAPITA(1.1),Quarterly GDP per capita,I,A,Annual,Y,Calendar and seasonally adjusted,NOR,Norway,S1,Total economy,S1,Total economy,B1GQ_POP,"Gross domestic product, per capita",_Z,Not applicable,_Z,Not applicable,_Z,Not applicable,USD_PPP_PS,"US dollars per person, PPP converted",LR,Chain linked volume (rebased),LA,Annual levels,T0102,Table 0102 - GDP identity from the expenditure side,2004,,64369.9,,2020,,,,F,Free (free for publication),1,One,A,Normal value,0,Units,USD,US dollar
DATAFLOW,OECD.SDD.NAD:DSD_NAMAIN1@DF_QNA_EXPENDITURE_CAPITA(1.1),Quarterly GDP per capita,I,A,Annual,Y,Calendar and seasonally adjusted,NOR,Norway,S1,Total economy,S1,Total economy,B1GQ_POP,"Gross domestic product, per capita",_Z,Not applicable,_Z,Not applicable,_Z,Not applicable,USD_PPP_PS,"US dollars per person, PPP converted",LR,Chain linked volume (rebased),LA,Annual levels,T0102,Table 0102 - GDP identity from the expenditure side,2003,,62042.9,,2020,,,,F,Free (free for publication),1,One,A,Normal value,0,Units,USD,US dollar
DATAFLOW,OECD.SDD.NAD:DSD_NAMAIN1@DF_QNA_EXPENDITURE_CAPITA(1.1),Quarterly GDP per capita,I,A,Annual,Y,Calendar and seasonally adjusted,NOR,Norway,S1,Total economy,S1,Total economy,B1GQ_POP,"Gross domestic product, per capita",_Z,Not applicable,_Z,Not applicable,_Z,Not applicable,USD_PPP_PS,"US dollars per person, PPP converted",LR,Chain linked volume (rebased),LA,Annual levels,T0102,Table 0102 - GDP identity from the expenditure side,2002,,61731.8,,2020,,,,F,Free (free for publication),1,One,A,Normal value,0,Units,USD,US dollar
DATAFLOW,OECD.SDD.NAD:DSD_NAMAIN1@DF_QNA_EXPENDITURE_CAPITA(1.1),Quarterly GDP per capita,I,A,Annual,Y,Calendar and seasonally adjusted,NOR,Norway,S1,Total economy,S1,Total economy,B1GQ_POP,"Gross domestic product, per capita",_Z,Not applicable,_Z,Not applicable,_Z,Not applicable,USD_PPP_PS,"US dollars per person, PPP converted",LR,Chain linked volume (rebased),LA,Annual levels,T0102,Table 0102 - GDP identity from the expenditure side,2001,,61182,,2020,,,,F,Free (free for publication),1,One,A,Normal value,0,Units,USD,US dollar
DATAFLOW,OECD.SDD.NAD:DSD_NAMAIN1@DF_QNA_EXPENDITURE_CAPITA(1.1),Quarterly GDP per capita,I,A,Annual,Y,Calendar and seasonally adjusted,NOR,Norway,S1,Total economy,S1,Total economy,B1GQ_POP,"Gross domestic product, per capita",_Z,Not applicable,_Z,Not applicable,_Z,Not applicable,USD_PPP_PS,"US dollars per person, PPP converted",LR,Chain linked volume (rebased),LA,Annual levels,T0102,Table 0102 - GDP identity from the expenditure side,2000,,60166.4,,2020,,,,F,Free (free for publication),1,One,A,Normal value,0,Units,USD,US dollar
DATAFLOW,OECD.SDD.NAD:DSD_NAMAIN1@DF_QNA_EXPENDITURE_CAPITA(1.1),Quarterly GDP per capita,I,A,Annual,Y,Calendar and seasonally adjusted,NOR,Norway,S1,Total economy,S1,Total economy,B1GQ_POP,"Gross domestic product, per capita",_Z,Not applicable,_Z,Not applicable,_Z,Not applicable,USD_PPP_PS,"US dollars per person, PPP converted",LR,Chain linked volume (rebased),LA,Annual levels,T0102,Table 0102 - GDP identity from the expenditure side,2018,,70592.7,,2020,,,,F,Free (free for publication),1,One,A,Normal value,0,Units,USD,US dollar
DATAFLOW,OECD.SDD.NAD:DSD_NAMAIN1@DF_QNA_EXPENDITURE_CAPITA(1.1),Quarterly GDP per capita,I,A,Annual,Y,Calendar and seasonally adjusted,NOR,Norway,S1,Total economy,S1,Total economy,B1GQ_POP,"Gross domestic product, per capita",_Z,Not applicable,_Z,Not applicable,_Z,Not applicable,USD_PPP_PS,"US dollars per person, PPP converted",LR,Chain linked volume (rebased),LA,Annual levels,T0102,Table 0102 - GDP identity from the expenditure side,2006,,67144.9,,2020,,,,F,Free (free for publication),1,One,A,Normal value,0,Units,USD,US dollar
DATAFLOW,OECD.SDD.NAD:DSD_NAMAIN1@DF_QNA_EXPENDITURE_CAPITA(1.1),Quarterly GDP per capita,I,A,Annual,Y,Calendar and seasonally adjusted,NOR,Norway,S1,Total economy,S1,Total economy,B1GQ_POP,"Gross domestic product, per capita",_Z,Not applicable,_Z,Not applicable,_Z,Not applicable,USD_PPP_PS,"US dollars per person, PPP converted",LR,Chain linked volume (rebased),LA,Annual levels,T0102,Table 0102 - GDP identity from the expenditure side,2024,,74313.1,,2020,,,,F,Free (free for publication),1,One,A,Normal value,0,Units,USD,US dollar
DATAFLOW,OECD.SDD.NAD:DSD_NAMAIN1@DF_QNA_EXPENDITURE_CAPITA(1.1),Quarterly GDP per capita,I,A,Annual,Y,Calendar and seasonally adjusted,NOR,Norway,S1,Total economy,S1,Total economy,B1GQ_POP,"Gross domestic product, per capita",_Z,Not applicable,_Z,Not applicable,_Z,Not applicable,USD_PPP_PS,"US dollars per person, PPP converted",LR,Chain linked volume (rebased),LA,Annual levels,T0102,Table 0102 - GDP identity from the expenditure side,2023,,73996.9,,2020,,,,F,Free (free for publication),1,One,A,Normal value,0,Units,USD,US dollar
DATAFLOW,OECD.SDD.NAD:DSD_NAMAIN1@DF_QNA_EXPENDITURE_CAPITA(1.1),Quarterly GDP per capita,I,A,Annual,Y,Calendar and seasonally adjusted,NOR,Norway,S1,Total economy,S1,Total economy,B1GQ_POP,"Gross domestic product, per capita",_Z,Not applicable,_Z,Not applicable,_Z,Not applicable,USD_PPP_PS,"US dollars per person, PPP converted",LR,Chain linked volume (rebased),LA,Annual levels,T0102,Table 0102 - GDP identity from the expenditure side,2022,,74578.2,,2020,,,,F,Free (free for publication),1,One,A,Normal value,0,Units,USD,US dollar
DATAFLOW,OECD.SDD.NAD:DSD_NAMAIN1@DF_QNA_EXPENDITURE_CAPITA(1.1),Quarterly GDP per capita,I,A,Annual,Y,Calendar and seasonally adjusted,NOR,Norway,S1,Total economy,S1,Total economy,B1GQ_POP,"Gross domestic product, per capita",_Z,Not applicable,_Z,Not applicable,_Z,Not applicable,USD_PPP_PS,"US dollars per person, PPP converted",LR,Chain linked volume (rebased),LA,Annual levels,T0102,Table 0102 - GDP identity from the expenditure side,2013,,67398.9,,2020,,,,F,Free (free for publication),1,One,A,Normal value,0,Units,USD,US dollar
DATAFLOW,OECD.SDD.NAD:DSD_NAMAIN1@DF_QNA_EXPENDITURE_CAPITA(1.1),Quarterly GDP per capita,I,A,Annual,Y,Calendar and seasonally adjusted,NOR,Norway,S1,Total economy,S1,Total economy,B1GQ_POP,"Gross domestic product, per capita",_Z,Not applicable,_Z,Not applicable,_Z,Not applicable,USD_PPP_PS,"US dollars per person, PPP converted",LR,Chain linked volume (rebased),LA,Annual levels,T0102,Table 0102 - GDP identity from the expenditure side,2009,,66507.4,,2020,,,,F,Free (free for publication),1,One,A,Normal value,0,Units,USD,US dollar
DATAFLOW,OECD.SDD.NAD:DSD_NAMAIN1@DF_QNA_EXPENDITURE_CAPITA(1.1),Quarterly GDP per capita,I,A,Annual,Y,Calendar and seasonally adjusted,NOR,Norway,S1,Total economy,S1,Total economy,B1GQ_POP,"Gross domestic product, per capita",_Z,Not applicable,_Z,Not applicable,_Z,Not applicable,USD_PPP_PS,"US dollars per person, PPP converted",V,Current prices,LA,Annual levels,T0102,Table 0102 - GDP identity from the expenditure side,2020,,69798.4,,,,,,F,Free (free for publication),1,One,A,Normal value,0,Units,USD,US dollar
DATAFLOW,OECD.SDD.NAD:DSD_NAMAIN1@DF_QNA_EXPENDITURE_CAPITA(1.1),Quarterly GDP per capita,I,A,Annual,Y,Calendar and seasonally adjusted,NOR,Norway,S1,Total economy,S1,Total economy,B1GQ_POP,"Gross domestic product, per capita",_Z,Not applicable,_Z,Not applicable,_Z,Not applicable,USD_PPP_PS,"US dollars per person, PPP converted",V,Current prices,LA,Annual levels,T0102,Table 0102 - GDP identity from the expenditure side,2008,,63012.8,,,,,,F,Free (free for publication),1,One,A,Normal value,0,Units,USD,US dollar
DATAFLOW,OECD.SDD.NAD:DSD_NAMAIN1@DF_QNA_EXPENDITURE_CAPITA(1.1),Quarterly GDP per capita,I,A,Annual,Y,Calendar and seasonally adjusted,NOR,Norway,S1,Total economy,S1,Total economy,B1GQ_POP,"Gross domestic product, per capita",_Z,Not applicable,_Z,Not applicable,_Z,Not applicable,USD_PPP_PS,"US dollars per person, PPP converted",V,Current prices,LA,Annual levels,T0102,Table 0102 - GDP identity from the expenditure side,2007,,56932.8,,,,,,F,Free (free for publication),1,One,A,Normal value,0,Units,USD,US dollar
DATAFLOW,OECD.SDD.NAD:DSD_NAMAIN1@DF_QNA_EXPENDITURE_CAPITA(1.1),Quarterly GDP per capita,I,A,Annual,Y,Calendar and seasonally adjusted,NOR,Norway,S1,Total economy,S1,Total economy,B1GQ_POP,"Gross domestic product, per capita",_Z,Not applicable,_Z,Not applicable,_Z,Not applicable,USD_PPP_PS,"US dollars per person, PPP converted",V,Current prices,LA,Annual levels,T0102,Table 0102 - GDP identity from the expenditure side,2012,,67343.8,,,,,,F,Free (free for publication),1,One,A,Normal value,0,Units,USD,US dollar
DATAFLOW,OECD.SDD.NAD:DSD_NAMAIN1@DF_QNA_EXPENDITURE_CAPITA(1.1),Quarterly GDP per capita,I,A,Annual,Y,Calendar and seasonally adjusted,NOR,Norway,S1,Total economy,S1,Total economy,B1GQ_POP,"Gross domestic product, per capita",_Z,Not applicable,_Z,Not applicable,_Z,Not applicable,USD_PPP_PS,"US dollars per person, PPP converted",V,Current prices,LA,Annual levels,T0102,Table 0102 - GDP identity from the expenditure side,2011,,63882.1,,,,,,F,Free (free for publication),1,One,A,Normal value,0,Units,USD,US dollar
DATAFLOW,OECD.SDD.NAD:DSD_NAMAIN1@DF_QNA_EXPENDITURE_CAPITA(1.1),Quarterly GDP per capita,I,A,Annual,Y,Calendar and seasonally adjusted,NOR,Norway,S1,Total economy,S1,Total economy,B1GQ_POP,"Gross domestic product, per capita",_Z,Not applicable,_Z,Not applicable,_Z,Not applicable,USD_PPP_PS,"US dollars per person, PPP converted",V,Current prices,LA,Annual levels,T0102,Table 0102 - GDP identity from the expenditure side,2010,,59433.4,,,,,,F,Free (free for publication),1,One,A,Normal value,0,Units,USD,US dollar
DATAFLOW,OECD.SDD.NAD:DSD_NAMAIN1@DF_QNA_EXPENDITURE_CAPITA(1.1),Quarterly GDP per capita,I,A,Annual,Y,Calendar and seasonally adjusted,NOR,Norway,S1,Total economy,S1,Total economy,B1GQ_POP,"Gross domestic product, per capita",_Z,Not applicable,_Z,Not applicable,_Z,Not applicable,USD_PPP_PS,"US dollars per person, PPP converted",V,Current prices,LA,Annual levels,T0102,Table 0102 - GDP identity from the expenditure side,2009,,56767.7,,,,,,F,Free (free for publication),1,One,A,Normal value,0,Units,USD,US dollar
DATAFLOW,OECD.SDD.NAD:DSD_NAMAIN1@DF_QNA_EXPENDITURE_CAPITA(1.1),Quarterly GDP per capita,I,A,Annual,Y,Calendar and seasonally adjusted,NOR,Norway,S1,Total economy,S1,Total economy,B1GQ_POP,"Gross domestic product, per capita",_Z,Not applicable,_Z,Not applicable,_Z,Not applicable,USD_PPP_PS,"US dollars per person, PPP converted",LR,Chain linked volume (rebased),LA,Annual levels,T0102,Table 0102 - GDP identity from the expenditure side,2015,,68719.5,,2020,,,,F,Free (free for publication),1,One,A,Normal value,0,Units,USD,US dollar
DATAFLOW,OECD.SDD.NAD:DSD_NAMAIN1@DF_QNA_EXPENDITURE_CAPITA(1.1),Quarterly GDP per capita,I,A,Annual,Y,Calendar and seasonally adjusted,SVN,Slovenia,S1,Total economy,S1,Total economy,B1GQ_POP,"Gross domestic product, per capita",_Z,Not applicable,_Z,Not applicable,_Z,Not applicable,USD_PPP_PS,"US dollars per person, PPP converted",LR,Chain linked volume (rebased),LA,Annual levels,T0102,Table 0102 - GDP identity from the expenditure side,2024,,47880.3,,2020,,,,F,Free (free for publication),1,One,A,Normal value,0,Units,USD,US dollar
DATAFLOW,OECD.SDD.NAD:DSD_NAMAIN1@DF_QNA_EXPENDITURE_CAPITA(1.1),Quarterly GDP per capita,I,A,Annual,Y,Calendar and seasonally adjusted,SVN,Slovenia,S1,Total economy,S1,Total economy,B1GQ_POP,"Gross domestic product, per capita",_Z,Not applicable,_Z,Not applicable,_Z,Not applicable,USD_PPP_PS,"US dollars per person, PPP converted",LR,Chain linked volume (rebased),LA,Annual levels,T0102,Table 0102 - GDP identity from the expenditure side,2023,,47188.8,,2020,,,,F,Free (free for publication),1,One,A,Normal value,0,Units,USD,US dollar
DATAFLOW,OECD.SDD.NAD:DSD_NAMAIN1@DF_QNA_EXPENDITURE_CAPITA(1.1),Quarterly GDP per capita,I,A,Annual,Y,Calendar and seasonally adjusted,SVN,Slovenia,S1,Total economy,S1,Total economy,B1GQ_POP,"Gross domestic product, per capita",_Z,Not applicable,_Z,Not applicable,_Z,Not applicable,USD_PPP_PS,"US dollars per person, PPP converted",V,Current prices,LA,Annual levels,T0102,Table 0102 - GDP identity from the expenditure side,2017,,36190,,,,,,F,Free (free for publication),1,One,A,Normal value,0,Units,USD,US dollar
DATAFLOW,OECD.SDD.NAD:DSD_NAMAIN1@DF_QNA_EXPENDITURE_CAPITA(1.1),Quarterly GDP per capita,I,A,Annual,Y,Calendar and seasonally adjusted,SVK,Slovak Republic,S1,Total economy,S1,Total economy,B1GQ_POP,"Gross domestic product, per capita",_Z,Not applicable,_Z,Not applicable,_Z,Not applicable,USD_PPP_PS,"US dollars per person, PPP converted",V,Current prices,LA,Annual levels,T0102,Table 0102 - GDP identity from the expenditure side,2024,,47524.1,,,,,,F,Free (free for publication),1,One,A,Normal value,0,Units,USD,US dollar
DATAFLOW,OECD.SDD.NAD:DSD_NAMAIN1@DF_QNA_EXPENDITURE_CAPITA(1.1),Quarterly GDP per capita,I,A,Annual,Y,Calendar and seasonally adjusted,SVK,Slovak Republic,S1,Total economy,S1,Total economy,B1GQ_POP,"Gross domestic product, per capita",_Z,Not applicable,_Z,Not applicable,_Z,Not applicable,USD_PPP_PS,"US dollars per person, PPP converted",V,Current prices,LA,Annual levels,T0102,Table 0102 - GDP identity from the expenditure side,2023,,45606.2,,,,,,F,Free (free for publication),1,One,A,Normal value,0,Units,USD,US dollar
DATAFLOW,OECD.SDD.NAD:DSD_NAMAIN1@DF_QNA_EXPENDITURE_CAPITA(1.1),Quarterly GDP per capita,I,A,Annual,Y,Calendar and seasonally adjusted,SVK,Slovak Republic,S1,Total economy,S1,Total economy,B1GQ_POP,"Gross domestic product, per capita",_Z,Not applicable,_Z,Not applicable,_Z,Not applicable,USD_PPP_PS,"US dollars per person, PPP converted",V,Current prices,LA,Annual levels,T0102,Table 0102 - GDP identity from the expenditure side,2022,,41335.9,,,,,,F,Free (free for publication),1,One,A,Normal value,0,Units,USD,US dollar
DATAFLOW,OECD.SDD.NAD:DSD_NAMAIN1@DF_QNA_EXPENDITURE_CAPITA(1.1),Quarterly GDP per capita,I,A,Annual,Y,Calendar and seasonally adjusted,SVK,Slovak Republic,S1,Total economy,S1,Total economy,B1GQ_POP,"Gross domestic product, per capita",_Z,Not applicable,_Z,Not applicable,_Z,Not applicable,USD_PPP_PS,"US dollars per person, PPP converted",V,Current prices,LA,Annual levels,T0102,Table 0102 - GDP identity from the expenditure side,2020,,35317.1,,,,,,F,Free (free for publication),1,One,A,Normal value,0,Units,USD,US dollar
DATAFLOW,OECD.SDD.NAD:DSD_NAMAIN1@DF_QNA_EXPENDITURE_CAPITA(1.1),Quarterly GDP per capita,I,A,Annual,Y,Calendar and seasonally adjusted,SVK,Slovak Republic,S1,Total economy,S1,Total economy,B1GQ_POP,"Gross domestic product, per capita",_Z,Not applicable,_Z,Not applicable,_Z,Not applicable,USD_PPP_PS,"US dollars per person, PPP converted",V,Current prices,LA,Annual levels,T0102,Table 0102 - GDP identity from the expenditure side,2019,,33991.3,,,,,,F,Free (free for publication),1,One,A,Normal value,0,Units,USD,US dollar
DATAFLOW,OECD.SDD.NAD:DSD_NAMAIN1@DF_QNA_EXPENDITURE_CAPITA(1.1),Quarterly GDP per capita,I,A,Annual,Y,Calendar and seasonally adjusted,SVK,Slovak Republic,S1,Total economy,S1,Total economy,B1GQ_POP,"Gross domestic product, per capita",_Z,Not applicable,_Z,Not applicable,_Z,Not applicable,USD_PPP_PS,"US dollars per person, PPP converted",V,Current prices,LA,Annual levels,T0102,Table 0102 - GDP identity from the expenditure side,2018,,31514.2,,,,,,F,Free (free for publication),1,One,A,Normal value,0,Units,USD,US dollar
DATAFLOW,OECD.SDD.NAD:DSD_NAMAIN1@DF_QNA_EXPENDITURE_CAPITA(1.1),Quarterly GDP per capita,I,A,Annual,Y,Calendar and seasonally adjusted,SVK,Slovak Republic,S1,Total economy,S1,Total economy,B1GQ_POP,"Gross domestic product, per capita",_Z,Not applicable,_Z,Not applicable,_Z,Not applicable,USD_PPP_PS,"US dollars per person, PPP converted",V,Current prices,LA,Annual levels,T0102,Table 0102 - GDP identity from the expenditure side,2017,,30250.4,,,,,,F,Free (free for publication),1,One,A,Normal value,0,Units,USD,US dollar
DATAFLOW,OECD.SDD.NAD:DSD_NAMAIN1@DF_QNA_EXPENDITURE_CAPITA(1.1),Quarterly GDP per capita,I,A,Annual,Y,Calendar and seasonally adjusted,SVK,Slovak Republic,S1,Total economy,S1,Total economy,B1GQ_POP,"Gross domestic product, per capita",_Z,Not applicable,_Z,Not applicable,_Z,Not applicable,USD_PPP_PS,"US dollars per person, PPP converted",V,Current prices,LA,Annual levels,T0102,Table 0102 - GDP identity from the expenditure side,2016,,29867.9,,,,,,F,Free (free for publication),1,One,A,Normal value,0,Units,USD,US dollar
DATAFLOW,OECD.SDD.NAD:DSD_NAMAIN1@DF_QNA_EXPENDITURE_CAPITA(1.1),Quarterly GDP per capita,I,A,Annual,Y,Calendar and seasonally adjusted,SVK,Slovak Republic,S1,Total economy,S1,Total economy,B1GQ_POP,"Gross domestic product, per capita",_Z,Not applicable,_Z,Not applicable,_Z,Not applicable,USD_PPP_PS,"US dollars per person, PPP converted",V,Current prices,LA,Annual levels,T0102,Table 0102 - GDP identity from the expenditure side,2015,,30156.1,,,,,,F,Free (free for publication),1,One,A,Normal value,0,Units,USD,US dollar
DATAFLOW,OECD.SDD.NAD:DSD_NAMAIN1@DF_QNA_EXPENDITURE_CAPITA(1.1),Quarterly GDP per capita,I,A,Annual,Y,Calendar and seasonally adjusted,SVK,Slovak Republic,S1,Total economy,S1,Total economy,B1GQ_POP,"Gross domestic product, per capita",_Z,Not applicable,_Z,Not applicable,_Z,Not applicable,USD_PPP_PS,"US dollars per person, PPP converted",V,Current prices,LA,Annual levels,T0102,Table 0102 - GDP identity from the expenditure side,2014,,29108.6,,,,,,F,Free (free for publication),1,One,A,Normal value,0,Units,USD,US dollar
DATAFLOW,OECD.SDD.NAD:DSD_NAMAIN1@DF_QNA_EXPENDITURE_CAPITA(1.1),Quarterly GDP per capita,I,A,Annual,Y,Calendar and seasonally adjusted,SVK,Slovak Republic,S1,Total economy,S1,Total economy,B1GQ_POP,"Gross domestic product, per capita",_Z,Not applicable,_Z,Not applicable,_Z,Not applicable,USD_PPP_PS,"US dollars per person, PPP converted",V,Current prices,LA,Annual levels,T0102,Table 0102 - GDP identity from the expenditure side,2013,,28077.5,,,,,,F,Free (free for publication),1,One,A,Normal value,0,Units,USD,US dollar
DATAFLOW,OECD.SDD.NAD:DSD_NAMAIN1@DF_QNA_EXPENDITURE_CAPITA(1.1),Quarterly GDP per capita,I,A,Annual,Y,Calendar and seasonally adjusted,CHE,Switzerland,S1,Total economy,S1,Total economy,B1GQ_POP,"Gross domestic product, per capita",_Z,Not applicable,_Z,Not applicable,_Z,Not applicable,USD_PPP_PS,"US dollars per person, PPP converted",V,Current prices,LA,Annual levels,T0102,Table 0102 - GDP identity from the expenditure side,2005,,41858.6,,,,,,F,Free (free for publication),1,One,A,Normal value,0,Units,USD,US dollar
DATAFLOW,OECD.SDD.NAD:DSD_NAMAIN1@DF_QNA_EXPENDITURE_CAPITA(1.1),Quarterly GDP per capita,I,A,Annual,Y,Calendar and seasonally adjusted,CHE,Switzerland,S1,Total economy,S1,Total economy,B1GQ_POP,"Gross domestic product, per capita",_Z,Not applicable,_Z,Not applicable,_Z,Not applicable,USD_PPP_PS,"US dollars per person, PPP converted",V,Current prices,LA,Annual levels,T0102,Table 0102 - GDP identity from the expenditure side,2004,,40384,,,,,,F,Free (free for publication),1,One,A,Normal value,0,Units,USD,US dollar
DATAFLOW,OECD.SDD.NAD:DSD_NAMAIN1@DF_QNA_EXPENDITURE_CAPITA(1.1),Quarterly GDP per capita,I,A,Annual,Y,Calendar and seasonally adjusted,CHE,Switzerland,S1,Total economy,S1,Total economy,B1GQ_POP,"Gross domestic product, per capita",_Z,Not applicable,_Z,Not applicable,_Z,Not applicable,USD_PPP_PS,"US dollars per person, PPP converted",V,Current prices,LA,Annual levels,T0102,Table 0102 - GDP identity from the expenditure side,2003,,38920.6,,,,,,F,Free (free for publication),1,One,A,Normal value,0,Units,USD,US dollar
DATAFLOW,OECD.SDD.NAD:DSD_NAMAIN1@DF_QNA_EXPENDITURE_CAPITA(1.1),Quarterly GDP per capita,I,A,Annual,Y,Calendar and seasonally adjusted,CHE,Switzerland,S1,Total economy,S1,Total economy,B1GQ_POP,"Gross domestic product, per capita",_Z,Not applicable,_Z,Not applicable,_Z,Not applicable,USD_PPP_PS,"US dollars per person, PPP converted",V,Current prices,LA,Annual levels,T0102,Table 0102 - GDP identity from the expenditure side,2002,,38985.5,,,,,,F,Free (free for publication),1,One,A,Normal value,0,Units,USD,US dollar
DATAFLOW,OECD.SDD.NAD:DSD_NAMAIN1@DF_QNA_EXPENDITURE_CAPITA(1.1),Quarterly GDP per capita,I,A,Annual,Y,Calendar and seasonally adjusted,USA,United States,S1,Total economy,S1,Total economy,B1GQ_POP,"Gross domestic product, per capita",_Z,Not applicable,_Z,Not applicable,_Z,Not applicable,USD_PPP_PS,"US dollars per person, PPP converted",V,Current prices,LA,Annual levels,T0102,Table 0102 - GDP identity from the expenditure side,2002,,37954.3,,,,,,F,Free (free for publication),1,One,A,Normal value,0,Units,USD,US dollar
DATAFLOW,OECD.SDD.NAD:DSD_NAMAIN1@DF_QNA_EXPENDITURE_CAPITA(1.1),Quarterly GDP per capita,I,A,Annual,Y,Calendar and seasonally adjusted,USA,United States,S1,Total economy,S1,Total economy,B1GQ_POP,"Gross domestic product, per capita",_Z,Not applicable,_Z,Not applicable,_Z,Not applicable,USD_PPP_PS,"US dollars per person, PPP converted",V,Current prices,LA,Annual levels,T0102,Table 0102 - GDP identity from the expenditure side,2001,,37100.2,,,,,,F,Free (free for publication),1,One,A,Normal value,0,Units,USD,US dollar
DATAFLOW,OECD.SDD.NAD:DSD_NAMAIN1@DF_QNA_EXPENDITURE_CAPITA(1.1),Quarterly GDP per capita,I,A,Annual,Y,Calendar and seasonally adjusted,USA,United States,S1,Total economy,S1,Total economy,B1GQ_POP,"Gross domestic product, per capita",_Z,Not applicable,_Z,Not applicable,_Z,Not applicable,USD_PPP_PS,"US dollars per person, PPP converted",V,Current prices,LA,Annual levels,T0102,Table 0102 - GDP identity from the expenditure side,2000,,36299.6,,,,,,F,Free (free for publication),1,One,A,Normal value,0,Units,USD,US dollar
DATAFLOW,OECD.SDD.NAD:DSD_NAMAIN1@DF_QNA_EXPENDITURE_CAPITA(1.1),Quarterly GDP per capita,I,A,Annual,Y,Calendar and seasonally adjusted,USA,United States,S1,Total economy,S1,Total economy,B1GQ_POP,"Gross domestic product, per capita",_Z,Not applicable,_Z,Not applicable,_Z,Not applicable,USD_PPP_PS,"US dollars per person, PPP converted",V,Current prices,LA,Annual levels,T0102,Table 0102 - GDP identity from the expenditure side,2024,,86146.4,,,,,,F,Free (free for publication),1,One,A,Normal value,0,Units,USD,US dollar
DATAFLOW,OECD.SDD.NAD:DSD_NAMAIN1@DF_QNA_EXPENDITURE_CAPITA(1.1),Quarterly GDP per capita,I,A,Annual,Y,Calendar and seasonally adjusted,USA,United States,S1,Total economy,S1,Total economy,B1GQ_POP,"Gross domestic product, per capita",_Z,Not applicable,_Z,Not applicable,_Z,Not applicable,USD_PPP_PS,"US dollars per person, PPP converted",V,Current prices,LA,Annual levels,T0102,Table 0102 - GDP identity from the expenditure side,2023,,82505.5,,,,,,F,Free (free for publication),1,One,A,Normal value,0,Units,USD,US dollar
DATAFLOW,OECD.SDD.NAD:DSD_NAMAIN1@DF_QNA_EXPENDITURE_CAPITA(1.1),Quarterly GDP per capita,I,A,Annual,Y,Calendar and seasonally adjusted,USA,United States,S1,Total economy,S1,Total economy,B1GQ_POP,"Gross domestic product, per capita",_Z,Not applicable,_Z,Not applicable,_Z,Not applicable,USD_PPP_PS,"US dollars per person, PPP converted",V,Current prices,LA,Annual levels,T0102,Table 0102 - GDP identity from the expenditure side,2022,,77926.2,,,,,,F,Free (free for publication),1,One,A,Normal value,0,Units,USD,US dollar
DATAFLOW,OECD.SDD.NAD:DSD_NAMAIN1@DF_QNA_EXPENDITURE_CAPITA(1.1),Quarterly GDP per capita,I,A,Annual,Y,Calendar and seasonally adjusted,USA,United States,S1,Total economy,S1,Total economy,B1GQ_POP,"Gross domestic product, per capita",_Z,Not applicable,_Z,Not applicable,_Z,Not applicable,USD_PPP_PS,"US dollars per person, PPP converted",V,Current prices,LA,Annual levels,T0102,Table 0102 - GDP identity from the expenditure side,2021,,71354.8,,,,,,F,Free (free for publication),1,One,A,Normal value,0,Units,USD,US dollar
DATAFLOW,OECD.SDD.NAD:DSD_NAMAIN1@DF_QNA_EXPENDITURE_CAPITA(1.1),Quarterly GDP per capita,I,A,Annual,Y,Calendar and seasonally adjusted,USA,United States,S1,Total economy,S1,Total economy,B1GQ_POP,"Gross domestic product, per capita",_Z,Not applicable,_Z,Not applicable,_Z,Not applicable,USD_PPP_PS,"US dollars per person, PPP converted",V,Current prices,LA,Annual levels,T0102,Table 0102 - GDP identity from the expenditure side,2020,,64414.4,,,,,,F,Free (free for publication),1,One,A,Normal value,0,Units,USD,US dollar
DATAFLOW,OECD.SDD.NAD:DSD_NAMAIN1@DF_QNA_EXPENDITURE_CAPITA(1.1),Quarterly GDP per capita,I,A,Annual,Y,Calendar and seasonally adjusted,USA,United States,S1,Total economy,S1,Total economy,B1GQ_POP,"Gross domestic product, per capita",_Z,Not applicable,_Z,Not applicable,_Z,Not applicable,USD_PPP_PS,"US dollars per person, PPP converted",LR,Chain linked volume (rebased),LA,Annual levels,T0102,Table 0102 - GDP identity from the expenditure side,2007,,58548.4,,2020,,,,F,Free (free for publication),1,One,A,Normal value,0,Units,USD,US dollar
DATAFLOW,OECD.SDD.NAD:DSD_NAMAIN1@DF_QNA_EXPENDITURE_CAPITA(1.1),Quarterly GDP per capita,I,A,Annual,Y,Calendar and seasonally adjusted,USA,United States,S1,Total economy,S1,Total economy,B1GQ_POP,"Gross domestic product, per capita",_Z,Not applicable,_Z,Not applicable,_Z,Not applicable,USD_PPP_PS,"US dollars per person, PPP converted",LR,Chain linked volume (rebased),LA,Annual levels,T0102,Table 0102 - GDP identity from the expenditure side,2006,,57951.2,,2020,,,,F,Free (free for publication),1,One,A,Normal value,0,Units,USD,US dollar
DATAFLOW,OECD.SDD.NAD:DSD_NAMAIN1@DF_QNA_EXPENDITURE_CAPITA(1.1),Quarterly GDP per capita,I,A,Annual,Y,Calendar and seasonally adjusted,USA,United States,S1,Total economy,S1,Total economy,B1GQ_POP,"Gross domestic product, per capita",_Z,Not applicable,_Z,Not applicable,_Z,Not applicable,USD_PPP_PS,"US dollars per person, PPP converted",LR,Chain linked volume (rebased),LA,Annual levels,T0102,Table 0102 - GDP identity from the expenditure side,2005,,56919.3,,2020,,,,F,Free (free for publication),1,One,A,Normal value,0,Units,USD,US dollar
DATAFLOW,OECD.SDD.NAD:DSD_NAMAIN1@DF_QNA_EXPENDITURE_CAPITA(1.1),Quarterly GDP per capita,I,A,Annual,Y,Calendar and seasonally adjusted,USA,United States,S1,Total economy,S1,Total economy,B1GQ_POP,"Gross domestic product, per capita",_Z,Not applicable,_Z,Not applicable,_Z,Not applicable,USD_PPP_PS,"US dollars per person, PPP converted",LR,Chain linked volume (rebased),LA,Annual levels,T0102,Table 0102 - GDP identity from the expenditure side,2004,,55515.3,,2020,,,,F,Free (free for publication),1,One,A,Normal value,0,Units,USD,US dollar
DATAFLOW,OECD.SDD.NAD:DSD_NAMAIN1@DF_QNA_EXPENDITURE_CAPITA(1.1),Quarterly GDP per capita,I,A,Annual,Y,Calendar and seasonally adjusted,USA,United States,S1,Total economy,S1,Total economy,B1GQ_POP,"Gross domestic product, per capita",_Z,Not applicable,_Z,Not applicable,_Z,Not applicable,USD_PPP_PS,"US dollars per person, PPP converted",LR,Chain linked volume (rebased),LA,Annual levels,T0102,Table 0102 - GDP identity from the expenditure side,2003,,53943.3,,2020,,,,F,Free (free for publication),1,One,A,Normal value,0,Units,USD,US dollar
DATAFLOW,OECD.SDD.NAD:DSD_NAMAIN1@DF_QNA_EXPENDITURE_CAPITA(1.1),Quarterly GDP per capita,I,A,Annual,Y,Calendar and seasonally adjusted,USA,United States,S1,Total economy,S1,Total economy,B1GQ_POP,"Gross domestic product, per capita",_Z,Not applicable,_Z,Not applicable,_Z,Not applicable,USD_PPP_PS,"US dollars per person, PPP converted",LR,Chain linked volume (rebased),LA,Annual levels,T0102,Table 0102 - GDP identity from the expenditure side,2002,,52963.1,,2020,,,,F,Free (free for publication),1,One,A,Normal value,0,Units,USD,US dollar
DATAFLOW,OECD.SDD.NAD:DSD_NAMAIN1@DF_QNA_EXPENDITURE_CAPITA(1.1),Quarterly GDP per capita,I,A,Annual,Y,Calendar and seasonally adjusted,USA,United States,S1,Total economy,S1,Total economy,B1GQ_POP,"Gross domestic product, per capita",_Z,Not applicable,_Z,Not applicable,_Z,Not applicable,USD_PPP_PS,"US dollars per person, PPP converted",LR,Chain linked volume (rebased),LA,Annual levels,T0102,Table 0102 - GDP identity from the expenditure side,2001,,52575.8,,2020,,,,F,Free (free for publication),1,One,A,Normal value,0,Units,USD,US dollar
DATAFLOW,OECD.SDD.NAD:DSD_NAMAIN1@DF_QNA_EXPENDITURE_CAPITA(1.1),Quarterly GDP per capita,I,A,Annual,Y,Calendar and seasonally adjusted,USA,United States,S1,Total economy,S1,Total economy,B1GQ_POP,"Gross domestic product, per capita",_Z,Not applicable,_Z,Not applicable,_Z,Not applicable,USD_PPP_PS,"US dollars per person, PPP converted",LR,Chain linked volume (rebased),LA,Annual levels,T0102,Table 0102 - GDP identity from the expenditure side,2000,,52599.6,,2020,,,,F,Free (free for publication),1,One,A,Normal value,0,Units,USD,US dollar
DATAFLOW,OECD.SDD.NAD:DSD_NAMAIN1@DF_QNA_EXPENDITURE_CAPITA(1.1),Quarterly GDP per capita,I,A,Annual,Y,Calendar and seasonally adjusted,USA,United States,S1,Total economy,S1,Total economy,B1GQ_POP,"Gross domestic product, per capita",_Z,Not applicable,_Z,Not applicable,_Z,Not applicable,USD_PPP_PS,"US dollars per person, PPP converted",LR,Chain linked volume (rebased),LA,Annual levels,T0102,Table 0102 - GDP identity from the expenditure side,2020,,64414.4,,2020,,,,F,Free (free for publication),1,One,A,Normal value,0,Units,USD,US dollar
DATAFLOW,OECD.SDD.NAD:DSD_NAMAIN1@DF_QNA_EXPENDITURE_CAPITA(1.1),Quarterly GDP per capita,I,A,Annual,Y,Calendar and seasonally adjusted,CHE,Switzerland,S1,Total economy,S1,Total economy,B1GQ_POP,"Gross domestic product, per capita",_Z,Not applicable,_Z,Not applicable,_Z,Not applicable,USD_PPP_PS,"US dollars per person, PPP converted",V,Current prices,LA,Annual levels,T0102,Table 0102 - GDP identity from the expenditure side,2024,,99821.2,,,,,,F,Free (free for publication),1,One,A,Normal value,0,Units,USD,US dollar
DATAFLOW,OECD.SDD.NAD:DSD_NAMAIN1@DF_QNA_EXPENDITURE_CAPITA(1.1),Quarterly GDP per capita,I,A,Annual,Y,Calendar and seasonally adjusted,CHE,Switzerland,S1,Total economy,S1,Total economy,B1GQ_POP,"Gross domestic product, per capita",_Z,Not applicable,_Z,Not applicable,_Z,Not applicable,USD_PPP_PS,"US dollars per person, PPP converted",V,Current prices,LA,Annual levels,T0102,Table 0102 - GDP identity from the expenditure side,2023,,98466.2,,,,,,F,Free (free for publication),1,One,A,Normal value,0,Units,USD,US dollar
DATAFLOW,OECD.SDD.NAD:DSD_NAMAIN1@DF_QNA_EXPENDITURE_CAPITA(1.1),Quarterly GDP per capita,I,A,Annual,Y,Calendar and seasonally adjusted,CHE,Switzerland,S1,Total economy,S1,Total economy,B1GQ_POP,"Gross domestic product, per capita",_Z,Not applicable,_Z,Not applicable,_Z,Not applicable,USD_PPP_PS,"US dollars per person, PPP converted",V,Current prices,LA,Annual levels,T0102,Table 0102 - GDP identity from the expenditure side,2022,,97778.6,,,,,,F,Free (free for publication),1,One,A,Normal value,0,Units,USD,US dollar
DATAFLOW,OECD.SDD.NAD:DSD_NAMAIN1@DF_QNA_EXPENDITURE_CAPITA(1.1),Quarterly GDP per capita,I,A,Annual,Y,Calendar and seasonally adjusted,CHE,Switzerland,S1,Total economy,S1,Total economy,B1GQ_POP,"Gross domestic product, per capita",_Z,Not applicable,_Z,Not applicable,_Z,Not applicable,USD_PPP_PS,"US dollars per person, PPP converted",LR,Chain linked volume (rebased),LA,Annual levels,T0102,Table 0102 - GDP identity from the expenditure side,2022,,80427.9,,2020,,,,F,Free (free for publication),1,One,A,Normal value,0,Units,USD,US dollar
DATAFLOW,OECD.SDD.NAD:DSD_NAMAIN1@DF_QNA_EXPENDITURE_CAPITA(1.1),Quarterly GDP per capita,I,A,Annual,Y,Calendar and seasonally adjusted,CHE,Switzerland,S1,Total economy,S1,Total economy,B1GQ_POP,"Gross domestic product, per capita",_Z,Not applicable,_Z,Not applicable,_Z,Not applicable,USD_PPP_PS,"US dollars per person, PPP converted",LR,Chain linked volume (rebased),LA,Annual levels,T0102,Table 0102 - GDP identity from the expenditure side,2021,,78343.5,,2020,,,,F,Free (free for publication),1,One,A,Normal value,0,Units,USD,US dollar
DATAFLOW,OECD.SDD.NAD:DSD_NAMAIN1@DF_QNA_EXPENDITURE_CAPITA(1.1),Quarterly GDP per capita,I,A,Annual,Y,Calendar and seasonally adjusted,CHE,Switzerland,S1,Total economy,S1,Total economy,B1GQ_POP,"Gross domestic product, per capita",_Z,Not applicable,_Z,Not applicable,_Z,Not applicable,USD_PPP_PS,"US dollars per person, PPP converted",LR,Chain linked volume (rebased),LA,Annual levels,T0102,Table 0102 - GDP identity from the expenditure side,2020,,74331.5,,2020,,,,F,Free (free for publication),1,One,A,Normal value,0,Units,USD,US dollar
DATAFLOW,OECD.SDD.NAD:DSD_NAMAIN1@DF_QNA_EXPENDITURE_CAPITA(1.1),Quarterly GDP per capita,I,A,Annual,Y,Calendar and seasonally adjusted,CHE,Switzerland,S1,Total economy,S1,Total economy,B1GQ_POP,"Gross domestic product, per capita",_Z,Not applicable,_Z,Not applicable,_Z,Not applicable,USD_PPP_PS,"US dollars per person, PPP converted",LR,Chain linked volume (rebased),LA,Annual levels,T0102,Table 0102 - GDP identity from the expenditure side,2019,,76620.7,,2020,,,,F,Free (free for publication),1,One,A,Normal value,0,Units,USD,US dollar
DATAFLOW,OECD.SDD.NAD:DSD_NAMAIN1@DF_QNA_EXPENDITURE_CAPITA(1.1),Quarterly GDP per capita,I,A,Annual,Y,Calendar and seasonally adjusted,CHE,Switzerland,S1,Total economy,S1,Total economy,B1GQ_POP,"Gross domestic product, per capita",_Z,Not applicable,_Z,Not applicable,_Z,Not applicable,USD_PPP_PS,"US dollars per person, PPP converted",LR,Chain linked volume (rebased),LA,Annual levels,T0102,Table 0102 - GDP identity from the expenditure side,2018,,76320.3,,2020,,,,F,Free (free for publication),1,One,A,Normal value,0,Units,USD,US dollar
DATAFLOW,OECD.SDD.NAD:DSD_NAMAIN1@DF_QNA_EXPENDITURE_CAPITA(1.1),Quarterly GDP per capita,I,A,Annual,Y,Calendar and seasonally adjusted,CHE,Switzerland,S1,Total economy,S1,Total economy,B1GQ_POP,"Gross domestic product, per capita",_Z,Not applicable,_Z,Not applicable,_Z,Not applicable,USD_PPP_PS,"US dollars per person, PPP converted",LR,Chain linked volume (rebased),LA,Annual levels,T0102,Table 0102 - GDP identity from the expenditure side,2017,,74394.6,,2020,,,,F,Free (free for publication),1,One,A,Normal value,0,Units,USD,US dollar
DATAFLOW,OECD.SDD.NAD:DSD_NAMAIN1@DF_QNA_EXPENDITURE_CAPITA(1.1),Quarterly GDP per capita,I,A,Annual,Y,Calendar and seasonally adjusted,CHE,Switzerland,S1,Total economy,S1,Total economy,B1GQ_POP,"Gross domestic product, per capita",_Z,Not applicable,_Z,Not applicable,_Z,Not applicable,USD_PPP_PS,"US dollars per person, PPP converted",LR,Chain linked volume (rebased),LA,Annual levels,T0102,Table 0102 - GDP identity from the expenditure side,2016,,74036.4,,2020,,,,F,Free (free for publication),1,One,A,Normal value,0,Units,USD,US dollar
DATAFLOW,OECD.SDD.NAD:DSD_NAMAIN1@DF_QNA_EXPENDITURE_CAPITA(1.1),Quarterly GDP per capita,I,A,Annual,Y,Calendar and seasonally adjusted,CHE,Switzerland,S1,Total economy,S1,Total economy,B1GQ_POP,"Gross domestic product, per capita",_Z,Not applicable,_Z,Not applicable,_Z,Not applicable,USD_PPP_PS,"US dollars per person, PPP converted",LR,Chain linked volume (rebased),LA,Annual levels,T0102,Table 0102 - GDP identity from the expenditure side,2011,,71837.3,,2020,,,,F,Free (free for publication),1,One,A,Normal value,0,Units,USD,US dollar
DATAFLOW,OECD.SDD.NAD:DSD_NAMAIN1@DF_QNA_EXPENDITURE_CAPITA(1.1),Quarterly GDP per capita,I,A,Annual,Y,Calendar and seasonally adjusted,CHE,Switzerland,S1,Total economy,S1,Total economy,B1GQ_POP,"Gross domestic product, per capita",_Z,Not applicable,_Z,Not applicable,_Z,Not applicable,USD_PPP_PS,"US dollars per person, PPP converted",LR,Chain linked volume (rebased),LA,Annual levels,T0102,Table 0102 - GDP identity from the expenditure side,2010,,71475.5,,2020,,,,F,Free (free for publication),1,One,A,Normal value,0,Units,USD,US dollar
DATAFLOW,OECD.SDD.NAD:DSD_NAMAIN1@DF_QNA_EXPENDITURE_CAPITA(1.1),Quarterly GDP per capita,I,A,Annual,Y,Calendar and seasonally adjusted,CHE,Switzerland,S1,Total economy,S1,Total economy,B1GQ_POP,"Gross domestic product, per capita",_Z,Not applicable,_Z,Not applicable,_Z,Not applicable,USD_PPP_PS,"US dollars per person, PPP converted",LR,Chain linked volume (rebased),LA,Annual levels,T0102,Table 0102 - GDP identity from the expenditure side,2015,,73432.4,,2020,,,,F,Free (free for publication),1,One,A,Normal value,0,Units,USD,US dollar
DATAFLOW,OECD.SDD.NAD:DSD_NAMAIN1@DF_QNA_EXPENDITURE_CAPITA(1.1),Quarterly GDP per capita,I,A,Annual,Y,Calendar and seasonally adjusted,CHE,Switzerland,S1,Total economy,S1,Total economy,B1GQ_POP,"Gross domestic product, per capita",_Z,Not applicable,_Z,Not applicable,_Z,Not applicable,USD_PPP_PS,"US dollars per person, PPP converted",LR,Chain linked volume (rebased),LA,Annual levels,T0102,Table 0102 - GDP identity from the expenditure side,2024,,80090.2,,2020,,,,F,Free (free for publication),1,One,A,Normal value,0,Units,USD,US dollar
DATAFLOW,OECD.SDD.NAD:DSD_NAMAIN1@DF_QNA_EXPENDITURE_CAPITA(1.1),Quarterly GDP per capita,I,A,Annual,Y,Calendar and seasonally adjusted,CHE,Switzerland,S1,Total economy,S1,Total economy,B1GQ_POP,"Gross domestic product, per capita",_Z,Not applicable,_Z,Not applicable,_Z,Not applicable,USD_PPP_PS,"US dollars per person, PPP converted",LR,Chain linked volume (rebased),LA,Annual levels,T0102,Table 0102 - GDP identity from the expenditure side,2023,,79882.5,,2020,,,,F,Free (free for publication),1,One,A,Normal value,0,Units,USD,US dollar
DATAFLOW,OECD.SDD.NAD:DSD_NAMAIN1@DF_QNA_EXPENDITURE_CAPITA(1.1),Quarterly GDP per capita,I,A,Annual,Y,Calendar and seasonally adjusted,CHE,Switzerland,S1,Total economy,S1,Total economy,B1GQ_POP,"Gross domestic product, per capita",_Z,Not applicable,_Z,Not applicable,_Z,Not applicable,USD_PPP_PS,"US dollars per person, PPP converted",V,Current prices,LA,Annual levels,T0102,Table 0102 - GDP identity from the expenditure side,2021,,83489.8,,,,,,F,Free (free for publication),1,One,A,Normal value,0,Units,USD,US dollar
DATAFLOW,OECD.SDD.NAD:DSD_NAMAIN1@DF_QNA_EXPENDITURE_CAPITA(1.1),Quarterly GDP per capita,I,A,Annual,Y,Calendar and seasonally adjusted,SWE,Sweden,S1,Total economy,S1,Total economy,B1GQ_POP,"Gross domestic product, per capita",_Z,Not applicable,_Z,Not applicable,_Z,Not applicable,USD_PPP_PS,"US dollars per person, PPP converted",V,Current prices,LA,Annual levels,T0102,Table 0102 - GDP identity from the expenditure side,2014,,46836.8,,,,,,F,Free (free for publication),1,One,A,Normal value,0,Units,USD,US dollar
DATAFLOW,OECD.SDD.NAD:DSD_NAMAIN1@DF_QNA_EXPENDITURE_CAPITA(1.1),Quarterly GDP per capita,I,A,Annual,Y,Calendar and seasonally adjusted,SWE,Sweden,S1,Total economy,S1,Total economy,B1GQ_POP,"Gross domestic product, per capita",_Z,Not applicable,_Z,Not applicable,_Z,Not applicable,USD_PPP_PS,"US dollars per person, PPP converted",V,Current prices,LA,Annual levels,T0102,Table 0102 - GDP identity from the expenditure side,2013,,46104.9,,,,,,F,Free (free for publication),1,One,A,Normal value,0,Units,USD,US dollar
DATAFLOW,OECD.SDD.NAD:DSD_NAMAIN1@DF_QNA_EXPENDITURE_CAPITA(1.1),Quarterly GDP per capita,I,A,Annual,Y,Calendar and seasonally adjusted,SWE,Sweden,S1,Total economy,S1,Total economy,B1GQ_POP,"Gross domestic product, per capita",_Z,Not applicable,_Z,Not applicable,_Z,Not applicable,USD_PPP_PS,"US dollars per person, PPP converted",V,Current prices,LA,Annual levels,T0102,Table 0102 - GDP identity from the expenditure side,2000,,29638.9,,,,,,F,Free (free for publication),1,One,A,Normal value,0,Units,USD,US dollar
DATAFLOW,OECD.SDD.NAD:DSD_NAMAIN1@DF_QNA_EXPENDITURE_CAPITA(1.1),Quarterly GDP per capita,I,A,Annual,Y,Calendar and seasonally adjusted,SWE,Sweden,S1,Total economy,S1,Total economy,B1GQ_POP,"Gross domestic product, per capita",_Z,Not applicable,_Z,Not applicable,_Z,Not applicable,USD_PPP_PS,"US dollars per person, PPP converted",V,Current prices,LA,Annual levels,T0102,Table 0102 - GDP identity from the expenditure side,2002,,30980.9,,,,,,F,Free (free for publication),1,One,A,Normal value,0,Units,USD,US dollar
DATAFLOW,OECD.SDD.NAD:DSD_NAMAIN1@DF_QNA_EXPENDITURE_CAPITA(1.1),Quarterly GDP per capita,I,A,Annual,Y,Calendar and seasonally adjusted,PRT,Portugal,S1,Total economy,S1,Total economy,B1GQ_POP,"Gross domestic product, per capita",_Z,Not applicable,_Z,Not applicable,_Z,Not applicable,USD_PPP_PS,"US dollars per person, PPP converted",V,Current prices,LA,Annual levels,T0102,Table 0102 - GDP identity from the expenditure side,2010,,27292.1,,,,,,F,Free (free for publication),1,One,A,Normal value,0,Units,USD,US dollar
DATAFLOW,OECD.SDD.NAD:DSD_NAMAIN1@DF_QNA_EXPENDITURE_CAPITA(1.1),Quarterly GDP per capita,I,A,Annual,Y,Calendar and seasonally adjusted,PRT,Portugal,S1,Total economy,S1,Total economy,B1GQ_POP,"Gross domestic product, per capita",_Z,Not applicable,_Z,Not applicable,_Z,Not applicable,USD_PPP_PS,"US dollars per person, PPP converted",V,Current prices,LA,Annual levels,T0102,Table 0102 - GDP identity from the expenditure side,2009,,26471.9,,,,,,F,Free (free for publication),1,One,A,Normal value,0,Units,USD,US dollar
DATAFLOW,OECD.SDD.NAD:DSD_NAMAIN1@DF_QNA_EXPENDITURE_CAPITA(1.1),Quarterly GDP per capita,I,A,Annual,Y,Calendar and seasonally adjusted,PRT,Portugal,S1,Total economy,S1,Total economy,B1GQ_POP,"Gross domestic product, per capita",_Z,Not applicable,_Z,Not applicable,_Z,Not applicable,USD_PPP_PS,"US dollars per person, PPP converted",V,Current prices,LA,Annual levels,T0102,Table 0102 - GDP identity from the expenditure side,2008,,26665.8,,,,,,F,Free (free for publication),1,One,A,Normal value,0,Units,USD,US dollar
DATAFLOW,OECD.SDD.NAD:DSD_NAMAIN1@DF_QNA_EXPENDITURE_CAPITA(1.1),Quarterly GDP per capita,I,A,Annual,Y,Calendar and seasonally adjusted,PRT,Portugal,S1,Total economy,S1,Total economy,B1GQ_POP,"Gross domestic product, per capita",_Z,Not applicable,_Z,Not applicable,_Z,Not applicable,USD_PPP_PS,"US dollars per person, PPP converted",V,Current prices,LA,Annual levels,T0102,Table 0102 - GDP identity from the expenditure side,2007,,25738,,,,,,F,Free (free for publication),1,One,A,Normal value,0,Units,USD,US dollar
DATAFLOW,OECD.SDD.NAD:DSD_NAMAIN1@DF_QNA_EXPENDITURE_CAPITA(1.1),Quarterly GDP per capita,I,A,Annual,Y,Calendar and seasonally adjusted,PRT,Portugal,S1,Total economy,S1,Total economy,B1GQ_POP,"Gross domestic product, per capita",_Z,Not applicable,_Z,Not applicable,_Z,Not applicable,USD_PPP_PS,"US dollars per person, PPP converted",V,Current prices,LA,Annual levels,T0102,Table 0102 - GDP identity from the expenditure side,2006,,24677.3,,,,,,F,Free (free for publication),1,One,A,Normal value,0,Units,USD,US dollar
DATAFLOW,OECD.SDD.NAD:DSD_NAMAIN1@DF_QNA_EXPENDITURE_CAPITA(1.1),Quarterly GDP per capita,I,A,Annual,Y,Calendar and seasonally adjusted,PRT,Portugal,S1,Total economy,S1,Total economy,B1GQ_POP,"Gross domestic product, per capita",_Z,Not applicable,_Z,Not applicable,_Z,Not applicable,USD_PPP_PS,"US dollars per person, PPP converted",LR,Chain linked volume (rebased),LA,Annual levels,T0102,Table 0102 - GDP identity from the expenditure side,2012,,33914.9,,2020,,,,F,Free (free for publication),1,One,A,Normal value,0,Units,USD,US dollar
DATAFLOW,OECD.SDD.NAD:DSD_NAMAIN1@DF_QNA_EXPENDITURE_CAPITA(1.1),Quarterly GDP per capita,I,A,Annual,Y,Calendar and seasonally adjusted,PRT,Portugal,S1,Total economy,S1,Total economy,B1GQ_POP,"Gross domestic product, per capita",_Z,Not applicable,_Z,Not applicable,_Z,Not applicable,USD_PPP_PS,"US dollars per person, PPP converted",LR,Chain linked volume (rebased),LA,Annual levels,T0102,Table 0102 - GDP identity from the expenditure side,2001,,34647.2,,2020,,,,F,Free (free for publication),1,One,A,Normal value,0,Units,USD,US dollar
DATAFLOW,OECD.SDD.NAD:DSD_NAMAIN1@DF_QNA_EXPENDITURE_CAPITA(1.1),Quarterly GDP per capita,I,A,Annual,Y,Calendar and seasonally adjusted,PRT,Portugal,S1,Total economy,S1,Total economy,B1GQ_POP,"Gross domestic product, per capita",_Z,Not applicable,_Z,Not applicable,_Z,Not applicable,USD_PPP_PS,"US dollars per person, PPP converted",LR,Chain linked volume (rebased),LA,Annual levels,T0102,Table 0102 - GDP identity from the expenditure side,2000,,34227.2,,2020,,,,F,Free (free for publication),1,One,A,Normal value,0,Units,USD,US dollar
DATAFLOW,OECD.SDD.NAD:DSD_NAMAIN1@DF_QNA_EXPENDITURE_CAPITA(1.1),Quarterly GDP per capita,I,A,Annual,Y,Calendar and seasonally adjusted,PRT,Portugal,S1,Total economy,S1,Total economy,B1GQ_POP,"Gross domestic product, per capita",_Z,Not applicable,_Z,Not applicable,_Z,Not applicable,USD_PPP_PS,"US dollars per person, PPP converted",LR,Chain linked volume (rebased),LA,Annual levels,T0102,Table 0102 - GDP identity from the expenditure side,2011,,35202.6,,2020,,,,F,Free (free for publication),1,One,A,Normal value,0,Units,USD,US dollar
DATAFLOW,OECD.SDD.NAD:DSD_NAMAIN1@DF_QNA_EXPENDITURE_CAPITA(1.1),Quarterly GDP per capita,I,A,Annual,Y,Calendar and seasonally adjusted,PRT,Portugal,S1,Total economy,S1,Total economy,B1GQ_POP,"Gross domestic product, per capita",_Z,Not applicable,_Z,Not applicable,_Z,Not applicable,USD_PPP_PS,"US dollars per person, PPP converted",LR,Chain linked volume (rebased),LA,Annual levels,T0102,Table 0102 - GDP identity from the expenditure side,2010,,35821.2,,2020,,,,F,Free (free for publication),1,One,A,Normal value,0,Units,USD,US dollar
DATAFLOW,OECD.SDD.NAD:DSD_NAMAIN1@DF_QNA_EXPENDITURE_CAPITA(1.1),Quarterly GDP per capita,I,A,Annual,Y,Calendar and seasonally adjusted,PRT,Portugal,S1,Total economy,S1,Total economy,B1GQ_POP,"Gross domestic product, per capita",_Z,Not applicable,_Z,Not applicable,_Z,Not applicable,USD_PPP_PS,"US dollars per person, PPP converted",LR,Chain linked volume (rebased),LA,Annual levels,T0102,Table 0102 - GDP identity from the expenditure side,2009,,35225.6,,2020,,,,F,Free (free for publication),1,One,A,Normal value,0,Units,USD,US dollar
DATAFLOW,OECD.SDD.NAD:DSD_NAMAIN1@DF_QNA_EXPENDITURE_CAPITA(1.1),Quarterly GDP per capita,I,A,Annual,Y,Calendar and seasonally adjusted,PRT,Portugal,S1,Total economy,S1,Total economy,B1GQ_POP,"Gross domestic product, per capita",_Z,Not applicable,_Z,Not applicable,_Z,Not applicable,USD_PPP_PS,"US dollars per person, PPP converted",LR,Chain linked volume (rebased),LA,Annual levels,T0102,Table 0102 - GDP identity from the expenditure side,2008,,36395.5,,2020,,,,F,Free (free for publication),1,One,A,Normal value,0,Units,USD,US dollar
DATAFLOW,OECD.SDD.NAD:DSD_NAMAIN1@DF_QNA_EXPENDITURE_CAPITA(1.1),Quarterly GDP per capita,I,A,Annual,Y,Calendar and seasonally adjusted,PRT,Portugal,S1,Total economy,S1,Total economy,B1GQ_POP,"Gross domestic product, per capita",_Z,Not applicable,_Z,Not applicable,_Z,Not applicable,USD_PPP_PS,"US dollars per person, PPP converted",LR,Chain linked volume (rebased),LA,Annual levels,T0102,Table 0102 - GDP identity from the expenditure side,2007,,36332,,2020,,,,F,Free (free for publication),1,One,A,Normal value,0,Units,USD,US dollar
DATAFLOW,OECD.SDD.NAD:DSD_NAMAIN1@DF_QNA_EXPENDITURE_CAPITA(1.1),Quarterly GDP per capita,I,A,Annual,Y,Calendar and seasonally adjusted,PRT,Portugal,S1,Total economy,S1,Total economy,B1GQ_POP,"Gross domestic product, per capita",_Z,Not applicable,_Z,Not applicable,_Z,Not applicable,USD_PPP_PS,"US dollars per person, PPP converted",LR,Chain linked volume (rebased),LA,Annual levels,T0102,Table 0102 - GDP identity from the expenditure side,2006,,35513.2,,2020,,,,F,Free (free for publication),1,One,A,Normal value,0,Units,USD,US dollar
DATAFLOW,OECD.SDD.NAD:DSD_NAMAIN1@DF_QNA_EXPENDITURE_CAPITA(1.1),Quarterly GDP per capita,I,A,Annual,Y,Calendar and seasonally adjusted,PRT,Portugal,S1,Total economy,S1,Total economy,B1GQ_POP,"Gross domestic product, per capita",_Z,Not applicable,_Z,Not applicable,_Z,Not applicable,USD_PPP_PS,"US dollars per person, PPP converted",LR,Chain linked volume (rebased),LA,Annual levels,T0102,Table 0102 - GDP identity from the expenditure side,2005,,35008.4,,2020,,,,F,Free (free for publication),1,One,A,Normal value,0,Units,USD,US dollar
DATAFLOW,OECD.SDD.NAD:DSD_NAMAIN1@DF_QNA_EXPENDITURE_CAPITA(1.1),Quarterly GDP per capita,I,A,Annual,Y,Calendar and seasonally adjusted,PRT,Portugal,S1,Total economy,S1,Total economy,B1GQ_POP,"Gross domestic product, per capita",_Z,Not applicable,_Z,Not applicable,_Z,Not applicable,USD_PPP_PS,"US dollars per person, PPP converted",LR,Chain linked volume (rebased),LA,Annual levels,T0102,Table 0102 - GDP identity from the expenditure side,2004,,34801.3,,2020,,,,F,Free (free for publication),1,One,A,Normal value,0,Units,USD,US dollar
DATAFLOW,OECD.SDD.NAD:DSD_NAMAIN1@DF_QNA_EXPENDITURE_CAPITA(1.1),Quarterly GDP per capita,I,A,Annual,Y,Calendar and seasonally adjusted,PRT,Portugal,S1,Total economy,S1,Total economy,B1GQ_POP,"Gross domestic product, per capita",_Z,Not applicable,_Z,Not applicable,_Z,Not applicable,USD_PPP_PS,"US dollars per person, PPP converted",LR,Chain linked volume (rebased),LA,Annual levels,T0102,Table 0102 - GDP identity from the expenditure side,2003,,34271.6,,2020,,,,F,Free (free for publication),1,One,A,Normal value,0,Units,USD,US dollar
DATAFLOW,OECD.SDD.NAD:DSD_NAMAIN1@DF_QNA_EXPENDITURE_CAPITA(1.1),Quarterly GDP per capita,I,A,Annual,Y,Calendar and seasonally adjusted,PRT,Portugal,S1,Total economy,S1,Total economy,B1GQ_POP,"Gross domestic product, per capita",_Z,Not applicable,_Z,Not applicable,_Z,Not applicable,USD_PPP_PS,"US dollars per person, PPP converted",LR,Chain linked volume (rebased),LA,Annual levels,T0102,Table 0102 - GDP identity from the expenditure side,2002,,34723.6,,2020,,,,F,Free (free for publication),1,One,A,Normal value,0,Units,USD,US dollar
DATAFLOW,OECD.SDD.NAD:DSD_NAMAIN1@DF_QNA_EXPENDITURE_CAPITA(1.1),Quarterly GDP per capita,I,A,Annual,Y,Calendar and seasonally adjusted,PRT,Portugal,S1,Total economy,S1,Total economy,B1GQ_POP,"Gross domestic product, per capita",_Z,Not applicable,_Z,Not applicable,_Z,Not applicable,USD_PPP_PS,"US dollars per person, PPP converted",V,Current prices,LA,Annual levels,T0102,Table 0102 - GDP identity from the expenditure side,2023,,49800.4,,,,,,F,Free (free for publication),1,One,A,Normal value,0,Units,USD,US dollar
DATAFLOW,OECD.SDD.NAD:DSD_NAMAIN1@DF_QNA_EXPENDITURE_CAPITA(1.1),Quarterly GDP per capita,I,A,Annual,Y,Calendar and seasonally adjusted,PRT,Portugal,S1,Total economy,S1,Total economy,B1GQ_POP,"Gross domestic product, per capita",_Z,Not applicable,_Z,Not applicable,_Z,Not applicable,USD_PPP_PS,"US dollars per person, PPP converted",V,Current prices,LA,Annual levels,T0102,Table 0102 - GDP identity from the expenditure side,2022,,45100.7,,,,,,F,Free (free for publication),1,One,A,Normal value,0,Units,USD,US dollar
DATAFLOW,OECD.SDD.NAD:DSD_NAMAIN1@DF_QNA_EXPENDITURE_CAPITA(1.1),Quarterly GDP per capita,I,A,Annual,Y,Calendar and seasonally adjusted,PRT,Portugal,S1,Total economy,S1,Total economy,B1GQ_POP,"Gross domestic product, per capita",_Z,Not applicable,_Z,Not applicable,_Z,Not applicable,USD_PPP_PS,"US dollars per person, PPP converted",V,Current prices,LA,Annual levels,T0102,Table 0102 - GDP identity from the expenditure side,2021,,38487.3,,,,,,F,Free (free for publication),1,One,A,Normal value,0,Units,USD,US dollar
DATAFLOW,OECD.SDD.NAD:DSD_NAMAIN1@DF_QNA_EXPENDITURE_CAPITA(1.1),Quarterly GDP per capita,I,A,Annual,Y,Calendar and seasonally adjusted,PRT,Portugal,S1,Total economy,S1,Total economy,B1GQ_POP,"Gross domestic product, per capita",_Z,Not applicable,_Z,Not applicable,_Z,Not applicable,USD_PPP_PS,"US dollars per person, PPP converted",V,Current prices,LA,Annual levels,T0102,Table 0102 - GDP identity from the expenditure side,2020,,35662.8,,,,,,F,Free (free for publication),1,One,A,Normal value,0,Units,USD,US dollar
DATAFLOW,OECD.SDD.NAD:DSD_NAMAIN1@DF_QNA_EXPENDITURE_CAPITA(1.1),Quarterly GDP per capita,I,A,Annual,Y,Calendar and seasonally adjusted,PRT,Portugal,S1,Total economy,S1,Total economy,B1GQ_POP,"Gross domestic product, per capita",_Z,Not applicable,_Z,Not applicable,_Z,Not applicable,USD_PPP_PS,"US dollars per person, PPP converted",V,Current prices,LA,Annual levels,T0102,Table 0102 - GDP identity from the expenditure side,2019,,37616.2,,,,,,F,Free (free for publication),1,One,A,Normal value,0,Units,USD,US dollar
DATAFLOW,OECD.SDD.NAD:DSD_NAMAIN1@DF_QNA_EXPENDITURE_CAPITA(1.1),Quarterly GDP per capita,I,A,Annual,Y,Calendar and seasonally adjusted,PRT,Portugal,S1,Total economy,S1,Total economy,B1GQ_POP,"Gross domestic product, per capita",_Z,Not applicable,_Z,Not applicable,_Z,Not applicable,USD_PPP_PS,"US dollars per person, PPP converted",V,Current prices,LA,Annual levels,T0102,Table 0102 - GDP identity from the expenditure side,2018,,34725.2,,,,,,F,Free (free for publication),1,One,A,Normal value,0,Units,USD,US dollar
DATAFLOW,OECD.SDD.NAD:DSD_NAMAIN1@DF_QNA_EXPENDITURE_CAPITA(1.1),Quarterly GDP per capita,I,A,Annual,Y,Calendar and seasonally adjusted,PRT,Portugal,S1,Total economy,S1,Total economy,B1GQ_POP,"Gross domestic product, per capita",_Z,Not applicable,_Z,Not applicable,_Z,Not applicable,USD_PPP_PS,"US dollars per person, PPP converted",V,Current prices,LA,Annual levels,T0102,Table 0102 - GDP identity from the expenditure side,2017,,32843.8,,,,,,F,Free (free for publication),1,One,A,Normal value,0,Units,USD,US dollar
DATAFLOW,OECD.SDD.NAD:DSD_NAMAIN1@DF_QNA_EXPENDITURE_CAPITA(1.1),Quarterly GDP per capita,I,A,Annual,Y,Calendar and seasonally adjusted,PRT,Portugal,S1,Total economy,S1,Total economy,B1GQ_POP,"Gross domestic product, per capita",_Z,Not applicable,_Z,Not applicable,_Z,Not applicable,USD_PPP_PS,"US dollars per person, PPP converted",LR,Chain linked volume (rebased),LA,Annual levels,T0102,Table 0102 - GDP identity from the expenditure side,2021,,37562.5,,2020,,,,F,Free (free for publication),1,One,A,Normal value,0,Units,USD,US dollar
DATAFLOW,OECD.SDD.NAD:DSD_NAMAIN1@DF_QNA_EXPENDITURE_CAPITA(1.1),Quarterly GDP per capita,I,A,Annual,Y,Calendar and seasonally adjusted,PRT,Portugal,S1,Total economy,S1,Total economy,B1GQ_POP,"Gross domestic product, per capita",_Z,Not applicable,_Z,Not applicable,_Z,Not applicable,USD_PPP_PS,"US dollars per person, PPP converted",LR,Chain linked volume (rebased),LA,Annual levels,T0102,Table 0102 - GDP identity from the expenditure side,2020,,35662.8,,2020,,,,F,Free (free for publication),1,One,A,Normal value,0,Units,USD,US dollar
DATAFLOW,OECD.SDD.NAD:DSD_NAMAIN1@DF_QNA_EXPENDITURE_CAPITA(1.1),Quarterly GDP per capita,I,A,Annual,Y,Calendar and seasonally adjusted,PRT,Portugal,S1,Total economy,S1,Total economy,B1GQ_POP,"Gross domestic product, per capita",_Z,Not applicable,_Z,Not applicable,_Z,Not applicable,USD_PPP_PS,"US dollars per person, PPP converted",LR,Chain linked volume (rebased),LA,Annual levels,T0102,Table 0102 - GDP identity from the expenditure side,2019,,38964.4,,2020,,,,F,Free (free for publication),1,One,A,Normal value,0,Units,USD,US dollar
DATAFLOW,OECD.SDD.NAD:DSD_NAMAIN1@DF_QNA_EXPENDITURE_CAPITA(1.1),Quarterly GDP per capita,I,A,Annual,Y,Calendar and seasonally adjusted,PRT,Portugal,S1,Total economy,S1,Total economy,B1GQ_POP,"Gross domestic product, per capita",_Z,Not applicable,_Z,Not applicable,_Z,Not applicable,USD_PPP_PS,"US dollars per person, PPP converted",LR,Chain linked volume (rebased),LA,Annual levels,T0102,Table 0102 - GDP identity from the expenditure side,2018,,37995.8,,2020,,,,F,Free (free for publication),1,One,A,Normal value,0,Units,USD,US dollar
DATAFLOW,OECD.SDD.NAD:DSD_NAMAIN1@DF_QNA_EXPENDITURE_CAPITA(1.1),Quarterly GDP per capita,I,A,Annual,Y,Calendar and seasonally adjusted,PRT,Portugal,S1,Total economy,S1,Total economy,B1GQ_POP,"Gross domestic product, per capita",_Z,Not applicable,_Z,Not applicable,_Z,Not applicable,USD_PPP_PS,"US dollars per person, PPP converted",LR,Chain linked volume (rebased),LA,Annual levels,T0102,Table 0102 - GDP identity from the expenditure side,2017,,36888.8,,2020,,,,F,Free (free for publication),1,One,A,Normal value,0,Units,USD,US dollar
DATAFLOW,OECD.SDD.NAD:DSD_NAMAIN1@DF_QNA_EXPENDITURE_CAPITA(1.1),Quarterly GDP per capita,I,A,Annual,Y,Calendar and seasonally adjusted,ESP,Spain,S1,Total economy,S1,Total economy,B1GQ_POP,"Gross domestic product, per capita",_Z,Not applicable,_Z,Not applicable,_Z,Not applicable,USD_PPP_PS,"US dollars per person, PPP converted",V,Current prices,LA,Annual levels,T0102,Table 0102 - GDP identity from the expenditure side,2018,,41073.7,,,,,,F,Free (free for publication),1,One,A,Normal value,0,Units,USD,US dollar
DATAFLOW,OECD.SDD.NAD:DSD_NAMAIN1@DF_QNA_EXPENDITURE_CAPITA(1.1),Quarterly GDP per capita,I,A,Annual,Y,Calendar and seasonally adjusted,ESP,Spain,S1,Total economy,S1,Total economy,B1GQ_POP,"Gross domestic product, per capita",_Z,Not applicable,_Z,Not applicable,_Z,Not applicable,USD_PPP_PS,"US dollars per person, PPP converted",V,Current prices,LA,Annual levels,T0102,Table 0102 - GDP identity from the expenditure side,2017,,39877.3,,,,,,F,Free (free for publication),1,One,A,Normal value,0,Units,USD,US dollar
DATAFLOW,OECD.SDD.NAD:DSD_NAMAIN1@DF_QNA_EXPENDITURE_CAPITA(1.1),Quarterly GDP per capita,I,A,Annual,Y,Calendar and seasonally adjusted,ESP,Spain,S1,Total economy,S1,Total economy,B1GQ_POP,"Gross domestic product, per capita",_Z,Not applicable,_Z,Not applicable,_Z,Not applicable,USD_PPP_PS,"US dollars per person, PPP converted",V,Current prices,LA,Annual levels,T0102,Table 0102 - GDP identity from the expenditure side,2016,,37637.8,,,,,,F,Free (free for publication),1,One,A,Normal value,0,Units,USD,US dollar
DATAFLOW,OECD.SDD.NAD:DSD_NAMAIN1@DF_QNA_EXPENDITURE_CAPITA(1.1),Quarterly GDP per capita,I,A,Annual,Y,Calendar and seasonally adjusted,ESP,Spain,S1,Total economy,S1,Total economy,B1GQ_POP,"Gross domestic product, per capita",_Z,Not applicable,_Z,Not applicable,_Z,Not applicable,USD_PPP_PS,"US dollars per person, PPP converted",V,Current prices,LA,Annual levels,T0102,Table 0102 - GDP identity from the expenditure side,2022,,51482.6,,,,,,F,Free (free for publication),1,One,A,Normal value,0,Units,USD,US dollar
DATAFLOW,OECD.SDD.NAD:DSD_NAMAIN1@DF_QNA_EXPENDITURE_CAPITA(1.1),Quarterly GDP per capita,I,A,Annual,Y,Calendar and seasonally adjusted,ESP,Spain,S1,Total economy,S1,Total economy,B1GQ_POP,"Gross domestic product, per capita",_Z,Not applicable,_Z,Not applicable,_Z,Not applicable,USD_PPP_PS,"US dollars per person, PPP converted",V,Current prices,LA,Annual levels,T0102,Table 0102 - GDP identity from the expenditure side,2021,,44342.3,,,,,,F,Free (free for publication),1,One,A,Normal value,0,Units,USD,US dollar
DATAFLOW,OECD.SDD.NAD:DSD_NAMAIN1@DF_QNA_EXPENDITURE_CAPITA(1.1),Quarterly GDP per capita,I,A,Annual,Y,Calendar and seasonally adjusted,ESP,Spain,S1,Total economy,S1,Total economy,B1GQ_POP,"Gross domestic product, per capita",_Z,Not applicable,_Z,Not applicable,_Z,Not applicable,USD_PPP_PS,"US dollars per person, PPP converted",V,Current prices,LA,Annual levels,T0102,Table 0102 - GDP identity from the expenditure side,2020,,39340,,,,,,F,Free (free for publication),1,One,A,Normal value,0,Units,USD,US dollar
DATAFLOW,OECD.SDD.NAD:DSD_NAMAIN1@DF_QNA_EXPENDITURE_CAPITA(1.1),Quarterly GDP per capita,I,A,Annual,Y,Calendar and seasonally adjusted,ESP,Spain,S1,Total economy,S1,Total economy,B1GQ_POP,"Gross domestic product, per capita",_Z,Not applicable,_Z,Not applicable,_Z,Not applicable,USD_PPP_PS,"US dollars per person, PPP converted",V,Current prices,LA,Annual levels,T0102,Table 0102 - GDP identity from the expenditure side,2009,,32215.1,,,,,,F,Free (free for publication),1,One,A,Normal value,0,Units,USD,US dollar
DATAFLOW,OECD.SDD.NAD:DSD_NAMAIN1@DF_QNA_EXPENDITURE_CAPITA(1.1),Quarterly GDP per capita,I,A,Annual,Y,Calendar and seasonally adjusted,ESP,Spain,S1,Total economy,S1,Total economy,B1GQ_POP,"Gross domestic product, per capita",_Z,Not applicable,_Z,Not applicable,_Z,Not applicable,USD_PPP_PS,"US dollars per person, PPP converted",V,Current prices,LA,Annual levels,T0102,Table 0102 - GDP identity from the expenditure side,2008,,33328.9,,,,,,F,Free (free for publication),1,One,A,Normal value,0,Units,USD,US dollar
DATAFLOW,OECD.SDD.NAD:DSD_NAMAIN1@DF_QNA_EXPENDITURE_CAPITA(1.1),Quarterly GDP per capita,I,A,Annual,Y,Calendar and seasonally adjusted,ESP,Spain,S1,Total economy,S1,Total economy,B1GQ_POP,"Gross domestic product, per capita",_Z,Not applicable,_Z,Not applicable,_Z,Not applicable,USD_PPP_PS,"US dollars per person, PPP converted",V,Current prices,LA,Annual levels,T0102,Table 0102 - GDP identity from the expenditure side,2007,,32529.6,,,,,,F,Free (free for publication),1,One,A,Normal value,0,Units,USD,US dollar
DATAFLOW,OECD.SDD.NAD:DSD_NAMAIN1@DF_QNA_EXPENDITURE_CAPITA(1.1),Quarterly GDP per capita,I,A,Annual,Y,Calendar and seasonally adjusted,ESP,Spain,S1,Total economy,S1,Total economy,B1GQ_POP,"Gross domestic product, per capita",_Z,Not applicable,_Z,Not applicable,_Z,Not applicable,USD_PPP_PS,"US dollars per person, PPP converted",V,Current prices,LA,Annual levels,T0102,Table 0102 - GDP identity from the expenditure side,2006,,30774.3,,,,,,F,Free (free for publication),1,One,A,Normal value,0,Units,USD,US dollar
DATAFLOW,OECD.SDD.NAD:DSD_NAMAIN1@DF_QNA_EXPENDITURE_CAPITA(1.1),Quarterly GDP per capita,I,A,Annual,Y,Calendar and seasonally adjusted,GBR,United Kingdom,S1,Total economy,S1,Total economy,B1GQ_POP,"Gross domestic product, per capita",_Z,Not applicable,_Z,Not applicable,_Z,Not applicable,USD_PPP_PS,"US dollars per person, PPP converted",V,Current prices,LA,Annual levels,T0102,Table 0102 - GDP identity from the expenditure side,2004,,32144.5,,,,,,F,Free (free for publication),1,One,A,Normal value,0,Units,USD,US dollar
DATAFLOW,OECD.SDD.NAD:DSD_NAMAIN1@DF_QNA_EXPENDITURE_CAPITA(1.1),Quarterly GDP per capita,I,A,Annual,Y,Calendar and seasonally adjusted,GBR,United Kingdom,S1,Total economy,S1,Total economy,B1GQ_POP,"Gross domestic product, per capita",_Z,Not applicable,_Z,Not applicable,_Z,Not applicable,USD_PPP_PS,"US dollars per person, PPP converted",V,Current prices,LA,Annual levels,T0102,Table 0102 - GDP identity from the expenditure side,2003,,30398.2,,,,,,F,Free (free for publication),1,One,A,Normal value,0,Units,USD,US dollar
DATAFLOW,OECD.SDD.NAD:DSD_NAMAIN1@DF_QNA_EXPENDITURE_CAPITA(1.1),Quarterly GDP per capita,I,A,Annual,Y,Calendar and seasonally adjusted,GBR,United Kingdom,S1,Total economy,S1,Total economy,B1GQ_POP,"Gross domestic product, per capita",_Z,Not applicable,_Z,Not applicable,_Z,Not applicable,USD_PPP_PS,"US dollars per person, PPP converted",V,Current prices,LA,Annual levels,T0102,Table 0102 - GDP identity from the expenditure side,2002,,29152.5,,,,,,F,Free (free for publication),1,One,A,Normal value,0,Units,USD,US dollar
DATAFLOW,OECD.SDD.NAD:DSD_NAMAIN1@DF_QNA_EXPENDITURE_CAPITA(1.1),Quarterly GDP per capita,I,A,Annual,Y,Calendar and seasonally adjusted,GBR,United Kingdom,S1,Total economy,S1,Total economy,B1GQ_POP,"Gross domestic product, per capita",_Z,Not applicable,_Z,Not applicable,_Z,Not applicable,USD_PPP_PS,"US dollars per person, PPP converted",V,Current prices,LA,Annual levels,T0102,Table 0102 - GDP identity from the expenditure side,2001,,28007.4,,,,,,F,Free (free for publication),1,One,A,Normal value,0,Units,USD,US dollar
DATAFLOW,OECD.SDD.NAD:DSD_NAMAIN1@DF_QNA_EXPENDITURE_CAPITA(1.1),Quarterly GDP per capita,I,A,Annual,Y,Calendar and seasonally adjusted,GBR,United Kingdom,S1,Total economy,S1,Total economy,B1GQ_POP,"Gross domestic product, per capita",_Z,Not applicable,_Z,Not applicable,_Z,Not applicable,USD_PPP_PS,"US dollars per person, PPP converted",V,Current prices,LA,Annual levels,T0102,Table 0102 - GDP identity from the expenditure side,2000,,26621.4,,,,,,F,Free (free for publication),1,One,A,Normal value,0,Units,USD,US dollar
DATAFLOW,OECD.SDD.NAD:DSD_NAMAIN1@DF_QNA_EXPENDITURE_CAPITA(1.1),Quarterly GDP per capita,I,A,Annual,Y,Calendar and seasonally adjusted,USA,United States,S1,Total economy,S1,Total economy,B1GQ_POP,"Gross domestic product, per capita",_Z,Not applicable,_Z,Not applicable,_Z,Not applicable,USD_PPP_PS,"US dollars per person, PPP converted",LR,Chain linked volume (rebased),LA,Annual levels,T0102,Table 0102 - GDP identity from the expenditure side,2008,,58067,,2020,,,,F,Free (free for publication),1,One,A,Normal value,0,Units,USD,US dollar
DATAFLOW,OECD.SDD.NAD:DSD_NAMAIN1@DF_QNA_EXPENDITURE_CAPITA(1.1),Quarterly GDP per capita,I,A,Annual,Y,Calendar and seasonally adjusted,USA,United States,S1,Total economy,S1,Total economy,B1GQ_POP,"Gross domestic product, per capita",_Z,Not applicable,_Z,Not applicable,_Z,Not applicable,USD_PPP_PS,"US dollars per person, PPP converted",LR,Chain linked volume (rebased),LA,Annual levels,T0102,Table 0102 - GDP identity from the expenditure side,2019,,66047.8,,2020,,,,F,Free (free for publication),1,One,A,Normal value,0,Units,USD,US dollar
DATAFLOW,OECD.SDD.NAD:DSD_NAMAIN1@DF_QNA_EXPENDITURE_CAPITA(1.1),Quarterly GDP per capita,I,A,Annual,Y,Calendar and seasonally adjusted,USA,United States,S1,Total economy,S1,Total economy,B1GQ_POP,"Gross domestic product, per capita",_Z,Not applicable,_Z,Not applicable,_Z,Not applicable,USD_PPP_PS,"US dollars per person, PPP converted",LR,Chain linked volume (rebased),LA,Annual levels,T0102,Table 0102 - GDP identity from the expenditure side,2018,,64720.6,,2020,,,,F,Free (free for publication),1,One,A,Normal value,0,Units,USD,US dollar
DATAFLOW,OECD.SDD.NAD:DSD_NAMAIN1@DF_QNA_EXPENDITURE_CAPITA(1.1),Quarterly GDP per capita,I,A,Annual,Y,Calendar and seasonally adjusted,USA,United States,S1,Total economy,S1,Total economy,B1GQ_POP,"Gross domestic product, per capita",_Z,Not applicable,_Z,Not applicable,_Z,Not applicable,USD_PPP_PS,"US dollars per person, PPP converted",LR,Chain linked volume (rebased),LA,Annual levels,T0102,Table 0102 - GDP identity from the expenditure side,2017,,63228.1,,2020,,,,F,Free (free for publication),1,One,A,Normal value,0,Units,USD,US dollar
DATAFLOW,OECD.SDD.NAD:DSD_NAMAIN1@DF_QNA_EXPENDITURE_CAPITA(1.1),Quarterly GDP per capita,I,A,Annual,Y,Calendar and seasonally adjusted,USA,United States,S1,Total economy,S1,Total economy,B1GQ_POP,"Gross domestic product, per capita",_Z,Not applicable,_Z,Not applicable,_Z,Not applicable,USD_PPP_PS,"US dollars per person, PPP converted",V,Current prices,LA,Annual levels,T0102,Table 0102 - GDP identity from the expenditure side,2012,,51645,,,,,,F,Free (free for publication),1,One,A,Normal value,0,Units,USD,US dollar
DATAFLOW,OECD.SDD.NAD:DSD_NAMAIN1@DF_QNA_EXPENDITURE_CAPITA(1.1),Quarterly GDP per capita,I,A,Annual,Y,Calendar and seasonally adjusted,GBR,United Kingdom,S1,Total economy,S1,Total economy,B1GQ_POP,"Gross domestic product, per capita",_Z,Not applicable,_Z,Not applicable,_Z,Not applicable,USD_PPP_PS,"US dollars per person, PPP converted",V,Current prices,LA,Annual levels,T0102,Table 0102 - GDP identity from the expenditure side,2013,,40081.6,,,,,,F,Free (free for publication),1,One,A,Normal value,0,Units,USD,US dollar
DATAFLOW,OECD.SDD.NAD:DSD_NAMAIN1@DF_QNA_EXPENDITURE_CAPITA(1.1),Quarterly GDP per capita,I,A,Annual,Y,Calendar and seasonally adjusted,GBR,United Kingdom,S1,Total economy,S1,Total economy,B1GQ_POP,"Gross domestic product, per capita",_Z,Not applicable,_Z,Not applicable,_Z,Not applicable,USD_PPP_PS,"US dollars per person, PPP converted",V,Current prices,LA,Annual levels,T0102,Table 0102 - GDP identity from the expenditure side,2012,,38483.4,,,,,,F,Free (free for publication),1,One,A,Normal value,0,Units,USD,US dollar
DATAFLOW,OECD.SDD.NAD:DSD_NAMAIN1@DF_QNA_EXPENDITURE_CAPITA(1.1),Quarterly GDP per capita,I,A,Annual,Y,Calendar and seasonally adjusted,GBR,United Kingdom,S1,Total economy,S1,Total economy,B1GQ_POP,"Gross domestic product, per capita",_Z,Not applicable,_Z,Not applicable,_Z,Not applicable,USD_PPP_PS,"US dollars per person, PPP converted",V,Current prices,LA,Annual levels,T0102,Table 0102 - GDP identity from the expenditure side,2011,,37345.8,,,,,,F,Free (free for publication),1,One,A,Normal value,0,Units,USD,US dollar
DATAFLOW,OECD.SDD.NAD:DSD_NAMAIN1@DF_QNA_EXPENDITURE_CAPITA(1.1),Quarterly GDP per capita,I,A,Annual,Y,Calendar and seasonally adjusted,GBR,United Kingdom,S1,Total economy,S1,Total economy,B1GQ_POP,"Gross domestic product, per capita",_Z,Not applicable,_Z,Not applicable,_Z,Not applicable,USD_PPP_PS,"US dollars per person, PPP converted",V,Current prices,LA,Annual levels,T0102,Table 0102 - GDP identity from the expenditure side,2024,,62847,,,,,,F,Free (free for publication),1,One,A,Normal value,0,Units,USD,US dollar
DATAFLOW,OECD.SDD.NAD:DSD_NAMAIN1@DF_QNA_EXPENDITURE_CAPITA(1.1),Quarterly GDP per capita,I,A,Annual,Y,Calendar and seasonally adjusted,GBR,United Kingdom,S1,Total economy,S1,Total economy,B1GQ_POP,"Gross domestic product, per capita",_Z,Not applicable,_Z,Not applicable,_Z,Not applicable,USD_PPP_PS,"US dollars per person, PPP converted",V,Current prices,LA,Annual levels,T0102,Table 0102 - GDP identity from the expenditure side,2010,,36613.5,,,,,,F,Free (free for publication),1,One,A,Normal value,0,Units,USD,US dollar
DATAFLOW,OECD.SDD.NAD:DSD_NAMAIN1@DF_QNA_EXPENDITURE_CAPITA(1.1),Quarterly GDP per capita,I,A,Annual,Y,Calendar and seasonally adjusted,GBR,United Kingdom,S1,Total economy,S1,Total economy,B1GQ_POP,"Gross domestic product, per capita",_Z,Not applicable,_Z,Not applicable,_Z,Not applicable,USD_PPP_PS,"US dollars per person, PPP converted",V,Current prices,LA,Annual levels,T0102,Table 0102 - GDP identity from the expenditure side,2009,,35252.9,,,,,,F,Free (free for publication),1,One,A,Normal value,0,Units,USD,US dollar
DATAFLOW,OECD.SDD.NAD:DSD_NAMAIN1@DF_QNA_EXPENDITURE_CAPITA(1.1),Quarterly GDP per capita,I,A,Annual,Y,Calendar and seasonally adjusted,GBR,United Kingdom,S1,Total economy,S1,Total economy,B1GQ_POP,"Gross domestic product, per capita",_Z,Not applicable,_Z,Not applicable,_Z,Not applicable,USD_PPP_PS,"US dollars per person, PPP converted",V,Current prices,LA,Annual levels,T0102,Table 0102 - GDP identity from the expenditure side,2008,,36903.3,,,,,,F,Free (free for publication),1,One,A,Normal value,0,Units,USD,US dollar
DATAFLOW,OECD.SDD.NAD:DSD_NAMAIN1@DF_QNA_EXPENDITURE_CAPITA(1.1),Quarterly GDP per capita,I,A,Annual,Y,Calendar and seasonally adjusted,GBR,United Kingdom,S1,Total economy,S1,Total economy,B1GQ_POP,"Gross domestic product, per capita",_Z,Not applicable,_Z,Not applicable,_Z,Not applicable,USD_PPP_PS,"US dollars per person, PPP converted",V,Current prices,LA,Annual levels,T0102,Table 0102 - GDP identity from the expenditure side,2007,,35650,,,,,,F,Free (free for publication),1,One,A,Normal value,0,Units,USD,US dollar
DATAFLOW,OECD.SDD.NAD:DSD_NAMAIN1@DF_QNA_EXPENDITURE_CAPITA(1.1),Quarterly GDP per capita,I,A,Annual,Y,Calendar and seasonally adjusted,GBR,United Kingdom,S1,Total economy,S1,Total economy,B1GQ_POP,"Gross domestic product, per capita",_Z,Not applicable,_Z,Not applicable,_Z,Not applicable,USD_PPP_PS,"US dollars per person, PPP converted",V,Current prices,LA,Annual levels,T0102,Table 0102 - GDP identity from the expenditure side,2006,,34843.2,,,,,,F,Free (free for publication),1,One,A,Normal value,0,Units,USD,US dollar
DATAFLOW,OECD.SDD.NAD:DSD_NAMAIN1@DF_QNA_EXPENDITURE_CAPITA(1.1),Quarterly GDP per capita,I,A,Annual,Y,Calendar and seasonally adjusted,GBR,United Kingdom,S1,Total economy,S1,Total economy,B1GQ_POP,"Gross domestic product, per capita",_Z,Not applicable,_Z,Not applicable,_Z,Not applicable,USD_PPP_PS,"US dollars per person, PPP converted",V,Current prices,LA,Annual levels,T0102,Table 0102 - GDP identity from the expenditure side,2005,,32798.4,,,,,,F,Free (free for publication),1,One,A,Normal value,0,Units,USD,US dollar
DATAFLOW,OECD.SDD.NAD:DSD_NAMAIN1@DF_QNA_EXPENDITURE_CAPITA(1.1),Quarterly GDP per capita,I,A,Annual,Y,Calendar and seasonally adjusted,USA,United States,S1,Total economy,S1,Total economy,B1GQ_POP,"Gross domestic product, per capita",_Z,Not applicable,_Z,Not applicable,_Z,Not applicable,USD_PPP_PS,"US dollars per person, PPP converted",V,Current prices,LA,Annual levels,T0102,Table 0102 - GDP identity from the expenditure side,2010,,48570.4,,,,,,F,Free (free for publication),1,One,A,Normal value,0,Units,USD,US dollar
DATAFLOW,OECD.SDD.NAD:DSD_NAMAIN1@DF_QNA_EXPENDITURE_CAPITA(1.1),Quarterly GDP per capita,I,A,Annual,Y,Calendar and seasonally adjusted,USA,United States,S1,Total economy,S1,Total economy,B1GQ_POP,"Gross domestic product, per capita",_Z,Not applicable,_Z,Not applicable,_Z,Not applicable,USD_PPP_PS,"US dollars per person, PPP converted",V,Current prices,LA,Annual levels,T0102,Table 0102 - GDP identity from the expenditure side,2009,,47123,,,,,,F,Free (free for publication),1,One,A,Normal value,0,Units,USD,US dollar
DATAFLOW,OECD.SDD.NAD:DSD_NAMAIN1@DF_QNA_EXPENDITURE_CAPITA(1.1),Quarterly GDP per capita,I,A,Annual,Y,Calendar and seasonally adjusted,GBR,United Kingdom,S1,Total economy,S1,Total economy,B1GQ_POP,"Gross domestic product, per capita",_Z,Not applicable,_Z,Not applicable,_Z,Not applicable,USD_PPP_PS,"US dollars per person, PPP converted",V,Current prices,LA,Annual levels,T0102,Table 0102 - GDP identity from the expenditure side,2016,,44352.8,,,,,,F,Free (free for publication),1,One,A,Normal value,0,Units,USD,US dollar
DATAFLOW,OECD.SDD.NAD:DSD_NAMAIN1@DF_QNA_EXPENDITURE_CAPITA(1.1),Quarterly GDP per capita,I,A,Annual,Y,Calendar and seasonally adjusted,GBR,United Kingdom,S1,Total economy,S1,Total economy,B1GQ_POP,"Gross domestic product, per capita",_Z,Not applicable,_Z,Not applicable,_Z,Not applicable,USD_PPP_PS,"US dollars per person, PPP converted",LR,Chain linked volume (rebased),LA,Annual levels,T0102,Table 0102 - GDP identity from the expenditure side,2007,,50820.1,,2020,,,,F,Free (free for publication),1,One,A,Normal value,0,Units,USD,US dollar
DATAFLOW,OECD.SDD.NAD:DSD_NAMAIN1@DF_QNA_EXPENDITURE_CAPITA(1.1),Quarterly GDP per capita,I,A,Annual,Y,Calendar and seasonally adjusted,GBR,United Kingdom,S1,Total economy,S1,Total economy,B1GQ_POP,"Gross domestic product, per capita",_Z,Not applicable,_Z,Not applicable,_Z,Not applicable,USD_PPP_PS,"US dollars per person, PPP converted",LR,Chain linked volume (rebased),LA,Annual levels,T0102,Table 0102 - GDP identity from the expenditure side,2006,,49769.7,,2020,,,,F,Free (free for publication),1,One,A,Normal value,0,Units,USD,US dollar
DATAFLOW,OECD.SDD.NAD:DSD_NAMAIN1@DF_QNA_EXPENDITURE_CAPITA(1.1),Quarterly GDP per capita,I,A,Annual,Y,Calendar and seasonally adjusted,GBR,United Kingdom,S1,Total economy,S1,Total economy,B1GQ_POP,"Gross domestic product, per capita",_Z,Not applicable,_Z,Not applicable,_Z,Not applicable,USD_PPP_PS,"US dollars per person, PPP converted",LR,Chain linked volume (rebased),LA,Annual levels,T0102,Table 0102 - GDP identity from the expenditure side,2005,,49050.8,,2020,,,,F,Free (free for publication),1,One,A,Normal value,0,Units,USD,US dollar
DATAFLOW,OECD.SDD.NAD:DSD_NAMAIN1@DF_QNA_EXPENDITURE_CAPITA(1.1),Quarterly GDP per capita,I,A,Annual,Y,Calendar and seasonally adjusted,GBR,United Kingdom,S1,Total economy,S1,Total economy,B1GQ_POP,"Gross domestic product, per capita",_Z,Not applicable,_Z,Not applicable,_Z,Not applicable,USD_PPP_PS,"US dollars per person, PPP converted",LR,Chain linked volume (rebased),LA,Annual levels,T0102,Table 0102 - GDP identity from the expenditure side,2004,,48072.5,,2020,,,,F,Free (free for publication),1,One,A,Normal value,0,Units,USD,US dollar
DATAFLOW,OECD.SDD.NAD:DSD_NAMAIN1@DF_QNA_EXPENDITURE_CAPITA(1.1),Quarterly GDP per capita,I,A,Annual,Y,Calendar and seasonally adjusted,GBR,United Kingdom,S1,Total economy,S1,Total economy,B1GQ_POP,"Gross domestic product, per capita",_Z,Not applicable,_Z,Not applicable,_Z,Not applicable,USD_PPP_PS,"US dollars per person, PPP converted",LR,Chain linked volume (rebased),LA,Annual levels,T0102,Table 0102 - GDP identity from the expenditure side,2003,,47246.4,,2020,,,,F,Free (free for publication),1,One,A,Normal value,0,Units,USD,US dollar
DATAFLOW,OECD.SDD.NAD:DSD_NAMAIN1@DF_QNA_EXPENDITURE_CAPITA(1.1),Quarterly GDP per capita,I,A,Annual,Y,Calendar and seasonally adjusted,GBR,United Kingdom,S1,Total economy,S1,Total economy,B1GQ_POP,"Gross domestic product, per capita",_Z,Not applicable,_Z,Not applicable,_Z,Not applicable,USD_PPP_PS,"US dollars per person, PPP converted",LR,Chain linked volume (rebased),LA,Annual levels,T0102,Table 0102 - GDP identity from the expenditure side,2002,,45987.4,,2020,,,,F,Free (free for publication),1,One,A,Normal value,0,Units,USD,US dollar
DATAFLOW,OECD.SDD.NAD:DSD_NAMAIN1@DF_QNA_EXPENDITURE_CAPITA(1.1),Quarterly GDP per capita,I,A,Annual,Y,Calendar and seasonally adjusted,GBR,United Kingdom,S1,Total economy,S1,Total economy,B1GQ_POP,"Gross domestic product, per capita",_Z,Not applicable,_Z,Not applicable,_Z,Not applicable,USD_PPP_PS,"US dollars per person, PPP converted",LR,Chain linked volume (rebased),LA,Annual levels,T0102,Table 0102 - GDP identity from the expenditure side,2001,,45409.5,,2020,,,,F,Free (free for publication),1,One,A,Normal value,0,Units,USD,US dollar
DATAFLOW,OECD.SDD.NAD:DSD_NAMAIN1@DF_QNA_EXPENDITURE_CAPITA(1.1),Quarterly GDP per capita,I,A,Annual,Y,Calendar and seasonally adjusted,GBR,United Kingdom,S1,Total economy,S1,Total economy,B1GQ_POP,"Gross domestic product, per capita",_Z,Not applicable,_Z,Not applicable,_Z,Not applicable,USD_PPP_PS,"US dollars per person, PPP converted",LR,Chain linked volume (rebased),LA,Annual levels,T0102,Table 0102 - GDP identity from the expenditure side,2000,,44522,,2020,,,,F,Free (free for publication),1,One,A,Normal value,0,Units,USD,US dollar
DATAFLOW,OECD.SDD.NAD:DSD_NAMAIN1@DF_QNA_EXPENDITURE_CAPITA(1.1),Quarterly GDP per capita,I,A,Annual,Y,Calendar and seasonally adjusted,GBR,United Kingdom,S1,Total economy,S1,Total economy,B1GQ_POP,"Gross domestic product, per capita",_Z,Not applicable,_Z,Not applicable,_Z,Not applicable,USD_PPP_PS,"US dollars per person, PPP converted",LR,Chain linked volume (rebased),LA,Annual levels,T0102,Table 0102 - GDP identity from the expenditure side,2022,,54766.7,,2020,,,,F,Free (free for publication),1,One,A,Normal value,0,Units,USD,US dollar
DATAFLOW,OECD.SDD.NAD:DSD_NAMAIN1@DF_QNA_EXPENDITURE_CAPITA(1.1),Quarterly GDP per capita,I,A,Annual,Y,Calendar and seasonally adjusted,GBR,United Kingdom,S1,Total economy,S1,Total economy,B1GQ_POP,"Gross domestic product, per capita",_Z,Not applicable,_Z,Not applicable,_Z,Not applicable,USD_PPP_PS,"US dollars per person, PPP converted",LR,Chain linked volume (rebased),LA,Annual levels,T0102,Table 0102 - GDP identity from the expenditure side,2023,,54234.9,,2020,,,,F,Free (free for publication),1,One,A,Normal value,0,Units,USD,US dollar
DATAFLOW,OECD.SDD.NAD:DSD_NAMAIN1@DF_QNA_EXPENDITURE_CAPITA(1.1),Quarterly GDP per capita,I,A,Annual,Y,Calendar and seasonally adjusted,GBR,United Kingdom,S1,Total economy,S1,Total economy,B1GQ_POP,"Gross domestic product, per capita",_Z,Not applicable,_Z,Not applicable,_Z,Not applicable,USD_PPP_PS,"US dollars per person, PPP converted",LR,Chain linked volume (rebased),LA,Annual levels,T0102,Table 0102 - GDP identity from the expenditure side,2009,,47730.8,,2020,,,,F,Free (free for publication),1,One,A,Normal value,0,Units,USD,US dollar
DATAFLOW,OECD.SDD.NAD:DSD_NAMAIN1@DF_QNA_EXPENDITURE_CAPITA(1.1),Quarterly GDP per capita,I,A,Annual,Y,Calendar and seasonally adjusted,GBR,United Kingdom,S1,Total economy,S1,Total economy,B1GQ_POP,"Gross domestic product, per capita",_Z,Not applicable,_Z,Not applicable,_Z,Not applicable,USD_PPP_PS,"US dollars per person, PPP converted",LR,Chain linked volume (rebased),LA,Annual levels,T0102,Table 0102 - GDP identity from the expenditure side,2008,,50391.5,,2020,,,,F,Free (free for publication),1,One,A,Normal value,0,Units,USD,US dollar
DATAFLOW,OECD.SDD.NAD:DSD_NAMAIN1@DF_QNA_EXPENDITURE_CAPITA(1.1),Quarterly GDP per capita,I,A,Annual,Y,Calendar and seasonally adjusted,GBR,United Kingdom,S1,Total economy,S1,Total economy,B1GQ_POP,"Gross domestic product, per capita",_Z,Not applicable,_Z,Not applicable,_Z,Not applicable,USD_PPP_PS,"US dollars per person, PPP converted",V,Current prices,LA,Annual levels,T0102,Table 0102 - GDP identity from the expenditure side,2015,,42727.9,,,,,,F,Free (free for publication),1,One,A,Normal value,0,Units,USD,US dollar
DATAFLOW,OECD.SDD.NAD:DSD_NAMAIN1@DF_QNA_EXPENDITURE_CAPITA(1.1),Quarterly GDP per capita,I,A,Annual,Y,Calendar and seasonally adjusted,TUR,Turkey,S1,Total economy,S1,Total economy,B1GQ_POP,"Gross domestic product, per capita",_Z,Not applicable,_Z,Not applicable,_Z,Not applicable,USD_PPP_PS,"US dollars per person, PPP converted",V,Current prices,LA,Annual levels,T0102,Table 0102 - GDP identity from the expenditure side,2014,,24192.5,,,,,,F,Free (free for publication),1,One,A,Normal value,0,Units,USD,US dollar
DATAFLOW,OECD.SDD.NAD:DSD_NAMAIN1@DF_QNA_EXPENDITURE_CAPITA(1.1),Quarterly GDP per capita,I,A,Annual,Y,Calendar and seasonally adjusted,TUR,Turkey,S1,Total economy,S1,Total economy,B1GQ_POP,"Gross domestic product, per capita",_Z,Not applicable,_Z,Not applicable,_Z,Not applicable,USD_PPP_PS,"US dollars per person, PPP converted",V,Current prices,LA,Annual levels,T0102,Table 0102 - GDP identity from the expenditure side,2013,,22475.2,,,,,,F,Free (free for publication),1,One,A,Normal value,0,Units,USD,US dollar
DATAFLOW,OECD.SDD.NAD:DSD_NAMAIN1@DF_QNA_EXPENDITURE_CAPITA(1.1),Quarterly GDP per capita,I,A,Annual,Y,Calendar and seasonally adjusted,TUR,Turkey,S1,Total economy,S1,Total economy,B1GQ_POP,"Gross domestic product, per capita",_Z,Not applicable,_Z,Not applicable,_Z,Not applicable,USD_PPP_PS,"US dollars per person, PPP converted",V,Current prices,LA,Annual levels,T0102,Table 0102 - GDP identity from the expenditure side,2012,,20739.2,,,,,,F,Free (free for publication),1,One,A,Normal value,0,Units,USD,US dollar
DATAFLOW,OECD.SDD.NAD:DSD_NAMAIN1@DF_QNA_EXPENDITURE_CAPITA(1.1),Quarterly GDP per capita,I,A,Annual,Y,Calendar and seasonally adjusted,TUR,Turkey,S1,Total economy,S1,Total economy,B1GQ_POP,"Gross domestic product, per capita",_Z,Not applicable,_Z,Not applicable,_Z,Not applicable,USD_PPP_PS,"US dollars per person, PPP converted",V,Current prices,LA,Annual levels,T0102,Table 0102 - GDP identity from the expenditure side,2011,,19717.2,,,,,,F,Free (free for publication),1,One,A,Normal value,0,Units,USD,US dollar
DATAFLOW,OECD.SDD.NAD:DSD_NAMAIN1@DF_QNA_EXPENDITURE_CAPITA(1.1),Quarterly GDP per capita,I,A,Annual,Y,Calendar and seasonally adjusted,SVN,Slovenia,S1,Total economy,S1,Total economy,B1GQ_POP,"Gross domestic product, per capita",_Z,Not applicable,_Z,Not applicable,_Z,Not applicable,USD_PPP_PS,"US dollars per person, PPP converted",V,Current prices,LA,Annual levels,T0102,Table 0102 - GDP identity from the expenditure side,2004,,22584.8,,,,,,F,Free (free for publication),1,One,A,Normal value,0,Units,USD,US dollar
DATAFLOW,OECD.SDD.NAD:DSD_NAMAIN1@DF_QNA_EXPENDITURE_CAPITA(1.1),Quarterly GDP per capita,I,A,Annual,Y,Calendar and seasonally adjusted,SVN,Slovenia,S1,Total economy,S1,Total economy,B1GQ_POP,"Gross domestic product, per capita",_Z,Not applicable,_Z,Not applicable,_Z,Not applicable,USD_PPP_PS,"US dollars per person, PPP converted",V,Current prices,LA,Annual levels,T0102,Table 0102 - GDP identity from the expenditure side,2003,,20909.9,,,,,,F,Free (free for publication),1,One,A,Normal value,0,Units,USD,US dollar
DATAFLOW,OECD.SDD.NAD:DSD_NAMAIN1@DF_QNA_EXPENDITURE_CAPITA(1.1),Quarterly GDP per capita,I,A,Annual,Y,Calendar and seasonally adjusted,SVN,Slovenia,S1,Total economy,S1,Total economy,B1GQ_POP,"Gross domestic product, per capita",_Z,Not applicable,_Z,Not applicable,_Z,Not applicable,USD_PPP_PS,"US dollars per person, PPP converted",V,Current prices,LA,Annual levels,T0102,Table 0102 - GDP identity from the expenditure side,2002,,19999.3,,,,,,F,Free (free for publication),1,One,A,Normal value,0,Units,USD,US dollar
DATAFLOW,OECD.SDD.NAD:DSD_NAMAIN1@DF_QNA_EXPENDITURE_CAPITA(1.1),Quarterly GDP per capita,I,A,Annual,Y,Calendar and seasonally adjusted,SVN,Slovenia,S1,Total economy,S1,Total economy,B1GQ_POP,"Gross domestic product, per capita",_Z,Not applicable,_Z,Not applicable,_Z,Not applicable,USD_PPP_PS,"US dollars per person, PPP converted",V,Current prices,LA,Annual levels,T0102,Table 0102 - GDP identity from the expenditure side,2011,,28715.7,,,,,,F,Free (free for publication),1,One,A,Normal value,0,Units,USD,US dollar
DATAFLOW,OECD.SDD.NAD:DSD_NAMAIN1@DF_QNA_EXPENDITURE_CAPITA(1.1),Quarterly GDP per capita,I,A,Annual,Y,Calendar and seasonally adjusted,SVN,Slovenia,S1,Total economy,S1,Total economy,B1GQ_POP,"Gross domestic product, per capita",_Z,Not applicable,_Z,Not applicable,_Z,Not applicable,USD_PPP_PS,"US dollars per person, PPP converted",V,Current prices,LA,Annual levels,T0102,Table 0102 - GDP identity from the expenditure side,2010,,27576.2,,,,,,F,Free (free for publication),1,One,A,Normal value,0,Units,USD,US dollar
DATAFLOW,OECD.SDD.NAD:DSD_NAMAIN1@DF_QNA_EXPENDITURE_CAPITA(1.1),Quarterly GDP per capita,I,A,Annual,Y,Calendar and seasonally adjusted,SVN,Slovenia,S1,Total economy,S1,Total economy,B1GQ_POP,"Gross domestic product, per capita",_Z,Not applicable,_Z,Not applicable,_Z,Not applicable,USD_PPP_PS,"US dollars per person, PPP converted",V,Current prices,LA,Annual levels,T0102,Table 0102 - GDP identity from the expenditure side,2009,,27202.1,,,,,,F,Free (free for publication),1,One,A,Normal value,0,Units,USD,US dollar
DATAFLOW,OECD.SDD.NAD:DSD_NAMAIN1@DF_QNA_EXPENDITURE_CAPITA(1.1),Quarterly GDP per capita,I,A,Annual,Y,Calendar and seasonally adjusted,SVN,Slovenia,S1,Total economy,S1,Total economy,B1GQ_POP,"Gross domestic product, per capita",_Z,Not applicable,_Z,Not applicable,_Z,Not applicable,USD_PPP_PS,"US dollars per person, PPP converted",V,Current prices,LA,Annual levels,T0102,Table 0102 - GDP identity from the expenditure side,2007,,27457.9,,,,,,F,Free (free for publication),1,One,A,Normal value,0,Units,USD,US dollar
DATAFLOW,OECD.SDD.NAD:DSD_NAMAIN1@DF_QNA_EXPENDITURE_CAPITA(1.1),Quarterly GDP per capita,I,A,Annual,Y,Calendar and seasonally adjusted,SVN,Slovenia,S1,Total economy,S1,Total economy,B1GQ_POP,"Gross domestic product, per capita",_Z,Not applicable,_Z,Not applicable,_Z,Not applicable,USD_PPP_PS,"US dollars per person, PPP converted",V,Current prices,LA,Annual levels,T0102,Table 0102 - GDP identity from the expenditure side,2006,,25558.6,,,,,,F,Free (free for publication),1,One,A,Normal value,0,Units,USD,US dollar
DATAFLOW,OECD.SDD.NAD:DSD_NAMAIN1@DF_QNA_EXPENDITURE_CAPITA(1.1),Quarterly GDP per capita,I,A,Annual,Y,Calendar and seasonally adjusted,SVN,Slovenia,S1,Total economy,S1,Total economy,B1GQ_POP,"Gross domestic product, per capita",_Z,Not applicable,_Z,Not applicable,_Z,Not applicable,USD_PPP_PS,"US dollars per person, PPP converted",LR,Chain linked volume (rebased),LA,Annual levels,T0102,Table 0102 - GDP identity from the expenditure side,2013,,36084.5,,2020,,,,F,Free (free for publication),1,One,A,Normal value,0,Units,USD,US dollar
DATAFLOW,OECD.SDD.NAD:DSD_NAMAIN1@DF_QNA_EXPENDITURE_CAPITA(1.1),Quarterly GDP per capita,I,A,Annual,Y,Calendar and seasonally adjusted,SVN,Slovenia,S1,Total economy,S1,Total economy,B1GQ_POP,"Gross domestic product, per capita",_Z,Not applicable,_Z,Not applicable,_Z,Not applicable,USD_PPP_PS,"US dollars per person, PPP converted",LR,Chain linked volume (rebased),LA,Annual levels,T0102,Table 0102 - GDP identity from the expenditure side,2012,,36433.4,,2020,,,,F,Free (free for publication),1,One,A,Normal value,0,Units,USD,US dollar
DATAFLOW,OECD.SDD.NAD:DSD_NAMAIN1@DF_QNA_EXPENDITURE_CAPITA(1.1),Quarterly GDP per capita,I,A,Annual,Y,Calendar and seasonally adjusted,SVN,Slovenia,S1,Total economy,S1,Total economy,B1GQ_POP,"Gross domestic product, per capita",_Z,Not applicable,_Z,Not applicable,_Z,Not applicable,USD_PPP_PS,"US dollars per person, PPP converted",LR,Chain linked volume (rebased),LA,Annual levels,T0102,Table 0102 - GDP identity from the expenditure side,2011,,37599.3,,2020,,,,F,Free (free for publication),1,One,A,Normal value,0,Units,USD,US dollar
DATAFLOW,OECD.SDD.NAD:DSD_NAMAIN1@DF_QNA_EXPENDITURE_CAPITA(1.1),Quarterly GDP per capita,I,A,Annual,Y,Calendar and seasonally adjusted,SVN,Slovenia,S1,Total economy,S1,Total economy,B1GQ_POP,"Gross domestic product, per capita",_Z,Not applicable,_Z,Not applicable,_Z,Not applicable,USD_PPP_PS,"US dollars per person, PPP converted",LR,Chain linked volume (rebased),LA,Annual levels,T0102,Table 0102 - GDP identity from the expenditure side,2010,,37427.8,,2020,,,,F,Free (free for publication),1,One,A,Normal value,0,Units,USD,US dollar
DATAFLOW,OECD.SDD.NAD:DSD_NAMAIN1@DF_QNA_EXPENDITURE_CAPITA(1.1),Quarterly GDP per capita,I,A,Annual,Y,Calendar and seasonally adjusted,SVN,Slovenia,S1,Total economy,S1,Total economy,B1GQ_POP,"Gross domestic product, per capita",_Z,Not applicable,_Z,Not applicable,_Z,Not applicable,USD_PPP_PS,"US dollars per person, PPP converted",LR,Chain linked volume (rebased),LA,Annual levels,T0102,Table 0102 - GDP identity from the expenditure side,2009,,37145.9,,2020,,,,F,Free (free for publication),1,One,A,Normal value,0,Units,USD,US dollar
DATAFLOW,OECD.SDD.NAD:DSD_NAMAIN1@DF_QNA_EXPENDITURE_CAPITA(1.1),Quarterly GDP per capita,I,A,Annual,Y,Calendar and seasonally adjusted,SVN,Slovenia,S1,Total economy,S1,Total economy,B1GQ_POP,"Gross domestic product, per capita",_Z,Not applicable,_Z,Not applicable,_Z,Not applicable,USD_PPP_PS,"US dollars per person, PPP converted",LR,Chain linked volume (rebased),LA,Annual levels,T0102,Table 0102 - GDP identity from the expenditure side,2007,,39324.9,,2020,,,,F,Free (free for publication),1,One,A,Normal value,0,Units,USD,US dollar
DATAFLOW,OECD.SDD.NAD:DSD_NAMAIN1@DF_QNA_EXPENDITURE_CAPITA(1.1),Quarterly GDP per capita,I,A,Annual,Y,Calendar and seasonally adjusted,SVN,Slovenia,S1,Total economy,S1,Total economy,B1GQ_POP,"Gross domestic product, per capita",_Z,Not applicable,_Z,Not applicable,_Z,Not applicable,USD_PPP_PS,"US dollars per person, PPP converted",LR,Chain linked volume (rebased),LA,Annual levels,T0102,Table 0102 - GDP identity from the expenditure side,2006,,36905.8,,2020,,,,F,Free (free for publication),1,One,A,Normal value,0,Units,USD,US dollar
DATAFLOW,OECD.SDD.NAD:DSD_NAMAIN1@DF_QNA_EXPENDITURE_CAPITA(1.1),Quarterly GDP per capita,I,A,Annual,Y,Calendar and seasonally adjusted,SVN,Slovenia,S1,Total economy,S1,Total economy,B1GQ_POP,"Gross domestic product, per capita",_Z,Not applicable,_Z,Not applicable,_Z,Not applicable,USD_PPP_PS,"US dollars per person, PPP converted",LR,Chain linked volume (rebased),LA,Annual levels,T0102,Table 0102 - GDP identity from the expenditure side,2005,,34969.3,,2020,,,,F,Free (free for publication),1,One,A,Normal value,0,Units,USD,US dollar
DATAFLOW,OECD.SDD.NAD:DSD_NAMAIN1@DF_QNA_EXPENDITURE_CAPITA(1.1),Quarterly GDP per capita,I,A,Annual,Y,Calendar and seasonally adjusted,SVN,Slovenia,S1,Total economy,S1,Total economy,B1GQ_POP,"Gross domestic product, per capita",_Z,Not applicable,_Z,Not applicable,_Z,Not applicable,USD_PPP_PS,"US dollars per person, PPP converted",LR,Chain linked volume (rebased),LA,Annual levels,T0102,Table 0102 - GDP identity from the expenditure side,2004,,33731.3,,2020,,,,F,Free (free for publication),1,One,A,Normal value,0,Units,USD,US dollar
DATAFLOW,OECD.SDD.NAD:DSD_NAMAIN1@DF_QNA_EXPENDITURE_CAPITA(1.1),Quarterly GDP per capita,I,A,Annual,Y,Calendar and seasonally adjusted,SVN,Slovenia,S1,Total economy,S1,Total economy,B1GQ_POP,"Gross domestic product, per capita",_Z,Not applicable,_Z,Not applicable,_Z,Not applicable,USD_PPP_PS,"US dollars per person, PPP converted",LR,Chain linked volume (rebased),LA,Annual levels,T0102,Table 0102 - GDP identity from the expenditure side,2003,,32280.6,,2020,,,,F,Free (free for publication),1,One,A,Normal value,0,Units,USD,US dollar
DATAFLOW,OECD.SDD.NAD:DSD_NAMAIN1@DF_QNA_EXPENDITURE_CAPITA(1.1),Quarterly GDP per capita,I,A,Annual,Y,Calendar and seasonally adjusted,SVN,Slovenia,S1,Total economy,S1,Total economy,B1GQ_POP,"Gross domestic product, per capita",_Z,Not applicable,_Z,Not applicable,_Z,Not applicable,USD_PPP_PS,"US dollars per person, PPP converted",LR,Chain linked volume (rebased),LA,Annual levels,T0102,Table 0102 - GDP identity from the expenditure side,2002,,31300.7,,2020,,,,F,Free (free for publication),1,One,A,Normal value,0,Units,USD,US dollar
DATAFLOW,OECD.SDD.NAD:DSD_NAMAIN1@DF_QNA_EXPENDITURE_CAPITA(1.1),Quarterly GDP per capita,I,A,Annual,Y,Calendar and seasonally adjusted,SVN,Slovenia,S1,Total economy,S1,Total economy,B1GQ_POP,"Gross domestic product, per capita",_Z,Not applicable,_Z,Not applicable,_Z,Not applicable,USD_PPP_PS,"US dollars per person, PPP converted",LR,Chain linked volume (rebased),LA,Annual levels,T0102,Table 0102 - GDP identity from the expenditure side,2001,,30352.8,,2020,,,,F,Free (free for publication),1,One,A,Normal value,0,Units,USD,US dollar
DATAFLOW,OECD.SDD.NAD:DSD_NAMAIN1@DF_QNA_EXPENDITURE_CAPITA(1.1),Quarterly GDP per capita,I,A,Annual,Y,Calendar and seasonally adjusted,SVN,Slovenia,S1,Total economy,S1,Total economy,B1GQ_POP,"Gross domestic product, per capita",_Z,Not applicable,_Z,Not applicable,_Z,Not applicable,USD_PPP_PS,"US dollars per person, PPP converted",LR,Chain linked volume (rebased),LA,Annual levels,T0102,Table 0102 - GDP identity from the expenditure side,2000,,29555.7,,2020,,,,F,Free (free for publication),1,One,A,Normal value,0,Units,USD,US dollar
DATAFLOW,OECD.SDD.NAD:DSD_NAMAIN1@DF_QNA_EXPENDITURE_CAPITA(1.1),Quarterly GDP per capita,I,A,Annual,Y,Calendar and seasonally adjusted,SVN,Slovenia,S1,Total economy,S1,Total economy,B1GQ_POP,"Gross domestic product, per capita",_Z,Not applicable,_Z,Not applicable,_Z,Not applicable,USD_PPP_PS,"US dollars per person, PPP converted",V,Current prices,LA,Annual levels,T0102,Table 0102 - GDP identity from the expenditure side,2024,,57605.7,,,,,,F,Free (free for publication),1,One,A,Normal value,0,Units,USD,US dollar
DATAFLOW,OECD.SDD.NAD:DSD_NAMAIN1@DF_QNA_EXPENDITURE_CAPITA(1.1),Quarterly GDP per capita,I,A,Annual,Y,Calendar and seasonally adjusted,SVN,Slovenia,S1,Total economy,S1,Total economy,B1GQ_POP,"Gross domestic product, per capita",_Z,Not applicable,_Z,Not applicable,_Z,Not applicable,USD_PPP_PS,"US dollars per person, PPP converted",V,Current prices,LA,Annual levels,T0102,Table 0102 - GDP identity from the expenditure side,2023,,56148.5,,,,,,F,Free (free for publication),1,One,A,Normal value,0,Units,USD,US dollar
DATAFLOW,OECD.SDD.NAD:DSD_NAMAIN1@DF_QNA_EXPENDITURE_CAPITA(1.1),Quarterly GDP per capita,I,A,Annual,Y,Calendar and seasonally adjusted,SVN,Slovenia,S1,Total economy,S1,Total economy,B1GQ_POP,"Gross domestic product, per capita",_Z,Not applicable,_Z,Not applicable,_Z,Not applicable,USD_PPP_PS,"US dollars per person, PPP converted",V,Current prices,LA,Annual levels,T0102,Table 0102 - GDP identity from the expenditure side,2022,,52388.7,,,,,,F,Free (free for publication),1,One,A,Normal value,0,Units,USD,US dollar
DATAFLOW,OECD.SDD.NAD:DSD_NAMAIN1@DF_QNA_EXPENDITURE_CAPITA(1.1),Quarterly GDP per capita,I,A,Annual,Y,Calendar and seasonally adjusted,SVN,Slovenia,S1,Total economy,S1,Total economy,B1GQ_POP,"Gross domestic product, per capita",_Z,Not applicable,_Z,Not applicable,_Z,Not applicable,USD_PPP_PS,"US dollars per person, PPP converted",V,Current prices,LA,Annual levels,T0102,Table 0102 - GDP identity from the expenditure side,2021,,45930.3,,,,,,F,Free (free for publication),1,One,A,Normal value,0,Units,USD,US dollar
DATAFLOW,OECD.SDD.NAD:DSD_NAMAIN1@DF_QNA_EXPENDITURE_CAPITA(1.1),Quarterly GDP per capita,I,A,Annual,Y,Calendar and seasonally adjusted,SVN,Slovenia,S1,Total economy,S1,Total economy,B1GQ_POP,"Gross domestic product, per capita",_Z,Not applicable,_Z,Not applicable,_Z,Not applicable,USD_PPP_PS,"US dollars per person, PPP converted",V,Current prices,LA,Annual levels,T0102,Table 0102 - GDP identity from the expenditure side,2020,,41759.6,,,,,,F,Free (free for publication),1,One,A,Normal value,0,Units,USD,US dollar
DATAFLOW,OECD.SDD.NAD:DSD_NAMAIN1@DF_QNA_EXPENDITURE_CAPITA(1.1),Quarterly GDP per capita,I,A,Annual,Y,Calendar and seasonally adjusted,SVN,Slovenia,S1,Total economy,S1,Total economy,B1GQ_POP,"Gross domestic product, per capita",_Z,Not applicable,_Z,Not applicable,_Z,Not applicable,USD_PPP_PS,"US dollars per person, PPP converted",V,Current prices,LA,Annual levels,T0102,Table 0102 - GDP identity from the expenditure side,2019,,42360.5,,,,,,F,Free (free for publication),1,One,A,Normal value,0,Units,USD,US dollar
DATAFLOW,OECD.SDD.NAD:DSD_NAMAIN1@DF_QNA_EXPENDITURE_CAPITA(1.1),Quarterly GDP per capita,I,A,Annual,Y,Calendar and seasonally adjusted,SVN,Slovenia,S1,Total economy,S1,Total economy,B1GQ_POP,"Gross domestic product, per capita",_Z,Not applicable,_Z,Not applicable,_Z,Not applicable,USD_PPP_PS,"US dollars per person, PPP converted",V,Current prices,LA,Annual levels,T0102,Table 0102 - GDP identity from the expenditure side,2018,,38656.3,,,,,,F,Free (free for publication),1,One,A,Normal value,0,Units,USD,US dollar
DATAFLOW,OECD.SDD.NAD:DSD_NAMAIN1@DF_QNA_EXPENDITURE_CAPITA(1.1),Quarterly GDP per capita,I,A,Annual,Y,Calendar and seasonally adjusted,SVN,Slovenia,S1,Total economy,S1,Total economy,B1GQ_POP,"Gross domestic product, per capita",_Z,Not applicable,_Z,Not applicable,_Z,Not applicable,USD_PPP_PS,"US dollars per person, PPP converted",LR,Chain linked volume (rebased),LA,Annual levels,T0102,Table 0102 - GDP identity from the expenditure side,2022,,46337.4,,2020,,,,F,Free (free for publication),1,One,A,Normal value,0,Units,USD,US dollar
DATAFLOW,OECD.SDD.NAD:DSD_NAMAIN1@DF_QNA_EXPENDITURE_CAPITA(1.1),Quarterly GDP per capita,I,A,Annual,Y,Calendar and seasonally adjusted,SVN,Slovenia,S1,Total economy,S1,Total economy,B1GQ_POP,"Gross domestic product, per capita",_Z,Not applicable,_Z,Not applicable,_Z,Not applicable,USD_PPP_PS,"US dollars per person, PPP converted",LR,Chain linked volume (rebased),LA,Annual levels,T0102,Table 0102 - GDP identity from the expenditure side,2021,,45168.6,,2020,,,,F,Free (free for publication),1,One,A,Normal value,0,Units,USD,US dollar
DATAFLOW,OECD.SDD.NAD:DSD_NAMAIN1@DF_QNA_EXPENDITURE_CAPITA(1.1),Quarterly GDP per capita,I,A,Annual,Y,Calendar and seasonally adjusted,SVN,Slovenia,S1,Total economy,S1,Total economy,B1GQ_POP,"Gross domestic product, per capita",_Z,Not applicable,_Z,Not applicable,_Z,Not applicable,USD_PPP_PS,"US dollars per person, PPP converted",LR,Chain linked volume (rebased),LA,Annual levels,T0102,Table 0102 - GDP identity from the expenditure side,2020,,41759.6,,2020,,,,F,Free (free for publication),1,One,A,Normal value,0,Units,USD,US dollar
DATAFLOW,OECD.SDD.NAD:DSD_NAMAIN1@DF_QNA_EXPENDITURE_CAPITA(1.1),Quarterly GDP per capita,I,A,Annual,Y,Calendar and seasonally adjusted,SVN,Slovenia,S1,Total economy,S1,Total economy,B1GQ_POP,"Gross domestic product, per capita",_Z,Not applicable,_Z,Not applicable,_Z,Not applicable,USD_PPP_PS,"US dollars per person, PPP converted",LR,Chain linked volume (rebased),LA,Annual levels,T0102,Table 0102 - GDP identity from the expenditure side,2019,,43825.5,,2020,,,,F,Free (free for publication),1,One,A,Normal value,0,Units,USD,US dollar
DATAFLOW,OECD.SDD.NAD:DSD_NAMAIN1@DF_QNA_EXPENDITURE_CAPITA(1.1),Quarterly GDP per capita,I,A,Annual,Y,Calendar and seasonally adjusted,SVN,Slovenia,S1,Total economy,S1,Total economy,B1GQ_POP,"Gross domestic product, per capita",_Z,Not applicable,_Z,Not applicable,_Z,Not applicable,USD_PPP_PS,"US dollars per person, PPP converted",LR,Chain linked volume (rebased),LA,Annual levels,T0102,Table 0102 - GDP identity from the expenditure side,2018,,42689.9,,2020,,,,F,Free (free for publication),1,One,A,Normal value,0,Units,USD,US dollar
DATAFLOW,OECD.SDD.NAD:DSD_NAMAIN1@DF_QNA_EXPENDITURE_CAPITA(1.1),Quarterly GDP per capita,I,A,Annual,Y,Calendar and seasonally adjusted,SVN,Slovenia,S1,Total economy,S1,Total economy,B1GQ_POP,"Gross domestic product, per capita",_Z,Not applicable,_Z,Not applicable,_Z,Not applicable,USD_PPP_PS,"US dollars per person, PPP converted",LR,Chain linked volume (rebased),LA,Annual levels,T0102,Table 0102 - GDP identity from the expenditure side,2017,,41020.4,,2020,,,,F,Free (free for publication),1,One,A,Normal value,0,Units,USD,US dollar
DATAFLOW,OECD.SDD.NAD:DSD_NAMAIN1@DF_QNA_EXPENDITURE_CAPITA(1.1),Quarterly GDP per capita,I,A,Annual,Y,Calendar and seasonally adjusted,SVN,Slovenia,S1,Total economy,S1,Total economy,B1GQ_POP,"Gross domestic product, per capita",_Z,Not applicable,_Z,Not applicable,_Z,Not applicable,USD_PPP_PS,"US dollars per person, PPP converted",LR,Chain linked volume (rebased),LA,Annual levels,T0102,Table 0102 - GDP identity from the expenditure side,2016,,39024.7,,2020,,,,F,Free (free for publication),1,One,A,Normal value,0,Units,USD,US dollar
DATAFLOW,OECD.SDD.NAD:DSD_NAMAIN1@DF_QNA_EXPENDITURE_CAPITA(1.1),Quarterly GDP per capita,I,A,Annual,Y,Calendar and seasonally adjusted,SVN,Slovenia,S1,Total economy,S1,Total economy,B1GQ_POP,"Gross domestic product, per capita",_Z,Not applicable,_Z,Not applicable,_Z,Not applicable,USD_PPP_PS,"US dollars per person, PPP converted",LR,Chain linked volume (rebased),LA,Annual levels,T0102,Table 0102 - GDP identity from the expenditure side,2015,,37899.9,,2020,,,,F,Free (free for publication),1,One,A,Normal value,0,Units,USD,US dollar
DATAFLOW,OECD.SDD.NAD:DSD_NAMAIN1@DF_QNA_EXPENDITURE_CAPITA(1.1),Quarterly GDP per capita,I,A,Annual,Y,Calendar and seasonally adjusted,SVN,Slovenia,S1,Total economy,S1,Total economy,B1GQ_POP,"Gross domestic product, per capita",_Z,Not applicable,_Z,Not applicable,_Z,Not applicable,USD_PPP_PS,"US dollars per person, PPP converted",LR,Chain linked volume (rebased),LA,Annual levels,T0102,Table 0102 - GDP identity from the expenditure side,2014,,37040.9,,2020,,,,F,Free (free for publication),1,One,A,Normal value,0,Units,USD,US dollar
DATAFLOW,OECD.SDD.NAD:DSD_NAMAIN1@DF_QNA_EXPENDITURE_CAPITA(1.1),Quarterly GDP per capita,I,A,Annual,Y,Calendar and seasonally adjusted,CHE,Switzerland,S1,Total economy,S1,Total economy,B1GQ_POP,"Gross domestic product, per capita",_Z,Not applicable,_Z,Not applicable,_Z,Not applicable,USD_PPP_PS,"US dollars per person, PPP converted",V,Current prices,LA,Annual levels,T0102,Table 0102 - GDP identity from the expenditure side,2014,,64694.9,,,,,,F,Free (free for publication),1,One,A,Normal value,0,Units,USD,US dollar
DATAFLOW,OECD.SDD.NAD:DSD_NAMAIN1@DF_QNA_EXPENDITURE_CAPITA(1.1),Quarterly GDP per capita,I,A,Annual,Y,Calendar and seasonally adjusted,CHE,Switzerland,S1,Total economy,S1,Total economy,B1GQ_POP,"Gross domestic product, per capita",_Z,Not applicable,_Z,Not applicable,_Z,Not applicable,USD_PPP_PS,"US dollars per person, PPP converted",V,Current prices,LA,Annual levels,T0102,Table 0102 - GDP identity from the expenditure side,2009,,53657.4,,,,,,F,Free (free for publication),1,One,A,Normal value,0,Units,USD,US dollar
DATAFLOW,OECD.SDD.NAD:DSD_NAMAIN1@DF_QNA_EXPENDITURE_CAPITA(1.1),Quarterly GDP per capita,I,A,Annual,Y,Calendar and seasonally adjusted,CHE,Switzerland,S1,Total economy,S1,Total economy,B1GQ_POP,"Gross domestic product, per capita",_Z,Not applicable,_Z,Not applicable,_Z,Not applicable,USD_PPP_PS,"US dollars per person, PPP converted",V,Current prices,LA,Annual levels,T0102,Table 0102 - GDP identity from the expenditure side,2008,,54199.3,,,,,,F,Free (free for publication),1,One,A,Normal value,0,Units,USD,US dollar
DATAFLOW,OECD.SDD.NAD:DSD_NAMAIN1@DF_QNA_EXPENDITURE_CAPITA(1.1),Quarterly GDP per capita,I,A,Annual,Y,Calendar and seasonally adjusted,CHE,Switzerland,S1,Total economy,S1,Total economy,B1GQ_POP,"Gross domestic product, per capita",_Z,Not applicable,_Z,Not applicable,_Z,Not applicable,USD_PPP_PS,"US dollars per person, PPP converted",V,Current prices,LA,Annual levels,T0102,Table 0102 - GDP identity from the expenditure side,2007,,51438.6,,,,,,F,Free (free for publication),1,One,A,Normal value,0,Units,USD,US dollar
DATAFLOW,OECD.SDD.NAD:DSD_NAMAIN1@DF_QNA_EXPENDITURE_CAPITA(1.1),Quarterly GDP per capita,I,A,Annual,Y,Calendar and seasonally adjusted,CHE,Switzerland,S1,Total economy,S1,Total economy,B1GQ_POP,"Gross domestic product, per capita",_Z,Not applicable,_Z,Not applicable,_Z,Not applicable,USD_PPP_PS,"US dollars per person, PPP converted",V,Current prices,LA,Annual levels,T0102,Table 0102 - GDP identity from the expenditure side,2006,,46656.2,,,,,,F,Free (free for publication),1,One,A,Normal value,0,Units,USD,US dollar
DATAFLOW,OECD.SDD.NAD:DSD_NAMAIN1@DF_QNA_EXPENDITURE_CAPITA(1.1),Quarterly GDP per capita,I,A,Annual,Y,Calendar and seasonally adjusted,USA,United States,S1,Total economy,S1,Total economy,B1GQ_POP,"Gross domestic product, per capita",_Z,Not applicable,_Z,Not applicable,_Z,Not applicable,USD_PPP_PS,"US dollars per person, PPP converted",V,Current prices,LA,Annual levels,T0102,Table 0102 - GDP identity from the expenditure side,2007,,47976.2,,,,,,F,Free (free for publication),1,One,A,Normal value,0,Units,USD,US dollar
DATAFLOW,OECD.SDD.NAD:DSD_NAMAIN1@DF_QNA_EXPENDITURE_CAPITA(1.1),Quarterly GDP per capita,I,A,Annual,Y,Calendar and seasonally adjusted,USA,United States,S1,Total economy,S1,Total economy,B1GQ_POP,"Gross domestic product, per capita",_Z,Not applicable,_Z,Not applicable,_Z,Not applicable,USD_PPP_PS,"US dollars per person, PPP converted",V,Current prices,LA,Annual levels,T0102,Table 0102 - GDP identity from the expenditure side,2006,,46234.2,,,,,,F,Free (free for publication),1,One,A,Normal value,0,Units,USD,US dollar
DATAFLOW,OECD.SDD.NAD:DSD_NAMAIN1@DF_QNA_EXPENDITURE_CAPITA(1.1),Quarterly GDP per capita,I,A,Annual,Y,Calendar and seasonally adjusted,USA,United States,S1,Total economy,S1,Total economy,B1GQ_POP,"Gross domestic product, per capita",_Z,Not applicable,_Z,Not applicable,_Z,Not applicable,USD_PPP_PS,"US dollars per person, PPP converted",V,Current prices,LA,Annual levels,T0102,Table 0102 - GDP identity from the expenditure side,2005,,44052.4,,,,,,F,Free (free for publication),1,One,A,Normal value,0,Units,USD,US dollar
DATAFLOW,OECD.SDD.NAD:DSD_NAMAIN1@DF_QNA_EXPENDITURE_CAPITA(1.1),Quarterly GDP per capita,I,A,Annual,Y,Calendar and seasonally adjusted,USA,United States,S1,Total economy,S1,Total economy,B1GQ_POP,"Gross domestic product, per capita",_Z,Not applicable,_Z,Not applicable,_Z,Not applicable,USD_PPP_PS,"US dollars per person, PPP converted",V,Current prices,LA,Annual levels,T0102,Table 0102 - GDP identity from the expenditure side,2004,,41659.6,,,,,,F,Free (free for publication),1,One,A,Normal value,0,Units,USD,US dollar
DATAFLOW,OECD.SDD.NAD:DSD_NAMAIN1@DF_QNA_EXPENDITURE_CAPITA(1.1),Quarterly GDP per capita,I,A,Annual,Y,Calendar and seasonally adjusted,USA,United States,S1,Total economy,S1,Total economy,B1GQ_POP,"Gross domestic product, per capita",_Z,Not applicable,_Z,Not applicable,_Z,Not applicable,USD_PPP_PS,"US dollars per person, PPP converted",V,Current prices,LA,Annual levels,T0102,Table 0102 - GDP identity from the expenditure side,2003,,39419.9,,,,,,F,Free (free for publication),1,One,A,Normal value,0,Units,USD,US dollar
DATAFLOW,OECD.SDD.NAD:DSD_NAMAIN1@DF_QNA_EXPENDITURE_CAPITA(1.1),Quarterly GDP per capita,I,A,Annual,Y,Calendar and seasonally adjusted,USA,United States,S1,Total economy,S1,Total economy,B1GQ_POP,"Gross domestic product, per capita",_Z,Not applicable,_Z,Not applicable,_Z,Not applicable,USD_PPP_PS,"US dollars per person, PPP converted",V,Current prices,LA,Annual levels,T0102,Table 0102 - GDP identity from the expenditure side,2018,,62825,,,,,,F,Free (free for publication),1,One,A,Normal value,0,Units,USD,US dollar
DATAFLOW,OECD.SDD.NAD:DSD_NAMAIN1@DF_QNA_EXPENDITURE_CAPITA(1.1),Quarterly GDP per capita,I,A,Annual,Y,Calendar and seasonally adjusted,USA,United States,S1,Total economy,S1,Total economy,B1GQ_POP,"Gross domestic product, per capita",_Z,Not applicable,_Z,Not applicable,_Z,Not applicable,USD_PPP_PS,"US dollars per person, PPP converted",V,Current prices,LA,Annual levels,T0102,Table 0102 - GDP identity from the expenditure side,2017,,60001.6,,,,,,F,Free (free for publication),1,One,A,Normal value,0,Units,USD,US dollar
DATAFLOW,OECD.SDD.NAD:DSD_NAMAIN1@DF_QNA_EXPENDITURE_CAPITA(1.1),Quarterly GDP per capita,I,A,Annual,Y,Calendar and seasonally adjusted,USA,United States,S1,Total economy,S1,Total economy,B1GQ_POP,"Gross domestic product, per capita",_Z,Not applicable,_Z,Not applicable,_Z,Not applicable,USD_PPP_PS,"US dollars per person, PPP converted",V,Current prices,LA,Annual levels,T0102,Table 0102 - GDP identity from the expenditure side,2016,,57930.9,,,,,,F,Free (free for publication),1,One,A,Normal value,0,Units,USD,US dollar
DATAFLOW,OECD.SDD.NAD:DSD_NAMAIN1@DF_QNA_EXPENDITURE_CAPITA(1.1),Quarterly GDP per capita,I,A,Annual,Y,Calendar and seasonally adjusted,USA,United States,S1,Total economy,S1,Total economy,B1GQ_POP,"Gross domestic product, per capita",_Z,Not applicable,_Z,Not applicable,_Z,Not applicable,USD_PPP_PS,"US dollars per person, PPP converted",V,Current prices,LA,Annual levels,T0102,Table 0102 - GDP identity from the expenditure side,2015,,56797,,,,,,F,Free (free for publication),1,One,A,Normal value,0,Units,USD,US dollar
DATAFLOW,OECD.SDD.NAD:DSD_NAMAIN1@DF_QNA_EXPENDITURE_CAPITA(1.1),Quarterly GDP per capita,I,A,Annual,Y,Calendar and seasonally adjusted,USA,United States,S1,Total economy,S1,Total economy,B1GQ_POP,"Gross domestic product, per capita",_Z,Not applicable,_Z,Not applicable,_Z,Not applicable,USD_PPP_PS,"US dollars per person, PPP converted",V,Current prices,LA,Annual levels,T0102,Table 0102 - GDP identity from the expenditure side,2014,,55094.2,,,,,,F,Free (free for publication),1,One,A,Normal value,0,Units,USD,US dollar
DATAFLOW,OECD.SDD.NAD:DSD_NAMAIN1@DF_QNA_EXPENDITURE_CAPITA(1.1),Quarterly GDP per capita,I,A,Annual,Y,Calendar and seasonally adjusted,USA,United States,S1,Total economy,S1,Total economy,B1GQ_POP,"Gross domestic product, per capita",_Z,Not applicable,_Z,Not applicable,_Z,Not applicable,USD_PPP_PS,"US dollars per person, PPP converted",V,Current prices,LA,Annual levels,T0102,Table 0102 - GDP identity from the expenditure side,2013,,53234.7,,,,,,F,Free (free for publication),1,One,A,Normal value,0,Units,USD,US dollar
DATAFLOW,OECD.SDD.NAD:DSD_NAMAIN1@DF_QNA_EXPENDITURE_CAPITA(1.1),Quarterly GDP per capita,I,A,Annual,Y,Calendar and seasonally adjusted,USA,United States,S1,Total economy,S1,Total economy,B1GQ_POP,"Gross domestic product, per capita",_Z,Not applicable,_Z,Not applicable,_Z,Not applicable,USD_PPP_PS,"US dollars per person, PPP converted",LR,Chain linked volume (rebased),LA,Annual levels,T0102,Table 0102 - GDP identity from the expenditure side,2016,,62139.3,,2020,,,,F,Free (free for publication),1,One,A,Normal value,0,Units,USD,US dollar
DATAFLOW,OECD.SDD.NAD:DSD_NAMAIN1@DF_QNA_EXPENDITURE_CAPITA(1.1),Quarterly GDP per capita,I,A,Annual,Y,Calendar and seasonally adjusted,USA,United States,S1,Total economy,S1,Total economy,B1GQ_POP,"Gross domestic product, per capita",_Z,Not applicable,_Z,Not applicable,_Z,Not applicable,USD_PPP_PS,"US dollars per person, PPP converted",LR,Chain linked volume (rebased),LA,Annual levels,T0102,Table 0102 - GDP identity from the expenditure side,2015,,61502,,2020,,,,F,Free (free for publication),1,One,A,Normal value,0,Units,USD,US dollar
DATAFLOW,OECD.SDD.NAD:DSD_NAMAIN1@DF_QNA_EXPENDITURE_CAPITA(1.1),Quarterly GDP per capita,I,A,Annual,Y,Calendar and seasonally adjusted,USA,United States,S1,Total economy,S1,Total economy,B1GQ_POP,"Gross domestic product, per capita",_Z,Not applicable,_Z,Not applicable,_Z,Not applicable,USD_PPP_PS,"US dollars per person, PPP converted",LR,Chain linked volume (rebased),LA,Annual levels,T0102,Table 0102 - GDP identity from the expenditure side,2014,,60211.8,,2020,,,,F,Free (free for publication),1,One,A,Normal value,0,Units,USD,US dollar
DATAFLOW,OECD.SDD.NAD:DSD_NAMAIN1@DF_QNA_EXPENDITURE_CAPITA(1.1),Quarterly GDP per capita,I,A,Annual,Y,Calendar and seasonally adjusted,USA,United States,S1,Total economy,S1,Total economy,B1GQ_POP,"Gross domestic product, per capita",_Z,Not applicable,_Z,Not applicable,_Z,Not applicable,USD_PPP_PS,"US dollars per person, PPP converted",LR,Chain linked volume (rebased),LA,Annual levels,T0102,Table 0102 - GDP identity from the expenditure side,2013,,59192.8,,2020,,,,F,Free (free for publication),1,One,A,Normal value,0,Units,USD,US dollar
DATAFLOW,OECD.SDD.NAD:DSD_NAMAIN1@DF_QNA_EXPENDITURE_CAPITA(1.1),Quarterly GDP per capita,I,A,Annual,Y,Calendar and seasonally adjusted,USA,United States,S1,Total economy,S1,Total economy,B1GQ_POP,"Gross domestic product, per capita",_Z,Not applicable,_Z,Not applicable,_Z,Not applicable,USD_PPP_PS,"US dollars per person, PPP converted",LR,Chain linked volume (rebased),LA,Annual levels,T0102,Table 0102 - GDP identity from the expenditure side,2012,,58402.5,,2020,,,,F,Free (free for publication),1,One,A,Normal value,0,Units,USD,US dollar
DATAFLOW,OECD.SDD.NAD:DSD_NAMAIN1@DF_QNA_EXPENDITURE_CAPITA(1.1),Quarterly GDP per capita,I,A,Annual,Y,Calendar and seasonally adjusted,USA,United States,S1,Total economy,S1,Total economy,B1GQ_POP,"Gross domestic product, per capita",_Z,Not applicable,_Z,Not applicable,_Z,Not applicable,USD_PPP_PS,"US dollars per person, PPP converted",LR,Chain linked volume (rebased),LA,Annual levels,T0102,Table 0102 - GDP identity from the expenditure side,2011,,57539.8,,2020,,,,F,Free (free for publication),1,One,A,Normal value,0,Units,USD,US dollar
DATAFLOW,OECD.SDD.NAD:DSD_NAMAIN1@DF_QNA_EXPENDITURE_CAPITA(1.1),Quarterly GDP per capita,I,A,Annual,Y,Calendar and seasonally adjusted,USA,United States,S1,Total economy,S1,Total economy,B1GQ_POP,"Gross domestic product, per capita",_Z,Not applicable,_Z,Not applicable,_Z,Not applicable,USD_PPP_PS,"US dollars per person, PPP converted",V,Current prices,LA,Annual levels,T0102,Table 0102 - GDP identity from the expenditure side,2011,,49951.9,,,,,,F,Free (free for publication),1,One,A,Normal value,0,Units,USD,US dollar
DATAFLOW,OECD.SDD.NAD:DSD_NAMAIN1@DF_QNA_EXPENDITURE_CAPITA(1.1),Quarterly GDP per capita,I,A,Annual,Y,Calendar and seasonally adjusted,GBR,United Kingdom,S1,Total economy,S1,Total economy,B1GQ_POP,"Gross domestic product, per capita",_Z,Not applicable,_Z,Not applicable,_Z,Not applicable,USD_PPP_PS,"US dollars per person, PPP converted",V,Current prices,LA,Annual levels,T0102,Table 0102 - GDP identity from the expenditure side,2014,,41508.5,,,,,,F,Free (free for publication),1,One,A,Normal value,0,Units,USD,US dollar
DATAFLOW,OECD.SDD.NAD:DSD_NAMAIN1@DF_QNA_EXPENDITURE_CAPITA(1.1),Quarterly GDP per capita,I,A,Annual,Y,Calendar and seasonally adjusted,TUR,Turkey,S1,Total economy,S1,Total economy,B1GQ_POP,"Gross domestic product, per capita",_Z,Not applicable,_Z,Not applicable,_Z,Not applicable,USD_PPP_PS,"US dollars per person, PPP converted",V,Current prices,LA,Annual levels,T0102,Table 0102 - GDP identity from the expenditure side,2015,,25890.2,,,,,,F,Free (free for publication),1,One,A,Normal value,0,Units,USD,US dollar
DATAFLOW,OECD.SDD.NAD:DSD_NAMAIN1@DF_QNA_EXPENDITURE_CAPITA(1.1),Quarterly GDP per capita,I,A,Annual,Y,Calendar and seasonally adjusted,CHE,Switzerland,S1,Total economy,S1,Total economy,B1GQ_POP,"Gross domestic product, per capita",_Z,Not applicable,_Z,Not applicable,_Z,Not applicable,USD_PPP_PS,"US dollars per person, PPP converted",V,Current prices,LA,Annual levels,T0102,Table 0102 - GDP identity from the expenditure side,2020,,74331.5,,,,,,F,Free (free for publication),1,One,A,Normal value,0,Units,USD,US dollar
DATAFLOW,OECD.SDD.NAD:DSD_NAMAIN1@DF_QNA_EXPENDITURE_CAPITA(1.1),Quarterly GDP per capita,I,A,Annual,Y,Calendar and seasonally adjusted,SWE,Sweden,S1,Total economy,S1,Total economy,B1GQ_POP,"Gross domestic product, per capita",_Z,Not applicable,_Z,Not applicable,_Z,Not applicable,USD_PPP_PS,"US dollars per person, PPP converted",V,Current prices,LA,Annual levels,T0102,Table 0102 - GDP identity from the expenditure side,2015,,48771.1,,,,,,F,Free (free for publication),1,One,A,Normal value,0,Units,USD,US dollar
DATAFLOW,OECD.SDD.NAD:DSD_NAMAIN1@DF_QNA_EXPENDITURE_CAPITA(1.1),Quarterly GDP per capita,I,A,Annual,Y,Calendar and seasonally adjusted,ESP,Spain,S1,Total economy,S1,Total economy,B1GQ_POP,"Gross domestic product, per capita",_Z,Not applicable,_Z,Not applicable,_Z,Not applicable,USD_PPP_PS,"US dollars per person, PPP converted",V,Current prices,LA,Annual levels,T0102,Table 0102 - GDP identity from the expenditure side,2019,,44071.5,,,,,,F,Free (free for publication),1,One,A,Normal value,0,Units,USD,US dollar
DATAFLOW,OECD.SDD.NAD:DSD_NAMAIN1@DF_QNA_EXPENDITURE_CAPITA(1.1),Quarterly GDP per capita,I,A,Annual,Y,Calendar and seasonally adjusted,SVN,Slovenia,S1,Total economy,S1,Total economy,B1GQ_POP,"Gross domestic product, per capita",_Z,Not applicable,_Z,Not applicable,_Z,Not applicable,USD_PPP_PS,"US dollars per person, PPP converted",V,Current prices,LA,Annual levels,T0102,Table 0102 - GDP identity from the expenditure side,2016,,33581.8,,,,,,F,Free (free for publication),1,One,A,Normal value,0,Units,USD,US dollar
DATAFLOW,OECD.SDD.NAD:DSD_NAMAIN1@DF_QNA_EXPENDITURE_CAPITA(1.1),Quarterly GDP per capita,I,A,Annual,Y,Calendar and seasonally adjusted,PRT,Portugal,S1,Total economy,S1,Total economy,B1GQ_POP,"Gross domestic product, per capita",_Z,Not applicable,_Z,Not applicable,_Z,Not applicable,USD_PPP_PS,"US dollars per person, PPP converted",V,Current prices,LA,Annual levels,T0102,Table 0102 - GDP identity from the expenditure side,2015,,29540.3,,,,,,F,Free (free for publication),1,One,A,Normal value,0,Units,USD,US dollar
DATAFLOW,OECD.SDD.NAD:DSD_NAMAIN1@DF_QNA_EXPENDITURE_CAPITA(1.1),Quarterly GDP per capita,I,A,Annual,Y,Calendar and seasonally adjusted,POL,Poland,S1,Total economy,S1,Total economy,B1GQ_POP,"Gross domestic product, per capita",_Z,Not applicable,_Z,Not applicable,_Z,Not applicable,USD_PPP_PS,"US dollars per person, PPP converted",V,Current prices,LA,Annual levels,T0102,Table 0102 - GDP identity from the expenditure side,2015,,26988,,,,,,F,Free (free for publication),1,One,A,Normal value,0,Units,USD,US dollar
DATAFLOW,OECD.SDD.NAD:DSD_NAMAIN1@DF_QNA_EXPENDITURE_CAPITA(1.1),Quarterly GDP per capita,I,A,Annual,Y,Calendar and seasonally adjusted,NOR,Norway,S1,Total economy,S1,Total economy,B1GQ_POP,"Gross domestic product, per capita",_Z,Not applicable,_Z,Not applicable,_Z,Not applicable,USD_PPP_PS,"US dollars per person, PPP converted",V,Current prices,LA,Annual levels,T0102,Table 0102 - GDP identity from the expenditure side,2017,,66815.7,,,,,,F,Free (free for publication),1,One,A,Normal value,0,Units,USD,US dollar
DATAFLOW,OECD.SDD.NAD:DSD_NAMAIN1@DF_QNA_EXPENDITURE_CAPITA(1.1),Quarterly GDP per capita,I,A,Annual,Y,Calendar and seasonally adjusted,NZL,New Zealand,S1,Total economy,S1,Total economy,B1GQ_POP,"Gross domestic product, per capita",_Z,Not applicable,_Z,Not applicable,_Z,Not applicable,USD_PPP_PS,"US dollars per person, PPP converted",V,Current prices,LA,Annual levels,T0102,Table 0102 - GDP identity from the expenditure side,2000,,21218.5,,,,,,F,Free (free for publication),1,One,A,Normal value,0,Units,USD,US dollar
DATAFLOW,OECD.SDD.NAD:DSD_NAMAIN1@DF_QNA_EXPENDITURE_CAPITA(1.1),Quarterly GDP per capita,I,A,Annual,Y,Calendar and seasonally adjusted,NLD,Netherlands,S1,Total economy,S1,Total economy,B1GQ_POP,"Gross domestic product, per capita",_Z,Not applicable,_Z,Not applicable,_Z,Not applicable,USD_PPP_PS,"US dollars per person, PPP converted",V,Current prices,LA,Annual levels,T0102,Table 0102 - GDP identity from the expenditure side,2016,,53162.5,,,,,,F,Free (free for publication),1,One,A,Normal value,0,Units,USD,US dollar
DATAFLOW,OECD.SDD.NAD:DSD_NAMAIN1@DF_QNA_EXPENDITURE_CAPITA(1.1),Quarterly GDP per capita,I,A,Annual,Y,Calendar and seasonally adjusted,LUX,Luxembourg,S1,Total economy,S1,Total economy,B1GQ_POP,"Gross domestic product, per capita",_Z,Not applicable,_Z,Not applicable,_Z,Not applicable,USD_PPP_PS,"US dollars per person, PPP converted",V,Current prices,LA,Annual levels,T0102,Table 0102 - GDP identity from the expenditure side,2014,,104921.4,,,,,,F,Free (free for publication),1,One,A,Normal value,0,Units,USD,US dollar
DATAFLOW,OECD.SDD.NAD:DSD_NAMAIN1@DF_QNA_EXPENDITURE_CAPITA(1.1),Quarterly GDP per capita,I,A,Annual,Y,Calendar and seasonally adjusted,LTU,Lithuania,S1,Total economy,S1,Total economy,B1GQ_POP,"Gross domestic product, per capita",_Z,Not applicable,_Z,Not applicable,_Z,Not applicable,USD_PPP_PS,"US dollars per person, PPP converted",V,Current prices,LA,Annual levels,T0102,Table 0102 - GDP identity from the expenditure side,2015,,26948.6,,,,,,F,Free (free for publication),1,One,A,Normal value,0,Units,USD,US dollar
DATAFLOW,OECD.SDD.NAD:DSD_NAMAIN1@DF_QNA_EXPENDITURE_CAPITA(1.1),Quarterly GDP per capita,I,A,Annual,Y,Calendar and seasonally adjusted,LVA,Latvia,S1,Total economy,S1,Total economy,B1GQ_POP,"Gross domestic product, per capita",_Z,Not applicable,_Z,Not applicable,_Z,Not applicable,USD_PPP_PS,"US dollars per person, PPP converted",V,Current prices,LA,Annual levels,T0102,Table 0102 - GDP identity from the expenditure side,2016,,24065.9,,,,,,F,Free (free for publication),1,One,A,Normal value,0,Units,USD,US dollar
DATAFLOW,OECD.SDD.NAD:DSD_NAMAIN1@DF_QNA_EXPENDITURE_CAPITA(1.1),Quarterly GDP per capita,I,A,Annual,Y,Calendar and seasonally adjusted,JPN,Japan,S1,Total economy,S1,Total economy,B1GQ_POP,"Gross domestic product, per capita",_Z,Not applicable,_Z,Not applicable,_Z,Not applicable,USD_PPP_PS,"US dollars per person, PPP converted",V,Current prices,LA,Annual levels,T0102,Table 0102 - GDP identity from the expenditure side,2022,,49393.2,,,,,,F,Free (free for publication),1,One,A,Normal value,0,Units,USD,US dollar
DATAFLOW,OECD.SDD.NAD:DSD_NAMAIN1@DF_QNA_EXPENDITURE_CAPITA(1.1),Quarterly GDP per capita,I,A,Annual,Y,Calendar and seasonally adjusted,ITA,Italy,S1,Total economy,S1,Total economy,B1GQ_POP,"Gross domestic product, per capita",_Z,Not applicable,_Z,Not applicable,_Z,Not applicable,USD_PPP_PS,"US dollars per person, PPP converted",V,Current prices,LA,Annual levels,T0102,Table 0102 - GDP identity from the expenditure side,2016,,40482.6,,,,,,F,Free (free for publication),1,One,A,Normal value,0,Units,USD,US dollar
DATAFLOW,OECD.SDD.NAD:DSD_NAMAIN1@DF_QNA_EXPENDITURE_CAPITA(1.1),Quarterly GDP per capita,I,A,Annual,Y,Calendar and seasonally adjusted,ISR,Israel,S1,Total economy,S1,Total economy,B1GQ_POP,"Gross domestic product, per capita",_Z,Not applicable,_Z,Not applicable,_Z,Not applicable,USD_PPP_PS,"US dollars per person, PPP converted",V,Current prices,LA,Annual levels,T0102,Table 0102 - GDP identity from the expenditure side,2015,,35155.7,,,,,,F,Free (free for publication),1,One,A,Normal value,0,Units,USD,US dollar
DATAFLOW,OECD.SDD.NAD:DSD_NAMAIN1@DF_QNA_EXPENDITURE_CAPITA(1.1),Quarterly GDP per capita,I,A,Annual,Y,Calendar and seasonally adjusted,IRL,Ireland,S1,Total economy,S1,Total economy,B1GQ_POP,"Gross domestic product, per capita",_Z,Not applicable,_Z,Not applicable,_Z,Not applicable,USD_PPP_PS,"US dollars per person, PPP converted",V,Current prices,LA,Annual levels,T0102,Table 0102 - GDP identity from the expenditure side,2016,,73098.2,,,,,,F,Free (free for publication),1,One,A,Normal value,0,Units,USD,US dollar
DATAFLOW,OECD.SDD.NAD:DSD_NAMAIN1@DF_QNA_EXPENDITURE_CAPITA(1.1),Quarterly GDP per capita,I,A,Annual,Y,Calendar and seasonally adjusted,HUN,Hungary,S1,Total economy,S1,Total economy,B1GQ_POP,"Gross domestic product, per capita",_Z,Not applicable,_Z,Not applicable,_Z,Not applicable,USD_PPP_PS,"US dollars per person, PPP converted",V,Current prices,LA,Annual levels,T0102,Table 0102 - GDP identity from the expenditure side,2017,,29741.2,,,,,,F,Free (free for publication),1,One,A,Normal value,0,Units,USD,US dollar
DATAFLOW,OECD.SDD.NAD:DSD_NAMAIN1@DF_QNA_EXPENDITURE_CAPITA(1.1),Quarterly GDP per capita,I,A,Annual,Y,Calendar and seasonally adjusted,DEU,Germany,S1,Total economy,S1,Total economy,B1GQ_POP,"Gross domestic product, per capita",_Z,Not applicable,_Z,Not applicable,_Z,Not applicable,USD_PPP_PS,"US dollars per person, PPP converted",V,Current prices,LA,Annual levels,T0102,Table 0102 - GDP identity from the expenditure side,2017,,54551.3,,,,,,F,Free (free for publication),1,One,A,Normal value,0,Units,USD,US dollar
DATAFLOW,OECD.SDD.NAD:DSD_NAMAIN1@DF_QNA_EXPENDITURE_CAPITA(1.1),Quarterly GDP per capita,I,A,Annual,Y,Calendar and seasonally adjusted,SWE,Sweden,S1,Total economy,S1,Total economy,B1GQ_POP,"Gross domestic product, per capita",_Z,Not applicable,_Z,Not applicable,_Z,Not applicable,USD_PPP_PS,"US dollars per person, PPP converted",V,Current prices,LA,Annual levels,T0102,Table 0102 - GDP identity from the expenditure side,2001,,29943.2,,,,,,F,Free (free for publication),1,One,A,Normal value,0,Units,USD,US dollar
DATAFLOW,OECD.SDD.NAD:DSD_NAMAIN1@DF_QNA_EXPENDITURE_CAPITA(1.1),Quarterly GDP per capita,I,A,Annual,Y,Calendar and seasonally adjusted,SWE,Sweden,S1,Total economy,S1,Total economy,B1GQ_POP,"Gross domestic product, per capita",_Z,Not applicable,_Z,Not applicable,_Z,Not applicable,USD_PPP_PS,"US dollars per person, PPP converted",V,Current prices,LA,Annual levels,T0102,Table 0102 - GDP identity from the expenditure side,2004,,33804.8,,,,,,F,Free (free for publication),1,One,A,Normal value,0,Units,USD,US dollar
DATAFLOW,OECD.SDD.NAD:DSD_NAMAIN1@DF_QNA_EXPENDITURE_CAPITA(1.1),Quarterly GDP per capita,I,A,Annual,Y,Calendar and seasonally adjusted,SWE,Sweden,S1,Total economy,S1,Total economy,B1GQ_POP,"Gross domestic product, per capita",_Z,Not applicable,_Z,Not applicable,_Z,Not applicable,USD_PPP_PS,"US dollars per person, PPP converted",V,Current prices,LA,Annual levels,T0102,Table 0102 - GDP identity from the expenditure side,2003,,31789.1,,,,,,F,Free (free for publication),1,One,A,Normal value,0,Units,USD,US dollar
DATAFLOW,OECD.SDD.NAD:DSD_NAMAIN1@DF_QNA_EXPENDITURE_CAPITA(1.1),Quarterly GDP per capita,I,A,Annual,Y,Calendar and seasonally adjusted,SWE,Sweden,S1,Total economy,S1,Total economy,B1GQ_POP,"Gross domestic product, per capita",_Z,Not applicable,_Z,Not applicable,_Z,Not applicable,USD_PPP_PS,"US dollars per person, PPP converted",V,Current prices,LA,Annual levels,T0102,Table 0102 - GDP identity from the expenditure side,2012,,45216.9,,,,,,F,Free (free for publication),1,One,A,Normal value,0,Units,USD,US dollar
DATAFLOW,OECD.SDD.NAD:DSD_NAMAIN1@DF_QNA_EXPENDITURE_CAPITA(1.1),Quarterly GDP per capita,I,A,Annual,Y,Calendar and seasonally adjusted,SWE,Sweden,S1,Total economy,S1,Total economy,B1GQ_POP,"Gross domestic product, per capita",_Z,Not applicable,_Z,Not applicable,_Z,Not applicable,USD_PPP_PS,"US dollars per person, PPP converted",V,Current prices,LA,Annual levels,T0102,Table 0102 - GDP identity from the expenditure side,2011,,44334.2,,,,,,F,Free (free for publication),1,One,A,Normal value,0,Units,USD,US dollar
DATAFLOW,OECD.SDD.NAD:DSD_NAMAIN1@DF_QNA_EXPENDITURE_CAPITA(1.1),Quarterly GDP per capita,I,A,Annual,Y,Calendar and seasonally adjusted,SWE,Sweden,S1,Total economy,S1,Total economy,B1GQ_POP,"Gross domestic product, per capita",_Z,Not applicable,_Z,Not applicable,_Z,Not applicable,USD_PPP_PS,"US dollars per person, PPP converted",V,Current prices,LA,Annual levels,T0102,Table 0102 - GDP identity from the expenditure side,2010,,41956.3,,,,,,F,Free (free for publication),1,One,A,Normal value,0,Units,USD,US dollar
DATAFLOW,OECD.SDD.NAD:DSD_NAMAIN1@DF_QNA_EXPENDITURE_CAPITA(1.1),Quarterly GDP per capita,I,A,Annual,Y,Calendar and seasonally adjusted,SWE,Sweden,S1,Total economy,S1,Total economy,B1GQ_POP,"Gross domestic product, per capita",_Z,Not applicable,_Z,Not applicable,_Z,Not applicable,USD_PPP_PS,"US dollars per person, PPP converted",V,Current prices,LA,Annual levels,T0102,Table 0102 - GDP identity from the expenditure side,2009,,40102.5,,,,,,F,Free (free for publication),1,One,A,Normal value,0,Units,USD,US dollar
DATAFLOW,OECD.SDD.NAD:DSD_NAMAIN1@DF_QNA_EXPENDITURE_CAPITA(1.1),Quarterly GDP per capita,I,A,Annual,Y,Calendar and seasonally adjusted,SWE,Sweden,S1,Total economy,S1,Total economy,B1GQ_POP,"Gross domestic product, per capita",_Z,Not applicable,_Z,Not applicable,_Z,Not applicable,USD_PPP_PS,"US dollars per person, PPP converted",V,Current prices,LA,Annual levels,T0102,Table 0102 - GDP identity from the expenditure side,2008,,41913.5,,,,,,F,Free (free for publication),1,One,A,Normal value,0,Units,USD,US dollar
DATAFLOW,OECD.SDD.NAD:DSD_NAMAIN1@DF_QNA_EXPENDITURE_CAPITA(1.1),Quarterly GDP per capita,I,A,Annual,Y,Calendar and seasonally adjusted,SWE,Sweden,S1,Total economy,S1,Total economy,B1GQ_POP,"Gross domestic product, per capita",_Z,Not applicable,_Z,Not applicable,_Z,Not applicable,USD_PPP_PS,"US dollars per person, PPP converted",V,Current prices,LA,Annual levels,T0102,Table 0102 - GDP identity from the expenditure side,2007,,40821.9,,,,,,F,Free (free for publication),1,One,A,Normal value,0,Units,USD,US dollar
DATAFLOW,OECD.SDD.NAD:DSD_NAMAIN1@DF_QNA_EXPENDITURE_CAPITA(1.1),Quarterly GDP per capita,I,A,Annual,Y,Calendar and seasonally adjusted,SWE,Sweden,S1,Total economy,S1,Total economy,B1GQ_POP,"Gross domestic product, per capita",_Z,Not applicable,_Z,Not applicable,_Z,Not applicable,USD_PPP_PS,"US dollars per person, PPP converted",V,Current prices,LA,Annual levels,T0102,Table 0102 - GDP identity from the expenditure side,2006,,37660.1,,,,,,F,Free (free for publication),1,One,A,Normal value,0,Units,USD,US dollar
DATAFLOW,OECD.SDD.NAD:DSD_NAMAIN1@DF_QNA_EXPENDITURE_CAPITA(1.1),Quarterly GDP per capita,I,A,Annual,Y,Calendar and seasonally adjusted,SWE,Sweden,S1,Total economy,S1,Total economy,B1GQ_POP,"Gross domestic product, per capita",_Z,Not applicable,_Z,Not applicable,_Z,Not applicable,USD_PPP_PS,"US dollars per person, PPP converted",V,Current prices,LA,Annual levels,T0102,Table 0102 - GDP identity from the expenditure side,2005,,34208.9,,,,,,F,Free (free for publication),1,One,A,Normal value,0,Units,USD,US dollar
DATAFLOW,OECD.SDD.NAD:DSD_NAMAIN1@DF_QNA_EXPENDITURE_CAPITA(1.1),Quarterly GDP per capita,I,A,Annual,Y,Calendar and seasonally adjusted,SWE,Sweden,S1,Total economy,S1,Total economy,B1GQ_POP,"Gross domestic product, per capita",_Z,Not applicable,_Z,Not applicable,_Z,Not applicable,USD_PPP_PS,"US dollars per person, PPP converted",V,Current prices,LA,Annual levels,T0102,Table 0102 - GDP identity from the expenditure side,2024,,70811.5,,,,,,F,Free (free for publication),1,One,A,Normal value,0,Units,USD,US dollar
DATAFLOW,OECD.SDD.NAD:DSD_NAMAIN1@DF_QNA_EXPENDITURE_CAPITA(1.1),Quarterly GDP per capita,I,A,Annual,Y,Calendar and seasonally adjusted,SWE,Sweden,S1,Total economy,S1,Total economy,B1GQ_POP,"Gross domestic product, per capita",_Z,Not applicable,_Z,Not applicable,_Z,Not applicable,USD_PPP_PS,"US dollars per person, PPP converted",LR,Chain linked volume (rebased),LA,Annual levels,T0102,Table 0102 - GDP identity from the expenditure side,2014,,55093,,2020,,,,F,Free (free for publication),1,One,A,Normal value,0,Units,USD,US dollar
DATAFLOW,OECD.SDD.NAD:DSD_NAMAIN1@DF_QNA_EXPENDITURE_CAPITA(1.1),Quarterly GDP per capita,I,A,Annual,Y,Calendar and seasonally adjusted,SWE,Sweden,S1,Total economy,S1,Total economy,B1GQ_POP,"Gross domestic product, per capita",_Z,Not applicable,_Z,Not applicable,_Z,Not applicable,USD_PPP_PS,"US dollars per person, PPP converted",LR,Chain linked volume (rebased),LA,Annual levels,T0102,Table 0102 - GDP identity from the expenditure side,2012,,54256.6,,2020,,,,F,Free (free for publication),1,One,A,Normal value,0,Units,USD,US dollar
DATAFLOW,OECD.SDD.NAD:DSD_NAMAIN1@DF_QNA_EXPENDITURE_CAPITA(1.1),Quarterly GDP per capita,I,A,Annual,Y,Calendar and seasonally adjusted,SWE,Sweden,S1,Total economy,S1,Total economy,B1GQ_POP,"Gross domestic product, per capita",_Z,Not applicable,_Z,Not applicable,_Z,Not applicable,USD_PPP_PS,"US dollars per person, PPP converted",LR,Chain linked volume (rebased),LA,Annual levels,T0102,Table 0102 - GDP identity from the expenditure side,2011,,54877.1,,2020,,,,F,Free (free for publication),1,One,A,Normal value,0,Units,USD,US dollar
DATAFLOW,OECD.SDD.NAD:DSD_NAMAIN1@DF_QNA_EXPENDITURE_CAPITA(1.1),Quarterly GDP per capita,I,A,Annual,Y,Calendar and seasonally adjusted,SWE,Sweden,S1,Total economy,S1,Total economy,B1GQ_POP,"Gross domestic product, per capita",_Z,Not applicable,_Z,Not applicable,_Z,Not applicable,USD_PPP_PS,"US dollars per person, PPP converted",LR,Chain linked volume (rebased),LA,Annual levels,T0102,Table 0102 - GDP identity from the expenditure side,2010,,53601.4,,2020,,,,F,Free (free for publication),1,One,A,Normal value,0,Units,USD,US dollar
DATAFLOW,OECD.SDD.NAD:DSD_NAMAIN1@DF_QNA_EXPENDITURE_CAPITA(1.1),Quarterly GDP per capita,I,A,Annual,Y,Calendar and seasonally adjusted,SWE,Sweden,S1,Total economy,S1,Total economy,B1GQ_POP,"Gross domestic product, per capita",_Z,Not applicable,_Z,Not applicable,_Z,Not applicable,USD_PPP_PS,"US dollars per person, PPP converted",LR,Chain linked volume (rebased),LA,Annual levels,T0102,Table 0102 - GDP identity from the expenditure side,2008,,53852,,2020,,,,F,Free (free for publication),1,One,A,Normal value,0,Units,USD,US dollar
DATAFLOW,OECD.SDD.NAD:DSD_NAMAIN1@DF_QNA_EXPENDITURE_CAPITA(1.1),Quarterly GDP per capita,I,A,Annual,Y,Calendar and seasonally adjusted,SWE,Sweden,S1,Total economy,S1,Total economy,B1GQ_POP,"Gross domestic product, per capita",_Z,Not applicable,_Z,Not applicable,_Z,Not applicable,USD_PPP_PS,"US dollars per person, PPP converted",LR,Chain linked volume (rebased),LA,Annual levels,T0102,Table 0102 - GDP identity from the expenditure side,2000,,46212.9,,2020,,,,F,Free (free for publication),1,One,A,Normal value,0,Units,USD,US dollar
DATAFLOW,OECD.SDD.NAD:DSD_NAMAIN1@DF_QNA_EXPENDITURE_CAPITA(1.1),Quarterly GDP per capita,I,A,Annual,Y,Calendar and seasonally adjusted,SWE,Sweden,S1,Total economy,S1,Total economy,B1GQ_POP,"Gross domestic product, per capita",_Z,Not applicable,_Z,Not applicable,_Z,Not applicable,USD_PPP_PS,"US dollars per person, PPP converted",LR,Chain linked volume (rebased),LA,Annual levels,T0102,Table 0102 - GDP identity from the expenditure side,2002,,47610.8,,2020,,,,F,Free (free for publication),1,One,A,Normal value,0,Units,USD,US dollar
DATAFLOW,OECD.SDD.NAD:DSD_NAMAIN1@DF_QNA_EXPENDITURE_CAPITA(1.1),Quarterly GDP per capita,I,A,Annual,Y,Calendar and seasonally adjusted,SWE,Sweden,S1,Total economy,S1,Total economy,B1GQ_POP,"Gross domestic product, per capita",_Z,Not applicable,_Z,Not applicable,_Z,Not applicable,USD_PPP_PS,"US dollars per person, PPP converted",LR,Chain linked volume (rebased),LA,Annual levels,T0102,Table 0102 - GDP identity from the expenditure side,2001,,46707.5,,2020,,,,F,Free (free for publication),1,One,A,Normal value,0,Units,USD,US dollar
DATAFLOW,OECD.SDD.NAD:DSD_NAMAIN1@DF_QNA_EXPENDITURE_CAPITA(1.1),Quarterly GDP per capita,I,A,Annual,Y,Calendar and seasonally adjusted,SWE,Sweden,S1,Total economy,S1,Total economy,B1GQ_POP,"Gross domestic product, per capita",_Z,Not applicable,_Z,Not applicable,_Z,Not applicable,USD_PPP_PS,"US dollars per person, PPP converted",LR,Chain linked volume (rebased),LA,Annual levels,T0102,Table 0102 - GDP identity from the expenditure side,2007,,54782.2,,2020,,,,F,Free (free for publication),1,One,A,Normal value,0,Units,USD,US dollar
DATAFLOW,OECD.SDD.NAD:DSD_NAMAIN1@DF_QNA_EXPENDITURE_CAPITA(1.1),Quarterly GDP per capita,I,A,Annual,Y,Calendar and seasonally adjusted,SWE,Sweden,S1,Total economy,S1,Total economy,B1GQ_POP,"Gross domestic product, per capita",_Z,Not applicable,_Z,Not applicable,_Z,Not applicable,USD_PPP_PS,"US dollars per person, PPP converted",LR,Chain linked volume (rebased),LA,Annual levels,T0102,Table 0102 - GDP identity from the expenditure side,2024,,60040.9,,2020,,,,F,Free (free for publication),1,One,A,Normal value,0,Units,USD,US dollar
DATAFLOW,OECD.SDD.NAD:DSD_NAMAIN1@DF_QNA_EXPENDITURE_CAPITA(1.1),Quarterly GDP per capita,I,A,Annual,Y,Calendar and seasonally adjusted,SWE,Sweden,S1,Total economy,S1,Total economy,B1GQ_POP,"Gross domestic product, per capita",_Z,Not applicable,_Z,Not applicable,_Z,Not applicable,USD_PPP_PS,"US dollars per person, PPP converted",LR,Chain linked volume (rebased),LA,Annual levels,T0102,Table 0102 - GDP identity from the expenditure side,2015,,56920.8,,2020,,,,F,Free (free for publication),1,One,A,Normal value,0,Units,USD,US dollar
DATAFLOW,OECD.SDD.NAD:DSD_NAMAIN1@DF_QNA_EXPENDITURE_CAPITA(1.1),Quarterly GDP per capita,I,A,Annual,Y,Calendar and seasonally adjusted,SWE,Sweden,S1,Total economy,S1,Total economy,B1GQ_POP,"Gross domestic product, per capita",_Z,Not applicable,_Z,Not applicable,_Z,Not applicable,USD_PPP_PS,"US dollars per person, PPP converted",LR,Chain linked volume (rebased),LA,Annual levels,T0102,Table 0102 - GDP identity from the expenditure side,2013,,54406.8,,2020,,,,F,Free (free for publication),1,One,A,Normal value,0,Units,USD,US dollar
DATAFLOW,OECD.SDD.NAD:DSD_NAMAIN1@DF_QNA_EXPENDITURE_CAPITA(1.1),Quarterly GDP per capita,I,A,Annual,Y,Calendar and seasonally adjusted,SWE,Sweden,S1,Total economy,S1,Total economy,B1GQ_POP,"Gross domestic product, per capita",_Z,Not applicable,_Z,Not applicable,_Z,Not applicable,USD_PPP_PS,"US dollars per person, PPP converted",LR,Chain linked volume (rebased),LA,Annual levels,T0102,Table 0102 - GDP identity from the expenditure side,2009,,51125.4,,2020,,,,F,Free (free for publication),1,One,A,Normal value,0,Units,USD,US dollar
DATAFLOW,OECD.SDD.NAD:DSD_NAMAIN1@DF_QNA_EXPENDITURE_CAPITA(1.1),Quarterly GDP per capita,I,A,Annual,Y,Calendar and seasonally adjusted,SWE,Sweden,S1,Total economy,S1,Total economy,B1GQ_POP,"Gross domestic product, per capita",_Z,Not applicable,_Z,Not applicable,_Z,Not applicable,USD_PPP_PS,"US dollars per person, PPP converted",V,Current prices,LA,Annual levels,T0102,Table 0102 - GDP identity from the expenditure side,2023,,68052.5,,,,,,F,Free (free for publication),1,One,A,Normal value,0,Units,USD,US dollar
DATAFLOW,OECD.SDD.NAD:DSD_NAMAIN1@DF_QNA_EXPENDITURE_CAPITA(1.1),Quarterly GDP per capita,I,A,Annual,Y,Calendar and seasonally adjusted,SWE,Sweden,S1,Total economy,S1,Total economy,B1GQ_POP,"Gross domestic product, per capita",_Z,Not applicable,_Z,Not applicable,_Z,Not applicable,USD_PPP_PS,"US dollars per person, PPP converted",V,Current prices,LA,Annual levels,T0102,Table 0102 - GDP identity from the expenditure side,2022,,66263.4,,,,,,F,Free (free for publication),1,One,A,Normal value,0,Units,USD,US dollar
DATAFLOW,OECD.SDD.NAD:DSD_NAMAIN1@DF_QNA_EXPENDITURE_CAPITA(1.1),Quarterly GDP per capita,I,A,Annual,Y,Calendar and seasonally adjusted,SWE,Sweden,S1,Total economy,S1,Total economy,B1GQ_POP,"Gross domestic product, per capita",_Z,Not applicable,_Z,Not applicable,_Z,Not applicable,USD_PPP_PS,"US dollars per person, PPP converted",V,Current prices,LA,Annual levels,T0102,Table 0102 - GDP identity from the expenditure side,2021,,62173.6,,,,,,F,Free (free for publication),1,One,A,Normal value,0,Units,USD,US dollar
DATAFLOW,OECD.SDD.NAD:DSD_NAMAIN1@DF_QNA_EXPENDITURE_CAPITA(1.1),Quarterly GDP per capita,I,A,Annual,Y,Calendar and seasonally adjusted,SWE,Sweden,S1,Total economy,S1,Total economy,B1GQ_POP,"Gross domestic product, per capita",_Z,Not applicable,_Z,Not applicable,_Z,Not applicable,USD_PPP_PS,"US dollars per person, PPP converted",V,Current prices,LA,Annual levels,T0102,Table 0102 - GDP identity from the expenditure side,2020,,57374.1,,,,,,F,Free (free for publication),1,One,A,Normal value,0,Units,USD,US dollar
DATAFLOW,OECD.SDD.NAD:DSD_NAMAIN1@DF_QNA_EXPENDITURE_CAPITA(1.1),Quarterly GDP per capita,I,A,Annual,Y,Calendar and seasonally adjusted,SWE,Sweden,S1,Total economy,S1,Total economy,B1GQ_POP,"Gross domestic product, per capita",_Z,Not applicable,_Z,Not applicable,_Z,Not applicable,USD_PPP_PS,"US dollars per person, PPP converted",V,Current prices,LA,Annual levels,T0102,Table 0102 - GDP identity from the expenditure side,2019,,56881.1,,,,,,F,Free (free for publication),1,One,A,Normal value,0,Units,USD,US dollar
DATAFLOW,OECD.SDD.NAD:DSD_NAMAIN1@DF_QNA_EXPENDITURE_CAPITA(1.1),Quarterly GDP per capita,I,A,Annual,Y,Calendar and seasonally adjusted,SWE,Sweden,S1,Total economy,S1,Total economy,B1GQ_POP,"Gross domestic product, per capita",_Z,Not applicable,_Z,Not applicable,_Z,Not applicable,USD_PPP_PS,"US dollars per person, PPP converted",V,Current prices,LA,Annual levels,T0102,Table 0102 - GDP identity from the expenditure side,2018,,52962.3,,,,,,F,Free (free for publication),1,One,A,Normal value,0,Units,USD,US dollar
DATAFLOW,OECD.SDD.NAD:DSD_NAMAIN1@DF_QNA_EXPENDITURE_CAPITA(1.1),Quarterly GDP per capita,I,A,Annual,Y,Calendar and seasonally adjusted,SWE,Sweden,S1,Total economy,S1,Total economy,B1GQ_POP,"Gross domestic product, per capita",_Z,Not applicable,_Z,Not applicable,_Z,Not applicable,USD_PPP_PS,"US dollars per person, PPP converted",V,Current prices,LA,Annual levels,T0102,Table 0102 - GDP identity from the expenditure side,2017,,51385.5,,,,,,F,Free (free for publication),1,One,A,Normal value,0,Units,USD,US dollar
DATAFLOW,OECD.SDD.NAD:DSD_NAMAIN1@DF_QNA_EXPENDITURE_CAPITA(1.1),Quarterly GDP per capita,I,A,Annual,Y,Calendar and seasonally adjusted,SWE,Sweden,S1,Total economy,S1,Total economy,B1GQ_POP,"Gross domestic product, per capita",_Z,Not applicable,_Z,Not applicable,_Z,Not applicable,USD_PPP_PS,"US dollars per person, PPP converted",LR,Chain linked volume (rebased),LA,Annual levels,T0102,Table 0102 - GDP identity from the expenditure side,2003,,48338.5,,2020,,,,F,Free (free for publication),1,One,A,Normal value,0,Units,USD,US dollar
DATAFLOW,OECD.SDD.NAD:DSD_NAMAIN1@DF_QNA_EXPENDITURE_CAPITA(1.1),Quarterly GDP per capita,I,A,Annual,Y,Calendar and seasonally adjusted,SWE,Sweden,S1,Total economy,S1,Total economy,B1GQ_POP,"Gross domestic product, per capita",_Z,Not applicable,_Z,Not applicable,_Z,Not applicable,USD_PPP_PS,"US dollars per person, PPP converted",LR,Chain linked volume (rebased),LA,Annual levels,T0102,Table 0102 - GDP identity from the expenditure side,2023,,59612.9,,2020,,,,F,Free (free for publication),1,One,A,Normal value,0,Units,USD,US dollar
DATAFLOW,OECD.SDD.NAD:DSD_NAMAIN1@DF_QNA_EXPENDITURE_CAPITA(1.1),Quarterly GDP per capita,I,A,Annual,Y,Calendar and seasonally adjusted,SWE,Sweden,S1,Total economy,S1,Total economy,B1GQ_POP,"Gross domestic product, per capita",_Z,Not applicable,_Z,Not applicable,_Z,Not applicable,USD_PPP_PS,"US dollars per person, PPP converted",LR,Chain linked volume (rebased),LA,Annual levels,T0102,Table 0102 - GDP identity from the expenditure side,2022,,60144.7,,2020,,,,F,Free (free for publication),1,One,A,Normal value,0,Units,USD,US dollar
DATAFLOW,OECD.SDD.NAD:DSD_NAMAIN1@DF_QNA_EXPENDITURE_CAPITA(1.1),Quarterly GDP per capita,I,A,Annual,Y,Calendar and seasonally adjusted,SWE,Sweden,S1,Total economy,S1,Total economy,B1GQ_POP,"Gross domestic product, per capita",_Z,Not applicable,_Z,Not applicable,_Z,Not applicable,USD_PPP_PS,"US dollars per person, PPP converted",LR,Chain linked volume (rebased),LA,Annual levels,T0102,Table 0102 - GDP identity from the expenditure side,2021,,60017.4,,2020,,,,F,Free (free for publication),1,One,A,Normal value,0,Units,USD,US dollar
DATAFLOW,OECD.SDD.NAD:DSD_NAMAIN1@DF_QNA_EXPENDITURE_CAPITA(1.1),Quarterly GDP per capita,I,A,Annual,Y,Calendar and seasonally adjusted,SWE,Sweden,S1,Total economy,S1,Total economy,B1GQ_POP,"Gross domestic product, per capita",_Z,Not applicable,_Z,Not applicable,_Z,Not applicable,USD_PPP_PS,"US dollars per person, PPP converted",LR,Chain linked volume (rebased),LA,Annual levels,T0102,Table 0102 - GDP identity from the expenditure side,2020,,57374.1,,2020,,,,F,Free (free for publication),1,One,A,Normal value,0,Units,USD,US dollar
DATAFLOW,OECD.SDD.NAD:DSD_NAMAIN1@DF_QNA_EXPENDITURE_CAPITA(1.1),Quarterly GDP per capita,I,A,Annual,Y,Calendar and seasonally adjusted,SWE,Sweden,S1,Total economy,S1,Total economy,B1GQ_POP,"Gross domestic product, per capita",_Z,Not applicable,_Z,Not applicable,_Z,Not applicable,USD_PPP_PS,"US dollars per person, PPP converted",LR,Chain linked volume (rebased),LA,Annual levels,T0102,Table 0102 - GDP identity from the expenditure side,2019,,58922.9,,2020,,,,F,Free (free for publication),1,One,A,Normal value,0,Units,USD,US dollar
DATAFLOW,OECD.SDD.NAD:DSD_NAMAIN1@DF_QNA_EXPENDITURE_CAPITA(1.1),Quarterly GDP per capita,I,A,Annual,Y,Calendar and seasonally adjusted,SWE,Sweden,S1,Total economy,S1,Total economy,B1GQ_POP,"Gross domestic product, per capita",_Z,Not applicable,_Z,Not applicable,_Z,Not applicable,USD_PPP_PS,"US dollars per person, PPP converted",LR,Chain linked volume (rebased),LA,Annual levels,T0102,Table 0102 - GDP identity from the expenditure side,2018,,58039.6,,2020,,,,F,Free (free for publication),1,One,A,Normal value,0,Units,USD,US dollar
DATAFLOW,OECD.SDD.NAD:DSD_NAMAIN1@DF_QNA_EXPENDITURE_CAPITA(1.1),Quarterly GDP per capita,I,A,Annual,Y,Calendar and seasonally adjusted,SWE,Sweden,S1,Total economy,S1,Total economy,B1GQ_POP,"Gross domestic product, per capita",_Z,Not applicable,_Z,Not applicable,_Z,Not applicable,USD_PPP_PS,"US dollars per person, PPP converted",LR,Chain linked volume (rebased),LA,Annual levels,T0102,Table 0102 - GDP identity from the expenditure side,2017,,57694.9,,2020,,,,F,Free (free for publication),1,One,A,Normal value,0,Units,USD,US dollar
DATAFLOW,OECD.SDD.NAD:DSD_NAMAIN1@DF_QNA_EXPENDITURE_CAPITA(1.1),Quarterly GDP per capita,I,A,Annual,Y,Calendar and seasonally adjusted,SWE,Sweden,S1,Total economy,S1,Total economy,B1GQ_POP,"Gross domestic product, per capita",_Z,Not applicable,_Z,Not applicable,_Z,Not applicable,USD_PPP_PS,"US dollars per person, PPP converted",LR,Chain linked volume (rebased),LA,Annual levels,T0102,Table 0102 - GDP identity from the expenditure side,2016,,57442.5,,2020,,,,F,Free (free for publication),1,One,A,Normal value,0,Units,USD,US dollar
DATAFLOW,OECD.SDD.NAD:DSD_NAMAIN1@DF_QNA_EXPENDITURE_CAPITA(1.1),Quarterly GDP per capita,I,A,Annual,Y,Calendar and seasonally adjusted,SWE,Sweden,S1,Total economy,S1,Total economy,B1GQ_POP,"Gross domestic product, per capita",_Z,Not applicable,_Z,Not applicable,_Z,Not applicable,USD_PPP_PS,"US dollars per person, PPP converted",LR,Chain linked volume (rebased),LA,Annual levels,T0102,Table 0102 - GDP identity from the expenditure side,2006,,53437.4,,2020,,,,F,Free (free for publication),1,One,A,Normal value,0,Units,USD,US dollar
DATAFLOW,OECD.SDD.NAD:DSD_NAMAIN1@DF_QNA_EXPENDITURE_CAPITA(1.1),Quarterly GDP per capita,I,A,Annual,Y,Calendar and seasonally adjusted,SWE,Sweden,S1,Total economy,S1,Total economy,B1GQ_POP,"Gross domestic product, per capita",_Z,Not applicable,_Z,Not applicable,_Z,Not applicable,USD_PPP_PS,"US dollars per person, PPP converted",LR,Chain linked volume (rebased),LA,Annual levels,T0102,Table 0102 - GDP identity from the expenditure side,2005,,51369.8,,2020,,,,F,Free (free for publication),1,One,A,Normal value,0,Units,USD,US dollar
DATAFLOW,OECD.SDD.NAD:DSD_NAMAIN1@DF_QNA_EXPENDITURE_CAPITA(1.1),Quarterly GDP per capita,I,A,Annual,Y,Calendar and seasonally adjusted,SWE,Sweden,S1,Total economy,S1,Total economy,B1GQ_POP,"Gross domestic product, per capita",_Z,Not applicable,_Z,Not applicable,_Z,Not applicable,USD_PPP_PS,"US dollars per person, PPP converted",LR,Chain linked volume (rebased),LA,Annual levels,T0102,Table 0102 - GDP identity from the expenditure side,2004,,50158.7,,2020,,,,F,Free (free for publication),1,One,A,Normal value,0,Units,USD,US dollar
DATAFLOW,OECD.SDD.NAD:DSD_NAMAIN1@DF_QNA_EXPENDITURE_CAPITA(1.1),Quarterly GDP per capita,I,A,Annual,Y,Calendar and seasonally adjusted,SWE,Sweden,S1,Total economy,S1,Total economy,B1GQ_POP,"Gross domestic product, per capita",_Z,Not applicable,_Z,Not applicable,_Z,Not applicable,USD_PPP_PS,"US dollars per person, PPP converted",V,Current prices,LA,Annual levels,T0102,Table 0102 - GDP identity from the expenditure side,2016,,50215,,,,,,F,Free (free for publication),1,One,A,Normal value,0,Units,USD,US dollar
DATAFLOW,OECD.SDD.NAD:DSD_NAMAIN1@DF_QNA_EXPENDITURE_CAPITA(1.1),Quarterly GDP per capita,I,A,Annual,Y,Calendar and seasonally adjusted,AUT,Austria,S1,Total economy,S1,Total economy,B1GQ_POP,"Gross domestic product, per capita",_Z,Not applicable,_Z,Not applicable,_Z,Not applicable,USD_PPP_PS,"US dollars per person, PPP converted",V,Current prices,LA,Annual levels,T0102,Table 0102 - GDP identity from the expenditure side,2018,,56654.6,,,,,,F,Free (free for publication),1,One,A,Normal value,0,Units,USD,US dollar
DATAFLOW,OECD.SDD.NAD:DSD_NAMAIN1@DF_QNA_EXPENDITURE_CAPITA(1.1),Quarterly GDP per capita,I,A,Annual,Y,Calendar and seasonally adjusted,AUS,Australia,S1,Total economy,S1,Total economy,B1GQ_POP,"Gross domestic product, per capita",_Z,Not applicable,_Z,Not applicable,_Z,Not applicable,USD_PPP_PS,"US dollars per person, PPP converted",V,Current prices,LA,Annual levels,T0102,Table 0102 - GDP identity from the expenditure side,2020,,54021.4,,,,,,F,Free (free for publication),1,One,A,Normal value,0,Units,USD,US dollar
DATAFLOW,OECD.SDD.NAD:DSD_NAMAIN1@DF_QNA_EXPENDITURE_CAPITA(1.1),Quarterly GDP per capita,I,A,Annual,Y,Calendar and seasonally adjusted,USA,United States,S1,Total economy,S1,Total economy,B1GQ_POP,"Gross domestic product, per capita",_Z,Not applicable,_Z,Not applicable,_Z,Not applicable,USD_PPP_PS,"US dollars per person, PPP converted",LR,Chain linked volume (rebased),LA,Annual levels,T0102,Table 0102 - GDP identity from the expenditure side,2010,,57102.7,,2020,,,,F,Free (free for publication),1,One,A,Normal value,0,Units,USD,US dollar
DATAFLOW,OECD.SDD.NAD:DSD_NAMAIN1@DF_QNA_EXPENDITURE_CAPITA(1.1),Quarterly GDP per capita,I,A,Annual,Y,Calendar and seasonally adjusted,USA,United States,S1,Total economy,S1,Total economy,B1GQ_POP,"Gross domestic product, per capita",_Z,Not applicable,_Z,Not applicable,_Z,Not applicable,USD_PPP_PS,"US dollars per person, PPP converted",LR,Chain linked volume (rebased),LA,Annual levels,T0102,Table 0102 - GDP identity from the expenditure side,2009,,56074.3,,2020,,,,F,Free (free for publication),1,One,A,Normal value,0,Units,USD,US dollar
DATAFLOW,OECD.SDD.NAD:DSD_NAMAIN1@DF_QNA_EXPENDITURE_CAPITA(1.1),Quarterly GDP per capita,I,A,Annual,Y,Calendar and seasonally adjusted,TUR,Turkey,S1,Total economy,S1,Total economy,B1GQ_POP,"Gross domestic product, per capita",_Z,Not applicable,_Z,Not applicable,_Z,Not applicable,USD_PPP_PS,"US dollars per person, PPP converted",LR,Chain linked volume (rebased),LA,Annual levels,T0102,Table 0102 - GDP identity from the expenditure side,2024,,36444.6,,2020,,,,F,Free (free for publication),1,One,E,Estimated value,0,Units,USD,US dollar
DATAFLOW,OECD.SDD.NAD:DSD_NAMAIN1@DF_QNA_EXPENDITURE_CAPITA(1.1),Quarterly GDP per capita,I,A,Annual,Y,Calendar and seasonally adjusted,KOR,Korea,S1,Total economy,S1,Total economy,B1GQ_POP,"Gross domestic product, per capita",_Z,Not applicable,_Z,Not applicable,_Z,Not applicable,USD_PPP_PS,"US dollars per person, PPP converted",LR,Chain linked volume (rebased),LA,Annual levels,T0102,Table 0102 - GDP identity from the expenditure side,2016,,44694.8,,2020,,,,F,Free (free for publication),1,One,E,Estimated value,0,Units,USD,US dollar
DATAFLOW,OECD.SDD.NAD:DSD_NAMAIN1@DF_QNA_EXPENDITURE_CAPITA(1.1),Quarterly GDP per capita,I,A,Annual,Y,Calendar and seasonally adjusted,KOR,Korea,S1,Total economy,S1,Total economy,B1GQ_POP,"Gross domestic product, per capita",_Z,Not applicable,_Z,Not applicable,_Z,Not applicable,USD_PPP_PS,"US dollars per person, PPP converted",LR,Chain linked volume (rebased),LA,Annual levels,T0102,Table 0102 - GDP identity from the expenditure side,2015,,43493.3,,2020,,,,F,Free (free for publication),1,One,E,Estimated value,0,Units,USD,US dollar
DATAFLOW,OECD.SDD.NAD:DSD_NAMAIN1@DF_QNA_EXPENDITURE_CAPITA(1.1),Quarterly GDP per capita,I,A,Annual,Y,Calendar and seasonally adjusted,KOR,Korea,S1,Total economy,S1,Total economy,B1GQ_POP,"Gross domestic product, per capita",_Z,Not applicable,_Z,Not applicable,_Z,Not applicable,USD_PPP_PS,"US dollars per person, PPP converted",LR,Chain linked volume (rebased),LA,Annual levels,T0102,Table 0102 - GDP identity from the expenditure side,2014,,42482.3,,2020,,,,F,Free (free for publication),1,One,E,Estimated value,0,Units,USD,US dollar
DATAFLOW,OECD.SDD.NAD:DSD_NAMAIN1@DF_QNA_EXPENDITURE_CAPITA(1.1),Quarterly GDP per capita,I,A,Annual,Y,Calendar and seasonally adjusted,KOR,Korea,S1,Total economy,S1,Total economy,B1GQ_POP,"Gross domestic product, per capita",_Z,Not applicable,_Z,Not applicable,_Z,Not applicable,USD_PPP_PS,"US dollars per person, PPP converted",LR,Chain linked volume (rebased),LA,Annual levels,T0102,Table 0102 - GDP identity from the expenditure side,2013,,41418.7,,2020,,,,F,Free (free for publication),1,One,E,Estimated value,0,Units,USD,US dollar
DATAFLOW,OECD.SDD.NAD:DSD_NAMAIN1@DF_QNA_EXPENDITURE_CAPITA(1.1),Quarterly GDP per capita,I,A,Annual,Y,Calendar and seasonally adjusted,KOR,Korea,S1,Total economy,S1,Total economy,B1GQ_POP,"Gross domestic product, per capita",_Z,Not applicable,_Z,Not applicable,_Z,Not applicable,USD_PPP_PS,"US dollars per person, PPP converted",LR,Chain linked volume (rebased),LA,Annual levels,T0102,Table 0102 - GDP identity from the expenditure side,2012,,40281.9,,2020,,,,F,Free (free for publication),1,One,E,Estimated value,0,Units,USD,US dollar
DATAFLOW,OECD.SDD.NAD:DSD_NAMAIN1@DF_QNA_EXPENDITURE_CAPITA(1.1),Quarterly GDP per capita,I,A,Annual,Y,Calendar and seasonally adjusted,KOR,Korea,S1,Total economy,S1,Total economy,B1GQ_POP,"Gross domestic product, per capita",_Z,Not applicable,_Z,Not applicable,_Z,Not applicable,USD_PPP_PS,"US dollars per person, PPP converted",LR,Chain linked volume (rebased),LA,Annual levels,T0102,Table 0102 - GDP identity from the expenditure side,2011,,39488,,2020,,,,F,Free (free for publication),1,One,E,Estimated value,0,Units,USD,US dollar
DATAFLOW,OECD.SDD.NAD:DSD_NAMAIN1@DF_QNA_EXPENDITURE_CAPITA(1.1),Quarterly GDP per capita,I,A,Annual,Y,Calendar and seasonally adjusted,KOR,Korea,S1,Total economy,S1,Total economy,B1GQ_POP,"Gross domestic product, per capita",_Z,Not applicable,_Z,Not applicable,_Z,Not applicable,USD_PPP_PS,"US dollars per person, PPP converted",LR,Chain linked volume (rebased),LA,Annual levels,T0102,Table 0102 - GDP identity from the expenditure side,2010,,38377.8,,2020,,,,F,Free (free for publication),1,One,E,Estimated value,0,Units,USD,US dollar
DATAFLOW,OECD.SDD.NAD:DSD_NAMAIN1@DF_QNA_EXPENDITURE_CAPITA(1.1),Quarterly GDP per capita,I,A,Annual,Y,Calendar and seasonally adjusted,KOR,Korea,S1,Total economy,S1,Total economy,B1GQ_POP,"Gross domestic product, per capita",_Z,Not applicable,_Z,Not applicable,_Z,Not applicable,USD_PPP_PS,"US dollars per person, PPP converted",LR,Chain linked volume (rebased),LA,Annual levels,T0102,Table 0102 - GDP identity from the expenditure side,2009,,36052.2,,2020,,,,F,Free (free for publication),1,One,E,Estimated value,0,Units,USD,US dollar
DATAFLOW,OECD.SDD.NAD:DSD_NAMAIN1@DF_QNA_EXPENDITURE_CAPITA(1.1),Quarterly GDP per capita,I,A,Annual,Y,Calendar and seasonally adjusted,KOR,Korea,S1,Total economy,S1,Total economy,B1GQ_POP,"Gross domestic product, per capita",_Z,Not applicable,_Z,Not applicable,_Z,Not applicable,USD_PPP_PS,"US dollars per person, PPP converted",V,Current prices,LA,Annual levels,T0102,Table 0102 - GDP identity from the expenditure side,2011,,33944,,,,,,F,Free (free for publication),1,One,E,Estimated value,0,Units,USD,US dollar
DATAFLOW,OECD.SDD.NAD:DSD_NAMAIN1@DF_QNA_EXPENDITURE_CAPITA(1.1),Quarterly GDP per capita,I,A,Annual,Y,Calendar and seasonally adjusted,KOR,Korea,S1,Total economy,S1,Total economy,B1GQ_POP,"Gross domestic product, per capita",_Z,Not applicable,_Z,Not applicable,_Z,Not applicable,USD_PPP_PS,"US dollars per person, PPP converted",V,Current prices,LA,Annual levels,T0102,Table 0102 - GDP identity from the expenditure side,2009,,30739.9,,,,,,F,Free (free for publication),1,One,E,Estimated value,0,Units,USD,US dollar
DATAFLOW,OECD.SDD.NAD:DSD_NAMAIN1@DF_QNA_EXPENDITURE_CAPITA(1.1),Quarterly GDP per capita,I,A,Annual,Y,Calendar and seasonally adjusted,KOR,Korea,S1,Total economy,S1,Total economy,B1GQ_POP,"Gross domestic product, per capita",_Z,Not applicable,_Z,Not applicable,_Z,Not applicable,USD_PPP_PS,"US dollars per person, PPP converted",V,Current prices,LA,Annual levels,T0102,Table 0102 - GDP identity from the expenditure side,2008,,31210.9,,,,,,F,Free (free for publication),1,One,E,Estimated value,0,Units,USD,US dollar
DATAFLOW,OECD.SDD.NAD:DSD_NAMAIN1@DF_QNA_EXPENDITURE_CAPITA(1.1),Quarterly GDP per capita,I,A,Annual,Y,Calendar and seasonally adjusted,KOR,Korea,S1,Total economy,S1,Total economy,B1GQ_POP,"Gross domestic product, per capita",_Z,Not applicable,_Z,Not applicable,_Z,Not applicable,USD_PPP_PS,"US dollars per person, PPP converted",V,Current prices,LA,Annual levels,T0102,Table 0102 - GDP identity from the expenditure side,2007,,30255.2,,,,,,F,Free (free for publication),1,One,E,Estimated value,0,Units,USD,US dollar
DATAFLOW,OECD.SDD.NAD:DSD_NAMAIN1@DF_QNA_EXPENDITURE_CAPITA(1.1),Quarterly GDP per capita,I,A,Annual,Y,Calendar and seasonally adjusted,KOR,Korea,S1,Total economy,S1,Total economy,B1GQ_POP,"Gross domestic product, per capita",_Z,Not applicable,_Z,Not applicable,_Z,Not applicable,USD_PPP_PS,"US dollars per person, PPP converted",V,Current prices,LA,Annual levels,T0102,Table 0102 - GDP identity from the expenditure side,2006,,27972.6,,,,,,F,Free (free for publication),1,One,E,Estimated value,0,Units,USD,US dollar
DATAFLOW,OECD.SDD.NAD:DSD_NAMAIN1@DF_QNA_EXPENDITURE_CAPITA(1.1),Quarterly GDP per capita,I,A,Annual,Y,Calendar and seasonally adjusted,KOR,Korea,S1,Total economy,S1,Total economy,B1GQ_POP,"Gross domestic product, per capita",_Z,Not applicable,_Z,Not applicable,_Z,Not applicable,USD_PPP_PS,"US dollars per person, PPP converted",V,Current prices,LA,Annual levels,T0102,Table 0102 - GDP identity from the expenditure side,2005,,26179.1,,,,,,F,Free (free for publication),1,One,E,Estimated value,0,Units,USD,US dollar
DATAFLOW,OECD.SDD.NAD:DSD_NAMAIN1@DF_QNA_EXPENDITURE_CAPITA(1.1),Quarterly GDP per capita,I,A,Annual,Y,Calendar and seasonally adjusted,KOR,Korea,S1,Total economy,S1,Total economy,B1GQ_POP,"Gross domestic product, per capita",_Z,Not applicable,_Z,Not applicable,_Z,Not applicable,USD_PPP_PS,"US dollars per person, PPP converted",V,Current prices,LA,Annual levels,T0102,Table 0102 - GDP identity from the expenditure side,2004,,24657.9,,,,,,F,Free (free for publication),1,One,E,Estimated value,0,Units,USD,US dollar
DATAFLOW,OECD.SDD.NAD:DSD_NAMAIN1@DF_QNA_EXPENDITURE_CAPITA(1.1),Quarterly GDP per capita,I,A,Annual,Y,Calendar and seasonally adjusted,KOR,Korea,S1,Total economy,S1,Total economy,B1GQ_POP,"Gross domestic product, per capita",_Z,Not applicable,_Z,Not applicable,_Z,Not applicable,USD_PPP_PS,"US dollars per person, PPP converted",V,Current prices,LA,Annual levels,T0102,Table 0102 - GDP identity from the expenditure side,2003,,22919.9,,,,,,F,Free (free for publication),1,One,E,Estimated value,0,Units,USD,US dollar
DATAFLOW,OECD.SDD.NAD:DSD_NAMAIN1@DF_QNA_EXPENDITURE_CAPITA(1.1),Quarterly GDP per capita,I,A,Annual,Y,Calendar and seasonally adjusted,KOR,Korea,S1,Total economy,S1,Total economy,B1GQ_POP,"Gross domestic product, per capita",_Z,Not applicable,_Z,Not applicable,_Z,Not applicable,USD_PPP_PS,"US dollars per person, PPP converted",V,Current prices,LA,Annual levels,T0102,Table 0102 - GDP identity from the expenditure side,2002,,22173.4,,,,,,F,Free (free for publication),1,One,E,Estimated value,0,Units,USD,US dollar
DATAFLOW,OECD.SDD.NAD:DSD_NAMAIN1@DF_QNA_EXPENDITURE_CAPITA(1.1),Quarterly GDP per capita,I,A,Annual,Y,Calendar and seasonally adjusted,KOR,Korea,S1,Total economy,S1,Total economy,B1GQ_POP,"Gross domestic product, per capita",_Z,Not applicable,_Z,Not applicable,_Z,Not applicable,USD_PPP_PS,"US dollars per person, PPP converted",V,Current prices,LA,Annual levels,T0102,Table 0102 - GDP identity from the expenditure side,2001,,20442.3,,,,,,F,Free (free for publication),1,One,E,Estimated value,0,Units,USD,US dollar
DATAFLOW,OECD.SDD.NAD:DSD_NAMAIN1@DF_QNA_EXPENDITURE_CAPITA(1.1),Quarterly GDP per capita,I,A,Annual,Y,Calendar and seasonally adjusted,KOR,Korea,S1,Total economy,S1,Total economy,B1GQ_POP,"Gross domestic product, per capita",_Z,Not applicable,_Z,Not applicable,_Z,Not applicable,USD_PPP_PS,"US dollars per person, PPP converted",V,Current prices,LA,Annual levels,T0102,Table 0102 - GDP identity from the expenditure side,2000,,19237,,,,,,F,Free (free for publication),1,One,E,Estimated value,0,Units,USD,US dollar
DATAFLOW,OECD.SDD.NAD:DSD_NAMAIN1@DF_QNA_EXPENDITURE_CAPITA(1.1),Quarterly GDP per capita,I,A,Annual,Y,Calendar and seasonally adjusted,KOR,Korea,S1,Total economy,S1,Total economy,B1GQ_POP,"Gross domestic product, per capita",_Z,Not applicable,_Z,Not applicable,_Z,Not applicable,USD_PPP_PS,"US dollars per person, PPP converted",V,Current prices,LA,Annual levels,T0102,Table 0102 - GDP identity from the expenditure side,2024,,61051.4,,,,,,F,Free (free for publication),1,One,E,Estimated value,0,Units,USD,US dollar
DATAFLOW,OECD.SDD.NAD:DSD_NAMAIN1@DF_QNA_EXPENDITURE_CAPITA(1.1),Quarterly GDP per capita,I,A,Annual,Y,Calendar and seasonally adjusted,KOR,Korea,S1,Total economy,S1,Total economy,B1GQ_POP,"Gross domestic product, per capita",_Z,Not applicable,_Z,Not applicable,_Z,Not applicable,USD_PPP_PS,"US dollars per person, PPP converted",V,Current prices,LA,Annual levels,T0102,Table 0102 - GDP identity from the expenditure side,2023,,57429.4,,,,,,F,Free (free for publication),1,One,E,Estimated value,0,Units,USD,US dollar
DATAFLOW,OECD.SDD.NAD:DSD_NAMAIN1@DF_QNA_EXPENDITURE_CAPITA(1.1),Quarterly GDP per capita,I,A,Annual,Y,Calendar and seasonally adjusted,KOR,Korea,S1,Total economy,S1,Total economy,B1GQ_POP,"Gross domestic product, per capita",_Z,Not applicable,_Z,Not applicable,_Z,Not applicable,USD_PPP_PS,"US dollars per person, PPP converted",V,Current prices,LA,Annual levels,T0102,Table 0102 - GDP identity from the expenditure side,2022,,55508.9,,,,,,F,Free (free for publication),1,One,E,Estimated value,0,Units,USD,US dollar
DATAFLOW,OECD.SDD.NAD:DSD_NAMAIN1@DF_QNA_EXPENDITURE_CAPITA(1.1),Quarterly GDP per capita,I,A,Annual,Y,Calendar and seasonally adjusted,KOR,Korea,S1,Total economy,S1,Total economy,B1GQ_POP,"Gross domestic product, per capita",_Z,Not applicable,_Z,Not applicable,_Z,Not applicable,USD_PPP_PS,"US dollars per person, PPP converted",V,Current prices,LA,Annual levels,T0102,Table 0102 - GDP identity from the expenditure side,2021,,51717.8,,,,,,F,Free (free for publication),1,One,E,Estimated value,0,Units,USD,US dollar
DATAFLOW,OECD.SDD.NAD:DSD_NAMAIN1@DF_QNA_EXPENDITURE_CAPITA(1.1),Quarterly GDP per capita,I,A,Annual,Y,Calendar and seasonally adjusted,KOR,Korea,S1,Total economy,S1,Total economy,B1GQ_POP,"Gross domestic product, per capita",_Z,Not applicable,_Z,Not applicable,_Z,Not applicable,USD_PPP_PS,"US dollars per person, PPP converted",V,Current prices,LA,Annual levels,T0102,Table 0102 - GDP identity from the expenditure side,2020,,47881.7,,,,,,F,Free (free for publication),1,One,E,Estimated value,0,Units,USD,US dollar
DATAFLOW,OECD.SDD.NAD:DSD_NAMAIN1@DF_QNA_EXPENDITURE_CAPITA(1.1),Quarterly GDP per capita,I,A,Annual,Y,Calendar and seasonally adjusted,KOR,Korea,S1,Total economy,S1,Total economy,B1GQ_POP,"Gross domestic product, per capita",_Z,Not applicable,_Z,Not applicable,_Z,Not applicable,USD_PPP_PS,"US dollars per person, PPP converted",V,Current prices,LA,Annual levels,T0102,Table 0102 - GDP identity from the expenditure side,2019,,46511.1,,,,,,F,Free (free for publication),1,One,E,Estimated value,0,Units,USD,US dollar
DATAFLOW,OECD.SDD.NAD:DSD_NAMAIN1@DF_QNA_EXPENDITURE_CAPITA(1.1),Quarterly GDP per capita,I,A,Annual,Y,Calendar and seasonally adjusted,KOR,Korea,S1,Total economy,S1,Total economy,B1GQ_POP,"Gross domestic product, per capita",_Z,Not applicable,_Z,Not applicable,_Z,Not applicable,USD_PPP_PS,"US dollars per person, PPP converted",LR,Chain linked volume (rebased),LA,Annual levels,T0102,Table 0102 - GDP identity from the expenditure side,2023,,52395.6,,2020,,,,F,Free (free for publication),1,One,E,Estimated value,0,Units,USD,US dollar
DATAFLOW,OECD.SDD.NAD:DSD_NAMAIN1@DF_QNA_EXPENDITURE_CAPITA(1.1),Quarterly GDP per capita,I,A,Annual,Y,Calendar and seasonally adjusted,ISL,Iceland,S1,Total economy,S1,Total economy,B1GQ_POP,"Gross domestic product, per capita",_Z,Not applicable,_Z,Not applicable,_Z,Not applicable,USD_PPP_PS,"US dollars per person, PPP converted",LR,Chain linked volume (rebased),LA,Annual levels,T0102,Table 0102 - GDP identity from the expenditure side,2011,,55351.8,,2020,,,,F,Free (free for publication),1,One,P,Provisional value,0,Units,USD,US dollar
DATAFLOW,OECD.SDD.NAD:DSD_NAMAIN1@DF_QNA_EXPENDITURE_CAPITA(1.1),Quarterly GDP per capita,I,A,Annual,Y,Calendar and seasonally adjusted,DEU,Germany,S1,Total economy,S1,Total economy,B1GQ_POP,"Gross domestic product, per capita",_Z,Not applicable,_Z,Not applicable,_Z,Not applicable,USD_PPP_PS,"US dollars per person, PPP converted",LR,Chain linked volume (rebased),LA,Annual levels,T0102,Table 0102 - GDP identity from the expenditure side,2024,,60995.9,,2020,,,,F,Free (free for publication),1,One,P,Provisional value,0,Units,USD,US dollar
DATAFLOW,OECD.SDD.NAD:DSD_NAMAIN1@DF_QNA_EXPENDITURE_CAPITA(1.1),Quarterly GDP per capita,I,A,Annual,Y,Calendar and seasonally adjusted,BEL,Belgium,S1,Total economy,S1,Total economy,B1GQ_POP,"Gross domestic product, per capita",_Z,Not applicable,_Z,Not applicable,_Z,Not applicable,USD_PPP_PS,"US dollars per person, PPP converted",V,Current prices,LA,Annual levels,T0102,Table 0102 - GDP identity from the expenditure side,2024,,74319.2,,,,,,F,Free (free for publication),1,One,P,Provisional value,0,Units,USD,US dollar
DATAFLOW,OECD.SDD.NAD:DSD_NAMAIN1@DF_QNA_EXPENDITURE_CAPITA(1.1),Quarterly GDP per capita,I,A,Annual,Y,Calendar and seasonally adjusted,TUR,Turkey,S1,Total economy,S1,Total economy,B1GQ_POP,"Gross domestic product, per capita",_Z,Not applicable,_Z,Not applicable,_Z,Not applicable,USD_PPP_PS,"US dollars per person, PPP converted",V,Current prices,LA,Annual levels,T0102,Table 0102 - GDP identity from the expenditure side,2010,,17466.3,,,,,,F,Free (free for publication),1,One,A,Normal value,0,Units,USD,US dollar
DATAFLOW,OECD.SDD.NAD:DSD_NAMAIN1@DF_QNA_EXPENDITURE_CAPITA(1.1),Quarterly GDP per capita,I,A,Annual,Y,Calendar and seasonally adjusted,TUR,Turkey,S1,Total economy,S1,Total economy,B1GQ_POP,"Gross domestic product, per capita",_Z,Not applicable,_Z,Not applicable,_Z,Not applicable,USD_PPP_PS,"US dollars per person, PPP converted",V,Current prices,LA,Annual levels,T0102,Table 0102 - GDP identity from the expenditure side,2009,,15559.8,,,,,,F,Free (free for publication),1,One,A,Normal value,0,Units,USD,US dollar
DATAFLOW,OECD.SDD.NAD:DSD_NAMAIN1@DF_QNA_EXPENDITURE_CAPITA(1.1),Quarterly GDP per capita,I,A,Annual,Y,Calendar and seasonally adjusted,TUR,Turkey,S1,Total economy,S1,Total economy,B1GQ_POP,"Gross domestic product, per capita",_Z,Not applicable,_Z,Not applicable,_Z,Not applicable,USD_PPP_PS,"US dollars per person, PPP converted",V,Current prices,LA,Annual levels,T0102,Table 0102 - GDP identity from the expenditure side,2008,,16141.6,,,,,,F,Free (free for publication),1,One,A,Normal value,0,Units,USD,US dollar
DATAFLOW,OECD.SDD.NAD:DSD_NAMAIN1@DF_QNA_EXPENDITURE_CAPITA(1.1),Quarterly GDP per capita,I,A,Annual,Y,Calendar and seasonally adjusted,TUR,Turkey,S1,Total economy,S1,Total economy,B1GQ_POP,"Gross domestic product, per capita",_Z,Not applicable,_Z,Not applicable,_Z,Not applicable,USD_PPP_PS,"US dollars per person, PPP converted",V,Current prices,LA,Annual levels,T0102,Table 0102 - GDP identity from the expenditure side,2007,,14951.2,,,,,,F,Free (free for publication),1,One,A,Normal value,0,Units,USD,US dollar
DATAFLOW,OECD.SDD.NAD:DSD_NAMAIN1@DF_QNA_EXPENDITURE_CAPITA(1.1),Quarterly GDP per capita,I,A,Annual,Y,Calendar and seasonally adjusted,TUR,Turkey,S1,Total economy,S1,Total economy,B1GQ_POP,"Gross domestic product, per capita",_Z,Not applicable,_Z,Not applicable,_Z,Not applicable,USD_PPP_PS,"US dollars per person, PPP converted",V,Current prices,LA,Annual levels,T0102,Table 0102 - GDP identity from the expenditure side,2006,,13702.1,,,,,,F,Free (free for publication),1,One,A,Normal value,0,Units,USD,US dollar
DATAFLOW,OECD.SDD.NAD:DSD_NAMAIN1@DF_QNA_EXPENDITURE_CAPITA(1.1),Quarterly GDP per capita,I,A,Annual,Y,Calendar and seasonally adjusted,TUR,Turkey,S1,Total economy,S1,Total economy,B1GQ_POP,"Gross domestic product, per capita",_Z,Not applicable,_Z,Not applicable,_Z,Not applicable,USD_PPP_PS,"US dollars per person, PPP converted",V,Current prices,LA,Annual levels,T0102,Table 0102 - GDP identity from the expenditure side,2005,,11957.6,,,,,,F,Free (free for publication),1,One,A,Normal value,0,Units,USD,US dollar
DATAFLOW,OECD.SDD.NAD:DSD_NAMAIN1@DF_QNA_EXPENDITURE_CAPITA(1.1),Quarterly GDP per capita,I,A,Annual,Y,Calendar and seasonally adjusted,TUR,Turkey,S1,Total economy,S1,Total economy,B1GQ_POP,"Gross domestic product, per capita",_Z,Not applicable,_Z,Not applicable,_Z,Not applicable,USD_PPP_PS,"US dollars per person, PPP converted",V,Current prices,LA,Annual levels,T0102,Table 0102 - GDP identity from the expenditure side,2004,,10917.5,,,,,,F,Free (free for publication),1,One,A,Normal value,0,Units,USD,US dollar
DATAFLOW,OECD.SDD.NAD:DSD_NAMAIN1@DF_QNA_EXPENDITURE_CAPITA(1.1),Quarterly GDP per capita,I,A,Annual,Y,Calendar and seasonally adjusted,TUR,Turkey,S1,Total economy,S1,Total economy,B1GQ_POP,"Gross domestic product, per capita",_Z,Not applicable,_Z,Not applicable,_Z,Not applicable,USD_PPP_PS,"US dollars per person, PPP converted",V,Current prices,LA,Annual levels,T0102,Table 0102 - GDP identity from the expenditure side,2003,,9621.1,,,,,,F,Free (free for publication),1,One,A,Normal value,0,Units,USD,US dollar
DATAFLOW,OECD.SDD.NAD:DSD_NAMAIN1@DF_QNA_EXPENDITURE_CAPITA(1.1),Quarterly GDP per capita,I,A,Annual,Y,Calendar and seasonally adjusted,TUR,Turkey,S1,Total economy,S1,Total economy,B1GQ_POP,"Gross domestic product, per capita",_Z,Not applicable,_Z,Not applicable,_Z,Not applicable,USD_PPP_PS,"US dollars per person, PPP converted",V,Current prices,LA,Annual levels,T0102,Table 0102 - GDP identity from the expenditure side,2002,,9299.5,,,,,,F,Free (free for publication),1,One,A,Normal value,0,Units,USD,US dollar
DATAFLOW,OECD.SDD.NAD:DSD_NAMAIN1@DF_QNA_EXPENDITURE_CAPITA(1.1),Quarterly GDP per capita,I,A,Annual,Y,Calendar and seasonally adjusted,TUR,Turkey,S1,Total economy,S1,Total economy,B1GQ_POP,"Gross domestic product, per capita",_Z,Not applicable,_Z,Not applicable,_Z,Not applicable,USD_PPP_PS,"US dollars per person, PPP converted",V,Current prices,LA,Annual levels,T0102,Table 0102 - GDP identity from the expenditure side,2001,,9163.3,,,,,,F,Free (free for publication),1,One,A,Normal value,0,Units,USD,US dollar
DATAFLOW,OECD.SDD.NAD:DSD_NAMAIN1@DF_QNA_EXPENDITURE_CAPITA(1.1),Quarterly GDP per capita,I,A,Annual,Y,Calendar and seasonally adjusted,TUR,Turkey,S1,Total economy,S1,Total economy,B1GQ_POP,"Gross domestic product, per capita",_Z,Not applicable,_Z,Not applicable,_Z,Not applicable,USD_PPP_PS,"US dollars per person, PPP converted",V,Current prices,LA,Annual levels,T0102,Table 0102 - GDP identity from the expenditure side,2000,,9493.7,,,,,,F,Free (free for publication),1,One,A,Normal value,0,Units,USD,US dollar
DATAFLOW,OECD.SDD.NAD:DSD_NAMAIN1@DF_QNA_EXPENDITURE_CAPITA(1.1),Quarterly GDP per capita,I,A,Annual,Y,Calendar and seasonally adjusted,TUR,Turkey,S1,Total economy,S1,Total economy,B1GQ_POP,"Gross domestic product, per capita",_Z,Not applicable,_Z,Not applicable,_Z,Not applicable,USD_PPP_PS,"US dollars per person, PPP converted",LR,Chain linked volume (rebased),LA,Annual levels,T0102,Table 0102 - GDP identity from the expenditure side,2000,,15245.8,,2020,,,,F,Free (free for publication),1,One,A,Normal value,0,Units,USD,US dollar
DATAFLOW,OECD.SDD.NAD:DSD_NAMAIN1@DF_QNA_EXPENDITURE_CAPITA(1.1),Quarterly GDP per capita,I,A,Annual,Y,Calendar and seasonally adjusted,TUR,Turkey,S1,Total economy,S1,Total economy,B1GQ_POP,"Gross domestic product, per capita",_Z,Not applicable,_Z,Not applicable,_Z,Not applicable,USD_PPP_PS,"US dollars per person, PPP converted",LR,Chain linked volume (rebased),LA,Annual levels,T0102,Table 0102 - GDP identity from the expenditure side,2015,,26193.6,,2020,,,,F,Free (free for publication),1,One,A,Normal value,0,Units,USD,US dollar
DATAFLOW,OECD.SDD.NAD:DSD_NAMAIN1@DF_QNA_EXPENDITURE_CAPITA(1.1),Quarterly GDP per capita,I,A,Annual,Y,Calendar and seasonally adjusted,TUR,Turkey,S1,Total economy,S1,Total economy,B1GQ_POP,"Gross domestic product, per capita",_Z,Not applicable,_Z,Not applicable,_Z,Not applicable,USD_PPP_PS,"US dollars per person, PPP converted",LR,Chain linked volume (rebased),LA,Annual levels,T0102,Table 0102 - GDP identity from the expenditure side,2014,,25088.6,,2020,,,,F,Free (free for publication),1,One,A,Normal value,0,Units,USD,US dollar
DATAFLOW,OECD.SDD.NAD:DSD_NAMAIN1@DF_QNA_EXPENDITURE_CAPITA(1.1),Quarterly GDP per capita,I,A,Annual,Y,Calendar and seasonally adjusted,TUR,Turkey,S1,Total economy,S1,Total economy,B1GQ_POP,"Gross domestic product, per capita",_Z,Not applicable,_Z,Not applicable,_Z,Not applicable,USD_PPP_PS,"US dollars per person, PPP converted",LR,Chain linked volume (rebased),LA,Annual levels,T0102,Table 0102 - GDP identity from the expenditure side,2013,,24310.8,,2020,,,,F,Free (free for publication),1,One,A,Normal value,0,Units,USD,US dollar
DATAFLOW,OECD.SDD.NAD:DSD_NAMAIN1@DF_QNA_EXPENDITURE_CAPITA(1.1),Quarterly GDP per capita,I,A,Annual,Y,Calendar and seasonally adjusted,TUR,Turkey,S1,Total economy,S1,Total economy,B1GQ_POP,"Gross domestic product, per capita",_Z,Not applicable,_Z,Not applicable,_Z,Not applicable,USD_PPP_PS,"US dollars per person, PPP converted",LR,Chain linked volume (rebased),LA,Annual levels,T0102,Table 0102 - GDP identity from the expenditure side,2012,,22698.4,,2020,,,,F,Free (free for publication),1,One,A,Normal value,0,Units,USD,US dollar
DATAFLOW,OECD.SDD.NAD:DSD_NAMAIN1@DF_QNA_EXPENDITURE_CAPITA(1.1),Quarterly GDP per capita,I,A,Annual,Y,Calendar and seasonally adjusted,TUR,Turkey,S1,Total economy,S1,Total economy,B1GQ_POP,"Gross domestic product, per capita",_Z,Not applicable,_Z,Not applicable,_Z,Not applicable,USD_PPP_PS,"US dollars per person, PPP converted",LR,Chain linked volume (rebased),LA,Annual levels,T0102,Table 0102 - GDP identity from the expenditure side,2011,,21935,,2020,,,,F,Free (free for publication),1,One,A,Normal value,0,Units,USD,US dollar
DATAFLOW,OECD.SDD.NAD:DSD_NAMAIN1@DF_QNA_EXPENDITURE_CAPITA(1.1),Quarterly GDP per capita,I,A,Annual,Y,Calendar and seasonally adjusted,TUR,Turkey,S1,Total economy,S1,Total economy,B1GQ_POP,"Gross domestic product, per capita",_Z,Not applicable,_Z,Not applicable,_Z,Not applicable,USD_PPP_PS,"US dollars per person, PPP converted",LR,Chain linked volume (rebased),LA,Annual levels,T0102,Table 0102 - GDP identity from the expenditure side,2010,,20057.2,,2020,,,,F,Free (free for publication),1,One,A,Normal value,0,Units,USD,US dollar
DATAFLOW,OECD.SDD.NAD:DSD_NAMAIN1@DF_QNA_EXPENDITURE_CAPITA(1.1),Quarterly GDP per capita,I,A,Annual,Y,Calendar and seasonally adjusted,TUR,Turkey,S1,Total economy,S1,Total economy,B1GQ_POP,"Gross domestic product, per capita",_Z,Not applicable,_Z,Not applicable,_Z,Not applicable,USD_PPP_PS,"US dollars per person, PPP converted",LR,Chain linked volume (rebased),LA,Annual levels,T0102,Table 0102 - GDP identity from the expenditure side,2009,,18761.7,,2020,,,,F,Free (free for publication),1,One,A,Normal value,0,Units,USD,US dollar
DATAFLOW,OECD.SDD.NAD:DSD_NAMAIN1@DF_QNA_EXPENDITURE_CAPITA(1.1),Quarterly GDP per capita,I,A,Annual,Y,Calendar and seasonally adjusted,TUR,Turkey,S1,Total economy,S1,Total economy,B1GQ_POP,"Gross domestic product, per capita",_Z,Not applicable,_Z,Not applicable,_Z,Not applicable,USD_PPP_PS,"US dollars per person, PPP converted",LR,Chain linked volume (rebased),LA,Annual levels,T0102,Table 0102 - GDP identity from the expenditure side,2008,,19998.8,,2020,,,,F,Free (free for publication),1,One,A,Normal value,0,Units,USD,US dollar
DATAFLOW,OECD.SDD.NAD:DSD_NAMAIN1@DF_QNA_EXPENDITURE_CAPITA(1.1),Quarterly GDP per capita,I,A,Annual,Y,Calendar and seasonally adjusted,TUR,Turkey,S1,Total economy,S1,Total economy,B1GQ_POP,"Gross domestic product, per capita",_Z,Not applicable,_Z,Not applicable,_Z,Not applicable,USD_PPP_PS,"US dollars per person, PPP converted",LR,Chain linked volume (rebased),LA,Annual levels,T0102,Table 0102 - GDP identity from the expenditure side,2005,,18282.2,,2020,,,,F,Free (free for publication),1,One,A,Normal value,0,Units,USD,US dollar
DATAFLOW,OECD.SDD.NAD:DSD_NAMAIN1@DF_QNA_EXPENDITURE_CAPITA(1.1),Quarterly GDP per capita,I,A,Annual,Y,Calendar and seasonally adjusted,TUR,Turkey,S1,Total economy,S1,Total economy,B1GQ_POP,"Gross domestic product, per capita",_Z,Not applicable,_Z,Not applicable,_Z,Not applicable,USD_PPP_PS,"US dollars per person, PPP converted",LR,Chain linked volume (rebased),LA,Annual levels,T0102,Table 0102 - GDP identity from the expenditure side,2004,,16962.7,,2020,,,,F,Free (free for publication),1,One,A,Normal value,0,Units,USD,US dollar
DATAFLOW,OECD.SDD.NAD:DSD_NAMAIN1@DF_QNA_EXPENDITURE_CAPITA(1.1),Quarterly GDP per capita,I,A,Annual,Y,Calendar and seasonally adjusted,TUR,Turkey,S1,Total economy,S1,Total economy,B1GQ_POP,"Gross domestic product, per capita",_Z,Not applicable,_Z,Not applicable,_Z,Not applicable,USD_PPP_PS,"US dollars per person, PPP converted",LR,Chain linked volume (rebased),LA,Annual levels,T0102,Table 0102 - GDP identity from the expenditure side,2003,,15616.9,,2020,,,,F,Free (free for publication),1,One,A,Normal value,0,Units,USD,US dollar
DATAFLOW,OECD.SDD.NAD:DSD_NAMAIN1@DF_QNA_EXPENDITURE_CAPITA(1.1),Quarterly GDP per capita,I,A,Annual,Y,Calendar and seasonally adjusted,TUR,Turkey,S1,Total economy,S1,Total economy,B1GQ_POP,"Gross domestic product, per capita",_Z,Not applicable,_Z,Not applicable,_Z,Not applicable,USD_PPP_PS,"US dollars per person, PPP converted",LR,Chain linked volume (rebased),LA,Annual levels,T0102,Table 0102 - GDP identity from the expenditure side,2002,,14938,,2020,,,,F,Free (free for publication),1,One,A,Normal value,0,Units,USD,US dollar
DATAFLOW,OECD.SDD.NAD:DSD_NAMAIN1@DF_QNA_EXPENDITURE_CAPITA(1.1),Quarterly GDP per capita,I,A,Annual,Y,Calendar and seasonally adjusted,TUR,Turkey,S1,Total economy,S1,Total economy,B1GQ_POP,"Gross domestic product, per capita",_Z,Not applicable,_Z,Not applicable,_Z,Not applicable,USD_PPP_PS,"US dollars per person, PPP converted",V,Current prices,LA,Annual levels,T0102,Table 0102 - GDP identity from the expenditure side,2023,,42786.2,,,,,,F,Free (free for publication),1,One,A,Normal value,0,Units,USD,US dollar
DATAFLOW,OECD.SDD.NAD:DSD_NAMAIN1@DF_QNA_EXPENDITURE_CAPITA(1.1),Quarterly GDP per capita,I,A,Annual,Y,Calendar and seasonally adjusted,TUR,Turkey,S1,Total economy,S1,Total economy,B1GQ_POP,"Gross domestic product, per capita",_Z,Not applicable,_Z,Not applicable,_Z,Not applicable,USD_PPP_PS,"US dollars per person, PPP converted",V,Current prices,LA,Annual levels,T0102,Table 0102 - GDP identity from the expenditure side,2022,,39564.1,,,,,,F,Free (free for publication),1,One,A,Normal value,0,Units,USD,US dollar
DATAFLOW,OECD.SDD.NAD:DSD_NAMAIN1@DF_QNA_EXPENDITURE_CAPITA(1.1),Quarterly GDP per capita,I,A,Annual,Y,Calendar and seasonally adjusted,TUR,Turkey,S1,Total economy,S1,Total economy,B1GQ_POP,"Gross domestic product, per capita",_Z,Not applicable,_Z,Not applicable,_Z,Not applicable,USD_PPP_PS,"US dollars per person, PPP converted",V,Current prices,LA,Annual levels,T0102,Table 0102 - GDP identity from the expenditure side,2021,,32105.7,,,,,,F,Free (free for publication),1,One,A,Normal value,0,Units,USD,US dollar
DATAFLOW,OECD.SDD.NAD:DSD_NAMAIN1@DF_QNA_EXPENDITURE_CAPITA(1.1),Quarterly GDP per capita,I,A,Annual,Y,Calendar and seasonally adjusted,TUR,Turkey,S1,Total economy,S1,Total economy,B1GQ_POP,"Gross domestic product, per capita",_Z,Not applicable,_Z,Not applicable,_Z,Not applicable,USD_PPP_PS,"US dollars per person, PPP converted",V,Current prices,LA,Annual levels,T0102,Table 0102 - GDP identity from the expenditure side,2020,,29209.2,,,,,,F,Free (free for publication),1,One,A,Normal value,0,Units,USD,US dollar
DATAFLOW,OECD.SDD.NAD:DSD_NAMAIN1@DF_QNA_EXPENDITURE_CAPITA(1.1),Quarterly GDP per capita,I,A,Annual,Y,Calendar and seasonally adjusted,TUR,Turkey,S1,Total economy,S1,Total economy,B1GQ_POP,"Gross domestic product, per capita",_Z,Not applicable,_Z,Not applicable,_Z,Not applicable,USD_PPP_PS,"US dollars per person, PPP converted",V,Current prices,LA,Annual levels,T0102,Table 0102 - GDP identity from the expenditure side,2019,,29016.6,,,,,,F,Free (free for publication),1,One,A,Normal value,0,Units,USD,US dollar
DATAFLOW,OECD.SDD.NAD:DSD_NAMAIN1@DF_QNA_EXPENDITURE_CAPITA(1.1),Quarterly GDP per capita,I,A,Annual,Y,Calendar and seasonally adjusted,TUR,Turkey,S1,Total economy,S1,Total economy,B1GQ_POP,"Gross domestic product, per capita",_Z,Not applicable,_Z,Not applicable,_Z,Not applicable,USD_PPP_PS,"US dollars per person, PPP converted",V,Current prices,LA,Annual levels,T0102,Table 0102 - GDP identity from the expenditure side,2018,,28640.4,,,,,,F,Free (free for publication),1,One,A,Normal value,0,Units,USD,US dollar
DATAFLOW,OECD.SDD.NAD:DSD_NAMAIN1@DF_QNA_EXPENDITURE_CAPITA(1.1),Quarterly GDP per capita,I,A,Annual,Y,Calendar and seasonally adjusted,TUR,Turkey,S1,Total economy,S1,Total economy,B1GQ_POP,"Gross domestic product, per capita",_Z,Not applicable,_Z,Not applicable,_Z,Not applicable,USD_PPP_PS,"US dollars per person, PPP converted",V,Current prices,LA,Annual levels,T0102,Table 0102 - GDP identity from the expenditure side,2017,,28353.4,,,,,,F,Free (free for publication),1,One,A,Normal value,0,Units,USD,US dollar
DATAFLOW,OECD.SDD.NAD:DSD_NAMAIN1@DF_QNA_EXPENDITURE_CAPITA(1.1),Quarterly GDP per capita,I,A,Annual,Y,Calendar and seasonally adjusted,TUR,Turkey,S1,Total economy,S1,Total economy,B1GQ_POP,"Gross domestic product, per capita",_Z,Not applicable,_Z,Not applicable,_Z,Not applicable,USD_PPP_PS,"US dollars per person, PPP converted",LR,Chain linked volume (rebased),LA,Annual levels,T0102,Table 0102 - GDP identity from the expenditure side,2021,,32363.4,,2020,,,,F,Free (free for publication),1,One,A,Normal value,0,Units,USD,US dollar
DATAFLOW,OECD.SDD.NAD:DSD_NAMAIN1@DF_QNA_EXPENDITURE_CAPITA(1.1),Quarterly GDP per capita,I,A,Annual,Y,Calendar and seasonally adjusted,TUR,Turkey,S1,Total economy,S1,Total economy,B1GQ_POP,"Gross domestic product, per capita",_Z,Not applicable,_Z,Not applicable,_Z,Not applicable,USD_PPP_PS,"US dollars per person, PPP converted",LR,Chain linked volume (rebased),LA,Annual levels,T0102,Table 0102 - GDP identity from the expenditure side,2020,,29209.2,,2020,,,,F,Free (free for publication),1,One,A,Normal value,0,Units,USD,US dollar
DATAFLOW,OECD.SDD.NAD:DSD_NAMAIN1@DF_QNA_EXPENDITURE_CAPITA(1.1),Quarterly GDP per capita,I,A,Annual,Y,Calendar and seasonally adjusted,TUR,Turkey,S1,Total economy,S1,Total economy,B1GQ_POP,"Gross domestic product, per capita",_Z,Not applicable,_Z,Not applicable,_Z,Not applicable,USD_PPP_PS,"US dollars per person, PPP converted",LR,Chain linked volume (rebased),LA,Annual levels,T0102,Table 0102 - GDP identity from the expenditure side,2019,,28971.9,,2020,,,,F,Free (free for publication),1,One,A,Normal value,0,Units,USD,US dollar
DATAFLOW,OECD.SDD.NAD:DSD_NAMAIN1@DF_QNA_EXPENDITURE_CAPITA(1.1),Quarterly GDP per capita,I,A,Annual,Y,Calendar and seasonally adjusted,TUR,Turkey,S1,Total economy,S1,Total economy,B1GQ_POP,"Gross domestic product, per capita",_Z,Not applicable,_Z,Not applicable,_Z,Not applicable,USD_PPP_PS,"US dollars per person, PPP converted",LR,Chain linked volume (rebased),LA,Annual levels,T0102,Table 0102 - GDP identity from the expenditure side,2018,,29011.4,,2020,,,,F,Free (free for publication),1,One,A,Normal value,0,Units,USD,US dollar
DATAFLOW,OECD.SDD.NAD:DSD_NAMAIN1@DF_QNA_EXPENDITURE_CAPITA(1.1),Quarterly GDP per capita,I,A,Annual,Y,Calendar and seasonally adjusted,TUR,Turkey,S1,Total economy,S1,Total economy,B1GQ_POP,"Gross domestic product, per capita",_Z,Not applicable,_Z,Not applicable,_Z,Not applicable,USD_PPP_PS,"US dollars per person, PPP converted",LR,Chain linked volume (rebased),LA,Annual levels,T0102,Table 0102 - GDP identity from the expenditure side,2017,,28420.9,,2020,,,,F,Free (free for publication),1,One,A,Normal value,0,Units,USD,US dollar
DATAFLOW,OECD.SDD.NAD:DSD_NAMAIN1@DF_QNA_EXPENDITURE_CAPITA(1.1),Quarterly GDP per capita,I,A,Annual,Y,Calendar and seasonally adjusted,TUR,Turkey,S1,Total economy,S1,Total economy,B1GQ_POP,"Gross domestic product, per capita",_Z,Not applicable,_Z,Not applicable,_Z,Not applicable,USD_PPP_PS,"US dollars per person, PPP converted",LR,Chain linked volume (rebased),LA,Annual levels,T0102,Table 0102 - GDP identity from the expenditure side,2016,,26702.3,,2020,,,,F,Free (free for publication),1,One,A,Normal value,0,Units,USD,US dollar
DATAFLOW,OECD.SDD.NAD:DSD_NAMAIN1@DF_QNA_EXPENDITURE_CAPITA(1.1),Quarterly GDP per capita,I,A,Annual,Y,Calendar and seasonally adjusted,TUR,Turkey,S1,Total economy,S1,Total economy,B1GQ_POP,"Gross domestic product, per capita",_Z,Not applicable,_Z,Not applicable,_Z,Not applicable,USD_PPP_PS,"US dollars per person, PPP converted",LR,Chain linked volume (rebased),LA,Annual levels,T0102,Table 0102 - GDP identity from the expenditure side,2007,,20068.9,,2020,,,,F,Free (free for publication),1,One,A,Normal value,0,Units,USD,US dollar
DATAFLOW,OECD.SDD.NAD:DSD_NAMAIN1@DF_QNA_EXPENDITURE_CAPITA(1.1),Quarterly GDP per capita,I,A,Annual,Y,Calendar and seasonally adjusted,TUR,Turkey,S1,Total economy,S1,Total economy,B1GQ_POP,"Gross domestic product, per capita",_Z,Not applicable,_Z,Not applicable,_Z,Not applicable,USD_PPP_PS,"US dollars per person, PPP converted",LR,Chain linked volume (rebased),LA,Annual levels,T0102,Table 0102 - GDP identity from the expenditure side,2006,,19331.4,,2020,,,,F,Free (free for publication),1,One,A,Normal value,0,Units,USD,US dollar
DATAFLOW,OECD.SDD.NAD:DSD_NAMAIN1@DF_QNA_EXPENDITURE_CAPITA(1.1),Quarterly GDP per capita,I,A,Annual,Y,Calendar and seasonally adjusted,TUR,Turkey,S1,Total economy,S1,Total economy,B1GQ_POP,"Gross domestic product, per capita",_Z,Not applicable,_Z,Not applicable,_Z,Not applicable,USD_PPP_PS,"US dollars per person, PPP converted",LR,Chain linked volume (rebased),LA,Annual levels,T0102,Table 0102 - GDP identity from the expenditure side,2001,,14215,,2020,,,,F,Free (free for publication),1,One,A,Normal value,0,Units,USD,US dollar
DATAFLOW,OECD.SDD.NAD:DSD_NAMAIN1@DF_QNA_EXPENDITURE_CAPITA(1.1),Quarterly GDP per capita,I,A,Annual,Y,Calendar and seasonally adjusted,TUR,Turkey,S1,Total economy,S1,Total economy,B1GQ_POP,"Gross domestic product, per capita",_Z,Not applicable,_Z,Not applicable,_Z,Not applicable,USD_PPP_PS,"US dollars per person, PPP converted",LR,Chain linked volume (rebased),LA,Annual levels,T0102,Table 0102 - GDP identity from the expenditure side,2023,,35350.7,,2020,,,,F,Free (free for publication),1,One,A,Normal value,0,Units,USD,US dollar
DATAFLOW,OECD.SDD.NAD:DSD_NAMAIN1@DF_QNA_EXPENDITURE_CAPITA(1.1),Quarterly GDP per capita,I,A,Annual,Y,Calendar and seasonally adjusted,TUR,Turkey,S1,Total economy,S1,Total economy,B1GQ_POP,"Gross domestic product, per capita",_Z,Not applicable,_Z,Not applicable,_Z,Not applicable,USD_PPP_PS,"US dollars per person, PPP converted",LR,Chain linked volume (rebased),LA,Annual levels,T0102,Table 0102 - GDP identity from the expenditure side,2022,,33789.9,,2020,,,,F,Free (free for publication),1,One,A,Normal value,0,Units,USD,US dollar
DATAFLOW,OECD.SDD.NAD:DSD_NAMAIN1@DF_QNA_EXPENDITURE_CAPITA(1.1),Quarterly GDP per capita,I,A,Annual,Y,Calendar and seasonally adjusted,TUR,Turkey,S1,Total economy,S1,Total economy,B1GQ_POP,"Gross domestic product, per capita",_Z,Not applicable,_Z,Not applicable,_Z,Not applicable,USD_PPP_PS,"US dollars per person, PPP converted",V,Current prices,LA,Annual levels,T0102,Table 0102 - GDP identity from the expenditure side,2016,,26730.8,,,,,,F,Free (free for publication),1,One,A,Normal value,0,Units,USD,US dollar
DATAFLOW,OECD.SDD.NAD:DSD_NAMAIN1@DF_QNA_EXPENDITURE_CAPITA(1.1),Quarterly GDP per capita,I,A,Annual,Y,Calendar and seasonally adjusted,CHE,Switzerland,S1,Total economy,S1,Total economy,B1GQ_POP,"Gross domestic product, per capita",_Z,Not applicable,_Z,Not applicable,_Z,Not applicable,USD_PPP_PS,"US dollars per person, PPP converted",V,Current prices,LA,Annual levels,T0102,Table 0102 - GDP identity from the expenditure side,2019,,75229.4,,,,,,F,Free (free for publication),1,One,A,Normal value,0,Units,USD,US dollar
DATAFLOW,OECD.SDD.NAD:DSD_NAMAIN1@DF_QNA_EXPENDITURE_CAPITA(1.1),Quarterly GDP per capita,I,A,Annual,Y,Calendar and seasonally adjusted,CHE,Switzerland,S1,Total economy,S1,Total economy,B1GQ_POP,"Gross domestic product, per capita",_Z,Not applicable,_Z,Not applicable,_Z,Not applicable,USD_PPP_PS,"US dollars per person, PPP converted",V,Current prices,LA,Annual levels,T0102,Table 0102 - GDP identity from the expenditure side,2018,,72135.6,,,,,,F,Free (free for publication),1,One,A,Normal value,0,Units,USD,US dollar
DATAFLOW,OECD.SDD.NAD:DSD_NAMAIN1@DF_QNA_EXPENDITURE_CAPITA(1.1),Quarterly GDP per capita,I,A,Annual,Y,Calendar and seasonally adjusted,CHE,Switzerland,S1,Total economy,S1,Total economy,B1GQ_POP,"Gross domestic product, per capita",_Z,Not applicable,_Z,Not applicable,_Z,Not applicable,USD_PPP_PS,"US dollars per person, PPP converted",V,Current prices,LA,Annual levels,T0102,Table 0102 - GDP identity from the expenditure side,2017,,69271.9,,,,,,F,Free (free for publication),1,One,A,Normal value,0,Units,USD,US dollar
DATAFLOW,OECD.SDD.NAD:DSD_NAMAIN1@DF_QNA_EXPENDITURE_CAPITA(1.1),Quarterly GDP per capita,I,A,Annual,Y,Calendar and seasonally adjusted,CHE,Switzerland,S1,Total economy,S1,Total economy,B1GQ_POP,"Gross domestic product, per capita",_Z,Not applicable,_Z,Not applicable,_Z,Not applicable,USD_PPP_PS,"US dollars per person, PPP converted",V,Current prices,LA,Annual levels,T0102,Table 0102 - GDP identity from the expenditure side,2016,,68350.7,,,,,,F,Free (free for publication),1,One,A,Normal value,0,Units,USD,US dollar
DATAFLOW,OECD.SDD.NAD:DSD_NAMAIN1@DF_QNA_EXPENDITURE_CAPITA(1.1),Quarterly GDP per capita,I,A,Annual,Y,Calendar and seasonally adjusted,CHE,Switzerland,S1,Total economy,S1,Total economy,B1GQ_POP,"Gross domestic product, per capita",_Z,Not applicable,_Z,Not applicable,_Z,Not applicable,USD_PPP_PS,"US dollars per person, PPP converted",V,Current prices,LA,Annual levels,T0102,Table 0102 - GDP identity from the expenditure side,2015,,66341.9,,,,,,F,Free (free for publication),1,One,A,Normal value,0,Units,USD,US dollar
DATAFLOW,OECD.SDD.NAD:DSD_NAMAIN1@DF_QNA_EXPENDITURE_CAPITA(1.1),Quarterly GDP per capita,I,A,Annual,Y,Calendar and seasonally adjusted,USA,United States,S1,Total economy,S1,Total economy,B1GQ_POP,"Gross domestic product, per capita",_Z,Not applicable,_Z,Not applicable,_Z,Not applicable,USD_PPP_PS,"US dollars per person, PPP converted",LR,Chain linked volume (rebased),LA,Annual levels,T0102,Table 0102 - GDP identity from the expenditure side,2023,,71037.1,,2020,,,,F,Free (free for publication),1,One,A,Normal value,0,Units,USD,US dollar
DATAFLOW,OECD.SDD.NAD:DSD_NAMAIN1@DF_QNA_EXPENDITURE_CAPITA(1.1),Quarterly GDP per capita,I,A,Annual,Y,Calendar and seasonally adjusted,USA,United States,S1,Total economy,S1,Total economy,B1GQ_POP,"Gross domestic product, per capita",_Z,Not applicable,_Z,Not applicable,_Z,Not applicable,USD_PPP_PS,"US dollars per person, PPP converted",LR,Chain linked volume (rebased),LA,Annual levels,T0102,Table 0102 - GDP identity from the expenditure side,2022,,69576.9,,2020,,,,F,Free (free for publication),1,One,A,Normal value,0,Units,USD,US dollar
DATAFLOW,OECD.SDD.NAD:DSD_NAMAIN1@DF_QNA_EXPENDITURE_CAPITA(1.1),Quarterly GDP per capita,I,A,Annual,Y,Calendar and seasonally adjusted,USA,United States,S1,Total economy,S1,Total economy,B1GQ_POP,"Gross domestic product, per capita",_Z,Not applicable,_Z,Not applicable,_Z,Not applicable,USD_PPP_PS,"US dollars per person, PPP converted",LR,Chain linked volume (rebased),LA,Annual levels,T0102,Table 0102 - GDP identity from the expenditure side,2021,,68241,,2020,,,,F,Free (free for publication),1,One,A,Normal value,0,Units,USD,US dollar
DATAFLOW,OECD.SDD.NAD:DSD_NAMAIN1@DF_QNA_EXPENDITURE_CAPITA(1.1),Quarterly GDP per capita,I,A,Annual,Y,Calendar and seasonally adjusted,USA,United States,S1,Total economy,S1,Total economy,B1GQ_POP,"Gross domestic product, per capita",_Z,Not applicable,_Z,Not applicable,_Z,Not applicable,USD_PPP_PS,"US dollars per person, PPP converted",V,Current prices,LA,Annual levels,T0102,Table 0102 - GDP identity from the expenditure side,2019,,65171.5,,,,,,F,Free (free for publication),1,One,A,Normal value,0,Units,USD,US dollar
DATAFLOW,OECD.SDD.NAD:DSD_NAMAIN1@DF_QNA_EXPENDITURE_CAPITA(1.1),Quarterly GDP per capita,I,A,Annual,Y,Calendar and seasonally adjusted,ISL,Iceland,S1,Total economy,S1,Total economy,B1GQ_POP,"Gross domestic product, per capita",_Z,Not applicable,_Z,Not applicable,_Z,Not applicable,USD_PPP_PS,"US dollars per person, PPP converted",LR,Chain linked volume (rebased),LA,Annual levels,T0102,Table 0102 - GDP identity from the expenditure side,2018,,63638.3,,2020,,,,F,Free (free for publication),1,One,P,Provisional value,0,Units,USD,US dollar
DATAFLOW,OECD.SDD.NAD:DSD_NAMAIN1@DF_QNA_EXPENDITURE_CAPITA(1.1),Quarterly GDP per capita,I,A,Annual,Y,Calendar and seasonally adjusted,ISL,Iceland,S1,Total economy,S1,Total economy,B1GQ_POP,"Gross domestic product, per capita",_Z,Not applicable,_Z,Not applicable,_Z,Not applicable,USD_PPP_PS,"US dollars per person, PPP converted",LR,Chain linked volume (rebased),LA,Annual levels,T0102,Table 0102 - GDP identity from the expenditure side,2017,,62323.4,,2020,,,,F,Free (free for publication),1,One,P,Provisional value,0,Units,USD,US dollar
DATAFLOW,OECD.SDD.NAD:DSD_NAMAIN1@DF_QNA_EXPENDITURE_CAPITA(1.1),Quarterly GDP per capita,I,A,Annual,Y,Calendar and seasonally adjusted,ISL,Iceland,S1,Total economy,S1,Total economy,B1GQ_POP,"Gross domestic product, per capita",_Z,Not applicable,_Z,Not applicable,_Z,Not applicable,USD_PPP_PS,"US dollars per person, PPP converted",LR,Chain linked volume (rebased),LA,Annual levels,T0102,Table 0102 - GDP identity from the expenditure side,2016,,61753.7,,2020,,,,F,Free (free for publication),1,One,P,Provisional value,0,Units,USD,US dollar
DATAFLOW,OECD.SDD.NAD:DSD_NAMAIN1@DF_QNA_EXPENDITURE_CAPITA(1.1),Quarterly GDP per capita,I,A,Annual,Y,Calendar and seasonally adjusted,ISL,Iceland,S1,Total economy,S1,Total economy,B1GQ_POP,"Gross domestic product, per capita",_Z,Not applicable,_Z,Not applicable,_Z,Not applicable,USD_PPP_PS,"US dollars per person, PPP converted",LR,Chain linked volume (rebased),LA,Annual levels,T0102,Table 0102 - GDP identity from the expenditure side,2015,,59069.8,,2020,,,,F,Free (free for publication),1,One,P,Provisional value,0,Units,USD,US dollar
DATAFLOW,OECD.SDD.NAD:DSD_NAMAIN1@DF_QNA_EXPENDITURE_CAPITA(1.1),Quarterly GDP per capita,I,A,Annual,Y,Calendar and seasonally adjusted,ISL,Iceland,S1,Total economy,S1,Total economy,B1GQ_POP,"Gross domestic product, per capita",_Z,Not applicable,_Z,Not applicable,_Z,Not applicable,USD_PPP_PS,"US dollars per person, PPP converted",LR,Chain linked volume (rebased),LA,Annual levels,T0102,Table 0102 - GDP identity from the expenditure side,2014,,57464.4,,2020,,,,F,Free (free for publication),1,One,P,Provisional value,0,Units,USD,US dollar
DATAFLOW,OECD.SDD.NAD:DSD_NAMAIN1@DF_QNA_EXPENDITURE_CAPITA(1.1),Quarterly GDP per capita,I,A,Annual,Y,Calendar and seasonally adjusted,ISL,Iceland,S1,Total economy,S1,Total economy,B1GQ_POP,"Gross domestic product, per capita",_Z,Not applicable,_Z,Not applicable,_Z,Not applicable,USD_PPP_PS,"US dollars per person, PPP converted",LR,Chain linked volume (rebased),LA,Annual levels,T0102,Table 0102 - GDP identity from the expenditure side,2013,,56996.8,,2020,,,,F,Free (free for publication),1,One,P,Provisional value,0,Units,USD,US dollar
DATAFLOW,OECD.SDD.NAD:DSD_NAMAIN1@DF_QNA_EXPENDITURE_CAPITA(1.1),Quarterly GDP per capita,I,A,Annual,Y,Calendar and seasonally adjusted,ISL,Iceland,S1,Total economy,S1,Total economy,B1GQ_POP,"Gross domestic product, per capita",_Z,Not applicable,_Z,Not applicable,_Z,Not applicable,USD_PPP_PS,"US dollars per person, PPP converted",LR,Chain linked volume (rebased),LA,Annual levels,T0102,Table 0102 - GDP identity from the expenditure side,2024,,63819.7,,2020,,,,F,Free (free for publication),1,One,P,Provisional value,0,Units,USD,US dollar
DATAFLOW,OECD.SDD.NAD:DSD_NAMAIN1@DF_QNA_EXPENDITURE_CAPITA(1.1),Quarterly GDP per capita,I,A,Annual,Y,Calendar and seasonally adjusted,ISL,Iceland,S1,Total economy,S1,Total economy,B1GQ_POP,"Gross domestic product, per capita",_Z,Not applicable,_Z,Not applicable,_Z,Not applicable,USD_PPP_PS,"US dollars per person, PPP converted",LR,Chain linked volume (rebased),LA,Annual levels,T0102,Table 0102 - GDP identity from the expenditure side,2023,,65773.6,,2020,,,,F,Free (free for publication),1,One,P,Provisional value,0,Units,USD,US dollar
DATAFLOW,OECD.SDD.NAD:DSD_NAMAIN1@DF_QNA_EXPENDITURE_CAPITA(1.1),Quarterly GDP per capita,I,A,Annual,Y,Calendar and seasonally adjusted,ISL,Iceland,S1,Total economy,S1,Total economy,B1GQ_POP,"Gross domestic product, per capita",_Z,Not applicable,_Z,Not applicable,_Z,Not applicable,USD_PPP_PS,"US dollars per person, PPP converted",LR,Chain linked volume (rebased),LA,Annual levels,T0102,Table 0102 - GDP identity from the expenditure side,2022,,64306.6,,2020,,,,F,Free (free for publication),1,One,P,Provisional value,0,Units,USD,US dollar
DATAFLOW,OECD.SDD.NAD:DSD_NAMAIN1@DF_QNA_EXPENDITURE_CAPITA(1.1),Quarterly GDP per capita,I,A,Annual,Y,Calendar and seasonally adjusted,MEX,Mexico,S1,Total economy,S1,Total economy,B1GQ_POP,"Gross domestic product, per capita",_Z,Not applicable,_Z,Not applicable,_Z,Not applicable,USD_PPP_PS,"US dollars per person, PPP converted",V,Current prices,LA,Annual levels,T0102,Table 0102 - GDP identity from the expenditure side,2023,,25270.5,,,,,,F,Free (free for publication),1,One,P,Provisional value,0,Units,USD,US dollar
DATAFLOW,OECD.SDD.NAD:DSD_NAMAIN1@DF_QNA_EXPENDITURE_CAPITA(1.1),Quarterly GDP per capita,I,A,Annual,Y,Calendar and seasonally adjusted,ISL,Iceland,S1,Total economy,S1,Total economy,B1GQ_POP,"Gross domestic product, per capita",_Z,Not applicable,_Z,Not applicable,_Z,Not applicable,USD_PPP_PS,"US dollars per person, PPP converted",V,Current prices,LA,Annual levels,T0102,Table 0102 - GDP identity from the expenditure side,2016,,55146.5,,,,,,F,Free (free for publication),1,One,P,Provisional value,0,Units,USD,US dollar
DATAFLOW,OECD.SDD.NAD:DSD_NAMAIN1@DF_QNA_EXPENDITURE_CAPITA(1.1),Quarterly GDP per capita,I,A,Annual,Y,Calendar and seasonally adjusted,GRC,Greece,S1,Total economy,S1,Total economy,B1GQ_POP,"Gross domestic product, per capita",_Z,Not applicable,_Z,Not applicable,_Z,Not applicable,USD_PPP_PS,"US dollars per person, PPP converted",V,Current prices,LA,Annual levels,T0102,Table 0102 - GDP identity from the expenditure side,2015,,26607.6,,,,,,F,Free (free for publication),1,One,P,Provisional value,0,Units,USD,US dollar
DATAFLOW,OECD.SDD.NAD:DSD_NAMAIN1@DF_QNA_EXPENDITURE_CAPITA(1.1),Quarterly GDP per capita,I,A,Annual,Y,Calendar and seasonally adjusted,ESP,Spain,S1,Total economy,S1,Total economy,B1GQ_POP,"Gross domestic product, per capita",_Z,Not applicable,_Z,Not applicable,_Z,Not applicable,USD_PPP_PS,"US dollars per person, PPP converted",V,Current prices,LA,Annual levels,T0102,Table 0102 - GDP identity from the expenditure side,2023,,55661.3,,,,,,F,Free (free for publication),1,One,P,Provisional value,0,Units,USD,US dollar
DATAFLOW,OECD.SDD.NAD:DSD_NAMAIN1@DF_QNA_EXPENDITURE_CAPITA(1.1),Quarterly GDP per capita,I,A,Annual,Y,Calendar and seasonally adjusted,ESP,Spain,S1,Total economy,S1,Total economy,B1GQ_POP,"Gross domestic product, per capita",_Z,Not applicable,_Z,Not applicable,_Z,Not applicable,USD_PPP_PS,"US dollars per person, PPP converted",LR,Chain linked volume (rebased),LA,Annual levels,T0102,Table 0102 - GDP identity from the expenditure side,2023,,44788,,2020,,,,F,Free (free for publication),1,One,P,Provisional value,0,Units,USD,US dollar
DATAFLOW,OECD.SDD.NAD:DSD_NAMAIN1@DF_QNA_EXPENDITURE_CAPITA(1.1),Quarterly GDP per capita,I,A,Annual,Y,Calendar and seasonally adjusted,ESP,Spain,S1,Total economy,S1,Total economy,B1GQ_POP,"Gross domestic product, per capita",_Z,Not applicable,_Z,Not applicable,_Z,Not applicable,USD_PPP_PS,"US dollars per person, PPP converted",LR,Chain linked volume (rebased),LA,Annual levels,T0102,Table 0102 - GDP identity from the expenditure side,2024,,45857.5,,2020,,,,F,Free (free for publication),1,One,P,Provisional value,0,Units,USD,US dollar
DATAFLOW,OECD.SDD.NAD:DSD_NAMAIN1@DF_QNA_EXPENDITURE_CAPITA(1.1),Quarterly GDP per capita,I,A,Annual,Y,Calendar and seasonally adjusted,ESP,Spain,S1,Total economy,S1,Total economy,B1GQ_POP,"Gross domestic product, per capita",_Z,Not applicable,_Z,Not applicable,_Z,Not applicable,USD_PPP_PS,"US dollars per person, PPP converted",V,Current prices,LA,Annual levels,T0102,Table 0102 - GDP identity from the expenditure side,2024,,58054.5,,,,,,F,Free (free for publication),1,One,P,Provisional value,0,Units,USD,US dollar
DATAFLOW,OECD.SDD.NAD:DSD_NAMAIN1@DF_QNA_EXPENDITURE_CAPITA(1.1),Quarterly GDP per capita,I,A,Annual,Y,Calendar and seasonally adjusted,PRT,Portugal,S1,Total economy,S1,Total economy,B1GQ_POP,"Gross domestic product, per capita",_Z,Not applicable,_Z,Not applicable,_Z,Not applicable,USD_PPP_PS,"US dollars per person, PPP converted",V,Current prices,LA,Annual levels,T0102,Table 0102 - GDP identity from the expenditure side,2024,,52512.6,,,,,,F,Free (free for publication),1,One,P,Provisional value,0,Units,USD,US dollar
DATAFLOW,OECD.SDD.NAD:DSD_NAMAIN1@DF_QNA_EXPENDITURE_CAPITA(1.1),Quarterly GDP per capita,I,A,Annual,Y,Calendar and seasonally adjusted,NLD,Netherlands,S1,Total economy,S1,Total economy,B1GQ_POP,"Gross domestic product, per capita",_Z,Not applicable,_Z,Not applicable,_Z,Not applicable,USD_PPP_PS,"US dollars per person, PPP converted",V,Current prices,LA,Annual levels,T0102,Table 0102 - GDP identity from the expenditure side,2023,,80392.1,,,,,,F,Free (free for publication),1,One,P,Provisional value,0,Units,USD,US dollar
DATAFLOW,OECD.SDD.NAD:DSD_NAMAIN1@DF_QNA_EXPENDITURE_CAPITA(1.1),Quarterly GDP per capita,I,A,Annual,Y,Calendar and seasonally adjusted,NLD,Netherlands,S1,Total economy,S1,Total economy,B1GQ_POP,"Gross domestic product, per capita",_Z,Not applicable,_Z,Not applicable,_Z,Not applicable,USD_PPP_PS,"US dollars per person, PPP converted",V,Current prices,LA,Annual levels,T0102,Table 0102 - GDP identity from the expenditure side,2024,,85214.8,,,,,,F,Free (free for publication),1,One,P,Provisional value,0,Units,USD,US dollar
DATAFLOW,OECD.SDD.NAD:DSD_NAMAIN1@DF_QNA_EXPENDITURE_CAPITA(1.1),Quarterly GDP per capita,I,A,Annual,Y,Calendar and seasonally adjusted,PRT,Portugal,S1,Total economy,S1,Total economy,B1GQ_POP,"Gross domestic product, per capita",_Z,Not applicable,_Z,Not applicable,_Z,Not applicable,USD_PPP_PS,"US dollars per person, PPP converted",LR,Chain linked volume (rebased),LA,Annual levels,T0102,Table 0102 - GDP identity from the expenditure side,2024,,41213.5,,2020,,,,F,Free (free for publication),1,One,P,Provisional value,0,Units,USD,US dollar
DATAFLOW,OECD.SDD.NAD:DSD_NAMAIN1@DF_QNA_EXPENDITURE_CAPITA(1.1),Quarterly GDP per capita,I,A,Annual,Y,Calendar and seasonally adjusted,MEX,Mexico,S1,Total economy,S1,Total economy,B1GQ_POP,"Gross domestic product, per capita",_Z,Not applicable,_Z,Not applicable,_Z,Not applicable,USD_PPP_PS,"US dollars per person, PPP converted",LR,Chain linked volume (rebased),LA,Annual levels,T0102,Table 0102 - GDP identity from the expenditure side,2024,,21691.9,,2020,,,,F,Free (free for publication),1,One,P,Provisional value,0,Units,USD,US dollar
DATAFLOW,OECD.SDD.NAD:DSD_NAMAIN1@DF_QNA_EXPENDITURE_CAPITA(1.1),Quarterly GDP per capita,I,A,Annual,Y,Calendar and seasonally adjusted,MEX,Mexico,S1,Total economy,S1,Total economy,B1GQ_POP,"Gross domestic product, per capita",_Z,Not applicable,_Z,Not applicable,_Z,Not applicable,USD_PPP_PS,"US dollars per person, PPP converted",LR,Chain linked volume (rebased),LA,Annual levels,T0102,Table 0102 - GDP identity from the expenditure side,2023,,21520,,2020,,,,F,Free (free for publication),1,One,P,Provisional value,0,Units,USD,US dollar
DATAFLOW,OECD.SDD.NAD:DSD_NAMAIN1@DF_QNA_EXPENDITURE_CAPITA(1.1),Quarterly GDP per capita,I,A,Annual,Y,Calendar and seasonally adjusted,MEX,Mexico,S1,Total economy,S1,Total economy,B1GQ_POP,"Gross domestic product, per capita",_Z,Not applicable,_Z,Not applicable,_Z,Not applicable,USD_PPP_PS,"US dollars per person, PPP converted",LR,Chain linked volume (rebased),LA,Annual levels,T0102,Table 0102 - GDP identity from the expenditure side,2022,,20991,,2020,,,,F,Free (free for publication),1,One,P,Provisional value,0,Units,USD,US dollar
DATAFLOW,OECD.SDD.NAD:DSD_NAMAIN1@DF_QNA_EXPENDITURE_CAPITA(1.1),Quarterly GDP per capita,I,A,Annual,Y,Calendar and seasonally adjusted,NLD,Netherlands,S1,Total economy,S1,Total economy,B1GQ_POP,"Gross domestic product, per capita",_Z,Not applicable,_Z,Not applicable,_Z,Not applicable,USD_PPP_PS,"US dollars per person, PPP converted",LR,Chain linked volume (rebased),LA,Annual levels,T0102,Table 0102 - GDP identity from the expenditure side,2024,,68027.1,,2020,,,,F,Free (free for publication),1,One,P,Provisional value,0,Units,USD,US dollar
DATAFLOW,OECD.SDD.NAD:DSD_NAMAIN1@DF_QNA_EXPENDITURE_CAPITA(1.1),Quarterly GDP per capita,I,A,Annual,Y,Calendar and seasonally adjusted,NLD,Netherlands,S1,Total economy,S1,Total economy,B1GQ_POP,"Gross domestic product, per capita",_Z,Not applicable,_Z,Not applicable,_Z,Not applicable,USD_PPP_PS,"US dollars per person, PPP converted",LR,Chain linked volume (rebased),LA,Annual levels,T0102,Table 0102 - GDP identity from the expenditure side,2023,,67746.3,,2020,,,,F,Free (free for publication),1,One,P,Provisional value,0,Units,USD,US dollar
DATAFLOW,OECD.SDD.NAD:DSD_NAMAIN1@DF_QNA_EXPENDITURE_CAPITA(1.1),Quarterly GDP per capita,I,A,Annual,Y,Calendar and seasonally adjusted,MEX,Mexico,S1,Total economy,S1,Total economy,B1GQ_POP,"Gross domestic product, per capita",_Z,Not applicable,_Z,Not applicable,_Z,Not applicable,USD_PPP_PS,"US dollars per person, PPP converted",V,Current prices,LA,Annual levels,T0102,Table 0102 - GDP identity from the expenditure side,2022,,23141.1,,,,,,F,Free (free for publication),1,One,P,Provisional value,0,Units,USD,US dollar
DATAFLOW,OECD.SDD.NAD:DSD_NAMAIN1@DF_QNA_EXPENDITURE_CAPITA(1.1),Quarterly GDP per capita,I,A,Annual,Y,Calendar and seasonally adjusted,MEX,Mexico,S1,Total economy,S1,Total economy,B1GQ_POP,"Gross domestic product, per capita",_Z,Not applicable,_Z,Not applicable,_Z,Not applicable,USD_PPP_PS,"US dollars per person, PPP converted",V,Current prices,LA,Annual levels,T0102,Table 0102 - GDP identity from the expenditure side,2024,,25986.3,,,,,,F,Free (free for publication),1,One,P,Provisional value,0,Units,USD,US dollar
DATAFLOW,OECD.SDD.NAD:DSD_NAMAIN1@DF_QNA_EXPENDITURE_CAPITA(1.1),Quarterly GDP per capita,I,A,Annual,Y,Calendar and seasonally adjusted,FRA,France,S1,Total economy,S1,Total economy,B1GQ_POP,"Gross domestic product, per capita",_Z,Not applicable,_Z,Not applicable,_Z,Not applicable,USD_PPP_PS,"US dollars per person, PPP converted",V,Current prices,LA,Annual levels,T0102,Table 0102 - GDP identity from the expenditure side,2022,,57001.6,,,,,,F,Free (free for publication),1,One,A,Normal value,0,Units,USD,US dollar
DATAFLOW,OECD.SDD.NAD:DSD_NAMAIN1@DF_QNA_EXPENDITURE_CAPITA(1.1),Quarterly GDP per capita,I,A,Annual,Y,Calendar and seasonally adjusted,FIN,Finland,S1,Total economy,S1,Total economy,B1GQ_POP,"Gross domestic product, per capita",_Z,Not applicable,_Z,Not applicable,_Z,Not applicable,USD_PPP_PS,"US dollars per person, PPP converted",V,Current prices,LA,Annual levels,T0102,Table 0102 - GDP identity from the expenditure side,2016,,44562.4,,,,,,F,Free (free for publication),1,One,A,Normal value,0,Units,USD,US dollar
DATAFLOW,OECD.SDD.NAD:DSD_NAMAIN1@DF_QNA_EXPENDITURE_CAPITA(1.1),Quarterly GDP per capita,I,A,Annual,Y,Calendar and seasonally adjusted,EST,Estonia,S1,Total economy,S1,Total economy,B1GQ_POP,"Gross domestic product, per capita",_Z,Not applicable,_Z,Not applicable,_Z,Not applicable,USD_PPP_PS,"US dollars per person, PPP converted",V,Current prices,LA,Annual levels,T0102,Table 0102 - GDP identity from the expenditure side,2017,,34553.4,,,,,,F,Free (free for publication),1,One,A,Normal value,0,Units,USD,US dollar
DATAFLOW,OECD.SDD.NAD:DSD_NAMAIN1@DF_QNA_EXPENDITURE_CAPITA(1.1),Quarterly GDP per capita,I,A,Annual,Y,Calendar and seasonally adjusted,DNK,Denmark,S1,Total economy,S1,Total economy,B1GQ_POP,"Gross domestic product, per capita",_Z,Not applicable,_Z,Not applicable,_Z,Not applicable,USD_PPP_PS,"US dollars per person, PPP converted",V,Current prices,LA,Annual levels,T0102,Table 0102 - GDP identity from the expenditure side,2020,,62700.5,,,,,,F,Free (free for publication),1,One,A,Normal value,0,Units,USD,US dollar
DATAFLOW,OECD.SDD.NAD:DSD_NAMAIN1@DF_QNA_EXPENDITURE_CAPITA(1.1),Quarterly GDP per capita,I,A,Annual,Y,Calendar and seasonally adjusted,CZE,Czechia,S1,Total economy,S1,Total economy,B1GQ_POP,"Gross domestic product, per capita",_Z,Not applicable,_Z,Not applicable,_Z,Not applicable,USD_PPP_PS,"US dollars per person, PPP converted",V,Current prices,LA,Annual levels,T0102,Table 0102 - GDP identity from the expenditure side,2016,,36627.3,,,,,,F,Free (free for publication),1,One,A,Normal value,0,Units,USD,US dollar
DATAFLOW,OECD.SDD.NAD:DSD_NAMAIN1@DF_QNA_EXPENDITURE_CAPITA(1.1),Quarterly GDP per capita,I,A,Annual,Y,Calendar and seasonally adjusted,CRI,Costa Rica,S1,Total economy,S1,Total economy,B1GQ_POP,"Gross domestic product, per capita",_Z,Not applicable,_Z,Not applicable,_Z,Not applicable,USD_PPP_PS,"US dollars per person, PPP converted",LR,Chain linked volume (rebased),LA,Annual levels,T0102,Table 0102 - GDP identity from the expenditure side,2011,,19243.1,,2020,,,,F,Free (free for publication),1,One,A,Normal value,0,Units,USD,US dollar
DATAFLOW,OECD.SDD.NAD:DSD_NAMAIN1@DF_QNA_EXPENDITURE_CAPITA(1.1),Quarterly GDP per capita,I,A,Annual,Y,Calendar and seasonally adjusted,COL,Colombia,S1,Total economy,S1,Total economy,B1GQ_POP,"Gross domestic product, per capita",_Z,Not applicable,_Z,Not applicable,_Z,Not applicable,USD_PPP_PS,"US dollars per person, PPP converted",V,Current prices,LA,Annual levels,T0102,Table 0102 - GDP identity from the expenditure side,2017,,14930.9,,,,,,F,Free (free for publication),1,One,A,Normal value,0,Units,USD,US dollar
DATAFLOW,OECD.SDD.NAD:DSD_NAMAIN1@DF_QNA_EXPENDITURE_CAPITA(1.1),Quarterly GDP per capita,I,A,Annual,Y,Calendar and seasonally adjusted,CHL,Chile,S1,Total economy,S1,Total economy,B1GQ_POP,"Gross domestic product, per capita",_Z,Not applicable,_Z,Not applicable,_Z,Not applicable,USD_PPP_PS,"US dollars per person, PPP converted",V,Current prices,LA,Annual levels,T0102,Table 0102 - GDP identity from the expenditure side,2019,,25736,,,,,,F,Free (free for publication),1,One,A,Normal value,0,Units,USD,US dollar
DATAFLOW,OECD.SDD.NAD:DSD_NAMAIN1@DF_QNA_EXPENDITURE_CAPITA(1.1),Quarterly GDP per capita,I,A,Annual,Y,Calendar and seasonally adjusted,SVK,Slovak Republic,S1,Total economy,S1,Total economy,B1GQ_POP,"Gross domestic product, per capita",_Z,Not applicable,_Z,Not applicable,_Z,Not applicable,USD_PPP_PS,"US dollars per person, PPP converted",LR,Chain linked volume (rebased),LA,Annual levels,T0102,Table 0102 - GDP identity from the expenditure side,2001,,18448.1,,2020,,,,F,Free (free for publication),1,One,B,Time series break,0,Units,USD,US dollar
DATAFLOW,OECD.SDD.NAD:DSD_NAMAIN1@DF_QNA_EXPENDITURE_CAPITA(1.1),Quarterly GDP per capita,I,A,Annual,Y,Calendar and seasonally adjusted,POL,Poland,S1,Total economy,S1,Total economy,B1GQ_POP,"Gross domestic product, per capita",_Z,Not applicable,_Z,Not applicable,_Z,Not applicable,USD_PPP_PS,"US dollars per person, PPP converted",V,Current prices,LA,Annual levels,T0102,Table 0102 - GDP identity from the expenditure side,2010,,20990.7,,,,,,F,Free (free for publication),1,One,B,Time series break,0,Units,USD,US dollar
DATAFLOW,OECD.SDD.NAD:DSD_NAMAIN1@DF_QNA_EXPENDITURE_CAPITA(1.1),Quarterly GDP per capita,I,A,Annual,Y,Calendar and seasonally adjusted,BEL,Belgium,S1,Total economy,S1,Total economy,B1GQ_POP,"Gross domestic product, per capita",_Z,Not applicable,_Z,Not applicable,_Z,Not applicable,USD_PPP_PS,"US dollars per person, PPP converted",V,Current prices,LA,Annual levels,T0102,Table 0102 - GDP identity from the expenditure side,2009,,37905.7,,,,,,F,Free (free for publication),1,One,B,Time series break,0,Units,USD,US dollar
DATAFLOW,OECD.SDD.NAD:DSD_NAMAIN1@DF_QNA_EXPENDITURE_CAPITA(1.1),Quarterly GDP per capita,I,A,Annual,Y,Calendar and seasonally adjusted,BEL,Belgium,S1,Total economy,S1,Total economy,B1GQ_POP,"Gross domestic product, per capita",_Z,Not applicable,_Z,Not applicable,_Z,Not applicable,USD_PPP_PS,"US dollars per person, PPP converted",LR,Chain linked volume (rebased),LA,Annual levels,T0102,Table 0102 - GDP identity from the expenditure side,2009,,54089.3,,2020,,,,F,Free (free for publication),1,One,B,Time series break,0,Units,USD,US dollar
DATAFLOW,OECD.SDD.NAD:DSD_NAMAIN1@DF_QNA_EXPENDITURE_CAPITA(1.1),Quarterly GDP per capita,I,A,Annual,Y,Calendar and seasonally adjusted,POL,Poland,S1,Total economy,S1,Total economy,B1GQ_POP,"Gross domestic product, per capita",_Z,Not applicable,_Z,Not applicable,_Z,Not applicable,USD_PPP_PS,"US dollars per person, PPP converted",LR,Chain linked volume (rebased),LA,Annual levels,T0102,Table 0102 - GDP identity from the expenditure side,2022,,41446.9,,2020,,,,F,Free (free for publication),1,One,B,Time series break,0,Units,USD,US dollar
DATAFLOW,OECD.SDD.NAD:DSD_NAMAIN1@DF_QNA_EXPENDITURE_CAPITA(1.1),Quarterly GDP per capita,I,A,Annual,Y,Calendar and seasonally adjusted,POL,Poland,S1,Total economy,S1,Total economy,B1GQ_POP,"Gross domestic product, per capita",_Z,Not applicable,_Z,Not applicable,_Z,Not applicable,USD_PPP_PS,"US dollars per person, PPP converted",LR,Chain linked volume (rebased),LA,Annual levels,T0102,Table 0102 - GDP identity from the expenditure side,2020,,37444.8,,2020,,,,F,Free (free for publication),1,One,B,Time series break,0,Units,USD,US dollar
DATAFLOW,OECD.SDD.NAD:DSD_NAMAIN1@DF_QNA_EXPENDITURE_CAPITA(1.1),Quarterly GDP per capita,I,A,Annual,Y,Calendar and seasonally adjusted,POL,Poland,S1,Total economy,S1,Total economy,B1GQ_POP,"Gross domestic product, per capita",_Z,Not applicable,_Z,Not applicable,_Z,Not applicable,USD_PPP_PS,"US dollars per person, PPP converted",LR,Chain linked volume (rebased),LA,Annual levels,T0102,Table 0102 - GDP identity from the expenditure side,2010,,26565,,2020,,,,F,Free (free for publication),1,One,B,Time series break,0,Units,USD,US dollar
DATAFLOW,OECD.SDD.NAD:DSD_NAMAIN1@DF_QNA_EXPENDITURE_CAPITA(1.1),Quarterly GDP per capita,I,A,Annual,Y,Calendar and seasonally adjusted,SVN,Slovenia,S1,Total economy,S1,Total economy,B1GQ_POP,"Gross domestic product, per capita",_Z,Not applicable,_Z,Not applicable,_Z,Not applicable,USD_PPP_PS,"US dollars per person, PPP converted",LR,Chain linked volume (rebased),LA,Annual levels,T0102,Table 0102 - GDP identity from the expenditure side,2008,,40588.5,,2020,,,,F,Free (free for publication),1,One,B,Time series break,0,Units,USD,US dollar
DATAFLOW,OECD.SDD.NAD:DSD_NAMAIN1@DF_QNA_EXPENDITURE_CAPITA(1.1),Quarterly GDP per capita,I,A,Annual,Y,Calendar and seasonally adjusted,SVK,Slovak Republic,S1,Total economy,S1,Total economy,B1GQ_POP,"Gross domestic product, per capita",_Z,Not applicable,_Z,Not applicable,_Z,Not applicable,USD_PPP_PS,"US dollars per person, PPP converted",V,Current prices,LA,Annual levels,T0102,Table 0102 - GDP identity from the expenditure side,2011,,26203,,,,,,F,Free (free for publication),1,One,B,Time series break,0,Units,USD,US dollar
DATAFLOW,OECD.SDD.NAD:DSD_NAMAIN1@DF_QNA_EXPENDITURE_CAPITA(1.1),Quarterly GDP per capita,I,A,Annual,Y,Calendar and seasonally adjusted,SVK,Slovak Republic,S1,Total economy,S1,Total economy,B1GQ_POP,"Gross domestic product, per capita",_Z,Not applicable,_Z,Not applicable,_Z,Not applicable,USD_PPP_PS,"US dollars per person, PPP converted",V,Current prices,LA,Annual levels,T0102,Table 0102 - GDP identity from the expenditure side,2001,,12365.8,,,,,,F,Free (free for publication),1,One,B,Time series break,0,Units,USD,US dollar
DATAFLOW,OECD.SDD.NAD:DSD_NAMAIN1@DF_QNA_EXPENDITURE_CAPITA(1.1),Quarterly GDP per capita,I,A,Annual,Y,Calendar and seasonally adjusted,POL,Poland,S1,Total economy,S1,Total economy,B1GQ_POP,"Gross domestic product, per capita",_Z,Not applicable,_Z,Not applicable,_Z,Not applicable,USD_PPP_PS,"US dollars per person, PPP converted",V,Current prices,LA,Annual levels,T0102,Table 0102 - GDP identity from the expenditure side,2022,,45586.8,,,,,,F,Free (free for publication),1,One,B,Time series break,0,Units,USD,US dollar
DATAFLOW,OECD.SDD.NAD:DSD_NAMAIN1@DF_QNA_EXPENDITURE_CAPITA(1.1),Quarterly GDP per capita,I,A,Annual,Y,Calendar and seasonally adjusted,POL,Poland,S1,Total economy,S1,Total economy,B1GQ_POP,"Gross domestic product, per capita",_Z,Not applicable,_Z,Not applicable,_Z,Not applicable,USD_PPP_PS,"US dollars per person, PPP converted",V,Current prices,LA,Annual levels,T0102,Table 0102 - GDP identity from the expenditure side,2020,,37444.8,,,,,,F,Free (free for publication),1,One,B,Time series break,0,Units,USD,US dollar
DATAFLOW,OECD.SDD.NAD:DSD_NAMAIN1@DF_QNA_EXPENDITURE_CAPITA(1.1),Quarterly GDP per capita,I,A,Annual,Y,Calendar and seasonally adjusted,SVK,Slovak Republic,S1,Total economy,S1,Total economy,B1GQ_POP,"Gross domestic product, per capita",_Z,Not applicable,_Z,Not applicable,_Z,Not applicable,USD_PPP_PS,"US dollars per person, PPP converted",V,Current prices,LA,Annual levels,T0102,Table 0102 - GDP identity from the expenditure side,2021,,38376.7,,,,,,F,Free (free for publication),1,One,B,Time series break,0,Units,USD,US dollar
DATAFLOW,OECD.SDD.NAD:DSD_NAMAIN1@DF_QNA_EXPENDITURE_CAPITA(1.1),Quarterly GDP per capita,I,A,Annual,Y,Calendar and seasonally adjusted,SVN,Slovenia,S1,Total economy,S1,Total economy,B1GQ_POP,"Gross domestic product, per capita",_Z,Not applicable,_Z,Not applicable,_Z,Not applicable,USD_PPP_PS,"US dollars per person, PPP converted",V,Current prices,LA,Annual levels,T0102,Table 0102 - GDP identity from the expenditure side,2008,,29451.4,,,,,,F,Free (free for publication),1,One,B,Time series break,0,Units,USD,US dollar
DATAFLOW,OECD.SDD.NAD:DSD_NAMAIN1@DF_QNA_EXPENDITURE_CAPITA(1.1),Quarterly GDP per capita,I,A,Annual,Y,Calendar and seasonally adjusted,SVK,Slovak Republic,S1,Total economy,S1,Total economy,B1GQ_POP,"Gross domestic product, per capita",_Z,Not applicable,_Z,Not applicable,_Z,Not applicable,USD_PPP_PS,"US dollars per person, PPP converted",LR,Chain linked volume (rebased),LA,Annual levels,T0102,Table 0102 - GDP identity from the expenditure side,2021,,37450.7,,2020,,,,F,Free (free for publication),1,One,B,Time series break,0,Units,USD,US dollar
DATAFLOW,OECD.SDD.NAD:DSD_NAMAIN1@DF_QNA_EXPENDITURE_CAPITA(1.1),Quarterly GDP per capita,I,A,Annual,Y,Calendar and seasonally adjusted,KOR,Korea,S1,Total economy,S1,Total economy,B1GQ_POP,"Gross domestic product, per capita",_Z,Not applicable,_Z,Not applicable,_Z,Not applicable,USD_PPP_PS,"US dollars per person, PPP converted",LR,Chain linked volume (rebased),LA,Annual levels,T0102,Table 0102 - GDP identity from the expenditure side,2021,,50154.3,,2020,,,,F,Free (free for publication),1,One,E,Estimated value,0,Units,USD,US dollar
DATAFLOW,OECD.SDD.NAD:DSD_NAMAIN1@DF_QNA_EXPENDITURE_CAPITA(1.1),Quarterly GDP per capita,I,A,Annual,Y,Calendar and seasonally adjusted,COL,Colombia,S1,Total economy,S1,Total economy,B1GQ_POP,"Gross domestic product, per capita",_Z,Not applicable,_Z,Not applicable,_Z,Not applicable,USD_PPP_PS,"US dollars per person, PPP converted",LR,Chain linked volume (rebased),LA,Annual levels,T0102,Table 0102 - GDP identity from the expenditure side,2004,,11789.6,,2020,,,,F,Free (free for publication),1,One,E,Estimated value,0,Units,USD,US dollar
DATAFLOW,OECD.SDD.NAD:DSD_NAMAIN1@DF_QNA_EXPENDITURE_CAPITA(1.1),Quarterly GDP per capita,I,A,Annual,Y,Calendar and seasonally adjusted,COL,Colombia,S1,Total economy,S1,Total economy,B1GQ_POP,"Gross domestic product, per capita",_Z,Not applicable,_Z,Not applicable,_Z,Not applicable,USD_PPP_PS,"US dollars per person, PPP converted",LR,Chain linked volume (rebased),LA,Annual levels,T0102,Table 0102 - GDP identity from the expenditure side,2003,,11326.5,,2020,,,,F,Free (free for publication),1,One,E,Estimated value,0,Units,USD,US dollar
DATAFLOW,OECD.SDD.NAD:DSD_NAMAIN1@DF_QNA_EXPENDITURE_CAPITA(1.1),Quarterly GDP per capita,I,A,Annual,Y,Calendar and seasonally adjusted,COL,Colombia,S1,Total economy,S1,Total economy,B1GQ_POP,"Gross domestic product, per capita",_Z,Not applicable,_Z,Not applicable,_Z,Not applicable,USD_PPP_PS,"US dollars per person, PPP converted",LR,Chain linked volume (rebased),LA,Annual levels,T0102,Table 0102 - GDP identity from the expenditure side,2002,,11035.2,,2020,,,,F,Free (free for publication),1,One,E,Estimated value,0,Units,USD,US dollar
DATAFLOW,OECD.SDD.NAD:DSD_NAMAIN1@DF_QNA_EXPENDITURE_CAPITA(1.1),Quarterly GDP per capita,I,A,Annual,Y,Calendar and seasonally adjusted,KOR,Korea,S1,Total economy,S1,Total economy,B1GQ_POP,"Gross domestic product, per capita",_Z,Not applicable,_Z,Not applicable,_Z,Not applicable,USD_PPP_PS,"US dollars per person, PPP converted",LR,Chain linked volume (rebased),LA,Annual levels,T0102,Table 0102 - GDP identity from the expenditure side,2019,,48285.5,,2020,,,,F,Free (free for publication),1,One,E,Estimated value,0,Units,USD,US dollar
DATAFLOW,OECD.SDD.NAD:DSD_NAMAIN1@DF_QNA_EXPENDITURE_CAPITA(1.1),Quarterly GDP per capita,I,A,Annual,Y,Calendar and seasonally adjusted,KOR,Korea,S1,Total economy,S1,Total economy,B1GQ_POP,"Gross domestic product, per capita",_Z,Not applicable,_Z,Not applicable,_Z,Not applicable,USD_PPP_PS,"US dollars per person, PPP converted",LR,Chain linked volume (rebased),LA,Annual levels,T0102,Table 0102 - GDP identity from the expenditure side,2018,,47358.2,,2020,,,,F,Free (free for publication),1,One,E,Estimated value,0,Units,USD,US dollar
DATAFLOW,OECD.SDD.NAD:DSD_NAMAIN1@DF_QNA_EXPENDITURE_CAPITA(1.1),Quarterly GDP per capita,I,A,Annual,Y,Calendar and seasonally adjusted,KOR,Korea,S1,Total economy,S1,Total economy,B1GQ_POP,"Gross domestic product, per capita",_Z,Not applicable,_Z,Not applicable,_Z,Not applicable,USD_PPP_PS,"US dollars per person, PPP converted",LR,Chain linked volume (rebased),LA,Annual levels,T0102,Table 0102 - GDP identity from the expenditure side,2017,,46099.7,,2020,,,,F,Free (free for publication),1,One,E,Estimated value,0,Units,USD,US dollar
DATAFLOW,OECD.SDD.NAD:DSD_NAMAIN1@DF_QNA_EXPENDITURE_CAPITA(1.1),Quarterly GDP per capita,I,A,Annual,Y,Calendar and seasonally adjusted,COL,Colombia,S1,Total economy,S1,Total economy,B1GQ_POP,"Gross domestic product, per capita",_Z,Not applicable,_Z,Not applicable,_Z,Not applicable,USD_PPP_PS,"US dollars per person, PPP converted",LR,Chain linked volume (rebased),LA,Annual levels,T0102,Table 0102 - GDP identity from the expenditure side,2001,,10904.3,,2020,,,,F,Free (free for publication),1,One,E,Estimated value,0,Units,USD,US dollar
DATAFLOW,OECD.SDD.NAD:DSD_NAMAIN1@DF_QNA_EXPENDITURE_CAPITA(1.1),Quarterly GDP per capita,I,A,Annual,Y,Calendar and seasonally adjusted,COL,Colombia,S1,Total economy,S1,Total economy,B1GQ_POP,"Gross domestic product, per capita",_Z,Not applicable,_Z,Not applicable,_Z,Not applicable,USD_PPP_PS,"US dollars per person, PPP converted",V,Current prices,LA,Annual levels,T0102,Table 0102 - GDP identity from the expenditure side,2004,,8269.1,,,,,,F,Free (free for publication),1,One,E,Estimated value,0,Units,USD,US dollar
DATAFLOW,OECD.SDD.NAD:DSD_NAMAIN1@DF_QNA_EXPENDITURE_CAPITA(1.1),Quarterly GDP per capita,I,A,Annual,Y,Calendar and seasonally adjusted,COL,Colombia,S1,Total economy,S1,Total economy,B1GQ_POP,"Gross domestic product, per capita",_Z,Not applicable,_Z,Not applicable,_Z,Not applicable,USD_PPP_PS,"US dollars per person, PPP converted",V,Current prices,LA,Annual levels,T0102,Table 0102 - GDP identity from the expenditure side,2003,,7776.1,,,,,,F,Free (free for publication),1,One,E,Estimated value,0,Units,USD,US dollar
DATAFLOW,OECD.SDD.NAD:DSD_NAMAIN1@DF_QNA_EXPENDITURE_CAPITA(1.1),Quarterly GDP per capita,I,A,Annual,Y,Calendar and seasonally adjusted,COL,Colombia,S1,Total economy,S1,Total economy,B1GQ_POP,"Gross domestic product, per capita",_Z,Not applicable,_Z,Not applicable,_Z,Not applicable,USD_PPP_PS,"US dollars per person, PPP converted",V,Current prices,LA,Annual levels,T0102,Table 0102 - GDP identity from the expenditure side,2002,,7604.1,,,,,,F,Free (free for publication),1,One,E,Estimated value,0,Units,USD,US dollar
DATAFLOW,OECD.SDD.NAD:DSD_NAMAIN1@DF_QNA_EXPENDITURE_CAPITA(1.1),Quarterly GDP per capita,I,A,Annual,Y,Calendar and seasonally adjusted,COL,Colombia,S1,Total economy,S1,Total economy,B1GQ_POP,"Gross domestic product, per capita",_Z,Not applicable,_Z,Not applicable,_Z,Not applicable,USD_PPP_PS,"US dollars per person, PPP converted",V,Current prices,LA,Annual levels,T0102,Table 0102 - GDP identity from the expenditure side,2001,,7453.2,,,,,,F,Free (free for publication),1,One,E,Estimated value,0,Units,USD,US dollar
DATAFLOW,OECD.SDD.NAD:DSD_NAMAIN1@DF_QNA_EXPENDITURE_CAPITA(1.1),Quarterly GDP per capita,I,A,Annual,Y,Calendar and seasonally adjusted,KOR,Korea,S1,Total economy,S1,Total economy,B1GQ_POP,"Gross domestic product, per capita",_Z,Not applicable,_Z,Not applicable,_Z,Not applicable,USD_PPP_PS,"US dollars per person, PPP converted",LR,Chain linked volume (rebased),LA,Annual levels,T0102,Table 0102 - GDP identity from the expenditure side,2001,,26611.2,,2020,,,,F,Free (free for publication),1,One,E,Estimated value,0,Units,USD,US dollar
DATAFLOW,OECD.SDD.NAD:DSD_NAMAIN1@DF_QNA_EXPENDITURE_CAPITA(1.1),Quarterly GDP per capita,I,A,Annual,Y,Calendar and seasonally adjusted,KOR,Korea,S1,Total economy,S1,Total economy,B1GQ_POP,"Gross domestic product, per capita",_Z,Not applicable,_Z,Not applicable,_Z,Not applicable,USD_PPP_PS,"US dollars per person, PPP converted",LR,Chain linked volume (rebased),LA,Annual levels,T0102,Table 0102 - GDP identity from the expenditure side,2000,,25606,,2020,,,,F,Free (free for publication),1,One,E,Estimated value,0,Units,USD,US dollar
DATAFLOW,OECD.SDD.NAD:DSD_NAMAIN1@DF_QNA_EXPENDITURE_CAPITA(1.1),Quarterly GDP per capita,I,A,Annual,Y,Calendar and seasonally adjusted,KOR,Korea,S1,Total economy,S1,Total economy,B1GQ_POP,"Gross domestic product, per capita",_Z,Not applicable,_Z,Not applicable,_Z,Not applicable,USD_PPP_PS,"US dollars per person, PPP converted",LR,Chain linked volume (rebased),LA,Annual levels,T0102,Table 0102 - GDP identity from the expenditure side,2024,,53406.2,,2020,,,,F,Free (free for publication),1,One,E,Estimated value,0,Units,USD,US dollar
DATAFLOW,OECD.SDD.NAD:DSD_NAMAIN1@DF_QNA_EXPENDITURE_CAPITA(1.1),Quarterly GDP per capita,I,A,Annual,Y,Calendar and seasonally adjusted,KOR,Korea,S1,Total economy,S1,Total economy,B1GQ_POP,"Gross domestic product, per capita",_Z,Not applicable,_Z,Not applicable,_Z,Not applicable,USD_PPP_PS,"US dollars per person, PPP converted",LR,Chain linked volume (rebased),LA,Annual levels,T0102,Table 0102 - GDP identity from the expenditure side,2008,,35943.5,,2020,,,,F,Free (free for publication),1,One,E,Estimated value,0,Units,USD,US dollar
DATAFLOW,OECD.SDD.NAD:DSD_NAMAIN1@DF_QNA_EXPENDITURE_CAPITA(1.1),Quarterly GDP per capita,I,A,Annual,Y,Calendar and seasonally adjusted,KOR,Korea,S1,Total economy,S1,Total economy,B1GQ_POP,"Gross domestic product, per capita",_Z,Not applicable,_Z,Not applicable,_Z,Not applicable,USD_PPP_PS,"US dollars per person, PPP converted",LR,Chain linked volume (rebased),LA,Annual levels,T0102,Table 0102 - GDP identity from the expenditure side,2007,,35161,,2020,,,,F,Free (free for publication),1,One,E,Estimated value,0,Units,USD,US dollar
DATAFLOW,OECD.SDD.NAD:DSD_NAMAIN1@DF_QNA_EXPENDITURE_CAPITA(1.1),Quarterly GDP per capita,I,A,Annual,Y,Calendar and seasonally adjusted,KOR,Korea,S1,Total economy,S1,Total economy,B1GQ_POP,"Gross domestic product, per capita",_Z,Not applicable,_Z,Not applicable,_Z,Not applicable,USD_PPP_PS,"US dollars per person, PPP converted",LR,Chain linked volume (rebased),LA,Annual levels,T0102,Table 0102 - GDP identity from the expenditure side,2006,,33389,,2020,,,,F,Free (free for publication),1,One,E,Estimated value,0,Units,USD,US dollar
DATAFLOW,OECD.SDD.NAD:DSD_NAMAIN1@DF_QNA_EXPENDITURE_CAPITA(1.1),Quarterly GDP per capita,I,A,Annual,Y,Calendar and seasonally adjusted,KOR,Korea,S1,Total economy,S1,Total economy,B1GQ_POP,"Gross domestic product, per capita",_Z,Not applicable,_Z,Not applicable,_Z,Not applicable,USD_PPP_PS,"US dollars per person, PPP converted",LR,Chain linked volume (rebased),LA,Annual levels,T0102,Table 0102 - GDP identity from the expenditure side,2005,,31891.6,,2020,,,,F,Free (free for publication),1,One,E,Estimated value,0,Units,USD,US dollar
DATAFLOW,OECD.SDD.NAD:DSD_NAMAIN1@DF_QNA_EXPENDITURE_CAPITA(1.1),Quarterly GDP per capita,I,A,Annual,Y,Calendar and seasonally adjusted,KOR,Korea,S1,Total economy,S1,Total economy,B1GQ_POP,"Gross domestic product, per capita",_Z,Not applicable,_Z,Not applicable,_Z,Not applicable,USD_PPP_PS,"US dollars per person, PPP converted",LR,Chain linked volume (rebased),LA,Annual levels,T0102,Table 0102 - GDP identity from the expenditure side,2004,,30624.6,,2020,,,,F,Free (free for publication),1,One,E,Estimated value,0,Units,USD,US dollar
DATAFLOW,OECD.SDD.NAD:DSD_NAMAIN1@DF_QNA_EXPENDITURE_CAPITA(1.1),Quarterly GDP per capita,I,A,Annual,Y,Calendar and seasonally adjusted,KOR,Korea,S1,Total economy,S1,Total economy,B1GQ_POP,"Gross domestic product, per capita",_Z,Not applicable,_Z,Not applicable,_Z,Not applicable,USD_PPP_PS,"US dollars per person, PPP converted",LR,Chain linked volume (rebased),LA,Annual levels,T0102,Table 0102 - GDP identity from the expenditure side,2003,,29231.4,,2020,,,,F,Free (free for publication),1,One,E,Estimated value,0,Units,USD,US dollar
DATAFLOW,OECD.SDD.NAD:DSD_NAMAIN1@DF_QNA_EXPENDITURE_CAPITA(1.1),Quarterly GDP per capita,I,A,Annual,Y,Calendar and seasonally adjusted,KOR,Korea,S1,Total economy,S1,Total economy,B1GQ_POP,"Gross domestic product, per capita",_Z,Not applicable,_Z,Not applicable,_Z,Not applicable,USD_PPP_PS,"US dollars per person, PPP converted",LR,Chain linked volume (rebased),LA,Annual levels,T0102,Table 0102 - GDP identity from the expenditure side,2002,,28506.5,,2020,,,,F,Free (free for publication),1,One,E,Estimated value,0,Units,USD,US dollar
DATAFLOW,OECD.SDD.NAD:DSD_NAMAIN1@DF_QNA_EXPENDITURE_CAPITA(1.1),Quarterly GDP per capita,I,A,Annual,Y,Calendar and seasonally adjusted,KOR,Korea,S1,Total economy,S1,Total economy,B1GQ_POP,"Gross domestic product, per capita",_Z,Not applicable,_Z,Not applicable,_Z,Not applicable,USD_PPP_PS,"US dollars per person, PPP converted",V,Current prices,LA,Annual levels,T0102,Table 0102 - GDP identity from the expenditure side,2018,,45511.1,,,,,,F,Free (free for publication),1,One,E,Estimated value,0,Units,USD,US dollar
DATAFLOW,OECD.SDD.NAD:DSD_NAMAIN1@DF_QNA_EXPENDITURE_CAPITA(1.1),Quarterly GDP per capita,I,A,Annual,Y,Calendar and seasonally adjusted,KOR,Korea,S1,Total economy,S1,Total economy,B1GQ_POP,"Gross domestic product, per capita",_Z,Not applicable,_Z,Not applicable,_Z,Not applicable,USD_PPP_PS,"US dollars per person, PPP converted",V,Current prices,LA,Annual levels,T0102,Table 0102 - GDP identity from the expenditure side,2017,,43155.8,,,,,,F,Free (free for publication),1,One,E,Estimated value,0,Units,USD,US dollar
DATAFLOW,OECD.SDD.NAD:DSD_NAMAIN1@DF_QNA_EXPENDITURE_CAPITA(1.1),Quarterly GDP per capita,I,A,Annual,Y,Calendar and seasonally adjusted,KOR,Korea,S1,Total economy,S1,Total economy,B1GQ_POP,"Gross domestic product, per capita",_Z,Not applicable,_Z,Not applicable,_Z,Not applicable,USD_PPP_PS,"US dollars per person, PPP converted",V,Current prices,LA,Annual levels,T0102,Table 0102 - GDP identity from the expenditure side,2016,,41672.5,,,,,,F,Free (free for publication),1,One,E,Estimated value,0,Units,USD,US dollar
DATAFLOW,OECD.SDD.NAD:DSD_NAMAIN1@DF_QNA_EXPENDITURE_CAPITA(1.1),Quarterly GDP per capita,I,A,Annual,Y,Calendar and seasonally adjusted,KOR,Korea,S1,Total economy,S1,Total economy,B1GQ_POP,"Gross domestic product, per capita",_Z,Not applicable,_Z,Not applicable,_Z,Not applicable,USD_PPP_PS,"US dollars per person, PPP converted",V,Current prices,LA,Annual levels,T0102,Table 0102 - GDP identity from the expenditure side,2015,,39794.2,,,,,,F,Free (free for publication),1,One,E,Estimated value,0,Units,USD,US dollar
DATAFLOW,OECD.SDD.NAD:DSD_NAMAIN1@DF_QNA_EXPENDITURE_CAPITA(1.1),Quarterly GDP per capita,I,A,Annual,Y,Calendar and seasonally adjusted,KOR,Korea,S1,Total economy,S1,Total economy,B1GQ_POP,"Gross domestic product, per capita",_Z,Not applicable,_Z,Not applicable,_Z,Not applicable,USD_PPP_PS,"US dollars per person, PPP converted",V,Current prices,LA,Annual levels,T0102,Table 0102 - GDP identity from the expenditure side,2014,,37031.9,,,,,,F,Free (free for publication),1,One,E,Estimated value,0,Units,USD,US dollar
DATAFLOW,OECD.SDD.NAD:DSD_NAMAIN1@DF_QNA_EXPENDITURE_CAPITA(1.1),Quarterly GDP per capita,I,A,Annual,Y,Calendar and seasonally adjusted,KOR,Korea,S1,Total economy,S1,Total economy,B1GQ_POP,"Gross domestic product, per capita",_Z,Not applicable,_Z,Not applicable,_Z,Not applicable,USD_PPP_PS,"US dollars per person, PPP converted",V,Current prices,LA,Annual levels,T0102,Table 0102 - GDP identity from the expenditure side,2013,,35844.1,,,,,,F,Free (free for publication),1,One,E,Estimated value,0,Units,USD,US dollar
DATAFLOW,OECD.SDD.NAD:DSD_NAMAIN1@DF_QNA_EXPENDITURE_CAPITA(1.1),Quarterly GDP per capita,I,A,Annual,Y,Calendar and seasonally adjusted,KOR,Korea,S1,Total economy,S1,Total economy,B1GQ_POP,"Gross domestic product, per capita",_Z,Not applicable,_Z,Not applicable,_Z,Not applicable,USD_PPP_PS,"US dollars per person, PPP converted",V,Current prices,LA,Annual levels,T0102,Table 0102 - GDP identity from the expenditure side,2012,,35061.5,,,,,,F,Free (free for publication),1,One,E,Estimated value,0,Units,USD,US dollar
DATAFLOW,OECD.SDD.NAD:DSD_NAMAIN1@DF_QNA_EXPENDITURE_CAPITA(1.1),Quarterly GDP per capita,I,A,Annual,Y,Calendar and seasonally adjusted,KOR,Korea,S1,Total economy,S1,Total economy,B1GQ_POP,"Gross domestic product, per capita",_Z,Not applicable,_Z,Not applicable,_Z,Not applicable,USD_PPP_PS,"US dollars per person, PPP converted",LR,Chain linked volume (rebased),LA,Annual levels,T0102,Table 0102 - GDP identity from the expenditure side,2020,,47881.7,,2020,,,,F,Free (free for publication),1,One,E,Estimated value,0,Units,USD,US dollar
DATAFLOW,OECD.SDD.NAD:DSD_NAMAIN1@DF_QNA_EXPENDITURE_CAPITA(1.1),Quarterly GDP per capita,I,A,Annual,Y,Calendar and seasonally adjusted,KOR,Korea,S1,Total economy,S1,Total economy,B1GQ_POP,"Gross domestic product, per capita",_Z,Not applicable,_Z,Not applicable,_Z,Not applicable,USD_PPP_PS,"US dollars per person, PPP converted",V,Current prices,LA,Annual levels,T0102,Table 0102 - GDP identity from the expenditure side,2010,,33120.4,,,,,,F,Free (free for publication),1,One,E,Estimated value,0,Units,USD,US dollar
DATAFLOW,OECD.SDD.NAD:DSD_NAMAIN1@DF_QNA_EXPENDITURE_CAPITA(1.1),Quarterly GDP per capita,I,A,Annual,Y,Calendar and seasonally adjusted,TUR,Turkey,S1,Total economy,S1,Total economy,B1GQ_POP,"Gross domestic product, per capita",_Z,Not applicable,_Z,Not applicable,_Z,Not applicable,USD_PPP_PS,"US dollars per person, PPP converted",V,Current prices,LA,Annual levels,T0102,Table 0102 - GDP identity from the expenditure side,2024,,45638.8,,,,,,F,Free (free for publication),1,One,E,Estimated value,0,Units,USD,US dollar
DATAFLOW,OECD.SDD.NAD:DSD_NAMAIN1@DF_QNA_EXPENDITURE_CAPITA(1.1),Quarterly GDP per capita,I,A,Annual,Y,Calendar and seasonally adjusted,ISL,Iceland,S1,Total economy,S1,Total economy,B1GQ_POP,"Gross domestic product, per capita",_Z,Not applicable,_Z,Not applicable,_Z,Not applicable,USD_PPP_PS,"US dollars per person, PPP converted",V,Current prices,LA,Annual levels,T0102,Table 0102 - GDP identity from the expenditure side,2010,,40459.3,,,,,,F,Free (free for publication),1,One,P,Provisional value,0,Units,USD,US dollar
DATAFLOW,OECD.SDD.NAD:DSD_NAMAIN1@DF_QNA_EXPENDITURE_CAPITA(1.1),Quarterly GDP per capita,I,A,Annual,Y,Calendar and seasonally adjusted,ISL,Iceland,S1,Total economy,S1,Total economy,B1GQ_POP,"Gross domestic product, per capita",_Z,Not applicable,_Z,Not applicable,_Z,Not applicable,USD_PPP_PS,"US dollars per person, PPP converted",V,Current prices,LA,Annual levels,T0102,Table 0102 - GDP identity from the expenditure side,2009,,42056.5,,,,,,F,Free (free for publication),1,One,P,Provisional value,0,Units,USD,US dollar
DATAFLOW,OECD.SDD.NAD:DSD_NAMAIN1@DF_QNA_EXPENDITURE_CAPITA(1.1),Quarterly GDP per capita,I,A,Annual,Y,Calendar and seasonally adjusted,ISL,Iceland,S1,Total economy,S1,Total economy,B1GQ_POP,"Gross domestic product, per capita",_Z,Not applicable,_Z,Not applicable,_Z,Not applicable,USD_PPP_PS,"US dollars per person, PPP converted",V,Current prices,LA,Annual levels,T0102,Table 0102 - GDP identity from the expenditure side,2008,,43945.1,,,,,,F,Free (free for publication),1,One,P,Provisional value,0,Units,USD,US dollar
DATAFLOW,OECD.SDD.NAD:DSD_NAMAIN1@DF_QNA_EXPENDITURE_CAPITA(1.1),Quarterly GDP per capita,I,A,Annual,Y,Calendar and seasonally adjusted,ISL,Iceland,S1,Total economy,S1,Total economy,B1GQ_POP,"Gross domestic product, per capita",_Z,Not applicable,_Z,Not applicable,_Z,Not applicable,USD_PPP_PS,"US dollars per person, PPP converted",V,Current prices,LA,Annual levels,T0102,Table 0102 - GDP identity from the expenditure side,2007,,41948.2,,,,,,F,Free (free for publication),1,One,P,Provisional value,0,Units,USD,US dollar
DATAFLOW,OECD.SDD.NAD:DSD_NAMAIN1@DF_QNA_EXPENDITURE_CAPITA(1.1),Quarterly GDP per capita,I,A,Annual,Y,Calendar and seasonally adjusted,ISL,Iceland,S1,Total economy,S1,Total economy,B1GQ_POP,"Gross domestic product, per capita",_Z,Not applicable,_Z,Not applicable,_Z,Not applicable,USD_PPP_PS,"US dollars per person, PPP converted",V,Current prices,LA,Annual levels,T0102,Table 0102 - GDP identity from the expenditure side,2006,,40006.7,,,,,,F,Free (free for publication),1,One,P,Provisional value,0,Units,USD,US dollar
DATAFLOW,OECD.SDD.NAD:DSD_NAMAIN1@DF_QNA_EXPENDITURE_CAPITA(1.1),Quarterly GDP per capita,I,A,Annual,Y,Calendar and seasonally adjusted,ISL,Iceland,S1,Total economy,S1,Total economy,B1GQ_POP,"Gross domestic product, per capita",_Z,Not applicable,_Z,Not applicable,_Z,Not applicable,USD_PPP_PS,"US dollars per person, PPP converted",V,Current prices,LA,Annual levels,T0102,Table 0102 - GDP identity from the expenditure side,2005,,37935.4,,,,,,F,Free (free for publication),1,One,P,Provisional value,0,Units,USD,US dollar
DATAFLOW,OECD.SDD.NAD:DSD_NAMAIN1@DF_QNA_EXPENDITURE_CAPITA(1.1),Quarterly GDP per capita,I,A,Annual,Y,Calendar and seasonally adjusted,ISL,Iceland,S1,Total economy,S1,Total economy,B1GQ_POP,"Gross domestic product, per capita",_Z,Not applicable,_Z,Not applicable,_Z,Not applicable,USD_PPP_PS,"US dollars per person, PPP converted",V,Current prices,LA,Annual levels,T0102,Table 0102 - GDP identity from the expenditure side,2004,,35901.8,,,,,,F,Free (free for publication),1,One,P,Provisional value,0,Units,USD,US dollar
DATAFLOW,OECD.SDD.NAD:DSD_NAMAIN1@DF_QNA_EXPENDITURE_CAPITA(1.1),Quarterly GDP per capita,I,A,Annual,Y,Calendar and seasonally adjusted,ISL,Iceland,S1,Total economy,S1,Total economy,B1GQ_POP,"Gross domestic product, per capita",_Z,Not applicable,_Z,Not applicable,_Z,Not applicable,USD_PPP_PS,"US dollars per person, PPP converted",V,Current prices,LA,Annual levels,T0102,Table 0102 - GDP identity from the expenditure side,2003,,33075.1,,,,,,F,Free (free for publication),1,One,P,Provisional value,0,Units,USD,US dollar
DATAFLOW,OECD.SDD.NAD:DSD_NAMAIN1@DF_QNA_EXPENDITURE_CAPITA(1.1),Quarterly GDP per capita,I,A,Annual,Y,Calendar and seasonally adjusted,ISL,Iceland,S1,Total economy,S1,Total economy,B1GQ_POP,"Gross domestic product, per capita",_Z,Not applicable,_Z,Not applicable,_Z,Not applicable,USD_PPP_PS,"US dollars per person, PPP converted",V,Current prices,LA,Annual levels,T0102,Table 0102 - GDP identity from the expenditure side,2002,,32926.2,,,,,,F,Free (free for publication),1,One,P,Provisional value,0,Units,USD,US dollar
DATAFLOW,OECD.SDD.NAD:DSD_NAMAIN1@DF_QNA_EXPENDITURE_CAPITA(1.1),Quarterly GDP per capita,I,A,Annual,Y,Calendar and seasonally adjusted,ISL,Iceland,S1,Total economy,S1,Total economy,B1GQ_POP,"Gross domestic product, per capita",_Z,Not applicable,_Z,Not applicable,_Z,Not applicable,USD_PPP_PS,"US dollars per person, PPP converted",V,Current prices,LA,Annual levels,T0102,Table 0102 - GDP identity from the expenditure side,2001,,32184.6,,,,,,F,Free (free for publication),1,One,P,Provisional value,0,Units,USD,US dollar
DATAFLOW,OECD.SDD.NAD:DSD_NAMAIN1@DF_QNA_EXPENDITURE_CAPITA(1.1),Quarterly GDP per capita,I,A,Annual,Y,Calendar and seasonally adjusted,ISL,Iceland,S1,Total economy,S1,Total economy,B1GQ_POP,"Gross domestic product, per capita",_Z,Not applicable,_Z,Not applicable,_Z,Not applicable,USD_PPP_PS,"US dollars per person, PPP converted",V,Current prices,LA,Annual levels,T0102,Table 0102 - GDP identity from the expenditure side,2000,,30122.2,,,,,,F,Free (free for publication),1,One,P,Provisional value,0,Units,USD,US dollar
DATAFLOW,OECD.SDD.NAD:DSD_NAMAIN1@DF_QNA_EXPENDITURE_CAPITA(1.1),Quarterly GDP per capita,I,A,Annual,Y,Calendar and seasonally adjusted,CAN,Canada,S1,Total economy,S1,Total economy,B1GQ_POP,"Gross domestic product, per capita",_Z,Not applicable,_Z,Not applicable,_Z,Not applicable,USD_PPP_PS,"US dollars per person, PPP converted",V,Current prices,LA,Annual levels,T0102,Table 0102 - GDP identity from the expenditure side,2019,,50584.1,,,,,,F,Free (free for publication),1,One,A,Normal value,0,Units,USD,US dollar
DATAFLOW,OECD.SDD.NAD:DSD_NAMAIN1@DF_QNA_EXPENDITURE_CAPITA(1.1),Quarterly GDP per capita,I,A,Annual,Y,Calendar and seasonally adjusted,SVK,Slovak Republic,S1,Total economy,S1,Total economy,B1GQ_POP,"Gross domestic product, per capita",_Z,Not applicable,_Z,Not applicable,_Z,Not applicable,USD_PPP_PS,"US dollars per person, PPP converted",LR,Chain linked volume (rebased),LA,Annual levels,T0102,Table 0102 - GDP identity from the expenditure side,2011,,29735.2,,2020,,,,F,Free (free for publication),1,One,B,Time series break,0,Units,USD,US dollar
DATAFLOW,OECD.SDD.NAD:DSD_NAMAIN1@DF_QNA_EXPENDITURE_CAPITA(1.1),Quarterly GDP per capita,I,A,Annual,Y,Calendar and seasonally adjusted,KOR,Korea,S1,Total economy,S1,Total economy,B1GQ_POP,"Gross domestic product, per capita",_Z,Not applicable,_Z,Not applicable,_Z,Not applicable,USD_PPP_PS,"US dollars per person, PPP converted",LR,Chain linked volume (rebased),LA,Annual levels,T0102,Table 0102 - GDP identity from the expenditure side,2022,,51619.1,,2020,,,,F,Free (free for publication),1,One,E,Estimated value,0,Units,USD,US dollar
DATAFLOW,OECD.SDD.NAD:DSD_NAMAIN1@DF_QNA_EXPENDITURE_CAPITA(1.1),Quarterly GDP per capita,I,A,Annual,Y,Calendar and seasonally adjusted,ISL,Iceland,S1,Total economy,S1,Total economy,B1GQ_POP,"Gross domestic product, per capita",_Z,Not applicable,_Z,Not applicable,_Z,Not applicable,USD_PPP_PS,"US dollars per person, PPP converted",LR,Chain linked volume (rebased),LA,Annual levels,T0102,Table 0102 - GDP identity from the expenditure side,2012,,55660.7,,2020,,,,F,Free (free for publication),1,One,P,Provisional value,0,Units,USD,US dollar
DATAFLOW,OECD.SDD.NAD:DSD_NAMAIN1@DF_QNA_EXPENDITURE_CAPITA(1.1),Quarterly GDP per capita,I,A,Annual,Y,Calendar and seasonally adjusted,BEL,Belgium,S1,Total economy,S1,Total economy,B1GQ_POP,"Gross domestic product, per capita",_Z,Not applicable,_Z,Not applicable,_Z,Not applicable,USD_PPP_PS,"US dollars per person, PPP converted",LR,Chain linked volume (rebased),LA,Annual levels,T0102,Table 0102 - GDP identity from the expenditure side,2024,,62050.5,,2020,,,,F,Free (free for publication),1,One,P,Provisional value,0,Units,USD,US dollar
DATAFLOW,OECD.SDD.NAD:DSD_NAMAIN1@DF_QNA_EXPENDITURE_CAPITA(1.1),Quarterly GDP per capita,I,A,Annual,Y,Calendar and seasonally adjusted,GRC,Greece,S1,Total economy,S1,Total economy,B1GQ_POP,"Gross domestic product, per capita",_Z,Not applicable,_Z,Not applicable,_Z,Not applicable,USD_PPP_PS,"US dollars per person, PPP converted",LR,Chain linked volume (rebased),LA,Annual levels,T0102,Table 0102 - GDP identity from the expenditure side,2023,,35077.6,,2020,,,,F,Free (free for publication),1,One,P,Provisional value,0,Units,USD,US dollar
DATAFLOW,OECD.SDD.NAD:DSD_NAMAIN1@DF_QNA_EXPENDITURE_CAPITA(1.1),Quarterly GDP per capita,I,A,Annual,Y,Calendar and seasonally adjusted,GRC,Greece,S1,Total economy,S1,Total economy,B1GQ_POP,"Gross domestic product, per capita",_Z,Not applicable,_Z,Not applicable,_Z,Not applicable,USD_PPP_PS,"US dollars per person, PPP converted",LR,Chain linked volume (rebased),LA,Annual levels,T0102,Table 0102 - GDP identity from the expenditure side,2022,,34243.2,,2020,,,,F,Free (free for publication),1,One,P,Provisional value,0,Units,USD,US dollar
DATAFLOW,OECD.SDD.NAD:DSD_NAMAIN1@DF_QNA_EXPENDITURE_CAPITA(1.1),Quarterly GDP per capita,I,A,Annual,Y,Calendar and seasonally adjusted,GRC,Greece,S1,Total economy,S1,Total economy,B1GQ_POP,"Gross domestic product, per capita",_Z,Not applicable,_Z,Not applicable,_Z,Not applicable,USD_PPP_PS,"US dollars per person, PPP converted",V,Current prices,LA,Annual levels,T0102,Table 0102 - GDP identity from the expenditure side,2016,,27504.6,,,,,,F,Free (free for publication),1,One,P,Provisional value,0,Units,USD,US dollar
DATAFLOW,OECD.SDD.NAD:DSD_NAMAIN1@DF_QNA_EXPENDITURE_CAPITA(1.1),Quarterly GDP per capita,I,A,Annual,Y,Calendar and seasonally adjusted,DEU,Germany,S1,Total economy,S1,Total economy,B1GQ_POP,"Gross domestic product, per capita",_Z,Not applicable,_Z,Not applicable,_Z,Not applicable,USD_PPP_PS,"US dollars per person, PPP converted",V,Current prices,LA,Annual levels,T0102,Table 0102 - GDP identity from the expenditure side,2023,,72262.9,,,,,,F,Free (free for publication),1,One,P,Provisional value,0,Units,USD,US dollar
DATAFLOW,OECD.SDD.NAD:DSD_NAMAIN1@DF_QNA_EXPENDITURE_CAPITA(1.1),Quarterly GDP per capita,I,A,Annual,Y,Calendar and seasonally adjusted,DEU,Germany,S1,Total economy,S1,Total economy,B1GQ_POP,"Gross domestic product, per capita",_Z,Not applicable,_Z,Not applicable,_Z,Not applicable,USD_PPP_PS,"US dollars per person, PPP converted",V,Current prices,LA,Annual levels,T0102,Table 0102 - GDP identity from the expenditure side,2022,,70217.4,,,,,,F,Free (free for publication),1,One,P,Provisional value,0,Units,USD,US dollar
DATAFLOW,OECD.SDD.NAD:DSD_NAMAIN1@DF_QNA_EXPENDITURE_CAPITA(1.1),Quarterly GDP per capita,I,A,Annual,Y,Calendar and seasonally adjusted,DEU,Germany,S1,Total economy,S1,Total economy,B1GQ_POP,"Gross domestic product, per capita",_Z,Not applicable,_Z,Not applicable,_Z,Not applicable,USD_PPP_PS,"US dollars per person, PPP converted",V,Current prices,LA,Annual levels,T0102,Table 0102 - GDP identity from the expenditure side,2024,,73957.1,,,,,,F,Free (free for publication),1,One,P,Provisional value,0,Units,USD,US dollar
DATAFLOW,OECD.SDD.NAD:DSD_NAMAIN1@DF_QNA_EXPENDITURE_CAPITA(1.1),Quarterly GDP per capita,I,A,Annual,Y,Calendar and seasonally adjusted,DEU,Germany,S1,Total economy,S1,Total economy,B1GQ_POP,"Gross domestic product, per capita",_Z,Not applicable,_Z,Not applicable,_Z,Not applicable,USD_PPP_PS,"US dollars per person, PPP converted",LR,Chain linked volume (rebased),LA,Annual levels,T0102,Table 0102 - GDP identity from the expenditure side,2023,,61469.2,,2020,,,,F,Free (free for publication),1,One,P,Provisional value,0,Units,USD,US dollar
DATAFLOW,OECD.SDD.NAD:DSD_NAMAIN1@DF_QNA_EXPENDITURE_CAPITA(1.1),Quarterly GDP per capita,I,A,Annual,Y,Calendar and seasonally adjusted,DEU,Germany,S1,Total economy,S1,Total economy,B1GQ_POP,"Gross domestic product, per capita",_Z,Not applicable,_Z,Not applicable,_Z,Not applicable,USD_PPP_PS,"US dollars per person, PPP converted",LR,Chain linked volume (rebased),LA,Annual levels,T0102,Table 0102 - GDP identity from the expenditure side,2022,,62579.1,,2020,,,,F,Free (free for publication),1,One,P,Provisional value,0,Units,USD,US dollar
DATAFLOW,OECD.SDD.NAD:DSD_NAMAIN1@DF_QNA_EXPENDITURE_CAPITA(1.1),Quarterly GDP per capita,I,A,Annual,Y,Calendar and seasonally adjusted,ISL,Iceland,S1,Total economy,S1,Total economy,B1GQ_POP,"Gross domestic product, per capita",_Z,Not applicable,_Z,Not applicable,_Z,Not applicable,USD_PPP_PS,"US dollars per person, PPP converted",V,Current prices,LA,Annual levels,T0102,Table 0102 - GDP identity from the expenditure side,2017,,57247.8,,,,,,F,Free (free for publication),1,One,P,Provisional value,0,Units,USD,US dollar
DATAFLOW,OECD.SDD.NAD:DSD_NAMAIN1@DF_QNA_EXPENDITURE_CAPITA(1.1),Quarterly GDP per capita,I,A,Annual,Y,Calendar and seasonally adjusted,GRC,Greece,S1,Total economy,S1,Total economy,B1GQ_POP,"Gross domestic product, per capita",_Z,Not applicable,_Z,Not applicable,_Z,Not applicable,USD_PPP_PS,"US dollars per person, PPP converted",V,Current prices,LA,Annual levels,T0102,Table 0102 - GDP identity from the expenditure side,2014,,26450.3,,,,,,F,Free (free for publication),1,One,P,Provisional value,0,Units,USD,US dollar
DATAFLOW,OECD.SDD.NAD:DSD_NAMAIN1@DF_QNA_EXPENDITURE_CAPITA(1.1),Quarterly GDP per capita,I,A,Annual,Y,Calendar and seasonally adjusted,GRC,Greece,S1,Total economy,S1,Total economy,B1GQ_POP,"Gross domestic product, per capita",_Z,Not applicable,_Z,Not applicable,_Z,Not applicable,USD_PPP_PS,"US dollars per person, PPP converted",V,Current prices,LA,Annual levels,T0102,Table 0102 - GDP identity from the expenditure side,2013,,25730.9,,,,,,F,Free (free for publication),1,One,P,Provisional value,0,Units,USD,US dollar
DATAFLOW,OECD.SDD.NAD:DSD_NAMAIN1@DF_QNA_EXPENDITURE_CAPITA(1.1),Quarterly GDP per capita,I,A,Annual,Y,Calendar and seasonally adjusted,GRC,Greece,S1,Total economy,S1,Total economy,B1GQ_POP,"Gross domestic product, per capita",_Z,Not applicable,_Z,Not applicable,_Z,Not applicable,USD_PPP_PS,"US dollars per person, PPP converted",V,Current prices,LA,Annual levels,T0102,Table 0102 - GDP identity from the expenditure side,2012,,24583,,,,,,F,Free (free for publication),1,One,P,Provisional value,0,Units,USD,US dollar
DATAFLOW,OECD.SDD.NAD:DSD_NAMAIN1@DF_QNA_EXPENDITURE_CAPITA(1.1),Quarterly GDP per capita,I,A,Annual,Y,Calendar and seasonally adjusted,GRC,Greece,S1,Total economy,S1,Total economy,B1GQ_POP,"Gross domestic product, per capita",_Z,Not applicable,_Z,Not applicable,_Z,Not applicable,USD_PPP_PS,"US dollars per person, PPP converted",V,Current prices,LA,Annual levels,T0102,Table 0102 - GDP identity from the expenditure side,2024,,43641.8,,,,,,F,Free (free for publication),1,One,P,Provisional value,0,Units,USD,US dollar
DATAFLOW,OECD.SDD.NAD:DSD_NAMAIN1@DF_QNA_EXPENDITURE_CAPITA(1.1),Quarterly GDP per capita,I,A,Annual,Y,Calendar and seasonally adjusted,GRC,Greece,S1,Total economy,S1,Total economy,B1GQ_POP,"Gross domestic product, per capita",_Z,Not applicable,_Z,Not applicable,_Z,Not applicable,USD_PPP_PS,"US dollars per person, PPP converted",V,Current prices,LA,Annual levels,T0102,Table 0102 - GDP identity from the expenditure side,2019,,31927.4,,,,,,F,Free (free for publication),1,One,P,Provisional value,0,Units,USD,US dollar
DATAFLOW,OECD.SDD.NAD:DSD_NAMAIN1@DF_QNA_EXPENDITURE_CAPITA(1.1),Quarterly GDP per capita,I,A,Annual,Y,Calendar and seasonally adjusted,GRC,Greece,S1,Total economy,S1,Total economy,B1GQ_POP,"Gross domestic product, per capita",_Z,Not applicable,_Z,Not applicable,_Z,Not applicable,USD_PPP_PS,"US dollars per person, PPP converted",V,Current prices,LA,Annual levels,T0102,Table 0102 - GDP identity from the expenditure side,2018,,29792,,,,,,F,Free (free for publication),1,One,P,Provisional value,0,Units,USD,US dollar
DATAFLOW,OECD.SDD.NAD:DSD_NAMAIN1@DF_QNA_EXPENDITURE_CAPITA(1.1),Quarterly GDP per capita,I,A,Annual,Y,Calendar and seasonally adjusted,GRC,Greece,S1,Total economy,S1,Total economy,B1GQ_POP,"Gross domestic product, per capita",_Z,Not applicable,_Z,Not applicable,_Z,Not applicable,USD_PPP_PS,"US dollars per person, PPP converted",V,Current prices,LA,Annual levels,T0102,Table 0102 - GDP identity from the expenditure side,2017,,28681.6,,,,,,F,Free (free for publication),1,One,P,Provisional value,0,Units,USD,US dollar
DATAFLOW,OECD.SDD.NAD:DSD_NAMAIN1@DF_QNA_EXPENDITURE_CAPITA(1.1),Quarterly GDP per capita,I,A,Annual,Y,Calendar and seasonally adjusted,GRC,Greece,S1,Total economy,S1,Total economy,B1GQ_POP,"Gross domestic product, per capita",_Z,Not applicable,_Z,Not applicable,_Z,Not applicable,USD_PPP_PS,"US dollars per person, PPP converted",LR,Chain linked volume (rebased),LA,Annual levels,T0102,Table 0102 - GDP identity from the expenditure side,2021,,32264.5,,2020,,,,F,Free (free for publication),1,One,P,Provisional value,0,Units,USD,US dollar
DATAFLOW,OECD.SDD.NAD:DSD_NAMAIN1@DF_QNA_EXPENDITURE_CAPITA(1.1),Quarterly GDP per capita,I,A,Annual,Y,Calendar and seasonally adjusted,GRC,Greece,S1,Total economy,S1,Total economy,B1GQ_POP,"Gross domestic product, per capita",_Z,Not applicable,_Z,Not applicable,_Z,Not applicable,USD_PPP_PS,"US dollars per person, PPP converted",LR,Chain linked volume (rebased),LA,Annual levels,T0102,Table 0102 - GDP identity from the expenditure side,2020,,29533.1,,2020,,,,F,Free (free for publication),1,One,P,Provisional value,0,Units,USD,US dollar
DATAFLOW,OECD.SDD.NAD:DSD_NAMAIN1@DF_QNA_EXPENDITURE_CAPITA(1.1),Quarterly GDP per capita,I,A,Annual,Y,Calendar and seasonally adjusted,GRC,Greece,S1,Total economy,S1,Total economy,B1GQ_POP,"Gross domestic product, per capita",_Z,Not applicable,_Z,Not applicable,_Z,Not applicable,USD_PPP_PS,"US dollars per person, PPP converted",LR,Chain linked volume (rebased),LA,Annual levels,T0102,Table 0102 - GDP identity from the expenditure side,2019,,32454.4,,2020,,,,F,Free (free for publication),1,One,P,Provisional value,0,Units,USD,US dollar
DATAFLOW,OECD.SDD.NAD:DSD_NAMAIN1@DF_QNA_EXPENDITURE_CAPITA(1.1),Quarterly GDP per capita,I,A,Annual,Y,Calendar and seasonally adjusted,GRC,Greece,S1,Total economy,S1,Total economy,B1GQ_POP,"Gross domestic product, per capita",_Z,Not applicable,_Z,Not applicable,_Z,Not applicable,USD_PPP_PS,"US dollars per person, PPP converted",LR,Chain linked volume (rebased),LA,Annual levels,T0102,Table 0102 - GDP identity from the expenditure side,2018,,31698.4,,2020,,,,F,Free (free for publication),1,One,P,Provisional value,0,Units,USD,US dollar
DATAFLOW,OECD.SDD.NAD:DSD_NAMAIN1@DF_QNA_EXPENDITURE_CAPITA(1.1),Quarterly GDP per capita,I,A,Annual,Y,Calendar and seasonally adjusted,GRC,Greece,S1,Total economy,S1,Total economy,B1GQ_POP,"Gross domestic product, per capita",_Z,Not applicable,_Z,Not applicable,_Z,Not applicable,USD_PPP_PS,"US dollars per person, PPP converted",LR,Chain linked volume (rebased),LA,Annual levels,T0102,Table 0102 - GDP identity from the expenditure side,2017,,30994.2,,2020,,,,F,Free (free for publication),1,One,P,Provisional value,0,Units,USD,US dollar
DATAFLOW,OECD.SDD.NAD:DSD_NAMAIN1@DF_QNA_EXPENDITURE_CAPITA(1.1),Quarterly GDP per capita,I,A,Annual,Y,Calendar and seasonally adjusted,GRC,Greece,S1,Total economy,S1,Total economy,B1GQ_POP,"Gross domestic product, per capita",_Z,Not applicable,_Z,Not applicable,_Z,Not applicable,USD_PPP_PS,"US dollars per person, PPP converted",LR,Chain linked volume (rebased),LA,Annual levels,T0102,Table 0102 - GDP identity from the expenditure side,2016,,30483.9,,2020,,,,F,Free (free for publication),1,One,P,Provisional value,0,Units,USD,US dollar
DATAFLOW,OECD.SDD.NAD:DSD_NAMAIN1@DF_QNA_EXPENDITURE_CAPITA(1.1),Quarterly GDP per capita,I,A,Annual,Y,Calendar and seasonally adjusted,GRC,Greece,S1,Total economy,S1,Total economy,B1GQ_POP,"Gross domestic product, per capita",_Z,Not applicable,_Z,Not applicable,_Z,Not applicable,USD_PPP_PS,"US dollars per person, PPP converted",LR,Chain linked volume (rebased),LA,Annual levels,T0102,Table 0102 - GDP identity from the expenditure side,2015,,30367,,2020,,,,F,Free (free for publication),1,One,P,Provisional value,0,Units,USD,US dollar
DATAFLOW,OECD.SDD.NAD:DSD_NAMAIN1@DF_QNA_EXPENDITURE_CAPITA(1.1),Quarterly GDP per capita,I,A,Annual,Y,Calendar and seasonally adjusted,GRC,Greece,S1,Total economy,S1,Total economy,B1GQ_POP,"Gross domestic product, per capita",_Z,Not applicable,_Z,Not applicable,_Z,Not applicable,USD_PPP_PS,"US dollars per person, PPP converted",LR,Chain linked volume (rebased),LA,Annual levels,T0102,Table 0102 - GDP identity from the expenditure side,2014,,30236.7,,2020,,,,F,Free (free for publication),1,One,P,Provisional value,0,Units,USD,US dollar
DATAFLOW,OECD.SDD.NAD:DSD_NAMAIN1@DF_QNA_EXPENDITURE_CAPITA(1.1),Quarterly GDP per capita,I,A,Annual,Y,Calendar and seasonally adjusted,GRC,Greece,S1,Total economy,S1,Total economy,B1GQ_POP,"Gross domestic product, per capita",_Z,Not applicable,_Z,Not applicable,_Z,Not applicable,USD_PPP_PS,"US dollars per person, PPP converted",LR,Chain linked volume (rebased),LA,Annual levels,T0102,Table 0102 - GDP identity from the expenditure side,2013,,29799.8,,2020,,,,F,Free (free for publication),1,One,P,Provisional value,0,Units,USD,US dollar
DATAFLOW,OECD.SDD.NAD:DSD_NAMAIN1@DF_QNA_EXPENDITURE_CAPITA(1.1),Quarterly GDP per capita,I,A,Annual,Y,Calendar and seasonally adjusted,GRC,Greece,S1,Total economy,S1,Total economy,B1GQ_POP,"Gross domestic product, per capita",_Z,Not applicable,_Z,Not applicable,_Z,Not applicable,USD_PPP_PS,"US dollars per person, PPP converted",LR,Chain linked volume (rebased),LA,Annual levels,T0102,Table 0102 - GDP identity from the expenditure side,2024,,35866.8,,2020,,,,F,Free (free for publication),1,One,P,Provisional value,0,Units,USD,US dollar
DATAFLOW,OECD.SDD.NAD:DSD_NAMAIN1@DF_QNA_EXPENDITURE_CAPITA(1.1),Quarterly GDP per capita,I,A,Annual,Y,Calendar and seasonally adjusted,ISL,Iceland,S1,Total economy,S1,Total economy,B1GQ_POP,"Gross domestic product, per capita",_Z,Not applicable,_Z,Not applicable,_Z,Not applicable,USD_PPP_PS,"US dollars per person, PPP converted",LR,Chain linked volume (rebased),LA,Annual levels,T0102,Table 0102 - GDP identity from the expenditure side,2010,,53925.5,,2020,,,,F,Free (free for publication),1,One,P,Provisional value,0,Units,USD,US dollar
DATAFLOW,OECD.SDD.NAD:DSD_NAMAIN1@DF_QNA_EXPENDITURE_CAPITA(1.1),Quarterly GDP per capita,I,A,Annual,Y,Calendar and seasonally adjusted,ISL,Iceland,S1,Total economy,S1,Total economy,B1GQ_POP,"Gross domestic product, per capita",_Z,Not applicable,_Z,Not applicable,_Z,Not applicable,USD_PPP_PS,"US dollars per person, PPP converted",LR,Chain linked volume (rebased),LA,Annual levels,T0102,Table 0102 - GDP identity from the expenditure side,2009,,54783.1,,2020,,,,F,Free (free for publication),1,One,P,Provisional value,0,Units,USD,US dollar
DATAFLOW,OECD.SDD.NAD:DSD_NAMAIN1@DF_QNA_EXPENDITURE_CAPITA(1.1),Quarterly GDP per capita,I,A,Annual,Y,Calendar and seasonally adjusted,ISL,Iceland,S1,Total economy,S1,Total economy,B1GQ_POP,"Gross domestic product, per capita",_Z,Not applicable,_Z,Not applicable,_Z,Not applicable,USD_PPP_PS,"US dollars per person, PPP converted",LR,Chain linked volume (rebased),LA,Annual levels,T0102,Table 0102 - GDP identity from the expenditure side,2008,,59704.1,,2020,,,,F,Free (free for publication),1,One,P,Provisional value,0,Units,USD,US dollar
DATAFLOW,OECD.SDD.NAD:DSD_NAMAIN1@DF_QNA_EXPENDITURE_CAPITA(1.1),Quarterly GDP per capita,I,A,Annual,Y,Calendar and seasonally adjusted,ISL,Iceland,S1,Total economy,S1,Total economy,B1GQ_POP,"Gross domestic product, per capita",_Z,Not applicable,_Z,Not applicable,_Z,Not applicable,USD_PPP_PS,"US dollars per person, PPP converted",LR,Chain linked volume (rebased),LA,Annual levels,T0102,Table 0102 - GDP identity from the expenditure side,2007,,59923.1,,2020,,,,F,Free (free for publication),1,One,P,Provisional value,0,Units,USD,US dollar
DATAFLOW,OECD.SDD.NAD:DSD_NAMAIN1@DF_QNA_EXPENDITURE_CAPITA(1.1),Quarterly GDP per capita,I,A,Annual,Y,Calendar and seasonally adjusted,ISL,Iceland,S1,Total economy,S1,Total economy,B1GQ_POP,"Gross domestic product, per capita",_Z,Not applicable,_Z,Not applicable,_Z,Not applicable,USD_PPP_PS,"US dollars per person, PPP converted",LR,Chain linked volume (rebased),LA,Annual levels,T0102,Table 0102 - GDP identity from the expenditure side,2006,,56452.3,,2020,,,,F,Free (free for publication),1,One,P,Provisional value,0,Units,USD,US dollar
DATAFLOW,OECD.SDD.NAD:DSD_NAMAIN1@DF_QNA_EXPENDITURE_CAPITA(1.1),Quarterly GDP per capita,I,A,Annual,Y,Calendar and seasonally adjusted,ISL,Iceland,S1,Total economy,S1,Total economy,B1GQ_POP,"Gross domestic product, per capita",_Z,Not applicable,_Z,Not applicable,_Z,Not applicable,USD_PPP_PS,"US dollars per person, PPP converted",LR,Chain linked volume (rebased),LA,Annual levels,T0102,Table 0102 - GDP identity from the expenditure side,2005,,54847.8,,2020,,,,F,Free (free for publication),1,One,P,Provisional value,0,Units,USD,US dollar
DATAFLOW,OECD.SDD.NAD:DSD_NAMAIN1@DF_QNA_EXPENDITURE_CAPITA(1.1),Quarterly GDP per capita,I,A,Annual,Y,Calendar and seasonally adjusted,ISL,Iceland,S1,Total economy,S1,Total economy,B1GQ_POP,"Gross domestic product, per capita",_Z,Not applicable,_Z,Not applicable,_Z,Not applicable,USD_PPP_PS,"US dollars per person, PPP converted",LR,Chain linked volume (rebased),LA,Annual levels,T0102,Table 0102 - GDP identity from the expenditure side,2004,,52016.1,,2020,,,,F,Free (free for publication),1,One,P,Provisional value,0,Units,USD,US dollar
DATAFLOW,OECD.SDD.NAD:DSD_NAMAIN1@DF_QNA_EXPENDITURE_CAPITA(1.1),Quarterly GDP per capita,I,A,Annual,Y,Calendar and seasonally adjusted,ISL,Iceland,S1,Total economy,S1,Total economy,B1GQ_POP,"Gross domestic product, per capita",_Z,Not applicable,_Z,Not applicable,_Z,Not applicable,USD_PPP_PS,"US dollars per person, PPP converted",LR,Chain linked volume (rebased),LA,Annual levels,T0102,Table 0102 - GDP identity from the expenditure side,2003,,48836.8,,2020,,,,F,Free (free for publication),1,One,P,Provisional value,0,Units,USD,US dollar
DATAFLOW,OECD.SDD.NAD:DSD_NAMAIN1@DF_QNA_EXPENDITURE_CAPITA(1.1),Quarterly GDP per capita,I,A,Annual,Y,Calendar and seasonally adjusted,ISL,Iceland,S1,Total economy,S1,Total economy,B1GQ_POP,"Gross domestic product, per capita",_Z,Not applicable,_Z,Not applicable,_Z,Not applicable,USD_PPP_PS,"US dollars per person, PPP converted",LR,Chain linked volume (rebased),LA,Annual levels,T0102,Table 0102 - GDP identity from the expenditure side,2002,,48058.7,,2020,,,,F,Free (free for publication),1,One,P,Provisional value,0,Units,USD,US dollar
DATAFLOW,OECD.SDD.NAD:DSD_NAMAIN1@DF_QNA_EXPENDITURE_CAPITA(1.1),Quarterly GDP per capita,I,A,Annual,Y,Calendar and seasonally adjusted,ISL,Iceland,S1,Total economy,S1,Total economy,B1GQ_POP,"Gross domestic product, per capita",_Z,Not applicable,_Z,Not applicable,_Z,Not applicable,USD_PPP_PS,"US dollars per person, PPP converted",LR,Chain linked volume (rebased),LA,Annual levels,T0102,Table 0102 - GDP identity from the expenditure side,2001,,48201.5,,2020,,,,F,Free (free for publication),1,One,P,Provisional value,0,Units,USD,US dollar
DATAFLOW,OECD.SDD.NAD:DSD_NAMAIN1@DF_QNA_EXPENDITURE_CAPITA(1.1),Quarterly GDP per capita,I,A,Annual,Y,Calendar and seasonally adjusted,ISL,Iceland,S1,Total economy,S1,Total economy,B1GQ_POP,"Gross domestic product, per capita",_Z,Not applicable,_Z,Not applicable,_Z,Not applicable,USD_PPP_PS,"US dollars per person, PPP converted",LR,Chain linked volume (rebased),LA,Annual levels,T0102,Table 0102 - GDP identity from the expenditure side,2000,,47028.4,,2020,,,,F,Free (free for publication),1,One,P,Provisional value,0,Units,USD,US dollar
DATAFLOW,OECD.SDD.NAD:DSD_NAMAIN1@DF_QNA_EXPENDITURE_CAPITA(1.1),Quarterly GDP per capita,I,A,Annual,Y,Calendar and seasonally adjusted,ISL,Iceland,S1,Total economy,S1,Total economy,B1GQ_POP,"Gross domestic product, per capita",_Z,Not applicable,_Z,Not applicable,_Z,Not applicable,USD_PPP_PS,"US dollars per person, PPP converted",V,Current prices,LA,Annual levels,T0102,Table 0102 - GDP identity from the expenditure side,2024,,83352.5,,,,,,F,Free (free for publication),1,One,P,Provisional value,0,Units,USD,US dollar
DATAFLOW,OECD.SDD.NAD:DSD_NAMAIN1@DF_QNA_EXPENDITURE_CAPITA(1.1),Quarterly GDP per capita,I,A,Annual,Y,Calendar and seasonally adjusted,ISL,Iceland,S1,Total economy,S1,Total economy,B1GQ_POP,"Gross domestic product, per capita",_Z,Not applicable,_Z,Not applicable,_Z,Not applicable,USD_PPP_PS,"US dollars per person, PPP converted",V,Current prices,LA,Annual levels,T0102,Table 0102 - GDP identity from the expenditure side,2023,,83296,,,,,,F,Free (free for publication),1,One,P,Provisional value,0,Units,USD,US dollar
DATAFLOW,OECD.SDD.NAD:DSD_NAMAIN1@DF_QNA_EXPENDITURE_CAPITA(1.1),Quarterly GDP per capita,I,A,Annual,Y,Calendar and seasonally adjusted,ISL,Iceland,S1,Total economy,S1,Total economy,B1GQ_POP,"Gross domestic product, per capita",_Z,Not applicable,_Z,Not applicable,_Z,Not applicable,USD_PPP_PS,"US dollars per person, PPP converted",V,Current prices,LA,Annual levels,T0102,Table 0102 - GDP identity from the expenditure side,2022,,78890.5,,,,,,F,Free (free for publication),1,One,P,Provisional value,0,Units,USD,US dollar
DATAFLOW,OECD.SDD.NAD:DSD_NAMAIN1@DF_QNA_EXPENDITURE_CAPITA(1.1),Quarterly GDP per capita,I,A,Annual,Y,Calendar and seasonally adjusted,ISL,Iceland,S1,Total economy,S1,Total economy,B1GQ_POP,"Gross domestic product, per capita",_Z,Not applicable,_Z,Not applicable,_Z,Not applicable,USD_PPP_PS,"US dollars per person, PPP converted",V,Current prices,LA,Annual levels,T0102,Table 0102 - GDP identity from the expenditure side,2021,,64534.6,,,,,,F,Free (free for publication),1,One,P,Provisional value,0,Units,USD,US dollar
DATAFLOW,OECD.SDD.NAD:DSD_NAMAIN1@DF_QNA_EXPENDITURE_CAPITA(1.1),Quarterly GDP per capita,I,A,Annual,Y,Calendar and seasonally adjusted,ISL,Iceland,S1,Total economy,S1,Total economy,B1GQ_POP,"Gross domestic product, per capita",_Z,Not applicable,_Z,Not applicable,_Z,Not applicable,USD_PPP_PS,"US dollars per person, PPP converted",V,Current prices,LA,Annual levels,T0102,Table 0102 - GDP identity from the expenditure side,2020,,58421.1,,,,,,F,Free (free for publication),1,One,P,Provisional value,0,Units,USD,US dollar
DATAFLOW,OECD.SDD.NAD:DSD_NAMAIN1@DF_QNA_EXPENDITURE_CAPITA(1.1),Quarterly GDP per capita,I,A,Annual,Y,Calendar and seasonally adjusted,ISL,Iceland,S1,Total economy,S1,Total economy,B1GQ_POP,"Gross domestic product, per capita",_Z,Not applicable,_Z,Not applicable,_Z,Not applicable,USD_PPP_PS,"US dollars per person, PPP converted",V,Current prices,LA,Annual levels,T0102,Table 0102 - GDP identity from the expenditure side,2019,,62729.4,,,,,,F,Free (free for publication),1,One,P,Provisional value,0,Units,USD,US dollar
DATAFLOW,OECD.SDD.NAD:DSD_NAMAIN1@DF_QNA_EXPENDITURE_CAPITA(1.1),Quarterly GDP per capita,I,A,Annual,Y,Calendar and seasonally adjusted,ISL,Iceland,S1,Total economy,S1,Total economy,B1GQ_POP,"Gross domestic product, per capita",_Z,Not applicable,_Z,Not applicable,_Z,Not applicable,USD_PPP_PS,"US dollars per person, PPP converted",V,Current prices,LA,Annual levels,T0102,Table 0102 - GDP identity from the expenditure side,2018,,59118.9,,,,,,F,Free (free for publication),1,One,P,Provisional value,0,Units,USD,US dollar
DATAFLOW,OECD.SDD.NAD:DSD_NAMAIN1@DF_QNA_EXPENDITURE_CAPITA(1.1),Quarterly GDP per capita,I,A,Annual,Y,Calendar and seasonally adjusted,ISL,Iceland,S1,Total economy,S1,Total economy,B1GQ_POP,"Gross domestic product, per capita",_Z,Not applicable,_Z,Not applicable,_Z,Not applicable,USD_PPP_PS,"US dollars per person, PPP converted",LR,Chain linked volume (rebased),LA,Annual levels,T0102,Table 0102 - GDP identity from the expenditure side,2021,,60514.1,,2020,,,,F,Free (free for publication),1,One,P,Provisional value,0,Units,USD,US dollar
DATAFLOW,OECD.SDD.NAD:DSD_NAMAIN1@DF_QNA_EXPENDITURE_CAPITA(1.1),Quarterly GDP per capita,I,A,Annual,Y,Calendar and seasonally adjusted,GRC,Greece,S1,Total economy,S1,Total economy,B1GQ_POP,"Gross domestic product, per capita",_Z,Not applicable,_Z,Not applicable,_Z,Not applicable,USD_PPP_PS,"US dollars per person, PPP converted",LR,Chain linked volume (rebased),LA,Annual levels,T0102,Table 0102 - GDP identity from the expenditure side,2012,,30272.4,,2020,,,,F,Free (free for publication),1,One,P,Provisional value,0,Units,USD,US dollar
DATAFLOW,OECD.SDD.NAD:DSD_NAMAIN1@DF_QNA_EXPENDITURE_CAPITA(1.1),Quarterly GDP per capita,I,A,Annual,Y,Calendar and seasonally adjusted,GRC,Greece,S1,Total economy,S1,Total economy,B1GQ_POP,"Gross domestic product, per capita",_Z,Not applicable,_Z,Not applicable,_Z,Not applicable,USD_PPP_PS,"US dollars per person, PPP converted",V,Current prices,LA,Annual levels,T0102,Table 0102 - GDP identity from the expenditure side,2023,,42044.9,,,,,,F,Free (free for publication),1,One,P,Provisional value,0,Units,USD,US dollar
DATAFLOW,OECD.SDD.NAD:DSD_NAMAIN1@DF_QNA_EXPENDITURE_CAPITA(1.1),Quarterly GDP per capita,I,A,Annual,Y,Calendar and seasonally adjusted,GRC,Greece,S1,Total economy,S1,Total economy,B1GQ_POP,"Gross domestic product, per capita",_Z,Not applicable,_Z,Not applicable,_Z,Not applicable,USD_PPP_PS,"US dollars per person, PPP converted",V,Current prices,LA,Annual levels,T0102,Table 0102 - GDP identity from the expenditure side,2022,,38920.6,,,,,,F,Free (free for publication),1,One,P,Provisional value,0,Units,USD,US dollar
DATAFLOW,OECD.SDD.NAD:DSD_NAMAIN1@DF_QNA_EXPENDITURE_CAPITA(1.1),Quarterly GDP per capita,I,A,Annual,Y,Calendar and seasonally adjusted,GRC,Greece,S1,Total economy,S1,Total economy,B1GQ_POP,"Gross domestic product, per capita",_Z,Not applicable,_Z,Not applicable,_Z,Not applicable,USD_PPP_PS,"US dollars per person, PPP converted",V,Current prices,LA,Annual levels,T0102,Table 0102 - GDP identity from the expenditure side,2021,,33306.8,,,,,,F,Free (free for publication),1,One,P,Provisional value,0,Units,USD,US dollar
DATAFLOW,OECD.SDD.NAD:DSD_NAMAIN1@DF_QNA_EXPENDITURE_CAPITA(1.1),Quarterly GDP per capita,I,A,Annual,Y,Calendar and seasonally adjusted,GRC,Greece,S1,Total economy,S1,Total economy,B1GQ_POP,"Gross domestic product, per capita",_Z,Not applicable,_Z,Not applicable,_Z,Not applicable,USD_PPP_PS,"US dollars per person, PPP converted",V,Current prices,LA,Annual levels,T0102,Table 0102 - GDP identity from the expenditure side,2020,,29533.1,,,,,,F,Free (free for publication),1,One,P,Provisional value,0,Units,USD,US dollar
DATAFLOW,OECD.SDD.NAD:DSD_NAMAIN1@DF_QNA_EXPENDITURE_CAPITA(1.1),Quarterly GDP per capita,I,A,Annual,Y,Calendar and seasonally adjusted,ISL,Iceland,S1,Total economy,S1,Total economy,B1GQ_POP,"Gross domestic product, per capita",_Z,Not applicable,_Z,Not applicable,_Z,Not applicable,USD_PPP_PS,"US dollars per person, PPP converted",V,Current prices,LA,Annual levels,T0102,Table 0102 - GDP identity from the expenditure side,2015,,50659.9,,,,,,F,Free (free for publication),1,One,P,Provisional value,0,Units,USD,US dollar
DATAFLOW,OECD.SDD.NAD:DSD_NAMAIN1@DF_QNA_EXPENDITURE_CAPITA(1.1),Quarterly GDP per capita,I,A,Annual,Y,Calendar and seasonally adjusted,ISL,Iceland,S1,Total economy,S1,Total economy,B1GQ_POP,"Gross domestic product, per capita",_Z,Not applicable,_Z,Not applicable,_Z,Not applicable,USD_PPP_PS,"US dollars per person, PPP converted",V,Current prices,LA,Annual levels,T0102,Table 0102 - GDP identity from the expenditure side,2014,,47308.1,,,,,,F,Free (free for publication),1,One,P,Provisional value,0,Units,USD,US dollar
DATAFLOW,OECD.SDD.NAD:DSD_NAMAIN1@DF_QNA_EXPENDITURE_CAPITA(1.1),Quarterly GDP per capita,I,A,Annual,Y,Calendar and seasonally adjusted,ISL,Iceland,S1,Total economy,S1,Total economy,B1GQ_POP,"Gross domestic product, per capita",_Z,Not applicable,_Z,Not applicable,_Z,Not applicable,USD_PPP_PS,"US dollars per person, PPP converted",V,Current prices,LA,Annual levels,T0102,Table 0102 - GDP identity from the expenditure side,2013,,45527.6,,,,,,F,Free (free for publication),1,One,P,Provisional value,0,Units,USD,US dollar
DATAFLOW,OECD.SDD.NAD:DSD_NAMAIN1@DF_QNA_EXPENDITURE_CAPITA(1.1),Quarterly GDP per capita,I,A,Annual,Y,Calendar and seasonally adjusted,ISL,Iceland,S1,Total economy,S1,Total economy,B1GQ_POP,"Gross domestic product, per capita",_Z,Not applicable,_Z,Not applicable,_Z,Not applicable,USD_PPP_PS,"US dollars per person, PPP converted",V,Current prices,LA,Annual levels,T0102,Table 0102 - GDP identity from the expenditure side,2012,,43396.3,,,,,,F,Free (free for publication),1,One,P,Provisional value,0,Units,USD,US dollar
DATAFLOW,OECD.SDD.NAD:DSD_NAMAIN1@DF_QNA_EXPENDITURE_CAPITA(1.1),Quarterly GDP per capita,I,A,Annual,Y,Calendar and seasonally adjusted,ISL,Iceland,S1,Total economy,S1,Total economy,B1GQ_POP,"Gross domestic product, per capita",_Z,Not applicable,_Z,Not applicable,_Z,Not applicable,USD_PPP_PS,"US dollars per person, PPP converted",LR,Chain linked volume (rebased),LA,Annual levels,T0102,Table 0102 - GDP identity from the expenditure side,2020,,58421.1,,2020,,,,F,Free (free for publication),1,One,P,Provisional value,0,Units,USD,US dollar
